"experiment_id","scenario","run_seed","depth_zone","larvae","total_larvae","proportion"
"E2","V2A",1101,"<40 cm",94,125,0.752
"E2","V2A",1101,"40-80 cm",4,125,0.032
"E2","V2A",1101,"80-120 cm",1,125,0.008
"E2","V2A",1101,"120-160 cm",4,125,0.032
"E2","V2A",1101,"160-200 cm",2,125,0.016
"E2","V2A",1101,">200 cm",20,125,0.16
"E2","V2A",1102,"<40 cm",90,125,0.72
"E2","V2A",1102,"40-80 cm",1,125,0.008
"E2","V2A",1102,"80-120 cm",1,125,0.008
"E2","V2A",1102,"120-160 cm",3,125,0.024
"E2","V2A",1102,"160-200 cm",2,125,0.016
"E2","V2A",1102,">200 cm",28,125,0.224
"E2","V2A",1103,"<40 cm",91,125,0.728
"E2","V2A",1103,"40-80 cm",4,125,0.032
"E2","V2A",1103,"80-120 cm",2,125,0.016
"E2","V2A",1103,"120-160 cm",6,125,0.048
"E2","V2A",1103,"160-200 cm",5,125,0.04
"E2","V2A",1103,">200 cm",17,125,0.136
"E2","V2A",1104,"<40 cm",0,0,NA
"E2","V2A",1104,"40-80 cm",0,0,NA
"E2","V2A",1104,"80-120 cm",0,0,NA
"E2","V2A",1104,"120-160 cm",0,0,NA
"E2","V2A",1104,"160-200 cm",0,0,NA
"E2","V2A",1104,">200 cm",0,0,NA
"E2","V2A",1105,"<40 cm",0,0,NA
"E2","V2A",1105,"40-80 cm",0,0,NA
"E2","V2A",1105,"80-120 cm",0,0,NA
"E2","V2A",1105,"120-160 cm",0,0,NA
"E2","V2A",1105,"160-200 cm",0,0,NA
"E2","V2A",1105,">200 cm",0,0,NA
"E2","V2A",1106,"<40 cm",0,0,NA
"E2","V2A",1106,"40-80 cm",0,0,NA
"E2","V2A",1106,"80-120 cm",0,0,NA
"E2","V2A",1106,"120-160 cm",0,0,NA
"E2","V2A",1106,"160-200 cm",0,0,NA
"E2","V2A",1106,">200 cm",0,0,NA
"E2","V2A",1107,"<40 cm",0,0,NA
"E2","V2A",1107,"40-80 cm",0,0,NA
"E2","V2A",1107,"80-120 cm",0,0,NA
"E2","V2A",1107,"120-160 cm",0,0,NA
"E2","V2A",1107,"160-200 cm",0,0,NA
"E2","V2A",1107,">200 cm",0,0,NA
"E2","V2A",1108,"<40 cm",0,0,NA
"E2","V2A",1108,"40-80 cm",0,0,NA
"E2","V2A",1108,"80-120 cm",0,0,NA
"E2","V2A",1108,"120-160 cm",0,0,NA
"E2","V2A",1108,"160-200 cm",0,0,NA
"E2","V2A",1108,">200 cm",0,0,NA
"E2","V2A",1109,"<40 cm",0,0,NA
"E2","V2A",1109,"40-80 cm",0,0,NA
"E2","V2A",1109,"80-120 cm",0,0,NA
"E2","V2A",1109,"120-160 cm",0,0,NA
"E2","V2A",1109,"160-200 cm",0,0,NA
"E2","V2A",1109,">200 cm",0,0,NA
"E2","V2A",1110,"<40 cm",0,0,NA
"E2","V2A",1110,"40-80 cm",0,0,NA
"E2","V2A",1110,"80-120 cm",0,0,NA
"E2","V2A",1110,"120-160 cm",0,0,NA
"E2","V2A",1110,"160-200 cm",0,0,NA
"E2","V2A",1110,">200 cm",0,0,NA
"E2","V2A",2101,"<40 cm",101,125,0.808
"E2","V2A",2101,"40-80 cm",5,125,0.04
"E2","V2A",2101,"80-120 cm",0,125,0
"E2","V2A",2101,"120-160 cm",4,125,0.032
"E2","V2A",2101,"160-200 cm",5,125,0.04
"E2","V2A",2101,">200 cm",10,125,0.08
"E2","V2A",2102,"<40 cm",94,125,0.752
"E2","V2A",2102,"40-80 cm",0,125,0
"E2","V2A",2102,"80-120 cm",3,125,0.024
"E2","V2A",2102,"120-160 cm",4,125,0.032
"E2","V2A",2102,"160-200 cm",5,125,0.04
"E2","V2A",2102,">200 cm",19,125,0.152
"E2","V2A",2103,"<40 cm",99,125,0.792
"E2","V2A",2103,"40-80 cm",1,125,0.008
"E2","V2A",2103,"80-120 cm",3,125,0.024
"E2","V2A",2103,"120-160 cm",7,125,0.056
"E2","V2A",2103,"160-200 cm",2,125,0.016
"E2","V2A",2103,">200 cm",13,125,0.104
"E2","V2A",2104,"<40 cm",0,0,NA
"E2","V2A",2104,"40-80 cm",0,0,NA
"E2","V2A",2104,"80-120 cm",0,0,NA
"E2","V2A",2104,"120-160 cm",0,0,NA
"E2","V2A",2104,"160-200 cm",0,0,NA
"E2","V2A",2104,">200 cm",0,0,NA
"E2","V2A",2105,"<40 cm",0,0,NA
"E2","V2A",2105,"40-80 cm",0,0,NA
"E2","V2A",2105,"80-120 cm",0,0,NA
"E2","V2A",2105,"120-160 cm",0,0,NA
"E2","V2A",2105,"160-200 cm",0,0,NA
"E2","V2A",2105,">200 cm",0,0,NA
"E2","V2A",2106,"<40 cm",0,0,NA
"E2","V2A",2106,"40-80 cm",0,0,NA
"E2","V2A",2106,"80-120 cm",0,0,NA
"E2","V2A",2106,"120-160 cm",0,0,NA
"E2","V2A",2106,"160-200 cm",0,0,NA
"E2","V2A",2106,">200 cm",0,0,NA
"E2","V2A",2107,"<40 cm",0,0,NA
"E2","V2A",2107,"40-80 cm",0,0,NA
"E2","V2A",2107,"80-120 cm",0,0,NA
"E2","V2A",2107,"120-160 cm",0,0,NA
"E2","V2A",2107,"160-200 cm",0,0,NA
"E2","V2A",2107,">200 cm",0,0,NA
"E2","V2A",2108,"<40 cm",0,0,NA
"E2","V2A",2108,"40-80 cm",0,0,NA
"E2","V2A",2108,"80-120 cm",0,0,NA
"E2","V2A",2108,"120-160 cm",0,0,NA
"E2","V2A",2108,"160-200 cm",0,0,NA
"E2","V2A",2108,">200 cm",0,0,NA
"E2","V2A",2109,"<40 cm",0,0,NA
"E2","V2A",2109,"40-80 cm",0,0,NA
"E2","V2A",2109,"80-120 cm",0,0,NA
"E2","V2A",2109,"120-160 cm",0,0,NA
"E2","V2A",2109,"160-200 cm",0,0,NA
"E2","V2A",2109,">200 cm",0,0,NA
"E2","V2A",2110,"<40 cm",0,0,NA
"E2","V2A",2110,"40-80 cm",0,0,NA
"E2","V2A",2110,"80-120 cm",0,0,NA
"E2","V2A",2110,"120-160 cm",0,0,NA
"E2","V2A",2110,"160-200 cm",0,0,NA
"E2","V2A",2110,">200 cm",0,0,NA
"E2","V2A",3101,"<40 cm",96,125,0.768
"E2","V2A",3101,"40-80 cm",3,125,0.024
"E2","V2A",3101,"80-120 cm",2,125,0.016
"E2","V2A",3101,"120-160 cm",4,125,0.032
"E2","V2A",3101,"160-200 cm",2,125,0.016
"E2","V2A",3101,">200 cm",18,125,0.144
"E2","V2A",3102,"<40 cm",92,125,0.736
"E2","V2A",3102,"40-80 cm",0,125,0
"E2","V2A",3102,"80-120 cm",2,125,0.016
"E2","V2A",3102,"120-160 cm",3,125,0.024
"E2","V2A",3102,"160-200 cm",3,125,0.024
"E2","V2A",3102,">200 cm",25,125,0.2
"E2","V2A",3103,"<40 cm",92,125,0.736
"E2","V2A",3103,"40-80 cm",4,125,0.032
"E2","V2A",3103,"80-120 cm",1,125,0.008
"E2","V2A",3103,"120-160 cm",6,125,0.048
"E2","V2A",3103,"160-200 cm",4,125,0.032
"E2","V2A",3103,">200 cm",18,125,0.144
"E2","V2A",3104,"<40 cm",0,0,NA
"E2","V2A",3104,"40-80 cm",0,0,NA
"E2","V2A",3104,"80-120 cm",0,0,NA
"E2","V2A",3104,"120-160 cm",0,0,NA
"E2","V2A",3104,"160-200 cm",0,0,NA
"E2","V2A",3104,">200 cm",0,0,NA
"E2","V2A",3105,"<40 cm",0,0,NA
"E2","V2A",3105,"40-80 cm",0,0,NA
"E2","V2A",3105,"80-120 cm",0,0,NA
"E2","V2A",3105,"120-160 cm",0,0,NA
"E2","V2A",3105,"160-200 cm",0,0,NA
"E2","V2A",3105,">200 cm",0,0,NA
"E2","V2A",3106,"<40 cm",0,0,NA
"E2","V2A",3106,"40-80 cm",0,0,NA
"E2","V2A",3106,"80-120 cm",0,0,NA
"E2","V2A",3106,"120-160 cm",0,0,NA
"E2","V2A",3106,"160-200 cm",0,0,NA
"E2","V2A",3106,">200 cm",0,0,NA
"E2","V2A",3107,"<40 cm",0,0,NA
"E2","V2A",3107,"40-80 cm",0,0,NA
"E2","V2A",3107,"80-120 cm",0,0,NA
"E2","V2A",3107,"120-160 cm",0,0,NA
"E2","V2A",3107,"160-200 cm",0,0,NA
"E2","V2A",3107,">200 cm",0,0,NA
"E2","V2A",3108,"<40 cm",0,0,NA
"E2","V2A",3108,"40-80 cm",0,0,NA
"E2","V2A",3108,"80-120 cm",0,0,NA
"E2","V2A",3108,"120-160 cm",0,0,NA
"E2","V2A",3108,"160-200 cm",0,0,NA
"E2","V2A",3108,">200 cm",0,0,NA
"E2","V2A",3109,"<40 cm",0,0,NA
"E2","V2A",3109,"40-80 cm",0,0,NA
"E2","V2A",3109,"80-120 cm",0,0,NA
"E2","V2A",3109,"120-160 cm",0,0,NA
"E2","V2A",3109,"160-200 cm",0,0,NA
"E2","V2A",3109,">200 cm",0,0,NA
"E2","V2A",3110,"<40 cm",0,0,NA
"E2","V2A",3110,"40-80 cm",0,0,NA
"E2","V2A",3110,"80-120 cm",0,0,NA
"E2","V2A",3110,"120-160 cm",0,0,NA
"E2","V2A",3110,"160-200 cm",0,0,NA
"E2","V2A",3110,">200 cm",0,0,NA
"E2","V2A",4101,"<40 cm",95,125,0.76
"E2","V2A",4101,"40-80 cm",4,125,0.032
"E2","V2A",4101,"80-120 cm",1,125,0.008
"E2","V2A",4101,"120-160 cm",6,125,0.048
"E2","V2A",4101,"160-200 cm",5,125,0.04
"E2","V2A",4101,">200 cm",14,125,0.112
"E2","V2A",4102,"<40 cm",92,125,0.736
"E2","V2A",4102,"40-80 cm",2,125,0.016
"E2","V2A",4102,"80-120 cm",0,125,0
"E2","V2A",4102,"120-160 cm",4,125,0.032
"E2","V2A",4102,"160-200 cm",5,125,0.04
"E2","V2A",4102,">200 cm",22,125,0.176
"E2","V2A",4103,"<40 cm",94,125,0.752
"E2","V2A",4103,"40-80 cm",4,125,0.032
"E2","V2A",4103,"80-120 cm",1,125,0.008
"E2","V2A",4103,"120-160 cm",7,125,0.056
"E2","V2A",4103,"160-200 cm",5,125,0.04
"E2","V2A",4103,">200 cm",14,125,0.112
"E2","V2A",4104,"<40 cm",0,0,NA
"E2","V2A",4104,"40-80 cm",0,0,NA
"E2","V2A",4104,"80-120 cm",0,0,NA
"E2","V2A",4104,"120-160 cm",0,0,NA
"E2","V2A",4104,"160-200 cm",0,0,NA
"E2","V2A",4104,">200 cm",0,0,NA
"E2","V2A",4105,"<40 cm",0,0,NA
"E2","V2A",4105,"40-80 cm",0,0,NA
"E2","V2A",4105,"80-120 cm",0,0,NA
"E2","V2A",4105,"120-160 cm",0,0,NA
"E2","V2A",4105,"160-200 cm",0,0,NA
"E2","V2A",4105,">200 cm",0,0,NA
"E2","V2A",4106,"<40 cm",0,0,NA
"E2","V2A",4106,"40-80 cm",0,0,NA
"E2","V2A",4106,"80-120 cm",0,0,NA
"E2","V2A",4106,"120-160 cm",0,0,NA
"E2","V2A",4106,"160-200 cm",0,0,NA
"E2","V2A",4106,">200 cm",0,0,NA
"E2","V2A",4107,"<40 cm",0,0,NA
"E2","V2A",4107,"40-80 cm",0,0,NA
"E2","V2A",4107,"80-120 cm",0,0,NA
"E2","V2A",4107,"120-160 cm",0,0,NA
"E2","V2A",4107,"160-200 cm",0,0,NA
"E2","V2A",4107,">200 cm",0,0,NA
"E2","V2A",4108,"<40 cm",0,0,NA
"E2","V2A",4108,"40-80 cm",0,0,NA
"E2","V2A",4108,"80-120 cm",0,0,NA
"E2","V2A",4108,"120-160 cm",0,0,NA
"E2","V2A",4108,"160-200 cm",0,0,NA
"E2","V2A",4108,">200 cm",0,0,NA
"E2","V2A",4109,"<40 cm",0,0,NA
"E2","V2A",4109,"40-80 cm",0,0,NA
"E2","V2A",4109,"80-120 cm",0,0,NA
"E2","V2A",4109,"120-160 cm",0,0,NA
"E2","V2A",4109,"160-200 cm",0,0,NA
"E2","V2A",4109,">200 cm",0,0,NA
"E2","V2A",4110,"<40 cm",0,0,NA
"E2","V2A",4110,"40-80 cm",0,0,NA
"E2","V2A",4110,"80-120 cm",0,0,NA
"E2","V2A",4110,"120-160 cm",0,0,NA
"E2","V2A",4110,"160-200 cm",0,0,NA
"E2","V2A",4110,">200 cm",0,0,NA
"E2","V2A",5101,"<40 cm",96,125,0.768
"E2","V2A",5101,"40-80 cm",3,125,0.024
"E2","V2A",5101,"80-120 cm",1,125,0.008
"E2","V2A",5101,"120-160 cm",5,125,0.04
"E2","V2A",5101,"160-200 cm",4,125,0.032
"E2","V2A",5101,">200 cm",16,125,0.128
"E2","V2A",5102,"<40 cm",94,125,0.752
"E2","V2A",5102,"40-80 cm",3,125,0.024
"E2","V2A",5102,"80-120 cm",2,125,0.016
"E2","V2A",5102,"120-160 cm",2,125,0.016
"E2","V2A",5102,"160-200 cm",3,125,0.024
"E2","V2A",5102,">200 cm",21,125,0.168
"E2","V2A",5103,"<40 cm",91,125,0.728
"E2","V2A",5103,"40-80 cm",4,125,0.032
"E2","V2A",5103,"80-120 cm",4,125,0.032
"E2","V2A",5103,"120-160 cm",7,125,0.056
"E2","V2A",5103,"160-200 cm",5,125,0.04
"E2","V2A",5103,">200 cm",14,125,0.112
"E2","V2A",5104,"<40 cm",0,0,NA
"E2","V2A",5104,"40-80 cm",0,0,NA
"E2","V2A",5104,"80-120 cm",0,0,NA
"E2","V2A",5104,"120-160 cm",0,0,NA
"E2","V2A",5104,"160-200 cm",0,0,NA
"E2","V2A",5104,">200 cm",0,0,NA
"E2","V2A",5105,"<40 cm",0,0,NA
"E2","V2A",5105,"40-80 cm",0,0,NA
"E2","V2A",5105,"80-120 cm",0,0,NA
"E2","V2A",5105,"120-160 cm",0,0,NA
"E2","V2A",5105,"160-200 cm",0,0,NA
"E2","V2A",5105,">200 cm",0,0,NA
"E2","V2A",5106,"<40 cm",0,0,NA
"E2","V2A",5106,"40-80 cm",0,0,NA
"E2","V2A",5106,"80-120 cm",0,0,NA
"E2","V2A",5106,"120-160 cm",0,0,NA
"E2","V2A",5106,"160-200 cm",0,0,NA
"E2","V2A",5106,">200 cm",0,0,NA
"E2","V2A",5107,"<40 cm",0,0,NA
"E2","V2A",5107,"40-80 cm",0,0,NA
"E2","V2A",5107,"80-120 cm",0,0,NA
"E2","V2A",5107,"120-160 cm",0,0,NA
"E2","V2A",5107,"160-200 cm",0,0,NA
"E2","V2A",5107,">200 cm",0,0,NA
"E2","V2A",5108,"<40 cm",0,0,NA
"E2","V2A",5108,"40-80 cm",0,0,NA
"E2","V2A",5108,"80-120 cm",0,0,NA
"E2","V2A",5108,"120-160 cm",0,0,NA
"E2","V2A",5108,"160-200 cm",0,0,NA
"E2","V2A",5108,">200 cm",0,0,NA
"E2","V2A",5109,"<40 cm",0,0,NA
"E2","V2A",5109,"40-80 cm",0,0,NA
"E2","V2A",5109,"80-120 cm",0,0,NA
"E2","V2A",5109,"120-160 cm",0,0,NA
"E2","V2A",5109,"160-200 cm",0,0,NA
"E2","V2A",5109,">200 cm",0,0,NA
"E2","V2A",5110,"<40 cm",0,0,NA
"E2","V2A",5110,"40-80 cm",0,0,NA
"E2","V2A",5110,"80-120 cm",0,0,NA
"E2","V2A",5110,"120-160 cm",0,0,NA
"E2","V2A",5110,"160-200 cm",0,0,NA
"E2","V2A",5110,">200 cm",0,0,NA
"E2","V2A",6101,"<40 cm",96,125,0.768
"E2","V2A",6101,"40-80 cm",2,125,0.016
"E2","V2A",6101,"80-120 cm",2,125,0.016
"E2","V2A",6101,"120-160 cm",4,125,0.032
"E2","V2A",6101,"160-200 cm",1,125,0.008
"E2","V2A",6101,">200 cm",20,125,0.16
"E2","V2A",6102,"<40 cm",92,125,0.736
"E2","V2A",6102,"40-80 cm",1,125,0.008
"E2","V2A",6102,"80-120 cm",0,125,0
"E2","V2A",6102,"120-160 cm",3,125,0.024
"E2","V2A",6102,"160-200 cm",5,125,0.04
"E2","V2A",6102,">200 cm",24,125,0.192
"E2","V2A",6103,"<40 cm",95,125,0.76
"E2","V2A",6103,"40-80 cm",3,125,0.024
"E2","V2A",6103,"80-120 cm",1,125,0.008
"E2","V2A",6103,"120-160 cm",6,125,0.048
"E2","V2A",6103,"160-200 cm",8,125,0.064
"E2","V2A",6103,">200 cm",12,125,0.096
"E2","V2A",6104,"<40 cm",0,0,NA
"E2","V2A",6104,"40-80 cm",0,0,NA
"E2","V2A",6104,"80-120 cm",0,0,NA
"E2","V2A",6104,"120-160 cm",0,0,NA
"E2","V2A",6104,"160-200 cm",0,0,NA
"E2","V2A",6104,">200 cm",0,0,NA
"E2","V2A",6105,"<40 cm",0,0,NA
"E2","V2A",6105,"40-80 cm",0,0,NA
"E2","V2A",6105,"80-120 cm",0,0,NA
"E2","V2A",6105,"120-160 cm",0,0,NA
"E2","V2A",6105,"160-200 cm",0,0,NA
"E2","V2A",6105,">200 cm",0,0,NA
"E2","V2A",6106,"<40 cm",0,0,NA
"E2","V2A",6106,"40-80 cm",0,0,NA
"E2","V2A",6106,"80-120 cm",0,0,NA
"E2","V2A",6106,"120-160 cm",0,0,NA
"E2","V2A",6106,"160-200 cm",0,0,NA
"E2","V2A",6106,">200 cm",0,0,NA
"E2","V2A",6107,"<40 cm",0,0,NA
"E2","V2A",6107,"40-80 cm",0,0,NA
"E2","V2A",6107,"80-120 cm",0,0,NA
"E2","V2A",6107,"120-160 cm",0,0,NA
"E2","V2A",6107,"160-200 cm",0,0,NA
"E2","V2A",6107,">200 cm",0,0,NA
"E2","V2A",6108,"<40 cm",0,0,NA
"E2","V2A",6108,"40-80 cm",0,0,NA
"E2","V2A",6108,"80-120 cm",0,0,NA
"E2","V2A",6108,"120-160 cm",0,0,NA
"E2","V2A",6108,"160-200 cm",0,0,NA
"E2","V2A",6108,">200 cm",0,0,NA
"E2","V2A",6109,"<40 cm",0,0,NA
"E2","V2A",6109,"40-80 cm",0,0,NA
"E2","V2A",6109,"80-120 cm",0,0,NA
"E2","V2A",6109,"120-160 cm",0,0,NA
"E2","V2A",6109,"160-200 cm",0,0,NA
"E2","V2A",6109,">200 cm",0,0,NA
"E2","V2A",6110,"<40 cm",0,0,NA
"E2","V2A",6110,"40-80 cm",0,0,NA
"E2","V2A",6110,"80-120 cm",0,0,NA
"E2","V2A",6110,"120-160 cm",0,0,NA
"E2","V2A",6110,"160-200 cm",0,0,NA
"E2","V2A",6110,">200 cm",0,0,NA
"E2","V2A",7101,"<40 cm",97,125,0.776
"E2","V2A",7101,"40-80 cm",2,125,0.016
"E2","V2A",7101,"80-120 cm",1,125,0.008
"E2","V2A",7101,"120-160 cm",4,125,0.032
"E2","V2A",7101,"160-200 cm",3,125,0.024
"E2","V2A",7101,">200 cm",18,125,0.144
"E2","V2A",7102,"<40 cm",93,125,0.744
"E2","V2A",7102,"40-80 cm",0,125,0
"E2","V2A",7102,"80-120 cm",1,125,0.008
"E2","V2A",7102,"120-160 cm",4,125,0.032
"E2","V2A",7102,"160-200 cm",2,125,0.016
"E2","V2A",7102,">200 cm",25,125,0.2
"E2","V2A",7103,"<40 cm",92,125,0.736
"E2","V2A",7103,"40-80 cm",3,125,0.024
"E2","V2A",7103,"80-120 cm",2,125,0.016
"E2","V2A",7103,"120-160 cm",6,125,0.048
"E2","V2A",7103,"160-200 cm",4,125,0.032
"E2","V2A",7103,">200 cm",18,125,0.144
"E2","V2A",7104,"<40 cm",0,0,NA
"E2","V2A",7104,"40-80 cm",0,0,NA
"E2","V2A",7104,"80-120 cm",0,0,NA
"E2","V2A",7104,"120-160 cm",0,0,NA
"E2","V2A",7104,"160-200 cm",0,0,NA
"E2","V2A",7104,">200 cm",0,0,NA
"E2","V2A",7105,"<40 cm",0,0,NA
"E2","V2A",7105,"40-80 cm",0,0,NA
"E2","V2A",7105,"80-120 cm",0,0,NA
"E2","V2A",7105,"120-160 cm",0,0,NA
"E2","V2A",7105,"160-200 cm",0,0,NA
"E2","V2A",7105,">200 cm",0,0,NA
"E2","V2A",7106,"<40 cm",0,0,NA
"E2","V2A",7106,"40-80 cm",0,0,NA
"E2","V2A",7106,"80-120 cm",0,0,NA
"E2","V2A",7106,"120-160 cm",0,0,NA
"E2","V2A",7106,"160-200 cm",0,0,NA
"E2","V2A",7106,">200 cm",0,0,NA
"E2","V2A",7107,"<40 cm",0,0,NA
"E2","V2A",7107,"40-80 cm",0,0,NA
"E2","V2A",7107,"80-120 cm",0,0,NA
"E2","V2A",7107,"120-160 cm",0,0,NA
"E2","V2A",7107,"160-200 cm",0,0,NA
"E2","V2A",7107,">200 cm",0,0,NA
"E2","V2A",7108,"<40 cm",0,0,NA
"E2","V2A",7108,"40-80 cm",0,0,NA
"E2","V2A",7108,"80-120 cm",0,0,NA
"E2","V2A",7108,"120-160 cm",0,0,NA
"E2","V2A",7108,"160-200 cm",0,0,NA
"E2","V2A",7108,">200 cm",0,0,NA
"E2","V2A",7109,"<40 cm",0,0,NA
"E2","V2A",7109,"40-80 cm",0,0,NA
"E2","V2A",7109,"80-120 cm",0,0,NA
"E2","V2A",7109,"120-160 cm",0,0,NA
"E2","V2A",7109,"160-200 cm",0,0,NA
"E2","V2A",7109,">200 cm",0,0,NA
"E2","V2A",7110,"<40 cm",0,0,NA
"E2","V2A",7110,"40-80 cm",0,0,NA
"E2","V2A",7110,"80-120 cm",0,0,NA
"E2","V2A",7110,"120-160 cm",0,0,NA
"E2","V2A",7110,"160-200 cm",0,0,NA
"E2","V2A",7110,">200 cm",0,0,NA
"E2","V2A",8101,"<40 cm",91,125,0.728
"E2","V2A",8101,"40-80 cm",9,125,0.072
"E2","V2A",8101,"80-120 cm",1,125,0.008
"E2","V2A",8101,"120-160 cm",4,125,0.032
"E2","V2A",8101,"160-200 cm",2,125,0.016
"E2","V2A",8101,">200 cm",18,125,0.144
"E2","V2A",8102,"<40 cm",85,125,0.68
"E2","V2A",8102,"40-80 cm",7,125,0.056
"E2","V2A",8102,"80-120 cm",2,125,0.016
"E2","V2A",8102,"120-160 cm",4,125,0.032
"E2","V2A",8102,"160-200 cm",3,125,0.024
"E2","V2A",8102,">200 cm",24,125,0.192
"E2","V2A",8103,"<40 cm",83,125,0.664
"E2","V2A",8103,"40-80 cm",10,125,0.08
"E2","V2A",8103,"80-120 cm",3,125,0.024
"E2","V2A",8103,"120-160 cm",6,125,0.048
"E2","V2A",8103,"160-200 cm",5,125,0.04
"E2","V2A",8103,">200 cm",18,125,0.144
"E2","V2A",8104,"<40 cm",0,0,NA
"E2","V2A",8104,"40-80 cm",0,0,NA
"E2","V2A",8104,"80-120 cm",0,0,NA
"E2","V2A",8104,"120-160 cm",0,0,NA
"E2","V2A",8104,"160-200 cm",0,0,NA
"E2","V2A",8104,">200 cm",0,0,NA
"E2","V2A",8105,"<40 cm",0,0,NA
"E2","V2A",8105,"40-80 cm",0,0,NA
"E2","V2A",8105,"80-120 cm",0,0,NA
"E2","V2A",8105,"120-160 cm",0,0,NA
"E2","V2A",8105,"160-200 cm",0,0,NA
"E2","V2A",8105,">200 cm",0,0,NA
"E2","V2A",8106,"<40 cm",0,0,NA
"E2","V2A",8106,"40-80 cm",0,0,NA
"E2","V2A",8106,"80-120 cm",0,0,NA
"E2","V2A",8106,"120-160 cm",0,0,NA
"E2","V2A",8106,"160-200 cm",0,0,NA
"E2","V2A",8106,">200 cm",0,0,NA
"E2","V2A",8107,"<40 cm",0,0,NA
"E2","V2A",8107,"40-80 cm",0,0,NA
"E2","V2A",8107,"80-120 cm",0,0,NA
"E2","V2A",8107,"120-160 cm",0,0,NA
"E2","V2A",8107,"160-200 cm",0,0,NA
"E2","V2A",8107,">200 cm",0,0,NA
"E2","V2A",8108,"<40 cm",0,0,NA
"E2","V2A",8108,"40-80 cm",0,0,NA
"E2","V2A",8108,"80-120 cm",0,0,NA
"E2","V2A",8108,"120-160 cm",0,0,NA
"E2","V2A",8108,"160-200 cm",0,0,NA
"E2","V2A",8108,">200 cm",0,0,NA
"E2","V2A",8109,"<40 cm",0,0,NA
"E2","V2A",8109,"40-80 cm",0,0,NA
"E2","V2A",8109,"80-120 cm",0,0,NA
"E2","V2A",8109,"120-160 cm",0,0,NA
"E2","V2A",8109,"160-200 cm",0,0,NA
"E2","V2A",8109,">200 cm",0,0,NA
"E2","V2A",8110,"<40 cm",0,0,NA
"E2","V2A",8110,"40-80 cm",0,0,NA
"E2","V2A",8110,"80-120 cm",0,0,NA
"E2","V2A",8110,"120-160 cm",0,0,NA
"E2","V2A",8110,"160-200 cm",0,0,NA
"E2","V2A",8110,">200 cm",0,0,NA
"E2","V2A",9101,"<40 cm",97,125,0.776
"E2","V2A",9101,"40-80 cm",2,125,0.016
"E2","V2A",9101,"80-120 cm",1,125,0.008
"E2","V2A",9101,"120-160 cm",5,125,0.04
"E2","V2A",9101,"160-200 cm",8,125,0.064
"E2","V2A",9101,">200 cm",12,125,0.096
"E2","V2A",9102,"<40 cm",93,125,0.744
"E2","V2A",9102,"40-80 cm",0,125,0
"E2","V2A",9102,"80-120 cm",1,125,0.008
"E2","V2A",9102,"120-160 cm",2,125,0.016
"E2","V2A",9102,"160-200 cm",12,125,0.096
"E2","V2A",9102,">200 cm",17,125,0.136
"E2","V2A",9103,"<40 cm",92,125,0.736
"E2","V2A",9103,"40-80 cm",3,125,0.024
"E2","V2A",9103,"80-120 cm",4,125,0.032
"E2","V2A",9103,"120-160 cm",6,125,0.048
"E2","V2A",9103,"160-200 cm",10,125,0.08
"E2","V2A",9103,">200 cm",10,125,0.08
"E2","V2A",9104,"<40 cm",0,0,NA
"E2","V2A",9104,"40-80 cm",0,0,NA
"E2","V2A",9104,"80-120 cm",0,0,NA
"E2","V2A",9104,"120-160 cm",0,0,NA
"E2","V2A",9104,"160-200 cm",0,0,NA
"E2","V2A",9104,">200 cm",0,0,NA
"E2","V2A",9105,"<40 cm",0,0,NA
"E2","V2A",9105,"40-80 cm",0,0,NA
"E2","V2A",9105,"80-120 cm",0,0,NA
"E2","V2A",9105,"120-160 cm",0,0,NA
"E2","V2A",9105,"160-200 cm",0,0,NA
"E2","V2A",9105,">200 cm",0,0,NA
"E2","V2A",9106,"<40 cm",0,0,NA
"E2","V2A",9106,"40-80 cm",0,0,NA
"E2","V2A",9106,"80-120 cm",0,0,NA
"E2","V2A",9106,"120-160 cm",0,0,NA
"E2","V2A",9106,"160-200 cm",0,0,NA
"E2","V2A",9106,">200 cm",0,0,NA
"E2","V2A",9107,"<40 cm",0,0,NA
"E2","V2A",9107,"40-80 cm",0,0,NA
"E2","V2A",9107,"80-120 cm",0,0,NA
"E2","V2A",9107,"120-160 cm",0,0,NA
"E2","V2A",9107,"160-200 cm",0,0,NA
"E2","V2A",9107,">200 cm",0,0,NA
"E2","V2A",9108,"<40 cm",0,0,NA
"E2","V2A",9108,"40-80 cm",0,0,NA
"E2","V2A",9108,"80-120 cm",0,0,NA
"E2","V2A",9108,"120-160 cm",0,0,NA
"E2","V2A",9108,"160-200 cm",0,0,NA
"E2","V2A",9108,">200 cm",0,0,NA
"E2","V2A",9109,"<40 cm",0,0,NA
"E2","V2A",9109,"40-80 cm",0,0,NA
"E2","V2A",9109,"80-120 cm",0,0,NA
"E2","V2A",9109,"120-160 cm",0,0,NA
"E2","V2A",9109,"160-200 cm",0,0,NA
"E2","V2A",9109,">200 cm",0,0,NA
"E2","V2A",9110,"<40 cm",0,0,NA
"E2","V2A",9110,"40-80 cm",0,0,NA
"E2","V2A",9110,"80-120 cm",0,0,NA
"E2","V2A",9110,"120-160 cm",0,0,NA
"E2","V2A",9110,"160-200 cm",0,0,NA
"E2","V2A",9110,">200 cm",0,0,NA
"E2","V2A",10101,"<40 cm",93,125,0.744
"E2","V2A",10101,"40-80 cm",5,125,0.04
"E2","V2A",10101,"80-120 cm",0,125,0
"E2","V2A",10101,"120-160 cm",6,125,0.048
"E2","V2A",10101,"160-200 cm",1,125,0.008
"E2","V2A",10101,">200 cm",20,125,0.16
"E2","V2A",10102,"<40 cm",92,125,0.736
"E2","V2A",10102,"40-80 cm",1,125,0.008
"E2","V2A",10102,"80-120 cm",1,125,0.008
"E2","V2A",10102,"120-160 cm",3,125,0.024
"E2","V2A",10102,"160-200 cm",1,125,0.008
"E2","V2A",10102,">200 cm",27,125,0.216
"E2","V2A",10103,"<40 cm",90,125,0.72
"E2","V2A",10103,"40-80 cm",5,125,0.04
"E2","V2A",10103,"80-120 cm",2,125,0.016
"E2","V2A",10103,"120-160 cm",6,125,0.048
"E2","V2A",10103,"160-200 cm",4,125,0.032
"E2","V2A",10103,">200 cm",18,125,0.144
"E2","V2A",10104,"<40 cm",0,0,NA
"E2","V2A",10104,"40-80 cm",0,0,NA
"E2","V2A",10104,"80-120 cm",0,0,NA
"E2","V2A",10104,"120-160 cm",0,0,NA
"E2","V2A",10104,"160-200 cm",0,0,NA
"E2","V2A",10104,">200 cm",0,0,NA
"E2","V2A",10105,"<40 cm",0,0,NA
"E2","V2A",10105,"40-80 cm",0,0,NA
"E2","V2A",10105,"80-120 cm",0,0,NA
"E2","V2A",10105,"120-160 cm",0,0,NA
"E2","V2A",10105,"160-200 cm",0,0,NA
"E2","V2A",10105,">200 cm",0,0,NA
"E2","V2A",10106,"<40 cm",0,0,NA
"E2","V2A",10106,"40-80 cm",0,0,NA
"E2","V2A",10106,"80-120 cm",0,0,NA
"E2","V2A",10106,"120-160 cm",0,0,NA
"E2","V2A",10106,"160-200 cm",0,0,NA
"E2","V2A",10106,">200 cm",0,0,NA
"E2","V2A",10107,"<40 cm",0,0,NA
"E2","V2A",10107,"40-80 cm",0,0,NA
"E2","V2A",10107,"80-120 cm",0,0,NA
"E2","V2A",10107,"120-160 cm",0,0,NA
"E2","V2A",10107,"160-200 cm",0,0,NA
"E2","V2A",10107,">200 cm",0,0,NA
"E2","V2A",10108,"<40 cm",0,0,NA
"E2","V2A",10108,"40-80 cm",0,0,NA
"E2","V2A",10108,"80-120 cm",0,0,NA
"E2","V2A",10108,"120-160 cm",0,0,NA
"E2","V2A",10108,"160-200 cm",0,0,NA
"E2","V2A",10108,">200 cm",0,0,NA
"E2","V2A",10109,"<40 cm",0,0,NA
"E2","V2A",10109,"40-80 cm",0,0,NA
"E2","V2A",10109,"80-120 cm",0,0,NA
"E2","V2A",10109,"120-160 cm",0,0,NA
"E2","V2A",10109,"160-200 cm",0,0,NA
"E2","V2A",10109,">200 cm",0,0,NA
"E2","V2A",10110,"<40 cm",0,0,NA
"E2","V2A",10110,"40-80 cm",0,0,NA
"E2","V2A",10110,"80-120 cm",0,0,NA
"E2","V2A",10110,"120-160 cm",0,0,NA
"E2","V2A",10110,"160-200 cm",0,0,NA
"E2","V2A",10110,">200 cm",0,0,NA
"E2","V2A",11101,"<40 cm",92,125,0.736
"E2","V2A",11101,"40-80 cm",5,125,0.04
"E2","V2A",11101,"80-120 cm",1,125,0.008
"E2","V2A",11101,"120-160 cm",6,125,0.048
"E2","V2A",11101,"160-200 cm",6,125,0.048
"E2","V2A",11101,">200 cm",15,125,0.12
"E2","V2A",11102,"<40 cm",90,125,0.72
"E2","V2A",11102,"40-80 cm",4,125,0.032
"E2","V2A",11102,"80-120 cm",1,125,0.008
"E2","V2A",11102,"120-160 cm",3,125,0.024
"E2","V2A",11102,"160-200 cm",6,125,0.048
"E2","V2A",11102,">200 cm",21,125,0.168
"E2","V2A",11103,"<40 cm",86,125,0.688
"E2","V2A",11103,"40-80 cm",8,125,0.064
"E2","V2A",11103,"80-120 cm",3,125,0.024
"E2","V2A",11103,"120-160 cm",9,125,0.072
"E2","V2A",11103,"160-200 cm",1,125,0.008
"E2","V2A",11103,">200 cm",18,125,0.144
"E2","V2A",11104,"<40 cm",0,0,NA
"E2","V2A",11104,"40-80 cm",0,0,NA
"E2","V2A",11104,"80-120 cm",0,0,NA
"E2","V2A",11104,"120-160 cm",0,0,NA
"E2","V2A",11104,"160-200 cm",0,0,NA
"E2","V2A",11104,">200 cm",0,0,NA
"E2","V2A",11105,"<40 cm",0,0,NA
"E2","V2A",11105,"40-80 cm",0,0,NA
"E2","V2A",11105,"80-120 cm",0,0,NA
"E2","V2A",11105,"120-160 cm",0,0,NA
"E2","V2A",11105,"160-200 cm",0,0,NA
"E2","V2A",11105,">200 cm",0,0,NA
"E2","V2A",11106,"<40 cm",0,0,NA
"E2","V2A",11106,"40-80 cm",0,0,NA
"E2","V2A",11106,"80-120 cm",0,0,NA
"E2","V2A",11106,"120-160 cm",0,0,NA
"E2","V2A",11106,"160-200 cm",0,0,NA
"E2","V2A",11106,">200 cm",0,0,NA
"E2","V2A",11107,"<40 cm",0,0,NA
"E2","V2A",11107,"40-80 cm",0,0,NA
"E2","V2A",11107,"80-120 cm",0,0,NA
"E2","V2A",11107,"120-160 cm",0,0,NA
"E2","V2A",11107,"160-200 cm",0,0,NA
"E2","V2A",11107,">200 cm",0,0,NA
"E2","V2A",11108,"<40 cm",0,0,NA
"E2","V2A",11108,"40-80 cm",0,0,NA
"E2","V2A",11108,"80-120 cm",0,0,NA
"E2","V2A",11108,"120-160 cm",0,0,NA
"E2","V2A",11108,"160-200 cm",0,0,NA
"E2","V2A",11108,">200 cm",0,0,NA
"E2","V2A",11109,"<40 cm",0,0,NA
"E2","V2A",11109,"40-80 cm",0,0,NA
"E2","V2A",11109,"80-120 cm",0,0,NA
"E2","V2A",11109,"120-160 cm",0,0,NA
"E2","V2A",11109,"160-200 cm",0,0,NA
"E2","V2A",11109,">200 cm",0,0,NA
"E2","V2A",11110,"<40 cm",0,0,NA
"E2","V2A",11110,"40-80 cm",0,0,NA
"E2","V2A",11110,"80-120 cm",0,0,NA
"E2","V2A",11110,"120-160 cm",0,0,NA
"E2","V2A",11110,"160-200 cm",0,0,NA
"E2","V2A",11110,">200 cm",0,0,NA
"E2","V2A",12101,"<40 cm",94,125,0.752
"E2","V2A",12101,"40-80 cm",3,125,0.024
"E2","V2A",12101,"80-120 cm",1,125,0.008
"E2","V2A",12101,"120-160 cm",5,125,0.04
"E2","V2A",12101,"160-200 cm",3,125,0.024
"E2","V2A",12101,">200 cm",19,125,0.152
"E2","V2A",12102,"<40 cm",90,125,0.72
"E2","V2A",12102,"40-80 cm",0,125,0
"E2","V2A",12102,"80-120 cm",1,125,0.008
"E2","V2A",12102,"120-160 cm",5,125,0.04
"E2","V2A",12102,"160-200 cm",2,125,0.016
"E2","V2A",12102,">200 cm",27,125,0.216
"E2","V2A",12103,"<40 cm",92,125,0.736
"E2","V2A",12103,"40-80 cm",2,125,0.016
"E2","V2A",12103,"80-120 cm",2,125,0.016
"E2","V2A",12103,"120-160 cm",6,125,0.048
"E2","V2A",12103,"160-200 cm",5,125,0.04
"E2","V2A",12103,">200 cm",18,125,0.144
"E2","V2A",12104,"<40 cm",0,0,NA
"E2","V2A",12104,"40-80 cm",0,0,NA
"E2","V2A",12104,"80-120 cm",0,0,NA
"E2","V2A",12104,"120-160 cm",0,0,NA
"E2","V2A",12104,"160-200 cm",0,0,NA
"E2","V2A",12104,">200 cm",0,0,NA
"E2","V2A",12105,"<40 cm",0,0,NA
"E2","V2A",12105,"40-80 cm",0,0,NA
"E2","V2A",12105,"80-120 cm",0,0,NA
"E2","V2A",12105,"120-160 cm",0,0,NA
"E2","V2A",12105,"160-200 cm",0,0,NA
"E2","V2A",12105,">200 cm",0,0,NA
"E2","V2A",12106,"<40 cm",0,0,NA
"E2","V2A",12106,"40-80 cm",0,0,NA
"E2","V2A",12106,"80-120 cm",0,0,NA
"E2","V2A",12106,"120-160 cm",0,0,NA
"E2","V2A",12106,"160-200 cm",0,0,NA
"E2","V2A",12106,">200 cm",0,0,NA
"E2","V2A",12107,"<40 cm",0,0,NA
"E2","V2A",12107,"40-80 cm",0,0,NA
"E2","V2A",12107,"80-120 cm",0,0,NA
"E2","V2A",12107,"120-160 cm",0,0,NA
"E2","V2A",12107,"160-200 cm",0,0,NA
"E2","V2A",12107,">200 cm",0,0,NA
"E2","V2A",12108,"<40 cm",0,0,NA
"E2","V2A",12108,"40-80 cm",0,0,NA
"E2","V2A",12108,"80-120 cm",0,0,NA
"E2","V2A",12108,"120-160 cm",0,0,NA
"E2","V2A",12108,"160-200 cm",0,0,NA
"E2","V2A",12108,">200 cm",0,0,NA
"E2","V2A",12109,"<40 cm",0,0,NA
"E2","V2A",12109,"40-80 cm",0,0,NA
"E2","V2A",12109,"80-120 cm",0,0,NA
"E2","V2A",12109,"120-160 cm",0,0,NA
"E2","V2A",12109,"160-200 cm",0,0,NA
"E2","V2A",12109,">200 cm",0,0,NA
"E2","V2A",12110,"<40 cm",0,0,NA
"E2","V2A",12110,"40-80 cm",0,0,NA
"E2","V2A",12110,"80-120 cm",0,0,NA
"E2","V2A",12110,"120-160 cm",0,0,NA
"E2","V2A",12110,"160-200 cm",0,0,NA
"E2","V2A",12110,">200 cm",0,0,NA
"E2","V2A",13101,"<40 cm",97,125,0.776
"E2","V2A",13101,"40-80 cm",3,125,0.024
"E2","V2A",13101,"80-120 cm",2,125,0.016
"E2","V2A",13101,"120-160 cm",4,125,0.032
"E2","V2A",13101,"160-200 cm",4,125,0.032
"E2","V2A",13101,">200 cm",15,125,0.12
"E2","V2A",13102,"<40 cm",93,125,0.744
"E2","V2A",13102,"40-80 cm",1,125,0.008
"E2","V2A",13102,"80-120 cm",1,125,0.008
"E2","V2A",13102,"120-160 cm",3,125,0.024
"E2","V2A",13102,"160-200 cm",2,125,0.016
"E2","V2A",13102,">200 cm",25,125,0.2
"E2","V2A",13103,"<40 cm",92,125,0.736
"E2","V2A",13103,"40-80 cm",3,125,0.024
"E2","V2A",13103,"80-120 cm",3,125,0.024
"E2","V2A",13103,"120-160 cm",7,125,0.056
"E2","V2A",13103,"160-200 cm",4,125,0.032
"E2","V2A",13103,">200 cm",16,125,0.128
"E2","V2A",13104,"<40 cm",0,0,NA
"E2","V2A",13104,"40-80 cm",0,0,NA
"E2","V2A",13104,"80-120 cm",0,0,NA
"E2","V2A",13104,"120-160 cm",0,0,NA
"E2","V2A",13104,"160-200 cm",0,0,NA
"E2","V2A",13104,">200 cm",0,0,NA
"E2","V2A",13105,"<40 cm",0,0,NA
"E2","V2A",13105,"40-80 cm",0,0,NA
"E2","V2A",13105,"80-120 cm",0,0,NA
"E2","V2A",13105,"120-160 cm",0,0,NA
"E2","V2A",13105,"160-200 cm",0,0,NA
"E2","V2A",13105,">200 cm",0,0,NA
"E2","V2A",13106,"<40 cm",0,0,NA
"E2","V2A",13106,"40-80 cm",0,0,NA
"E2","V2A",13106,"80-120 cm",0,0,NA
"E2","V2A",13106,"120-160 cm",0,0,NA
"E2","V2A",13106,"160-200 cm",0,0,NA
"E2","V2A",13106,">200 cm",0,0,NA
"E2","V2A",13107,"<40 cm",0,0,NA
"E2","V2A",13107,"40-80 cm",0,0,NA
"E2","V2A",13107,"80-120 cm",0,0,NA
"E2","V2A",13107,"120-160 cm",0,0,NA
"E2","V2A",13107,"160-200 cm",0,0,NA
"E2","V2A",13107,">200 cm",0,0,NA
"E2","V2A",13108,"<40 cm",0,0,NA
"E2","V2A",13108,"40-80 cm",0,0,NA
"E2","V2A",13108,"80-120 cm",0,0,NA
"E2","V2A",13108,"120-160 cm",0,0,NA
"E2","V2A",13108,"160-200 cm",0,0,NA
"E2","V2A",13108,">200 cm",0,0,NA
"E2","V2A",13109,"<40 cm",0,0,NA
"E2","V2A",13109,"40-80 cm",0,0,NA
"E2","V2A",13109,"80-120 cm",0,0,NA
"E2","V2A",13109,"120-160 cm",0,0,NA
"E2","V2A",13109,"160-200 cm",0,0,NA
"E2","V2A",13109,">200 cm",0,0,NA
"E2","V2A",13110,"<40 cm",0,0,NA
"E2","V2A",13110,"40-80 cm",0,0,NA
"E2","V2A",13110,"80-120 cm",0,0,NA
"E2","V2A",13110,"120-160 cm",0,0,NA
"E2","V2A",13110,"160-200 cm",0,0,NA
"E2","V2A",13110,">200 cm",0,0,NA
"E2","V2A",14101,"<40 cm",91,125,0.728
"E2","V2A",14101,"40-80 cm",5,125,0.04
"E2","V2A",14101,"80-120 cm",4,125,0.032
"E2","V2A",14101,"120-160 cm",3,125,0.024
"E2","V2A",14101,"160-200 cm",1,125,0.008
"E2","V2A",14101,">200 cm",21,125,0.168
"E2","V2A",14102,"<40 cm",88,125,0.704
"E2","V2A",14102,"40-80 cm",0,125,0
"E2","V2A",14102,"80-120 cm",2,125,0.016
"E2","V2A",14102,"120-160 cm",3,125,0.024
"E2","V2A",14102,"160-200 cm",3,125,0.024
"E2","V2A",14102,">200 cm",29,125,0.232
"E2","V2A",14103,"<40 cm",85,125,0.68
"E2","V2A",14103,"40-80 cm",4,125,0.032
"E2","V2A",14103,"80-120 cm",2,125,0.016
"E2","V2A",14103,"120-160 cm",7,125,0.056
"E2","V2A",14103,"160-200 cm",6,125,0.048
"E2","V2A",14103,">200 cm",21,125,0.168
"E2","V2A",14104,"<40 cm",0,0,NA
"E2","V2A",14104,"40-80 cm",0,0,NA
"E2","V2A",14104,"80-120 cm",0,0,NA
"E2","V2A",14104,"120-160 cm",0,0,NA
"E2","V2A",14104,"160-200 cm",0,0,NA
"E2","V2A",14104,">200 cm",0,0,NA
"E2","V2A",14105,"<40 cm",0,0,NA
"E2","V2A",14105,"40-80 cm",0,0,NA
"E2","V2A",14105,"80-120 cm",0,0,NA
"E2","V2A",14105,"120-160 cm",0,0,NA
"E2","V2A",14105,"160-200 cm",0,0,NA
"E2","V2A",14105,">200 cm",0,0,NA
"E2","V2A",14106,"<40 cm",0,0,NA
"E2","V2A",14106,"40-80 cm",0,0,NA
"E2","V2A",14106,"80-120 cm",0,0,NA
"E2","V2A",14106,"120-160 cm",0,0,NA
"E2","V2A",14106,"160-200 cm",0,0,NA
"E2","V2A",14106,">200 cm",0,0,NA
"E2","V2A",14107,"<40 cm",0,0,NA
"E2","V2A",14107,"40-80 cm",0,0,NA
"E2","V2A",14107,"80-120 cm",0,0,NA
"E2","V2A",14107,"120-160 cm",0,0,NA
"E2","V2A",14107,"160-200 cm",0,0,NA
"E2","V2A",14107,">200 cm",0,0,NA
"E2","V2A",14108,"<40 cm",0,0,NA
"E2","V2A",14108,"40-80 cm",0,0,NA
"E2","V2A",14108,"80-120 cm",0,0,NA
"E2","V2A",14108,"120-160 cm",0,0,NA
"E2","V2A",14108,"160-200 cm",0,0,NA
"E2","V2A",14108,">200 cm",0,0,NA
"E2","V2A",14109,"<40 cm",0,0,NA
"E2","V2A",14109,"40-80 cm",0,0,NA
"E2","V2A",14109,"80-120 cm",0,0,NA
"E2","V2A",14109,"120-160 cm",0,0,NA
"E2","V2A",14109,"160-200 cm",0,0,NA
"E2","V2A",14109,">200 cm",0,0,NA
"E2","V2A",14110,"<40 cm",0,0,NA
"E2","V2A",14110,"40-80 cm",0,0,NA
"E2","V2A",14110,"80-120 cm",0,0,NA
"E2","V2A",14110,"120-160 cm",0,0,NA
"E2","V2A",14110,"160-200 cm",0,0,NA
"E2","V2A",14110,">200 cm",0,0,NA
"E2","V2A",15101,"<40 cm",93,125,0.744
"E2","V2A",15101,"40-80 cm",5,125,0.04
"E2","V2A",15101,"80-120 cm",1,125,0.008
"E2","V2A",15101,"120-160 cm",5,125,0.04
"E2","V2A",15101,"160-200 cm",2,125,0.016
"E2","V2A",15101,">200 cm",19,125,0.152
"E2","V2A",15102,"<40 cm",91,125,0.728
"E2","V2A",15102,"40-80 cm",1,125,0.008
"E2","V2A",15102,"80-120 cm",1,125,0.008
"E2","V2A",15102,"120-160 cm",4,125,0.032
"E2","V2A",15102,"160-200 cm",1,125,0.008
"E2","V2A",15102,">200 cm",27,125,0.216
"E2","V2A",15103,"<40 cm",88,125,0.704
"E2","V2A",15103,"40-80 cm",7,125,0.056
"E2","V2A",15103,"80-120 cm",2,125,0.016
"E2","V2A",15103,"120-160 cm",6,125,0.048
"E2","V2A",15103,"160-200 cm",4,125,0.032
"E2","V2A",15103,">200 cm",18,125,0.144
"E2","V2A",15104,"<40 cm",0,0,NA
"E2","V2A",15104,"40-80 cm",0,0,NA
"E2","V2A",15104,"80-120 cm",0,0,NA
"E2","V2A",15104,"120-160 cm",0,0,NA
"E2","V2A",15104,"160-200 cm",0,0,NA
"E2","V2A",15104,">200 cm",0,0,NA
"E2","V2A",15105,"<40 cm",0,0,NA
"E2","V2A",15105,"40-80 cm",0,0,NA
"E2","V2A",15105,"80-120 cm",0,0,NA
"E2","V2A",15105,"120-160 cm",0,0,NA
"E2","V2A",15105,"160-200 cm",0,0,NA
"E2","V2A",15105,">200 cm",0,0,NA
"E2","V2A",15106,"<40 cm",0,0,NA
"E2","V2A",15106,"40-80 cm",0,0,NA
"E2","V2A",15106,"80-120 cm",0,0,NA
"E2","V2A",15106,"120-160 cm",0,0,NA
"E2","V2A",15106,"160-200 cm",0,0,NA
"E2","V2A",15106,">200 cm",0,0,NA
"E2","V2A",15107,"<40 cm",0,0,NA
"E2","V2A",15107,"40-80 cm",0,0,NA
"E2","V2A",15107,"80-120 cm",0,0,NA
"E2","V2A",15107,"120-160 cm",0,0,NA
"E2","V2A",15107,"160-200 cm",0,0,NA
"E2","V2A",15107,">200 cm",0,0,NA
"E2","V2A",15108,"<40 cm",0,0,NA
"E2","V2A",15108,"40-80 cm",0,0,NA
"E2","V2A",15108,"80-120 cm",0,0,NA
"E2","V2A",15108,"120-160 cm",0,0,NA
"E2","V2A",15108,"160-200 cm",0,0,NA
"E2","V2A",15108,">200 cm",0,0,NA
"E2","V2A",15109,"<40 cm",0,0,NA
"E2","V2A",15109,"40-80 cm",0,0,NA
"E2","V2A",15109,"80-120 cm",0,0,NA
"E2","V2A",15109,"120-160 cm",0,0,NA
"E2","V2A",15109,"160-200 cm",0,0,NA
"E2","V2A",15109,">200 cm",0,0,NA
"E2","V2A",15110,"<40 cm",0,0,NA
"E2","V2A",15110,"40-80 cm",0,0,NA
"E2","V2A",15110,"80-120 cm",0,0,NA
"E2","V2A",15110,"120-160 cm",0,0,NA
"E2","V2A",15110,"160-200 cm",0,0,NA
"E2","V2A",15110,">200 cm",0,0,NA
"E2","V2A",16101,"<40 cm",97,125,0.776
"E2","V2A",16101,"40-80 cm",3,125,0.024
"E2","V2A",16101,"80-120 cm",1,125,0.008
"E2","V2A",16101,"120-160 cm",5,125,0.04
"E2","V2A",16101,"160-200 cm",3,125,0.024
"E2","V2A",16101,">200 cm",16,125,0.128
"E2","V2A",16102,"<40 cm",93,125,0.744
"E2","V2A",16102,"40-80 cm",1,125,0.008
"E2","V2A",16102,"80-120 cm",0,125,0
"E2","V2A",16102,"120-160 cm",3,125,0.024
"E2","V2A",16102,"160-200 cm",2,125,0.016
"E2","V2A",16102,">200 cm",26,125,0.208
"E2","V2A",16103,"<40 cm",93,125,0.744
"E2","V2A",16103,"40-80 cm",3,125,0.024
"E2","V2A",16103,"80-120 cm",3,125,0.024
"E2","V2A",16103,"120-160 cm",7,125,0.056
"E2","V2A",16103,"160-200 cm",4,125,0.032
"E2","V2A",16103,">200 cm",15,125,0.12
"E2","V2A",16104,"<40 cm",0,0,NA
"E2","V2A",16104,"40-80 cm",0,0,NA
"E2","V2A",16104,"80-120 cm",0,0,NA
"E2","V2A",16104,"120-160 cm",0,0,NA
"E2","V2A",16104,"160-200 cm",0,0,NA
"E2","V2A",16104,">200 cm",0,0,NA
"E2","V2A",16105,"<40 cm",0,0,NA
"E2","V2A",16105,"40-80 cm",0,0,NA
"E2","V2A",16105,"80-120 cm",0,0,NA
"E2","V2A",16105,"120-160 cm",0,0,NA
"E2","V2A",16105,"160-200 cm",0,0,NA
"E2","V2A",16105,">200 cm",0,0,NA
"E2","V2A",16106,"<40 cm",0,0,NA
"E2","V2A",16106,"40-80 cm",0,0,NA
"E2","V2A",16106,"80-120 cm",0,0,NA
"E2","V2A",16106,"120-160 cm",0,0,NA
"E2","V2A",16106,"160-200 cm",0,0,NA
"E2","V2A",16106,">200 cm",0,0,NA
"E2","V2A",16107,"<40 cm",0,0,NA
"E2","V2A",16107,"40-80 cm",0,0,NA
"E2","V2A",16107,"80-120 cm",0,0,NA
"E2","V2A",16107,"120-160 cm",0,0,NA
"E2","V2A",16107,"160-200 cm",0,0,NA
"E2","V2A",16107,">200 cm",0,0,NA
"E2","V2A",16108,"<40 cm",0,0,NA
"E2","V2A",16108,"40-80 cm",0,0,NA
"E2","V2A",16108,"80-120 cm",0,0,NA
"E2","V2A",16108,"120-160 cm",0,0,NA
"E2","V2A",16108,"160-200 cm",0,0,NA
"E2","V2A",16108,">200 cm",0,0,NA
"E2","V2A",16109,"<40 cm",0,0,NA
"E2","V2A",16109,"40-80 cm",0,0,NA
"E2","V2A",16109,"80-120 cm",0,0,NA
"E2","V2A",16109,"120-160 cm",0,0,NA
"E2","V2A",16109,"160-200 cm",0,0,NA
"E2","V2A",16109,">200 cm",0,0,NA
"E2","V2A",16110,"<40 cm",0,0,NA
"E2","V2A",16110,"40-80 cm",0,0,NA
"E2","V2A",16110,"80-120 cm",0,0,NA
"E2","V2A",16110,"120-160 cm",0,0,NA
"E2","V2A",16110,"160-200 cm",0,0,NA
"E2","V2A",16110,">200 cm",0,0,NA
"E2","V2A",17101,"<40 cm",92,125,0.736
"E2","V2A",17101,"40-80 cm",7,125,0.056
"E2","V2A",17101,"80-120 cm",1,125,0.008
"E2","V2A",17101,"120-160 cm",4,125,0.032
"E2","V2A",17101,"160-200 cm",6,125,0.048
"E2","V2A",17101,">200 cm",15,125,0.12
"E2","V2A",17102,"<40 cm",90,125,0.72
"E2","V2A",17102,"40-80 cm",2,125,0.016
"E2","V2A",17102,"80-120 cm",2,125,0.016
"E2","V2A",17102,"120-160 cm",2,125,0.016
"E2","V2A",17102,"160-200 cm",3,125,0.024
"E2","V2A",17102,">200 cm",26,125,0.208
"E2","V2A",17103,"<40 cm",91,125,0.728
"E2","V2A",17103,"40-80 cm",5,125,0.04
"E2","V2A",17103,"80-120 cm",2,125,0.016
"E2","V2A",17103,"120-160 cm",5,125,0.04
"E2","V2A",17103,"160-200 cm",4,125,0.032
"E2","V2A",17103,">200 cm",18,125,0.144
"E2","V2A",17104,"<40 cm",0,0,NA
"E2","V2A",17104,"40-80 cm",0,0,NA
"E2","V2A",17104,"80-120 cm",0,0,NA
"E2","V2A",17104,"120-160 cm",0,0,NA
"E2","V2A",17104,"160-200 cm",0,0,NA
"E2","V2A",17104,">200 cm",0,0,NA
"E2","V2A",17105,"<40 cm",0,0,NA
"E2","V2A",17105,"40-80 cm",0,0,NA
"E2","V2A",17105,"80-120 cm",0,0,NA
"E2","V2A",17105,"120-160 cm",0,0,NA
"E2","V2A",17105,"160-200 cm",0,0,NA
"E2","V2A",17105,">200 cm",0,0,NA
"E2","V2A",17106,"<40 cm",0,0,NA
"E2","V2A",17106,"40-80 cm",0,0,NA
"E2","V2A",17106,"80-120 cm",0,0,NA
"E2","V2A",17106,"120-160 cm",0,0,NA
"E2","V2A",17106,"160-200 cm",0,0,NA
"E2","V2A",17106,">200 cm",0,0,NA
"E2","V2A",17107,"<40 cm",0,0,NA
"E2","V2A",17107,"40-80 cm",0,0,NA
"E2","V2A",17107,"80-120 cm",0,0,NA
"E2","V2A",17107,"120-160 cm",0,0,NA
"E2","V2A",17107,"160-200 cm",0,0,NA
"E2","V2A",17107,">200 cm",0,0,NA
"E2","V2A",17108,"<40 cm",0,0,NA
"E2","V2A",17108,"40-80 cm",0,0,NA
"E2","V2A",17108,"80-120 cm",0,0,NA
"E2","V2A",17108,"120-160 cm",0,0,NA
"E2","V2A",17108,"160-200 cm",0,0,NA
"E2","V2A",17108,">200 cm",0,0,NA
"E2","V2A",17109,"<40 cm",0,0,NA
"E2","V2A",17109,"40-80 cm",0,0,NA
"E2","V2A",17109,"80-120 cm",0,0,NA
"E2","V2A",17109,"120-160 cm",0,0,NA
"E2","V2A",17109,"160-200 cm",0,0,NA
"E2","V2A",17109,">200 cm",0,0,NA
"E2","V2A",17110,"<40 cm",0,0,NA
"E2","V2A",17110,"40-80 cm",0,0,NA
"E2","V2A",17110,"80-120 cm",0,0,NA
"E2","V2A",17110,"120-160 cm",0,0,NA
"E2","V2A",17110,"160-200 cm",0,0,NA
"E2","V2A",17110,">200 cm",0,0,NA
"E2","V2A",18101,"<40 cm",96,125,0.768
"E2","V2A",18101,"40-80 cm",3,125,0.024
"E2","V2A",18101,"80-120 cm",1,125,0.008
"E2","V2A",18101,"120-160 cm",5,125,0.04
"E2","V2A",18101,"160-200 cm",2,125,0.016
"E2","V2A",18101,">200 cm",18,125,0.144
"E2","V2A",18102,"<40 cm",93,125,0.744
"E2","V2A",18102,"40-80 cm",0,125,0
"E2","V2A",18102,"80-120 cm",1,125,0.008
"E2","V2A",18102,"120-160 cm",3,125,0.024
"E2","V2A",18102,"160-200 cm",2,125,0.016
"E2","V2A",18102,">200 cm",26,125,0.208
"E2","V2A",18103,"<40 cm",93,125,0.744
"E2","V2A",18103,"40-80 cm",3,125,0.024
"E2","V2A",18103,"80-120 cm",2,125,0.016
"E2","V2A",18103,"120-160 cm",6,125,0.048
"E2","V2A",18103,"160-200 cm",4,125,0.032
"E2","V2A",18103,">200 cm",17,125,0.136
"E2","V2A",18104,"<40 cm",0,0,NA
"E2","V2A",18104,"40-80 cm",0,0,NA
"E2","V2A",18104,"80-120 cm",0,0,NA
"E2","V2A",18104,"120-160 cm",0,0,NA
"E2","V2A",18104,"160-200 cm",0,0,NA
"E2","V2A",18104,">200 cm",0,0,NA
"E2","V2A",18105,"<40 cm",0,0,NA
"E2","V2A",18105,"40-80 cm",0,0,NA
"E2","V2A",18105,"80-120 cm",0,0,NA
"E2","V2A",18105,"120-160 cm",0,0,NA
"E2","V2A",18105,"160-200 cm",0,0,NA
"E2","V2A",18105,">200 cm",0,0,NA
"E2","V2A",18106,"<40 cm",0,0,NA
"E2","V2A",18106,"40-80 cm",0,0,NA
"E2","V2A",18106,"80-120 cm",0,0,NA
"E2","V2A",18106,"120-160 cm",0,0,NA
"E2","V2A",18106,"160-200 cm",0,0,NA
"E2","V2A",18106,">200 cm",0,0,NA
"E2","V2A",18107,"<40 cm",0,0,NA
"E2","V2A",18107,"40-80 cm",0,0,NA
"E2","V2A",18107,"80-120 cm",0,0,NA
"E2","V2A",18107,"120-160 cm",0,0,NA
"E2","V2A",18107,"160-200 cm",0,0,NA
"E2","V2A",18107,">200 cm",0,0,NA
"E2","V2A",18108,"<40 cm",0,0,NA
"E2","V2A",18108,"40-80 cm",0,0,NA
"E2","V2A",18108,"80-120 cm",0,0,NA
"E2","V2A",18108,"120-160 cm",0,0,NA
"E2","V2A",18108,"160-200 cm",0,0,NA
"E2","V2A",18108,">200 cm",0,0,NA
"E2","V2A",18109,"<40 cm",0,0,NA
"E2","V2A",18109,"40-80 cm",0,0,NA
"E2","V2A",18109,"80-120 cm",0,0,NA
"E2","V2A",18109,"120-160 cm",0,0,NA
"E2","V2A",18109,"160-200 cm",0,0,NA
"E2","V2A",18109,">200 cm",0,0,NA
"E2","V2A",18110,"<40 cm",0,0,NA
"E2","V2A",18110,"40-80 cm",0,0,NA
"E2","V2A",18110,"80-120 cm",0,0,NA
"E2","V2A",18110,"120-160 cm",0,0,NA
"E2","V2A",18110,"160-200 cm",0,0,NA
"E2","V2A",18110,">200 cm",0,0,NA
"E2","V2A",19101,"<40 cm",92,125,0.736
"E2","V2A",19101,"40-80 cm",3,125,0.024
"E2","V2A",19101,"80-120 cm",3,125,0.024
"E2","V2A",19101,"120-160 cm",6,125,0.048
"E2","V2A",19101,"160-200 cm",5,125,0.04
"E2","V2A",19101,">200 cm",16,125,0.128
"E2","V2A",19102,"<40 cm",87,125,0.696
"E2","V2A",19102,"40-80 cm",2,125,0.016
"E2","V2A",19102,"80-120 cm",5,125,0.04
"E2","V2A",19102,"120-160 cm",4,125,0.032
"E2","V2A",19102,"160-200 cm",7,125,0.056
"E2","V2A",19102,">200 cm",20,125,0.16
"E2","V2A",19103,"<40 cm",84,125,0.672
"E2","V2A",19103,"40-80 cm",7,125,0.056
"E2","V2A",19103,"80-120 cm",6,125,0.048
"E2","V2A",19103,"120-160 cm",9,125,0.072
"E2","V2A",19103,"160-200 cm",5,125,0.04
"E2","V2A",19103,">200 cm",14,125,0.112
"E2","V2A",19104,"<40 cm",0,0,NA
"E2","V2A",19104,"40-80 cm",0,0,NA
"E2","V2A",19104,"80-120 cm",0,0,NA
"E2","V2A",19104,"120-160 cm",0,0,NA
"E2","V2A",19104,"160-200 cm",0,0,NA
"E2","V2A",19104,">200 cm",0,0,NA
"E2","V2A",19105,"<40 cm",0,0,NA
"E2","V2A",19105,"40-80 cm",0,0,NA
"E2","V2A",19105,"80-120 cm",0,0,NA
"E2","V2A",19105,"120-160 cm",0,0,NA
"E2","V2A",19105,"160-200 cm",0,0,NA
"E2","V2A",19105,">200 cm",0,0,NA
"E2","V2A",19106,"<40 cm",0,0,NA
"E2","V2A",19106,"40-80 cm",0,0,NA
"E2","V2A",19106,"80-120 cm",0,0,NA
"E2","V2A",19106,"120-160 cm",0,0,NA
"E2","V2A",19106,"160-200 cm",0,0,NA
"E2","V2A",19106,">200 cm",0,0,NA
"E2","V2A",19107,"<40 cm",0,0,NA
"E2","V2A",19107,"40-80 cm",0,0,NA
"E2","V2A",19107,"80-120 cm",0,0,NA
"E2","V2A",19107,"120-160 cm",0,0,NA
"E2","V2A",19107,"160-200 cm",0,0,NA
"E2","V2A",19107,">200 cm",0,0,NA
"E2","V2A",19108,"<40 cm",0,0,NA
"E2","V2A",19108,"40-80 cm",0,0,NA
"E2","V2A",19108,"80-120 cm",0,0,NA
"E2","V2A",19108,"120-160 cm",0,0,NA
"E2","V2A",19108,"160-200 cm",0,0,NA
"E2","V2A",19108,">200 cm",0,0,NA
"E2","V2A",19109,"<40 cm",0,0,NA
"E2","V2A",19109,"40-80 cm",0,0,NA
"E2","V2A",19109,"80-120 cm",0,0,NA
"E2","V2A",19109,"120-160 cm",0,0,NA
"E2","V2A",19109,"160-200 cm",0,0,NA
"E2","V2A",19109,">200 cm",0,0,NA
"E2","V2A",19110,"<40 cm",0,0,NA
"E2","V2A",19110,"40-80 cm",0,0,NA
"E2","V2A",19110,"80-120 cm",0,0,NA
"E2","V2A",19110,"120-160 cm",0,0,NA
"E2","V2A",19110,"160-200 cm",0,0,NA
"E2","V2A",19110,">200 cm",0,0,NA
"E2","V2A",20101,"<40 cm",94,125,0.752
"E2","V2A",20101,"40-80 cm",3,125,0.024
"E2","V2A",20101,"80-120 cm",1,125,0.008
"E2","V2A",20101,"120-160 cm",5,125,0.04
"E2","V2A",20101,"160-200 cm",2,125,0.016
"E2","V2A",20101,">200 cm",20,125,0.16
"E2","V2A",20102,"<40 cm",91,125,0.728
"E2","V2A",20102,"40-80 cm",0,125,0
"E2","V2A",20102,"80-120 cm",1,125,0.008
"E2","V2A",20102,"120-160 cm",3,125,0.024
"E2","V2A",20102,"160-200 cm",2,125,0.016
"E2","V2A",20102,">200 cm",28,125,0.224
"E2","V2A",20103,"<40 cm",92,125,0.736
"E2","V2A",20103,"40-80 cm",2,125,0.016
"E2","V2A",20103,"80-120 cm",2,125,0.016
"E2","V2A",20103,"120-160 cm",6,125,0.048
"E2","V2A",20103,"160-200 cm",4,125,0.032
"E2","V2A",20103,">200 cm",19,125,0.152
"E2","V2A",20104,"<40 cm",0,0,NA
"E2","V2A",20104,"40-80 cm",0,0,NA
"E2","V2A",20104,"80-120 cm",0,0,NA
"E2","V2A",20104,"120-160 cm",0,0,NA
"E2","V2A",20104,"160-200 cm",0,0,NA
"E2","V2A",20104,">200 cm",0,0,NA
"E2","V2A",20105,"<40 cm",0,0,NA
"E2","V2A",20105,"40-80 cm",0,0,NA
"E2","V2A",20105,"80-120 cm",0,0,NA
"E2","V2A",20105,"120-160 cm",0,0,NA
"E2","V2A",20105,"160-200 cm",0,0,NA
"E2","V2A",20105,">200 cm",0,0,NA
"E2","V2A",20106,"<40 cm",0,0,NA
"E2","V2A",20106,"40-80 cm",0,0,NA
"E2","V2A",20106,"80-120 cm",0,0,NA
"E2","V2A",20106,"120-160 cm",0,0,NA
"E2","V2A",20106,"160-200 cm",0,0,NA
"E2","V2A",20106,">200 cm",0,0,NA
"E2","V2A",20107,"<40 cm",0,0,NA
"E2","V2A",20107,"40-80 cm",0,0,NA
"E2","V2A",20107,"80-120 cm",0,0,NA
"E2","V2A",20107,"120-160 cm",0,0,NA
"E2","V2A",20107,"160-200 cm",0,0,NA
"E2","V2A",20107,">200 cm",0,0,NA
"E2","V2A",20108,"<40 cm",0,0,NA
"E2","V2A",20108,"40-80 cm",0,0,NA
"E2","V2A",20108,"80-120 cm",0,0,NA
"E2","V2A",20108,"120-160 cm",0,0,NA
"E2","V2A",20108,"160-200 cm",0,0,NA
"E2","V2A",20108,">200 cm",0,0,NA
"E2","V2A",20109,"<40 cm",0,0,NA
"E2","V2A",20109,"40-80 cm",0,0,NA
"E2","V2A",20109,"80-120 cm",0,0,NA
"E2","V2A",20109,"120-160 cm",0,0,NA
"E2","V2A",20109,"160-200 cm",0,0,NA
"E2","V2A",20109,">200 cm",0,0,NA
"E2","V2A",20110,"<40 cm",0,0,NA
"E2","V2A",20110,"40-80 cm",0,0,NA
"E2","V2A",20110,"80-120 cm",0,0,NA
"E2","V2A",20110,"120-160 cm",0,0,NA
"E2","V2A",20110,"160-200 cm",0,0,NA
"E2","V2A",20110,">200 cm",0,0,NA
"E2","V2A",21101,"<40 cm",91,125,0.728
"E2","V2A",21101,"40-80 cm",8,125,0.064
"E2","V2A",21101,"80-120 cm",1,125,0.008
"E2","V2A",21101,"120-160 cm",5,125,0.04
"E2","V2A",21101,"160-200 cm",3,125,0.024
"E2","V2A",21101,">200 cm",17,125,0.136
"E2","V2A",21102,"<40 cm",89,125,0.712
"E2","V2A",21102,"40-80 cm",4,125,0.032
"E2","V2A",21102,"80-120 cm",1,125,0.008
"E2","V2A",21102,"120-160 cm",3,125,0.024
"E2","V2A",21102,"160-200 cm",2,125,0.016
"E2","V2A",21102,">200 cm",26,125,0.208
"E2","V2A",21103,"<40 cm",90,125,0.72
"E2","V2A",21103,"40-80 cm",6,125,0.048
"E2","V2A",21103,"80-120 cm",2,125,0.016
"E2","V2A",21103,"120-160 cm",6,125,0.048
"E2","V2A",21103,"160-200 cm",4,125,0.032
"E2","V2A",21103,">200 cm",17,125,0.136
"E2","V2A",21104,"<40 cm",0,0,NA
"E2","V2A",21104,"40-80 cm",0,0,NA
"E2","V2A",21104,"80-120 cm",0,0,NA
"E2","V2A",21104,"120-160 cm",0,0,NA
"E2","V2A",21104,"160-200 cm",0,0,NA
"E2","V2A",21104,">200 cm",0,0,NA
"E2","V2A",21105,"<40 cm",0,0,NA
"E2","V2A",21105,"40-80 cm",0,0,NA
"E2","V2A",21105,"80-120 cm",0,0,NA
"E2","V2A",21105,"120-160 cm",0,0,NA
"E2","V2A",21105,"160-200 cm",0,0,NA
"E2","V2A",21105,">200 cm",0,0,NA
"E2","V2A",21106,"<40 cm",0,0,NA
"E2","V2A",21106,"40-80 cm",0,0,NA
"E2","V2A",21106,"80-120 cm",0,0,NA
"E2","V2A",21106,"120-160 cm",0,0,NA
"E2","V2A",21106,"160-200 cm",0,0,NA
"E2","V2A",21106,">200 cm",0,0,NA
"E2","V2A",21107,"<40 cm",0,0,NA
"E2","V2A",21107,"40-80 cm",0,0,NA
"E2","V2A",21107,"80-120 cm",0,0,NA
"E2","V2A",21107,"120-160 cm",0,0,NA
"E2","V2A",21107,"160-200 cm",0,0,NA
"E2","V2A",21107,">200 cm",0,0,NA
"E2","V2A",21108,"<40 cm",0,0,NA
"E2","V2A",21108,"40-80 cm",0,0,NA
"E2","V2A",21108,"80-120 cm",0,0,NA
"E2","V2A",21108,"120-160 cm",0,0,NA
"E2","V2A",21108,"160-200 cm",0,0,NA
"E2","V2A",21108,">200 cm",0,0,NA
"E2","V2A",21109,"<40 cm",0,0,NA
"E2","V2A",21109,"40-80 cm",0,0,NA
"E2","V2A",21109,"80-120 cm",0,0,NA
"E2","V2A",21109,"120-160 cm",0,0,NA
"E2","V2A",21109,"160-200 cm",0,0,NA
"E2","V2A",21109,">200 cm",0,0,NA
"E2","V2A",21110,"<40 cm",0,0,NA
"E2","V2A",21110,"40-80 cm",0,0,NA
"E2","V2A",21110,"80-120 cm",0,0,NA
"E2","V2A",21110,"120-160 cm",0,0,NA
"E2","V2A",21110,"160-200 cm",0,0,NA
"E2","V2A",21110,">200 cm",0,0,NA
"E2","V2A",22101,"<40 cm",96,125,0.768
"E2","V2A",22101,"40-80 cm",6,125,0.048
"E2","V2A",22101,"80-120 cm",2,125,0.016
"E2","V2A",22101,"120-160 cm",3,125,0.024
"E2","V2A",22101,"160-200 cm",3,125,0.024
"E2","V2A",22101,">200 cm",15,125,0.12
"E2","V2A",22102,"<40 cm",87,125,0.696
"E2","V2A",22102,"40-80 cm",4,125,0.032
"E2","V2A",22102,"80-120 cm",1,125,0.008
"E2","V2A",22102,"120-160 cm",2,125,0.016
"E2","V2A",22102,"160-200 cm",4,125,0.032
"E2","V2A",22102,">200 cm",27,125,0.216
"E2","V2A",22103,"<40 cm",91,125,0.728
"E2","V2A",22103,"40-80 cm",4,125,0.032
"E2","V2A",22103,"80-120 cm",3,125,0.024
"E2","V2A",22103,"120-160 cm",5,125,0.04
"E2","V2A",22103,"160-200 cm",4,125,0.032
"E2","V2A",22103,">200 cm",18,125,0.144
"E2","V2A",22104,"<40 cm",0,0,NA
"E2","V2A",22104,"40-80 cm",0,0,NA
"E2","V2A",22104,"80-120 cm",0,0,NA
"E2","V2A",22104,"120-160 cm",0,0,NA
"E2","V2A",22104,"160-200 cm",0,0,NA
"E2","V2A",22104,">200 cm",0,0,NA
"E2","V2A",22105,"<40 cm",0,0,NA
"E2","V2A",22105,"40-80 cm",0,0,NA
"E2","V2A",22105,"80-120 cm",0,0,NA
"E2","V2A",22105,"120-160 cm",0,0,NA
"E2","V2A",22105,"160-200 cm",0,0,NA
"E2","V2A",22105,">200 cm",0,0,NA
"E2","V2A",22106,"<40 cm",0,0,NA
"E2","V2A",22106,"40-80 cm",0,0,NA
"E2","V2A",22106,"80-120 cm",0,0,NA
"E2","V2A",22106,"120-160 cm",0,0,NA
"E2","V2A",22106,"160-200 cm",0,0,NA
"E2","V2A",22106,">200 cm",0,0,NA
"E2","V2A",22107,"<40 cm",0,0,NA
"E2","V2A",22107,"40-80 cm",0,0,NA
"E2","V2A",22107,"80-120 cm",0,0,NA
"E2","V2A",22107,"120-160 cm",0,0,NA
"E2","V2A",22107,"160-200 cm",0,0,NA
"E2","V2A",22107,">200 cm",0,0,NA
"E2","V2A",22108,"<40 cm",0,0,NA
"E2","V2A",22108,"40-80 cm",0,0,NA
"E2","V2A",22108,"80-120 cm",0,0,NA
"E2","V2A",22108,"120-160 cm",0,0,NA
"E2","V2A",22108,"160-200 cm",0,0,NA
"E2","V2A",22108,">200 cm",0,0,NA
"E2","V2A",22109,"<40 cm",0,0,NA
"E2","V2A",22109,"40-80 cm",0,0,NA
"E2","V2A",22109,"80-120 cm",0,0,NA
"E2","V2A",22109,"120-160 cm",0,0,NA
"E2","V2A",22109,"160-200 cm",0,0,NA
"E2","V2A",22109,">200 cm",0,0,NA
"E2","V2A",22110,"<40 cm",0,0,NA
"E2","V2A",22110,"40-80 cm",0,0,NA
"E2","V2A",22110,"80-120 cm",0,0,NA
"E2","V2A",22110,"120-160 cm",0,0,NA
"E2","V2A",22110,"160-200 cm",0,0,NA
"E2","V2A",22110,">200 cm",0,0,NA
"E2","V2A",23101,"<40 cm",95,125,0.76
"E2","V2A",23101,"40-80 cm",3,125,0.024
"E2","V2A",23101,"80-120 cm",1,125,0.008
"E2","V2A",23101,"120-160 cm",5,125,0.04
"E2","V2A",23101,"160-200 cm",4,125,0.032
"E2","V2A",23101,">200 cm",17,125,0.136
"E2","V2A",23102,"<40 cm",92,125,0.736
"E2","V2A",23102,"40-80 cm",0,125,0
"E2","V2A",23102,"80-120 cm",1,125,0.008
"E2","V2A",23102,"120-160 cm",4,125,0.032
"E2","V2A",23102,"160-200 cm",2,125,0.016
"E2","V2A",23102,">200 cm",26,125,0.208
"E2","V2A",23103,"<40 cm",90,125,0.72
"E2","V2A",23103,"40-80 cm",6,125,0.048
"E2","V2A",23103,"80-120 cm",2,125,0.016
"E2","V2A",23103,"120-160 cm",5,125,0.04
"E2","V2A",23103,"160-200 cm",4,125,0.032
"E2","V2A",23103,">200 cm",18,125,0.144
"E2","V2A",23104,"<40 cm",0,0,NA
"E2","V2A",23104,"40-80 cm",0,0,NA
"E2","V2A",23104,"80-120 cm",0,0,NA
"E2","V2A",23104,"120-160 cm",0,0,NA
"E2","V2A",23104,"160-200 cm",0,0,NA
"E2","V2A",23104,">200 cm",0,0,NA
"E2","V2A",23105,"<40 cm",0,0,NA
"E2","V2A",23105,"40-80 cm",0,0,NA
"E2","V2A",23105,"80-120 cm",0,0,NA
"E2","V2A",23105,"120-160 cm",0,0,NA
"E2","V2A",23105,"160-200 cm",0,0,NA
"E2","V2A",23105,">200 cm",0,0,NA
"E2","V2A",23106,"<40 cm",0,0,NA
"E2","V2A",23106,"40-80 cm",0,0,NA
"E2","V2A",23106,"80-120 cm",0,0,NA
"E2","V2A",23106,"120-160 cm",0,0,NA
"E2","V2A",23106,"160-200 cm",0,0,NA
"E2","V2A",23106,">200 cm",0,0,NA
"E2","V2A",23107,"<40 cm",0,0,NA
"E2","V2A",23107,"40-80 cm",0,0,NA
"E2","V2A",23107,"80-120 cm",0,0,NA
"E2","V2A",23107,"120-160 cm",0,0,NA
"E2","V2A",23107,"160-200 cm",0,0,NA
"E2","V2A",23107,">200 cm",0,0,NA
"E2","V2A",23108,"<40 cm",0,0,NA
"E2","V2A",23108,"40-80 cm",0,0,NA
"E2","V2A",23108,"80-120 cm",0,0,NA
"E2","V2A",23108,"120-160 cm",0,0,NA
"E2","V2A",23108,"160-200 cm",0,0,NA
"E2","V2A",23108,">200 cm",0,0,NA
"E2","V2A",23109,"<40 cm",0,0,NA
"E2","V2A",23109,"40-80 cm",0,0,NA
"E2","V2A",23109,"80-120 cm",0,0,NA
"E2","V2A",23109,"120-160 cm",0,0,NA
"E2","V2A",23109,"160-200 cm",0,0,NA
"E2","V2A",23109,">200 cm",0,0,NA
"E2","V2A",23110,"<40 cm",0,0,NA
"E2","V2A",23110,"40-80 cm",0,0,NA
"E2","V2A",23110,"80-120 cm",0,0,NA
"E2","V2A",23110,"120-160 cm",0,0,NA
"E2","V2A",23110,"160-200 cm",0,0,NA
"E2","V2A",23110,">200 cm",0,0,NA
"E2","V2A",24101,"<40 cm",92,125,0.736
"E2","V2A",24101,"40-80 cm",8,125,0.064
"E2","V2A",24101,"80-120 cm",1,125,0.008
"E2","V2A",24101,"120-160 cm",4,125,0.032
"E2","V2A",24101,"160-200 cm",5,125,0.04
"E2","V2A",24101,">200 cm",15,125,0.12
"E2","V2A",24102,"<40 cm",89,125,0.712
"E2","V2A",24102,"40-80 cm",4,125,0.032
"E2","V2A",24102,"80-120 cm",2,125,0.016
"E2","V2A",24102,"120-160 cm",3,125,0.024
"E2","V2A",24102,"160-200 cm",3,125,0.024
"E2","V2A",24102,">200 cm",24,125,0.192
"E2","V2A",24103,"<40 cm",89,125,0.712
"E2","V2A",24103,"40-80 cm",8,125,0.064
"E2","V2A",24103,"80-120 cm",2,125,0.016
"E2","V2A",24103,"120-160 cm",6,125,0.048
"E2","V2A",24103,"160-200 cm",5,125,0.04
"E2","V2A",24103,">200 cm",15,125,0.12
"E2","V2A",24104,"<40 cm",0,0,NA
"E2","V2A",24104,"40-80 cm",0,0,NA
"E2","V2A",24104,"80-120 cm",0,0,NA
"E2","V2A",24104,"120-160 cm",0,0,NA
"E2","V2A",24104,"160-200 cm",0,0,NA
"E2","V2A",24104,">200 cm",0,0,NA
"E2","V2A",24105,"<40 cm",0,0,NA
"E2","V2A",24105,"40-80 cm",0,0,NA
"E2","V2A",24105,"80-120 cm",0,0,NA
"E2","V2A",24105,"120-160 cm",0,0,NA
"E2","V2A",24105,"160-200 cm",0,0,NA
"E2","V2A",24105,">200 cm",0,0,NA
"E2","V2A",24106,"<40 cm",0,0,NA
"E2","V2A",24106,"40-80 cm",0,0,NA
"E2","V2A",24106,"80-120 cm",0,0,NA
"E2","V2A",24106,"120-160 cm",0,0,NA
"E2","V2A",24106,"160-200 cm",0,0,NA
"E2","V2A",24106,">200 cm",0,0,NA
"E2","V2A",24107,"<40 cm",0,0,NA
"E2","V2A",24107,"40-80 cm",0,0,NA
"E2","V2A",24107,"80-120 cm",0,0,NA
"E2","V2A",24107,"120-160 cm",0,0,NA
"E2","V2A",24107,"160-200 cm",0,0,NA
"E2","V2A",24107,">200 cm",0,0,NA
"E2","V2A",24108,"<40 cm",0,0,NA
"E2","V2A",24108,"40-80 cm",0,0,NA
"E2","V2A",24108,"80-120 cm",0,0,NA
"E2","V2A",24108,"120-160 cm",0,0,NA
"E2","V2A",24108,"160-200 cm",0,0,NA
"E2","V2A",24108,">200 cm",0,0,NA
"E2","V2A",24109,"<40 cm",0,0,NA
"E2","V2A",24109,"40-80 cm",0,0,NA
"E2","V2A",24109,"80-120 cm",0,0,NA
"E2","V2A",24109,"120-160 cm",0,0,NA
"E2","V2A",24109,"160-200 cm",0,0,NA
"E2","V2A",24109,">200 cm",0,0,NA
"E2","V2A",24110,"<40 cm",0,0,NA
"E2","V2A",24110,"40-80 cm",0,0,NA
"E2","V2A",24110,"80-120 cm",0,0,NA
"E2","V2A",24110,"120-160 cm",0,0,NA
"E2","V2A",24110,"160-200 cm",0,0,NA
"E2","V2A",24110,">200 cm",0,0,NA
"E2","V2A",25101,"<40 cm",94,125,0.752
"E2","V2A",25101,"40-80 cm",5,125,0.04
"E2","V2A",25101,"80-120 cm",2,125,0.016
"E2","V2A",25101,"120-160 cm",4,125,0.032
"E2","V2A",25101,"160-200 cm",3,125,0.024
"E2","V2A",25101,">200 cm",17,125,0.136
"E2","V2A",25102,"<40 cm",92,125,0.736
"E2","V2A",25102,"40-80 cm",1,125,0.008
"E2","V2A",25102,"80-120 cm",1,125,0.008
"E2","V2A",25102,"120-160 cm",3,125,0.024
"E2","V2A",25102,"160-200 cm",2,125,0.016
"E2","V2A",25102,">200 cm",26,125,0.208
"E2","V2A",25103,"<40 cm",91,125,0.728
"E2","V2A",25103,"40-80 cm",4,125,0.032
"E2","V2A",25103,"80-120 cm",2,125,0.016
"E2","V2A",25103,"120-160 cm",8,125,0.064
"E2","V2A",25103,"160-200 cm",3,125,0.024
"E2","V2A",25103,">200 cm",17,125,0.136
"E2","V2A",25104,"<40 cm",0,0,NA
"E2","V2A",25104,"40-80 cm",0,0,NA
"E2","V2A",25104,"80-120 cm",0,0,NA
"E2","V2A",25104,"120-160 cm",0,0,NA
"E2","V2A",25104,"160-200 cm",0,0,NA
"E2","V2A",25104,">200 cm",0,0,NA
"E2","V2A",25105,"<40 cm",0,0,NA
"E2","V2A",25105,"40-80 cm",0,0,NA
"E2","V2A",25105,"80-120 cm",0,0,NA
"E2","V2A",25105,"120-160 cm",0,0,NA
"E2","V2A",25105,"160-200 cm",0,0,NA
"E2","V2A",25105,">200 cm",0,0,NA
"E2","V2A",25106,"<40 cm",0,0,NA
"E2","V2A",25106,"40-80 cm",0,0,NA
"E2","V2A",25106,"80-120 cm",0,0,NA
"E2","V2A",25106,"120-160 cm",0,0,NA
"E2","V2A",25106,"160-200 cm",0,0,NA
"E2","V2A",25106,">200 cm",0,0,NA
"E2","V2A",25107,"<40 cm",0,0,NA
"E2","V2A",25107,"40-80 cm",0,0,NA
"E2","V2A",25107,"80-120 cm",0,0,NA
"E2","V2A",25107,"120-160 cm",0,0,NA
"E2","V2A",25107,"160-200 cm",0,0,NA
"E2","V2A",25107,">200 cm",0,0,NA
"E2","V2A",25108,"<40 cm",0,0,NA
"E2","V2A",25108,"40-80 cm",0,0,NA
"E2","V2A",25108,"80-120 cm",0,0,NA
"E2","V2A",25108,"120-160 cm",0,0,NA
"E2","V2A",25108,"160-200 cm",0,0,NA
"E2","V2A",25108,">200 cm",0,0,NA
"E2","V2A",25109,"<40 cm",0,0,NA
"E2","V2A",25109,"40-80 cm",0,0,NA
"E2","V2A",25109,"80-120 cm",0,0,NA
"E2","V2A",25109,"120-160 cm",0,0,NA
"E2","V2A",25109,"160-200 cm",0,0,NA
"E2","V2A",25109,">200 cm",0,0,NA
"E2","V2A",25110,"<40 cm",0,0,NA
"E2","V2A",25110,"40-80 cm",0,0,NA
"E2","V2A",25110,"80-120 cm",0,0,NA
"E2","V2A",25110,"120-160 cm",0,0,NA
"E2","V2A",25110,"160-200 cm",0,0,NA
"E2","V2A",25110,">200 cm",0,0,NA
"E2","V2A",26101,"<40 cm",91,125,0.728
"E2","V2A",26101,"40-80 cm",6,125,0.048
"E2","V2A",26101,"80-120 cm",2,125,0.016
"E2","V2A",26101,"120-160 cm",5,125,0.04
"E2","V2A",26101,"160-200 cm",1,125,0.008
"E2","V2A",26101,">200 cm",20,125,0.16
"E2","V2A",26102,"<40 cm",90,125,0.72
"E2","V2A",26102,"40-80 cm",2,125,0.016
"E2","V2A",26102,"80-120 cm",0,125,0
"E2","V2A",26102,"120-160 cm",2,125,0.016
"E2","V2A",26102,"160-200 cm",4,125,0.032
"E2","V2A",26102,">200 cm",27,125,0.216
"E2","V2A",26103,"<40 cm",78,125,0.624
"E2","V2A",26103,"40-80 cm",16,125,0.128
"E2","V2A",26103,"80-120 cm",2,125,0.016
"E2","V2A",26103,"120-160 cm",9,125,0.072
"E2","V2A",26103,"160-200 cm",2,125,0.016
"E2","V2A",26103,">200 cm",18,125,0.144
"E2","V2A",26104,"<40 cm",0,0,NA
"E2","V2A",26104,"40-80 cm",0,0,NA
"E2","V2A",26104,"80-120 cm",0,0,NA
"E2","V2A",26104,"120-160 cm",0,0,NA
"E2","V2A",26104,"160-200 cm",0,0,NA
"E2","V2A",26104,">200 cm",0,0,NA
"E2","V2A",26105,"<40 cm",0,0,NA
"E2","V2A",26105,"40-80 cm",0,0,NA
"E2","V2A",26105,"80-120 cm",0,0,NA
"E2","V2A",26105,"120-160 cm",0,0,NA
"E2","V2A",26105,"160-200 cm",0,0,NA
"E2","V2A",26105,">200 cm",0,0,NA
"E2","V2A",26106,"<40 cm",0,0,NA
"E2","V2A",26106,"40-80 cm",0,0,NA
"E2","V2A",26106,"80-120 cm",0,0,NA
"E2","V2A",26106,"120-160 cm",0,0,NA
"E2","V2A",26106,"160-200 cm",0,0,NA
"E2","V2A",26106,">200 cm",0,0,NA
"E2","V2A",26107,"<40 cm",0,0,NA
"E2","V2A",26107,"40-80 cm",0,0,NA
"E2","V2A",26107,"80-120 cm",0,0,NA
"E2","V2A",26107,"120-160 cm",0,0,NA
"E2","V2A",26107,"160-200 cm",0,0,NA
"E2","V2A",26107,">200 cm",0,0,NA
"E2","V2A",26108,"<40 cm",0,0,NA
"E2","V2A",26108,"40-80 cm",0,0,NA
"E2","V2A",26108,"80-120 cm",0,0,NA
"E2","V2A",26108,"120-160 cm",0,0,NA
"E2","V2A",26108,"160-200 cm",0,0,NA
"E2","V2A",26108,">200 cm",0,0,NA
"E2","V2A",26109,"<40 cm",0,0,NA
"E2","V2A",26109,"40-80 cm",0,0,NA
"E2","V2A",26109,"80-120 cm",0,0,NA
"E2","V2A",26109,"120-160 cm",0,0,NA
"E2","V2A",26109,"160-200 cm",0,0,NA
"E2","V2A",26109,">200 cm",0,0,NA
"E2","V2A",26110,"<40 cm",0,0,NA
"E2","V2A",26110,"40-80 cm",0,0,NA
"E2","V2A",26110,"80-120 cm",0,0,NA
"E2","V2A",26110,"120-160 cm",0,0,NA
"E2","V2A",26110,"160-200 cm",0,0,NA
"E2","V2A",26110,">200 cm",0,0,NA
"E2","V2A",27101,"<40 cm",91,125,0.728
"E2","V2A",27101,"40-80 cm",4,125,0.032
"E2","V2A",27101,"80-120 cm",4,125,0.032
"E2","V2A",27101,"120-160 cm",5,125,0.04
"E2","V2A",27101,"160-200 cm",2,125,0.016
"E2","V2A",27101,">200 cm",19,125,0.152
"E2","V2A",27102,"<40 cm",91,125,0.728
"E2","V2A",27102,"40-80 cm",0,125,0
"E2","V2A",27102,"80-120 cm",3,125,0.024
"E2","V2A",27102,"120-160 cm",1,125,0.008
"E2","V2A",27102,"160-200 cm",3,125,0.024
"E2","V2A",27102,">200 cm",27,125,0.216
"E2","V2A",27103,"<40 cm",89,125,0.712
"E2","V2A",27103,"40-80 cm",4,125,0.032
"E2","V2A",27103,"80-120 cm",3,125,0.024
"E2","V2A",27103,"120-160 cm",5,125,0.04
"E2","V2A",27103,"160-200 cm",5,125,0.04
"E2","V2A",27103,">200 cm",19,125,0.152
"E2","V2A",27104,"<40 cm",0,0,NA
"E2","V2A",27104,"40-80 cm",0,0,NA
"E2","V2A",27104,"80-120 cm",0,0,NA
"E2","V2A",27104,"120-160 cm",0,0,NA
"E2","V2A",27104,"160-200 cm",0,0,NA
"E2","V2A",27104,">200 cm",0,0,NA
"E2","V2A",27105,"<40 cm",0,0,NA
"E2","V2A",27105,"40-80 cm",0,0,NA
"E2","V2A",27105,"80-120 cm",0,0,NA
"E2","V2A",27105,"120-160 cm",0,0,NA
"E2","V2A",27105,"160-200 cm",0,0,NA
"E2","V2A",27105,">200 cm",0,0,NA
"E2","V2A",27106,"<40 cm",0,0,NA
"E2","V2A",27106,"40-80 cm",0,0,NA
"E2","V2A",27106,"80-120 cm",0,0,NA
"E2","V2A",27106,"120-160 cm",0,0,NA
"E2","V2A",27106,"160-200 cm",0,0,NA
"E2","V2A",27106,">200 cm",0,0,NA
"E2","V2A",27107,"<40 cm",0,0,NA
"E2","V2A",27107,"40-80 cm",0,0,NA
"E2","V2A",27107,"80-120 cm",0,0,NA
"E2","V2A",27107,"120-160 cm",0,0,NA
"E2","V2A",27107,"160-200 cm",0,0,NA
"E2","V2A",27107,">200 cm",0,0,NA
"E2","V2A",27108,"<40 cm",0,0,NA
"E2","V2A",27108,"40-80 cm",0,0,NA
"E2","V2A",27108,"80-120 cm",0,0,NA
"E2","V2A",27108,"120-160 cm",0,0,NA
"E2","V2A",27108,"160-200 cm",0,0,NA
"E2","V2A",27108,">200 cm",0,0,NA
"E2","V2A",27109,"<40 cm",0,0,NA
"E2","V2A",27109,"40-80 cm",0,0,NA
"E2","V2A",27109,"80-120 cm",0,0,NA
"E2","V2A",27109,"120-160 cm",0,0,NA
"E2","V2A",27109,"160-200 cm",0,0,NA
"E2","V2A",27109,">200 cm",0,0,NA
"E2","V2A",27110,"<40 cm",0,0,NA
"E2","V2A",27110,"40-80 cm",0,0,NA
"E2","V2A",27110,"80-120 cm",0,0,NA
"E2","V2A",27110,"120-160 cm",0,0,NA
"E2","V2A",27110,"160-200 cm",0,0,NA
"E2","V2A",27110,">200 cm",0,0,NA
"E2","V2A",28101,"<40 cm",95,125,0.76
"E2","V2A",28101,"40-80 cm",6,125,0.048
"E2","V2A",28101,"80-120 cm",1,125,0.008
"E2","V2A",28101,"120-160 cm",3,125,0.024
"E2","V2A",28101,"160-200 cm",1,125,0.008
"E2","V2A",28101,">200 cm",19,125,0.152
"E2","V2A",28102,"<40 cm",88,125,0.704
"E2","V2A",28102,"40-80 cm",3,125,0.024
"E2","V2A",28102,"80-120 cm",1,125,0.008
"E2","V2A",28102,"120-160 cm",2,125,0.016
"E2","V2A",28102,"160-200 cm",3,125,0.024
"E2","V2A",28102,">200 cm",28,125,0.224
"E2","V2A",28103,"<40 cm",90,125,0.72
"E2","V2A",28103,"40-80 cm",5,125,0.04
"E2","V2A",28103,"80-120 cm",3,125,0.024
"E2","V2A",28103,"120-160 cm",6,125,0.048
"E2","V2A",28103,"160-200 cm",4,125,0.032
"E2","V2A",28103,">200 cm",17,125,0.136
"E2","V2A",28104,"<40 cm",0,0,NA
"E2","V2A",28104,"40-80 cm",0,0,NA
"E2","V2A",28104,"80-120 cm",0,0,NA
"E2","V2A",28104,"120-160 cm",0,0,NA
"E2","V2A",28104,"160-200 cm",0,0,NA
"E2","V2A",28104,">200 cm",0,0,NA
"E2","V2A",28105,"<40 cm",0,0,NA
"E2","V2A",28105,"40-80 cm",0,0,NA
"E2","V2A",28105,"80-120 cm",0,0,NA
"E2","V2A",28105,"120-160 cm",0,0,NA
"E2","V2A",28105,"160-200 cm",0,0,NA
"E2","V2A",28105,">200 cm",0,0,NA
"E2","V2A",28106,"<40 cm",0,0,NA
"E2","V2A",28106,"40-80 cm",0,0,NA
"E2","V2A",28106,"80-120 cm",0,0,NA
"E2","V2A",28106,"120-160 cm",0,0,NA
"E2","V2A",28106,"160-200 cm",0,0,NA
"E2","V2A",28106,">200 cm",0,0,NA
"E2","V2A",28107,"<40 cm",0,0,NA
"E2","V2A",28107,"40-80 cm",0,0,NA
"E2","V2A",28107,"80-120 cm",0,0,NA
"E2","V2A",28107,"120-160 cm",0,0,NA
"E2","V2A",28107,"160-200 cm",0,0,NA
"E2","V2A",28107,">200 cm",0,0,NA
"E2","V2A",28108,"<40 cm",0,0,NA
"E2","V2A",28108,"40-80 cm",0,0,NA
"E2","V2A",28108,"80-120 cm",0,0,NA
"E2","V2A",28108,"120-160 cm",0,0,NA
"E2","V2A",28108,"160-200 cm",0,0,NA
"E2","V2A",28108,">200 cm",0,0,NA
"E2","V2A",28109,"<40 cm",0,0,NA
"E2","V2A",28109,"40-80 cm",0,0,NA
"E2","V2A",28109,"80-120 cm",0,0,NA
"E2","V2A",28109,"120-160 cm",0,0,NA
"E2","V2A",28109,"160-200 cm",0,0,NA
"E2","V2A",28109,">200 cm",0,0,NA
"E2","V2A",28110,"<40 cm",0,0,NA
"E2","V2A",28110,"40-80 cm",0,0,NA
"E2","V2A",28110,"80-120 cm",0,0,NA
"E2","V2A",28110,"120-160 cm",0,0,NA
"E2","V2A",28110,"160-200 cm",0,0,NA
"E2","V2A",28110,">200 cm",0,0,NA
"E2","V2A",29101,"<40 cm",92,125,0.736
"E2","V2A",29101,"40-80 cm",3,125,0.024
"E2","V2A",29101,"80-120 cm",1,125,0.008
"E2","V2A",29101,"120-160 cm",5,125,0.04
"E2","V2A",29101,"160-200 cm",1,125,0.008
"E2","V2A",29101,">200 cm",23,125,0.184
"E2","V2A",29102,"<40 cm",89,125,0.712
"E2","V2A",29102,"40-80 cm",0,125,0
"E2","V2A",29102,"80-120 cm",1,125,0.008
"E2","V2A",29102,"120-160 cm",2,125,0.016
"E2","V2A",29102,"160-200 cm",3,125,0.024
"E2","V2A",29102,">200 cm",30,125,0.24
"E2","V2A",29103,"<40 cm",90,125,0.72
"E2","V2A",29103,"40-80 cm",2,125,0.016
"E2","V2A",29103,"80-120 cm",2,125,0.016
"E2","V2A",29103,"120-160 cm",6,125,0.048
"E2","V2A",29103,"160-200 cm",4,125,0.032
"E2","V2A",29103,">200 cm",21,125,0.168
"E2","V2A",29104,"<40 cm",0,0,NA
"E2","V2A",29104,"40-80 cm",0,0,NA
"E2","V2A",29104,"80-120 cm",0,0,NA
"E2","V2A",29104,"120-160 cm",0,0,NA
"E2","V2A",29104,"160-200 cm",0,0,NA
"E2","V2A",29104,">200 cm",0,0,NA
"E2","V2A",29105,"<40 cm",0,0,NA
"E2","V2A",29105,"40-80 cm",0,0,NA
"E2","V2A",29105,"80-120 cm",0,0,NA
"E2","V2A",29105,"120-160 cm",0,0,NA
"E2","V2A",29105,"160-200 cm",0,0,NA
"E2","V2A",29105,">200 cm",0,0,NA
"E2","V2A",29106,"<40 cm",0,0,NA
"E2","V2A",29106,"40-80 cm",0,0,NA
"E2","V2A",29106,"80-120 cm",0,0,NA
"E2","V2A",29106,"120-160 cm",0,0,NA
"E2","V2A",29106,"160-200 cm",0,0,NA
"E2","V2A",29106,">200 cm",0,0,NA
"E2","V2A",29107,"<40 cm",0,0,NA
"E2","V2A",29107,"40-80 cm",0,0,NA
"E2","V2A",29107,"80-120 cm",0,0,NA
"E2","V2A",29107,"120-160 cm",0,0,NA
"E2","V2A",29107,"160-200 cm",0,0,NA
"E2","V2A",29107,">200 cm",0,0,NA
"E2","V2A",29108,"<40 cm",0,0,NA
"E2","V2A",29108,"40-80 cm",0,0,NA
"E2","V2A",29108,"80-120 cm",0,0,NA
"E2","V2A",29108,"120-160 cm",0,0,NA
"E2","V2A",29108,"160-200 cm",0,0,NA
"E2","V2A",29108,">200 cm",0,0,NA
"E2","V2A",29109,"<40 cm",0,0,NA
"E2","V2A",29109,"40-80 cm",0,0,NA
"E2","V2A",29109,"80-120 cm",0,0,NA
"E2","V2A",29109,"120-160 cm",0,0,NA
"E2","V2A",29109,"160-200 cm",0,0,NA
"E2","V2A",29109,">200 cm",0,0,NA
"E2","V2A",29110,"<40 cm",0,0,NA
"E2","V2A",29110,"40-80 cm",0,0,NA
"E2","V2A",29110,"80-120 cm",0,0,NA
"E2","V2A",29110,"120-160 cm",0,0,NA
"E2","V2A",29110,"160-200 cm",0,0,NA
"E2","V2A",29110,">200 cm",0,0,NA
"E2","V2A",30101,"<40 cm",99,125,0.792
"E2","V2A",30101,"40-80 cm",5,125,0.04
"E2","V2A",30101,"80-120 cm",2,125,0.016
"E2","V2A",30101,"120-160 cm",3,125,0.024
"E2","V2A",30101,"160-200 cm",5,125,0.04
"E2","V2A",30101,">200 cm",11,125,0.088
"E2","V2A",30102,"<40 cm",98,125,0.784
"E2","V2A",30102,"40-80 cm",3,125,0.024
"E2","V2A",30102,"80-120 cm",1,125,0.008
"E2","V2A",30102,"120-160 cm",2,125,0.016
"E2","V2A",30102,"160-200 cm",6,125,0.048
"E2","V2A",30102,">200 cm",15,125,0.12
"E2","V2A",30103,"<40 cm",97,125,0.776
"E2","V2A",30103,"40-80 cm",7,125,0.056
"E2","V2A",30103,"80-120 cm",3,125,0.024
"E2","V2A",30103,"120-160 cm",3,125,0.024
"E2","V2A",30103,"160-200 cm",3,125,0.024
"E2","V2A",30103,">200 cm",12,125,0.096
"E2","V2A",30104,"<40 cm",0,0,NA
"E2","V2A",30104,"40-80 cm",0,0,NA
"E2","V2A",30104,"80-120 cm",0,0,NA
"E2","V2A",30104,"120-160 cm",0,0,NA
"E2","V2A",30104,"160-200 cm",0,0,NA
"E2","V2A",30104,">200 cm",0,0,NA
"E2","V2A",30105,"<40 cm",0,0,NA
"E2","V2A",30105,"40-80 cm",0,0,NA
"E2","V2A",30105,"80-120 cm",0,0,NA
"E2","V2A",30105,"120-160 cm",0,0,NA
"E2","V2A",30105,"160-200 cm",0,0,NA
"E2","V2A",30105,">200 cm",0,0,NA
"E2","V2A",30106,"<40 cm",0,0,NA
"E2","V2A",30106,"40-80 cm",0,0,NA
"E2","V2A",30106,"80-120 cm",0,0,NA
"E2","V2A",30106,"120-160 cm",0,0,NA
"E2","V2A",30106,"160-200 cm",0,0,NA
"E2","V2A",30106,">200 cm",0,0,NA
"E2","V2A",30107,"<40 cm",0,0,NA
"E2","V2A",30107,"40-80 cm",0,0,NA
"E2","V2A",30107,"80-120 cm",0,0,NA
"E2","V2A",30107,"120-160 cm",0,0,NA
"E2","V2A",30107,"160-200 cm",0,0,NA
"E2","V2A",30107,">200 cm",0,0,NA
"E2","V2A",30108,"<40 cm",0,0,NA
"E2","V2A",30108,"40-80 cm",0,0,NA
"E2","V2A",30108,"80-120 cm",0,0,NA
"E2","V2A",30108,"120-160 cm",0,0,NA
"E2","V2A",30108,"160-200 cm",0,0,NA
"E2","V2A",30108,">200 cm",0,0,NA
"E2","V2A",30109,"<40 cm",0,0,NA
"E2","V2A",30109,"40-80 cm",0,0,NA
"E2","V2A",30109,"80-120 cm",0,0,NA
"E2","V2A",30109,"120-160 cm",0,0,NA
"E2","V2A",30109,"160-200 cm",0,0,NA
"E2","V2A",30109,">200 cm",0,0,NA
"E2","V2A",30110,"<40 cm",0,0,NA
"E2","V2A",30110,"40-80 cm",0,0,NA
"E2","V2A",30110,"80-120 cm",0,0,NA
"E2","V2A",30110,"120-160 cm",0,0,NA
"E2","V2A",30110,"160-200 cm",0,0,NA
"E2","V2A",30110,">200 cm",0,0,NA
"E2","V2B",1101,"<40 cm",93,125,0.744
"E2","V2B",1101,"40-80 cm",5,125,0.04
"E2","V2B",1101,"80-120 cm",1,125,0.008
"E2","V2B",1101,"120-160 cm",4,125,0.032
"E2","V2B",1101,"160-200 cm",2,125,0.016
"E2","V2B",1101,">200 cm",20,125,0.16
"E2","V2B",1102,"<40 cm",90,125,0.72
"E2","V2B",1102,"40-80 cm",1,125,0.008
"E2","V2B",1102,"80-120 cm",1,125,0.008
"E2","V2B",1102,"120-160 cm",3,125,0.024
"E2","V2B",1102,"160-200 cm",2,125,0.016
"E2","V2B",1102,">200 cm",28,125,0.224
"E2","V2B",1103,"<40 cm",92,125,0.736
"E2","V2B",1103,"40-80 cm",3,125,0.024
"E2","V2B",1103,"80-120 cm",2,125,0.016
"E2","V2B",1103,"120-160 cm",6,125,0.048
"E2","V2B",1103,"160-200 cm",5,125,0.04
"E2","V2B",1103,">200 cm",17,125,0.136
"E2","V2B",1104,"<40 cm",0,0,NA
"E2","V2B",1104,"40-80 cm",0,0,NA
"E2","V2B",1104,"80-120 cm",0,0,NA
"E2","V2B",1104,"120-160 cm",0,0,NA
"E2","V2B",1104,"160-200 cm",0,0,NA
"E2","V2B",1104,">200 cm",0,0,NA
"E2","V2B",1105,"<40 cm",0,0,NA
"E2","V2B",1105,"40-80 cm",0,0,NA
"E2","V2B",1105,"80-120 cm",0,0,NA
"E2","V2B",1105,"120-160 cm",0,0,NA
"E2","V2B",1105,"160-200 cm",0,0,NA
"E2","V2B",1105,">200 cm",0,0,NA
"E2","V2B",1106,"<40 cm",0,0,NA
"E2","V2B",1106,"40-80 cm",0,0,NA
"E2","V2B",1106,"80-120 cm",0,0,NA
"E2","V2B",1106,"120-160 cm",0,0,NA
"E2","V2B",1106,"160-200 cm",0,0,NA
"E2","V2B",1106,">200 cm",0,0,NA
"E2","V2B",1107,"<40 cm",0,0,NA
"E2","V2B",1107,"40-80 cm",0,0,NA
"E2","V2B",1107,"80-120 cm",0,0,NA
"E2","V2B",1107,"120-160 cm",0,0,NA
"E2","V2B",1107,"160-200 cm",0,0,NA
"E2","V2B",1107,">200 cm",0,0,NA
"E2","V2B",1108,"<40 cm",0,0,NA
"E2","V2B",1108,"40-80 cm",0,0,NA
"E2","V2B",1108,"80-120 cm",0,0,NA
"E2","V2B",1108,"120-160 cm",0,0,NA
"E2","V2B",1108,"160-200 cm",0,0,NA
"E2","V2B",1108,">200 cm",0,0,NA
"E2","V2B",1109,"<40 cm",0,0,NA
"E2","V2B",1109,"40-80 cm",0,0,NA
"E2","V2B",1109,"80-120 cm",0,0,NA
"E2","V2B",1109,"120-160 cm",0,0,NA
"E2","V2B",1109,"160-200 cm",0,0,NA
"E2","V2B",1109,">200 cm",0,0,NA
"E2","V2B",1110,"<40 cm",0,0,NA
"E2","V2B",1110,"40-80 cm",0,0,NA
"E2","V2B",1110,"80-120 cm",0,0,NA
"E2","V2B",1110,"120-160 cm",0,0,NA
"E2","V2B",1110,"160-200 cm",0,0,NA
"E2","V2B",1110,">200 cm",0,0,NA
"E2","V2B",2101,"<40 cm",101,125,0.808
"E2","V2B",2101,"40-80 cm",5,125,0.04
"E2","V2B",2101,"80-120 cm",0,125,0
"E2","V2B",2101,"120-160 cm",4,125,0.032
"E2","V2B",2101,"160-200 cm",5,125,0.04
"E2","V2B",2101,">200 cm",10,125,0.08
"E2","V2B",2102,"<40 cm",94,125,0.752
"E2","V2B",2102,"40-80 cm",0,125,0
"E2","V2B",2102,"80-120 cm",3,125,0.024
"E2","V2B",2102,"120-160 cm",4,125,0.032
"E2","V2B",2102,"160-200 cm",5,125,0.04
"E2","V2B",2102,">200 cm",19,125,0.152
"E2","V2B",2103,"<40 cm",98,125,0.784
"E2","V2B",2103,"40-80 cm",2,125,0.016
"E2","V2B",2103,"80-120 cm",3,125,0.024
"E2","V2B",2103,"120-160 cm",7,125,0.056
"E2","V2B",2103,"160-200 cm",2,125,0.016
"E2","V2B",2103,">200 cm",13,125,0.104
"E2","V2B",2104,"<40 cm",0,0,NA
"E2","V2B",2104,"40-80 cm",0,0,NA
"E2","V2B",2104,"80-120 cm",0,0,NA
"E2","V2B",2104,"120-160 cm",0,0,NA
"E2","V2B",2104,"160-200 cm",0,0,NA
"E2","V2B",2104,">200 cm",0,0,NA
"E2","V2B",2105,"<40 cm",0,0,NA
"E2","V2B",2105,"40-80 cm",0,0,NA
"E2","V2B",2105,"80-120 cm",0,0,NA
"E2","V2B",2105,"120-160 cm",0,0,NA
"E2","V2B",2105,"160-200 cm",0,0,NA
"E2","V2B",2105,">200 cm",0,0,NA
"E2","V2B",2106,"<40 cm",0,0,NA
"E2","V2B",2106,"40-80 cm",0,0,NA
"E2","V2B",2106,"80-120 cm",0,0,NA
"E2","V2B",2106,"120-160 cm",0,0,NA
"E2","V2B",2106,"160-200 cm",0,0,NA
"E2","V2B",2106,">200 cm",0,0,NA
"E2","V2B",2107,"<40 cm",0,0,NA
"E2","V2B",2107,"40-80 cm",0,0,NA
"E2","V2B",2107,"80-120 cm",0,0,NA
"E2","V2B",2107,"120-160 cm",0,0,NA
"E2","V2B",2107,"160-200 cm",0,0,NA
"E2","V2B",2107,">200 cm",0,0,NA
"E2","V2B",2108,"<40 cm",0,0,NA
"E2","V2B",2108,"40-80 cm",0,0,NA
"E2","V2B",2108,"80-120 cm",0,0,NA
"E2","V2B",2108,"120-160 cm",0,0,NA
"E2","V2B",2108,"160-200 cm",0,0,NA
"E2","V2B",2108,">200 cm",0,0,NA
"E2","V2B",2109,"<40 cm",0,0,NA
"E2","V2B",2109,"40-80 cm",0,0,NA
"E2","V2B",2109,"80-120 cm",0,0,NA
"E2","V2B",2109,"120-160 cm",0,0,NA
"E2","V2B",2109,"160-200 cm",0,0,NA
"E2","V2B",2109,">200 cm",0,0,NA
"E2","V2B",2110,"<40 cm",0,0,NA
"E2","V2B",2110,"40-80 cm",0,0,NA
"E2","V2B",2110,"80-120 cm",0,0,NA
"E2","V2B",2110,"120-160 cm",0,0,NA
"E2","V2B",2110,"160-200 cm",0,0,NA
"E2","V2B",2110,">200 cm",0,0,NA
"E2","V2B",3101,"<40 cm",96,125,0.768
"E2","V2B",3101,"40-80 cm",3,125,0.024
"E2","V2B",3101,"80-120 cm",2,125,0.016
"E2","V2B",3101,"120-160 cm",4,125,0.032
"E2","V2B",3101,"160-200 cm",2,125,0.016
"E2","V2B",3101,">200 cm",18,125,0.144
"E2","V2B",3102,"<40 cm",92,125,0.736
"E2","V2B",3102,"40-80 cm",1,125,0.008
"E2","V2B",3102,"80-120 cm",2,125,0.016
"E2","V2B",3102,"120-160 cm",2,125,0.016
"E2","V2B",3102,"160-200 cm",3,125,0.024
"E2","V2B",3102,">200 cm",25,125,0.2
"E2","V2B",3103,"<40 cm",92,125,0.736
"E2","V2B",3103,"40-80 cm",3,125,0.024
"E2","V2B",3103,"80-120 cm",2,125,0.016
"E2","V2B",3103,"120-160 cm",6,125,0.048
"E2","V2B",3103,"160-200 cm",4,125,0.032
"E2","V2B",3103,">200 cm",18,125,0.144
"E2","V2B",3104,"<40 cm",0,0,NA
"E2","V2B",3104,"40-80 cm",0,0,NA
"E2","V2B",3104,"80-120 cm",0,0,NA
"E2","V2B",3104,"120-160 cm",0,0,NA
"E2","V2B",3104,"160-200 cm",0,0,NA
"E2","V2B",3104,">200 cm",0,0,NA
"E2","V2B",3105,"<40 cm",0,0,NA
"E2","V2B",3105,"40-80 cm",0,0,NA
"E2","V2B",3105,"80-120 cm",0,0,NA
"E2","V2B",3105,"120-160 cm",0,0,NA
"E2","V2B",3105,"160-200 cm",0,0,NA
"E2","V2B",3105,">200 cm",0,0,NA
"E2","V2B",3106,"<40 cm",0,0,NA
"E2","V2B",3106,"40-80 cm",0,0,NA
"E2","V2B",3106,"80-120 cm",0,0,NA
"E2","V2B",3106,"120-160 cm",0,0,NA
"E2","V2B",3106,"160-200 cm",0,0,NA
"E2","V2B",3106,">200 cm",0,0,NA
"E2","V2B",3107,"<40 cm",0,0,NA
"E2","V2B",3107,"40-80 cm",0,0,NA
"E2","V2B",3107,"80-120 cm",0,0,NA
"E2","V2B",3107,"120-160 cm",0,0,NA
"E2","V2B",3107,"160-200 cm",0,0,NA
"E2","V2B",3107,">200 cm",0,0,NA
"E2","V2B",3108,"<40 cm",0,0,NA
"E2","V2B",3108,"40-80 cm",0,0,NA
"E2","V2B",3108,"80-120 cm",0,0,NA
"E2","V2B",3108,"120-160 cm",0,0,NA
"E2","V2B",3108,"160-200 cm",0,0,NA
"E2","V2B",3108,">200 cm",0,0,NA
"E2","V2B",3109,"<40 cm",0,0,NA
"E2","V2B",3109,"40-80 cm",0,0,NA
"E2","V2B",3109,"80-120 cm",0,0,NA
"E2","V2B",3109,"120-160 cm",0,0,NA
"E2","V2B",3109,"160-200 cm",0,0,NA
"E2","V2B",3109,">200 cm",0,0,NA
"E2","V2B",3110,"<40 cm",0,0,NA
"E2","V2B",3110,"40-80 cm",0,0,NA
"E2","V2B",3110,"80-120 cm",0,0,NA
"E2","V2B",3110,"120-160 cm",0,0,NA
"E2","V2B",3110,"160-200 cm",0,0,NA
"E2","V2B",3110,">200 cm",0,0,NA
"E2","V2B",4101,"<40 cm",95,125,0.76
"E2","V2B",4101,"40-80 cm",4,125,0.032
"E2","V2B",4101,"80-120 cm",1,125,0.008
"E2","V2B",4101,"120-160 cm",6,125,0.048
"E2","V2B",4101,"160-200 cm",5,125,0.04
"E2","V2B",4101,">200 cm",14,125,0.112
"E2","V2B",4102,"<40 cm",92,125,0.736
"E2","V2B",4102,"40-80 cm",2,125,0.016
"E2","V2B",4102,"80-120 cm",0,125,0
"E2","V2B",4102,"120-160 cm",4,125,0.032
"E2","V2B",4102,"160-200 cm",5,125,0.04
"E2","V2B",4102,">200 cm",22,125,0.176
"E2","V2B",4103,"<40 cm",93,125,0.744
"E2","V2B",4103,"40-80 cm",5,125,0.04
"E2","V2B",4103,"80-120 cm",1,125,0.008
"E2","V2B",4103,"120-160 cm",7,125,0.056
"E2","V2B",4103,"160-200 cm",5,125,0.04
"E2","V2B",4103,">200 cm",14,125,0.112
"E2","V2B",4104,"<40 cm",0,0,NA
"E2","V2B",4104,"40-80 cm",0,0,NA
"E2","V2B",4104,"80-120 cm",0,0,NA
"E2","V2B",4104,"120-160 cm",0,0,NA
"E2","V2B",4104,"160-200 cm",0,0,NA
"E2","V2B",4104,">200 cm",0,0,NA
"E2","V2B",4105,"<40 cm",0,0,NA
"E2","V2B",4105,"40-80 cm",0,0,NA
"E2","V2B",4105,"80-120 cm",0,0,NA
"E2","V2B",4105,"120-160 cm",0,0,NA
"E2","V2B",4105,"160-200 cm",0,0,NA
"E2","V2B",4105,">200 cm",0,0,NA
"E2","V2B",4106,"<40 cm",0,0,NA
"E2","V2B",4106,"40-80 cm",0,0,NA
"E2","V2B",4106,"80-120 cm",0,0,NA
"E2","V2B",4106,"120-160 cm",0,0,NA
"E2","V2B",4106,"160-200 cm",0,0,NA
"E2","V2B",4106,">200 cm",0,0,NA
"E2","V2B",4107,"<40 cm",0,0,NA
"E2","V2B",4107,"40-80 cm",0,0,NA
"E2","V2B",4107,"80-120 cm",0,0,NA
"E2","V2B",4107,"120-160 cm",0,0,NA
"E2","V2B",4107,"160-200 cm",0,0,NA
"E2","V2B",4107,">200 cm",0,0,NA
"E2","V2B",4108,"<40 cm",0,0,NA
"E2","V2B",4108,"40-80 cm",0,0,NA
"E2","V2B",4108,"80-120 cm",0,0,NA
"E2","V2B",4108,"120-160 cm",0,0,NA
"E2","V2B",4108,"160-200 cm",0,0,NA
"E2","V2B",4108,">200 cm",0,0,NA
"E2","V2B",4109,"<40 cm",0,0,NA
"E2","V2B",4109,"40-80 cm",0,0,NA
"E2","V2B",4109,"80-120 cm",0,0,NA
"E2","V2B",4109,"120-160 cm",0,0,NA
"E2","V2B",4109,"160-200 cm",0,0,NA
"E2","V2B",4109,">200 cm",0,0,NA
"E2","V2B",4110,"<40 cm",0,0,NA
"E2","V2B",4110,"40-80 cm",0,0,NA
"E2","V2B",4110,"80-120 cm",0,0,NA
"E2","V2B",4110,"120-160 cm",0,0,NA
"E2","V2B",4110,"160-200 cm",0,0,NA
"E2","V2B",4110,">200 cm",0,0,NA
"E2","V2B",5101,"<40 cm",96,125,0.768
"E2","V2B",5101,"40-80 cm",4,125,0.032
"E2","V2B",5101,"80-120 cm",1,125,0.008
"E2","V2B",5101,"120-160 cm",5,125,0.04
"E2","V2B",5101,"160-200 cm",3,125,0.024
"E2","V2B",5101,">200 cm",16,125,0.128
"E2","V2B",5102,"<40 cm",93,125,0.744
"E2","V2B",5102,"40-80 cm",4,125,0.032
"E2","V2B",5102,"80-120 cm",3,125,0.024
"E2","V2B",5102,"120-160 cm",2,125,0.016
"E2","V2B",5102,"160-200 cm",3,125,0.024
"E2","V2B",5102,">200 cm",20,125,0.16
"E2","V2B",5103,"<40 cm",91,125,0.728
"E2","V2B",5103,"40-80 cm",4,125,0.032
"E2","V2B",5103,"80-120 cm",4,125,0.032
"E2","V2B",5103,"120-160 cm",6,125,0.048
"E2","V2B",5103,"160-200 cm",6,125,0.048
"E2","V2B",5103,">200 cm",14,125,0.112
"E2","V2B",5104,"<40 cm",0,0,NA
"E2","V2B",5104,"40-80 cm",0,0,NA
"E2","V2B",5104,"80-120 cm",0,0,NA
"E2","V2B",5104,"120-160 cm",0,0,NA
"E2","V2B",5104,"160-200 cm",0,0,NA
"E2","V2B",5104,">200 cm",0,0,NA
"E2","V2B",5105,"<40 cm",0,0,NA
"E2","V2B",5105,"40-80 cm",0,0,NA
"E2","V2B",5105,"80-120 cm",0,0,NA
"E2","V2B",5105,"120-160 cm",0,0,NA
"E2","V2B",5105,"160-200 cm",0,0,NA
"E2","V2B",5105,">200 cm",0,0,NA
"E2","V2B",5106,"<40 cm",0,0,NA
"E2","V2B",5106,"40-80 cm",0,0,NA
"E2","V2B",5106,"80-120 cm",0,0,NA
"E2","V2B",5106,"120-160 cm",0,0,NA
"E2","V2B",5106,"160-200 cm",0,0,NA
"E2","V2B",5106,">200 cm",0,0,NA
"E2","V2B",5107,"<40 cm",0,0,NA
"E2","V2B",5107,"40-80 cm",0,0,NA
"E2","V2B",5107,"80-120 cm",0,0,NA
"E2","V2B",5107,"120-160 cm",0,0,NA
"E2","V2B",5107,"160-200 cm",0,0,NA
"E2","V2B",5107,">200 cm",0,0,NA
"E2","V2B",5108,"<40 cm",0,0,NA
"E2","V2B",5108,"40-80 cm",0,0,NA
"E2","V2B",5108,"80-120 cm",0,0,NA
"E2","V2B",5108,"120-160 cm",0,0,NA
"E2","V2B",5108,"160-200 cm",0,0,NA
"E2","V2B",5108,">200 cm",0,0,NA
"E2","V2B",5109,"<40 cm",0,0,NA
"E2","V2B",5109,"40-80 cm",0,0,NA
"E2","V2B",5109,"80-120 cm",0,0,NA
"E2","V2B",5109,"120-160 cm",0,0,NA
"E2","V2B",5109,"160-200 cm",0,0,NA
"E2","V2B",5109,">200 cm",0,0,NA
"E2","V2B",5110,"<40 cm",0,0,NA
"E2","V2B",5110,"40-80 cm",0,0,NA
"E2","V2B",5110,"80-120 cm",0,0,NA
"E2","V2B",5110,"120-160 cm",0,0,NA
"E2","V2B",5110,"160-200 cm",0,0,NA
"E2","V2B",5110,">200 cm",0,0,NA
"E2","V2B",6101,"<40 cm",96,125,0.768
"E2","V2B",6101,"40-80 cm",2,125,0.016
"E2","V2B",6101,"80-120 cm",2,125,0.016
"E2","V2B",6101,"120-160 cm",4,125,0.032
"E2","V2B",6101,"160-200 cm",1,125,0.008
"E2","V2B",6101,">200 cm",20,125,0.16
"E2","V2B",6102,"<40 cm",92,125,0.736
"E2","V2B",6102,"40-80 cm",1,125,0.008
"E2","V2B",6102,"80-120 cm",0,125,0
"E2","V2B",6102,"120-160 cm",3,125,0.024
"E2","V2B",6102,"160-200 cm",5,125,0.04
"E2","V2B",6102,">200 cm",24,125,0.192
"E2","V2B",6103,"<40 cm",95,125,0.76
"E2","V2B",6103,"40-80 cm",4,125,0.032
"E2","V2B",6103,"80-120 cm",1,125,0.008
"E2","V2B",6103,"120-160 cm",6,125,0.048
"E2","V2B",6103,"160-200 cm",7,125,0.056
"E2","V2B",6103,">200 cm",12,125,0.096
"E2","V2B",6104,"<40 cm",0,0,NA
"E2","V2B",6104,"40-80 cm",0,0,NA
"E2","V2B",6104,"80-120 cm",0,0,NA
"E2","V2B",6104,"120-160 cm",0,0,NA
"E2","V2B",6104,"160-200 cm",0,0,NA
"E2","V2B",6104,">200 cm",0,0,NA
"E2","V2B",6105,"<40 cm",0,0,NA
"E2","V2B",6105,"40-80 cm",0,0,NA
"E2","V2B",6105,"80-120 cm",0,0,NA
"E2","V2B",6105,"120-160 cm",0,0,NA
"E2","V2B",6105,"160-200 cm",0,0,NA
"E2","V2B",6105,">200 cm",0,0,NA
"E2","V2B",6106,"<40 cm",0,0,NA
"E2","V2B",6106,"40-80 cm",0,0,NA
"E2","V2B",6106,"80-120 cm",0,0,NA
"E2","V2B",6106,"120-160 cm",0,0,NA
"E2","V2B",6106,"160-200 cm",0,0,NA
"E2","V2B",6106,">200 cm",0,0,NA
"E2","V2B",6107,"<40 cm",0,0,NA
"E2","V2B",6107,"40-80 cm",0,0,NA
"E2","V2B",6107,"80-120 cm",0,0,NA
"E2","V2B",6107,"120-160 cm",0,0,NA
"E2","V2B",6107,"160-200 cm",0,0,NA
"E2","V2B",6107,">200 cm",0,0,NA
"E2","V2B",6108,"<40 cm",0,0,NA
"E2","V2B",6108,"40-80 cm",0,0,NA
"E2","V2B",6108,"80-120 cm",0,0,NA
"E2","V2B",6108,"120-160 cm",0,0,NA
"E2","V2B",6108,"160-200 cm",0,0,NA
"E2","V2B",6108,">200 cm",0,0,NA
"E2","V2B",6109,"<40 cm",0,0,NA
"E2","V2B",6109,"40-80 cm",0,0,NA
"E2","V2B",6109,"80-120 cm",0,0,NA
"E2","V2B",6109,"120-160 cm",0,0,NA
"E2","V2B",6109,"160-200 cm",0,0,NA
"E2","V2B",6109,">200 cm",0,0,NA
"E2","V2B",6110,"<40 cm",0,0,NA
"E2","V2B",6110,"40-80 cm",0,0,NA
"E2","V2B",6110,"80-120 cm",0,0,NA
"E2","V2B",6110,"120-160 cm",0,0,NA
"E2","V2B",6110,"160-200 cm",0,0,NA
"E2","V2B",6110,">200 cm",0,0,NA
"E2","V2B",7101,"<40 cm",96,125,0.768
"E2","V2B",7101,"40-80 cm",3,125,0.024
"E2","V2B",7101,"80-120 cm",1,125,0.008
"E2","V2B",7101,"120-160 cm",4,125,0.032
"E2","V2B",7101,"160-200 cm",3,125,0.024
"E2","V2B",7101,">200 cm",18,125,0.144
"E2","V2B",7102,"<40 cm",93,125,0.744
"E2","V2B",7102,"40-80 cm",0,125,0
"E2","V2B",7102,"80-120 cm",1,125,0.008
"E2","V2B",7102,"120-160 cm",4,125,0.032
"E2","V2B",7102,"160-200 cm",2,125,0.016
"E2","V2B",7102,">200 cm",25,125,0.2
"E2","V2B",7103,"<40 cm",91,125,0.728
"E2","V2B",7103,"40-80 cm",4,125,0.032
"E2","V2B",7103,"80-120 cm",2,125,0.016
"E2","V2B",7103,"120-160 cm",6,125,0.048
"E2","V2B",7103,"160-200 cm",4,125,0.032
"E2","V2B",7103,">200 cm",18,125,0.144
"E2","V2B",7104,"<40 cm",0,0,NA
"E2","V2B",7104,"40-80 cm",0,0,NA
"E2","V2B",7104,"80-120 cm",0,0,NA
"E2","V2B",7104,"120-160 cm",0,0,NA
"E2","V2B",7104,"160-200 cm",0,0,NA
"E2","V2B",7104,">200 cm",0,0,NA
"E2","V2B",7105,"<40 cm",0,0,NA
"E2","V2B",7105,"40-80 cm",0,0,NA
"E2","V2B",7105,"80-120 cm",0,0,NA
"E2","V2B",7105,"120-160 cm",0,0,NA
"E2","V2B",7105,"160-200 cm",0,0,NA
"E2","V2B",7105,">200 cm",0,0,NA
"E2","V2B",7106,"<40 cm",0,0,NA
"E2","V2B",7106,"40-80 cm",0,0,NA
"E2","V2B",7106,"80-120 cm",0,0,NA
"E2","V2B",7106,"120-160 cm",0,0,NA
"E2","V2B",7106,"160-200 cm",0,0,NA
"E2","V2B",7106,">200 cm",0,0,NA
"E2","V2B",7107,"<40 cm",0,0,NA
"E2","V2B",7107,"40-80 cm",0,0,NA
"E2","V2B",7107,"80-120 cm",0,0,NA
"E2","V2B",7107,"120-160 cm",0,0,NA
"E2","V2B",7107,"160-200 cm",0,0,NA
"E2","V2B",7107,">200 cm",0,0,NA
"E2","V2B",7108,"<40 cm",0,0,NA
"E2","V2B",7108,"40-80 cm",0,0,NA
"E2","V2B",7108,"80-120 cm",0,0,NA
"E2","V2B",7108,"120-160 cm",0,0,NA
"E2","V2B",7108,"160-200 cm",0,0,NA
"E2","V2B",7108,">200 cm",0,0,NA
"E2","V2B",7109,"<40 cm",0,0,NA
"E2","V2B",7109,"40-80 cm",0,0,NA
"E2","V2B",7109,"80-120 cm",0,0,NA
"E2","V2B",7109,"120-160 cm",0,0,NA
"E2","V2B",7109,"160-200 cm",0,0,NA
"E2","V2B",7109,">200 cm",0,0,NA
"E2","V2B",7110,"<40 cm",0,0,NA
"E2","V2B",7110,"40-80 cm",0,0,NA
"E2","V2B",7110,"80-120 cm",0,0,NA
"E2","V2B",7110,"120-160 cm",0,0,NA
"E2","V2B",7110,"160-200 cm",0,0,NA
"E2","V2B",7110,">200 cm",0,0,NA
"E2","V2B",8101,"<40 cm",93,125,0.744
"E2","V2B",8101,"40-80 cm",7,125,0.056
"E2","V2B",8101,"80-120 cm",1,125,0.008
"E2","V2B",8101,"120-160 cm",4,125,0.032
"E2","V2B",8101,"160-200 cm",2,125,0.016
"E2","V2B",8101,">200 cm",18,125,0.144
"E2","V2B",8102,"<40 cm",88,125,0.704
"E2","V2B",8102,"40-80 cm",5,125,0.04
"E2","V2B",8102,"80-120 cm",1,125,0.008
"E2","V2B",8102,"120-160 cm",4,125,0.032
"E2","V2B",8102,"160-200 cm",3,125,0.024
"E2","V2B",8102,">200 cm",24,125,0.192
"E2","V2B",8103,"<40 cm",84,125,0.672
"E2","V2B",8103,"40-80 cm",9,125,0.072
"E2","V2B",8103,"80-120 cm",3,125,0.024
"E2","V2B",8103,"120-160 cm",6,125,0.048
"E2","V2B",8103,"160-200 cm",5,125,0.04
"E2","V2B",8103,">200 cm",18,125,0.144
"E2","V2B",8104,"<40 cm",0,0,NA
"E2","V2B",8104,"40-80 cm",0,0,NA
"E2","V2B",8104,"80-120 cm",0,0,NA
"E2","V2B",8104,"120-160 cm",0,0,NA
"E2","V2B",8104,"160-200 cm",0,0,NA
"E2","V2B",8104,">200 cm",0,0,NA
"E2","V2B",8105,"<40 cm",0,0,NA
"E2","V2B",8105,"40-80 cm",0,0,NA
"E2","V2B",8105,"80-120 cm",0,0,NA
"E2","V2B",8105,"120-160 cm",0,0,NA
"E2","V2B",8105,"160-200 cm",0,0,NA
"E2","V2B",8105,">200 cm",0,0,NA
"E2","V2B",8106,"<40 cm",0,0,NA
"E2","V2B",8106,"40-80 cm",0,0,NA
"E2","V2B",8106,"80-120 cm",0,0,NA
"E2","V2B",8106,"120-160 cm",0,0,NA
"E2","V2B",8106,"160-200 cm",0,0,NA
"E2","V2B",8106,">200 cm",0,0,NA
"E2","V2B",8107,"<40 cm",0,0,NA
"E2","V2B",8107,"40-80 cm",0,0,NA
"E2","V2B",8107,"80-120 cm",0,0,NA
"E2","V2B",8107,"120-160 cm",0,0,NA
"E2","V2B",8107,"160-200 cm",0,0,NA
"E2","V2B",8107,">200 cm",0,0,NA
"E2","V2B",8108,"<40 cm",0,0,NA
"E2","V2B",8108,"40-80 cm",0,0,NA
"E2","V2B",8108,"80-120 cm",0,0,NA
"E2","V2B",8108,"120-160 cm",0,0,NA
"E2","V2B",8108,"160-200 cm",0,0,NA
"E2","V2B",8108,">200 cm",0,0,NA
"E2","V2B",8109,"<40 cm",0,0,NA
"E2","V2B",8109,"40-80 cm",0,0,NA
"E2","V2B",8109,"80-120 cm",0,0,NA
"E2","V2B",8109,"120-160 cm",0,0,NA
"E2","V2B",8109,"160-200 cm",0,0,NA
"E2","V2B",8109,">200 cm",0,0,NA
"E2","V2B",8110,"<40 cm",0,0,NA
"E2","V2B",8110,"40-80 cm",0,0,NA
"E2","V2B",8110,"80-120 cm",0,0,NA
"E2","V2B",8110,"120-160 cm",0,0,NA
"E2","V2B",8110,"160-200 cm",0,0,NA
"E2","V2B",8110,">200 cm",0,0,NA
"E2","V2B",9101,"<40 cm",97,125,0.776
"E2","V2B",9101,"40-80 cm",2,125,0.016
"E2","V2B",9101,"80-120 cm",1,125,0.008
"E2","V2B",9101,"120-160 cm",5,125,0.04
"E2","V2B",9101,"160-200 cm",8,125,0.064
"E2","V2B",9101,">200 cm",12,125,0.096
"E2","V2B",9102,"<40 cm",93,125,0.744
"E2","V2B",9102,"40-80 cm",0,125,0
"E2","V2B",9102,"80-120 cm",1,125,0.008
"E2","V2B",9102,"120-160 cm",2,125,0.016
"E2","V2B",9102,"160-200 cm",12,125,0.096
"E2","V2B",9102,">200 cm",17,125,0.136
"E2","V2B",9103,"<40 cm",92,125,0.736
"E2","V2B",9103,"40-80 cm",3,125,0.024
"E2","V2B",9103,"80-120 cm",4,125,0.032
"E2","V2B",9103,"120-160 cm",6,125,0.048
"E2","V2B",9103,"160-200 cm",10,125,0.08
"E2","V2B",9103,">200 cm",10,125,0.08
"E2","V2B",9104,"<40 cm",0,0,NA
"E2","V2B",9104,"40-80 cm",0,0,NA
"E2","V2B",9104,"80-120 cm",0,0,NA
"E2","V2B",9104,"120-160 cm",0,0,NA
"E2","V2B",9104,"160-200 cm",0,0,NA
"E2","V2B",9104,">200 cm",0,0,NA
"E2","V2B",9105,"<40 cm",0,0,NA
"E2","V2B",9105,"40-80 cm",0,0,NA
"E2","V2B",9105,"80-120 cm",0,0,NA
"E2","V2B",9105,"120-160 cm",0,0,NA
"E2","V2B",9105,"160-200 cm",0,0,NA
"E2","V2B",9105,">200 cm",0,0,NA
"E2","V2B",9106,"<40 cm",0,0,NA
"E2","V2B",9106,"40-80 cm",0,0,NA
"E2","V2B",9106,"80-120 cm",0,0,NA
"E2","V2B",9106,"120-160 cm",0,0,NA
"E2","V2B",9106,"160-200 cm",0,0,NA
"E2","V2B",9106,">200 cm",0,0,NA
"E2","V2B",9107,"<40 cm",0,0,NA
"E2","V2B",9107,"40-80 cm",0,0,NA
"E2","V2B",9107,"80-120 cm",0,0,NA
"E2","V2B",9107,"120-160 cm",0,0,NA
"E2","V2B",9107,"160-200 cm",0,0,NA
"E2","V2B",9107,">200 cm",0,0,NA
"E2","V2B",9108,"<40 cm",0,0,NA
"E2","V2B",9108,"40-80 cm",0,0,NA
"E2","V2B",9108,"80-120 cm",0,0,NA
"E2","V2B",9108,"120-160 cm",0,0,NA
"E2","V2B",9108,"160-200 cm",0,0,NA
"E2","V2B",9108,">200 cm",0,0,NA
"E2","V2B",9109,"<40 cm",0,0,NA
"E2","V2B",9109,"40-80 cm",0,0,NA
"E2","V2B",9109,"80-120 cm",0,0,NA
"E2","V2B",9109,"120-160 cm",0,0,NA
"E2","V2B",9109,"160-200 cm",0,0,NA
"E2","V2B",9109,">200 cm",0,0,NA
"E2","V2B",9110,"<40 cm",0,0,NA
"E2","V2B",9110,"40-80 cm",0,0,NA
"E2","V2B",9110,"80-120 cm",0,0,NA
"E2","V2B",9110,"120-160 cm",0,0,NA
"E2","V2B",9110,"160-200 cm",0,0,NA
"E2","V2B",9110,">200 cm",0,0,NA
"E2","V2B",10101,"<40 cm",94,125,0.752
"E2","V2B",10101,"40-80 cm",4,125,0.032
"E2","V2B",10101,"80-120 cm",0,125,0
"E2","V2B",10101,"120-160 cm",6,125,0.048
"E2","V2B",10101,"160-200 cm",1,125,0.008
"E2","V2B",10101,">200 cm",20,125,0.16
"E2","V2B",10102,"<40 cm",90,125,0.72
"E2","V2B",10102,"40-80 cm",3,125,0.024
"E2","V2B",10102,"80-120 cm",1,125,0.008
"E2","V2B",10102,"120-160 cm",3,125,0.024
"E2","V2B",10102,"160-200 cm",1,125,0.008
"E2","V2B",10102,">200 cm",27,125,0.216
"E2","V2B",10103,"<40 cm",90,125,0.72
"E2","V2B",10103,"40-80 cm",5,125,0.04
"E2","V2B",10103,"80-120 cm",2,125,0.016
"E2","V2B",10103,"120-160 cm",6,125,0.048
"E2","V2B",10103,"160-200 cm",4,125,0.032
"E2","V2B",10103,">200 cm",18,125,0.144
"E2","V2B",10104,"<40 cm",0,0,NA
"E2","V2B",10104,"40-80 cm",0,0,NA
"E2","V2B",10104,"80-120 cm",0,0,NA
"E2","V2B",10104,"120-160 cm",0,0,NA
"E2","V2B",10104,"160-200 cm",0,0,NA
"E2","V2B",10104,">200 cm",0,0,NA
"E2","V2B",10105,"<40 cm",0,0,NA
"E2","V2B",10105,"40-80 cm",0,0,NA
"E2","V2B",10105,"80-120 cm",0,0,NA
"E2","V2B",10105,"120-160 cm",0,0,NA
"E2","V2B",10105,"160-200 cm",0,0,NA
"E2","V2B",10105,">200 cm",0,0,NA
"E2","V2B",10106,"<40 cm",0,0,NA
"E2","V2B",10106,"40-80 cm",0,0,NA
"E2","V2B",10106,"80-120 cm",0,0,NA
"E2","V2B",10106,"120-160 cm",0,0,NA
"E2","V2B",10106,"160-200 cm",0,0,NA
"E2","V2B",10106,">200 cm",0,0,NA
"E2","V2B",10107,"<40 cm",0,0,NA
"E2","V2B",10107,"40-80 cm",0,0,NA
"E2","V2B",10107,"80-120 cm",0,0,NA
"E2","V2B",10107,"120-160 cm",0,0,NA
"E2","V2B",10107,"160-200 cm",0,0,NA
"E2","V2B",10107,">200 cm",0,0,NA
"E2","V2B",10108,"<40 cm",0,0,NA
"E2","V2B",10108,"40-80 cm",0,0,NA
"E2","V2B",10108,"80-120 cm",0,0,NA
"E2","V2B",10108,"120-160 cm",0,0,NA
"E2","V2B",10108,"160-200 cm",0,0,NA
"E2","V2B",10108,">200 cm",0,0,NA
"E2","V2B",10109,"<40 cm",0,0,NA
"E2","V2B",10109,"40-80 cm",0,0,NA
"E2","V2B",10109,"80-120 cm",0,0,NA
"E2","V2B",10109,"120-160 cm",0,0,NA
"E2","V2B",10109,"160-200 cm",0,0,NA
"E2","V2B",10109,">200 cm",0,0,NA
"E2","V2B",10110,"<40 cm",0,0,NA
"E2","V2B",10110,"40-80 cm",0,0,NA
"E2","V2B",10110,"80-120 cm",0,0,NA
"E2","V2B",10110,"120-160 cm",0,0,NA
"E2","V2B",10110,"160-200 cm",0,0,NA
"E2","V2B",10110,">200 cm",0,0,NA
"E2","V2B",11101,"<40 cm",93,125,0.744
"E2","V2B",11101,"40-80 cm",5,125,0.04
"E2","V2B",11101,"80-120 cm",1,125,0.008
"E2","V2B",11101,"120-160 cm",5,125,0.04
"E2","V2B",11101,"160-200 cm",6,125,0.048
"E2","V2B",11101,">200 cm",15,125,0.12
"E2","V2B",11102,"<40 cm",90,125,0.72
"E2","V2B",11102,"40-80 cm",4,125,0.032
"E2","V2B",11102,"80-120 cm",1,125,0.008
"E2","V2B",11102,"120-160 cm",3,125,0.024
"E2","V2B",11102,"160-200 cm",6,125,0.048
"E2","V2B",11102,">200 cm",21,125,0.168
"E2","V2B",11103,"<40 cm",86,125,0.688
"E2","V2B",11103,"40-80 cm",8,125,0.064
"E2","V2B",11103,"80-120 cm",3,125,0.024
"E2","V2B",11103,"120-160 cm",8,125,0.064
"E2","V2B",11103,"160-200 cm",2,125,0.016
"E2","V2B",11103,">200 cm",18,125,0.144
"E2","V2B",11104,"<40 cm",0,0,NA
"E2","V2B",11104,"40-80 cm",0,0,NA
"E2","V2B",11104,"80-120 cm",0,0,NA
"E2","V2B",11104,"120-160 cm",0,0,NA
"E2","V2B",11104,"160-200 cm",0,0,NA
"E2","V2B",11104,">200 cm",0,0,NA
"E2","V2B",11105,"<40 cm",0,0,NA
"E2","V2B",11105,"40-80 cm",0,0,NA
"E2","V2B",11105,"80-120 cm",0,0,NA
"E2","V2B",11105,"120-160 cm",0,0,NA
"E2","V2B",11105,"160-200 cm",0,0,NA
"E2","V2B",11105,">200 cm",0,0,NA
"E2","V2B",11106,"<40 cm",0,0,NA
"E2","V2B",11106,"40-80 cm",0,0,NA
"E2","V2B",11106,"80-120 cm",0,0,NA
"E2","V2B",11106,"120-160 cm",0,0,NA
"E2","V2B",11106,"160-200 cm",0,0,NA
"E2","V2B",11106,">200 cm",0,0,NA
"E2","V2B",11107,"<40 cm",0,0,NA
"E2","V2B",11107,"40-80 cm",0,0,NA
"E2","V2B",11107,"80-120 cm",0,0,NA
"E2","V2B",11107,"120-160 cm",0,0,NA
"E2","V2B",11107,"160-200 cm",0,0,NA
"E2","V2B",11107,">200 cm",0,0,NA
"E2","V2B",11108,"<40 cm",0,0,NA
"E2","V2B",11108,"40-80 cm",0,0,NA
"E2","V2B",11108,"80-120 cm",0,0,NA
"E2","V2B",11108,"120-160 cm",0,0,NA
"E2","V2B",11108,"160-200 cm",0,0,NA
"E2","V2B",11108,">200 cm",0,0,NA
"E2","V2B",11109,"<40 cm",0,0,NA
"E2","V2B",11109,"40-80 cm",0,0,NA
"E2","V2B",11109,"80-120 cm",0,0,NA
"E2","V2B",11109,"120-160 cm",0,0,NA
"E2","V2B",11109,"160-200 cm",0,0,NA
"E2","V2B",11109,">200 cm",0,0,NA
"E2","V2B",11110,"<40 cm",0,0,NA
"E2","V2B",11110,"40-80 cm",0,0,NA
"E2","V2B",11110,"80-120 cm",0,0,NA
"E2","V2B",11110,"120-160 cm",0,0,NA
"E2","V2B",11110,"160-200 cm",0,0,NA
"E2","V2B",11110,">200 cm",0,0,NA
"E2","V2B",12101,"<40 cm",94,125,0.752
"E2","V2B",12101,"40-80 cm",3,125,0.024
"E2","V2B",12101,"80-120 cm",1,125,0.008
"E2","V2B",12101,"120-160 cm",5,125,0.04
"E2","V2B",12101,"160-200 cm",3,125,0.024
"E2","V2B",12101,">200 cm",19,125,0.152
"E2","V2B",12102,"<40 cm",90,125,0.72
"E2","V2B",12102,"40-80 cm",0,125,0
"E2","V2B",12102,"80-120 cm",1,125,0.008
"E2","V2B",12102,"120-160 cm",5,125,0.04
"E2","V2B",12102,"160-200 cm",2,125,0.016
"E2","V2B",12102,">200 cm",27,125,0.216
"E2","V2B",12103,"<40 cm",92,125,0.736
"E2","V2B",12103,"40-80 cm",2,125,0.016
"E2","V2B",12103,"80-120 cm",2,125,0.016
"E2","V2B",12103,"120-160 cm",6,125,0.048
"E2","V2B",12103,"160-200 cm",5,125,0.04
"E2","V2B",12103,">200 cm",18,125,0.144
"E2","V2B",12104,"<40 cm",0,0,NA
"E2","V2B",12104,"40-80 cm",0,0,NA
"E2","V2B",12104,"80-120 cm",0,0,NA
"E2","V2B",12104,"120-160 cm",0,0,NA
"E2","V2B",12104,"160-200 cm",0,0,NA
"E2","V2B",12104,">200 cm",0,0,NA
"E2","V2B",12105,"<40 cm",0,0,NA
"E2","V2B",12105,"40-80 cm",0,0,NA
"E2","V2B",12105,"80-120 cm",0,0,NA
"E2","V2B",12105,"120-160 cm",0,0,NA
"E2","V2B",12105,"160-200 cm",0,0,NA
"E2","V2B",12105,">200 cm",0,0,NA
"E2","V2B",12106,"<40 cm",0,0,NA
"E2","V2B",12106,"40-80 cm",0,0,NA
"E2","V2B",12106,"80-120 cm",0,0,NA
"E2","V2B",12106,"120-160 cm",0,0,NA
"E2","V2B",12106,"160-200 cm",0,0,NA
"E2","V2B",12106,">200 cm",0,0,NA
"E2","V2B",12107,"<40 cm",0,0,NA
"E2","V2B",12107,"40-80 cm",0,0,NA
"E2","V2B",12107,"80-120 cm",0,0,NA
"E2","V2B",12107,"120-160 cm",0,0,NA
"E2","V2B",12107,"160-200 cm",0,0,NA
"E2","V2B",12107,">200 cm",0,0,NA
"E2","V2B",12108,"<40 cm",0,0,NA
"E2","V2B",12108,"40-80 cm",0,0,NA
"E2","V2B",12108,"80-120 cm",0,0,NA
"E2","V2B",12108,"120-160 cm",0,0,NA
"E2","V2B",12108,"160-200 cm",0,0,NA
"E2","V2B",12108,">200 cm",0,0,NA
"E2","V2B",12109,"<40 cm",0,0,NA
"E2","V2B",12109,"40-80 cm",0,0,NA
"E2","V2B",12109,"80-120 cm",0,0,NA
"E2","V2B",12109,"120-160 cm",0,0,NA
"E2","V2B",12109,"160-200 cm",0,0,NA
"E2","V2B",12109,">200 cm",0,0,NA
"E2","V2B",12110,"<40 cm",0,0,NA
"E2","V2B",12110,"40-80 cm",0,0,NA
"E2","V2B",12110,"80-120 cm",0,0,NA
"E2","V2B",12110,"120-160 cm",0,0,NA
"E2","V2B",12110,"160-200 cm",0,0,NA
"E2","V2B",12110,">200 cm",0,0,NA
"E2","V2B",13101,"<40 cm",97,125,0.776
"E2","V2B",13101,"40-80 cm",3,125,0.024
"E2","V2B",13101,"80-120 cm",2,125,0.016
"E2","V2B",13101,"120-160 cm",4,125,0.032
"E2","V2B",13101,"160-200 cm",4,125,0.032
"E2","V2B",13101,">200 cm",15,125,0.12
"E2","V2B",13102,"<40 cm",93,125,0.744
"E2","V2B",13102,"40-80 cm",1,125,0.008
"E2","V2B",13102,"80-120 cm",1,125,0.008
"E2","V2B",13102,"120-160 cm",3,125,0.024
"E2","V2B",13102,"160-200 cm",2,125,0.016
"E2","V2B",13102,">200 cm",25,125,0.2
"E2","V2B",13103,"<40 cm",92,125,0.736
"E2","V2B",13103,"40-80 cm",3,125,0.024
"E2","V2B",13103,"80-120 cm",3,125,0.024
"E2","V2B",13103,"120-160 cm",7,125,0.056
"E2","V2B",13103,"160-200 cm",4,125,0.032
"E2","V2B",13103,">200 cm",16,125,0.128
"E2","V2B",13104,"<40 cm",0,0,NA
"E2","V2B",13104,"40-80 cm",0,0,NA
"E2","V2B",13104,"80-120 cm",0,0,NA
"E2","V2B",13104,"120-160 cm",0,0,NA
"E2","V2B",13104,"160-200 cm",0,0,NA
"E2","V2B",13104,">200 cm",0,0,NA
"E2","V2B",13105,"<40 cm",0,0,NA
"E2","V2B",13105,"40-80 cm",0,0,NA
"E2","V2B",13105,"80-120 cm",0,0,NA
"E2","V2B",13105,"120-160 cm",0,0,NA
"E2","V2B",13105,"160-200 cm",0,0,NA
"E2","V2B",13105,">200 cm",0,0,NA
"E2","V2B",13106,"<40 cm",0,0,NA
"E2","V2B",13106,"40-80 cm",0,0,NA
"E2","V2B",13106,"80-120 cm",0,0,NA
"E2","V2B",13106,"120-160 cm",0,0,NA
"E2","V2B",13106,"160-200 cm",0,0,NA
"E2","V2B",13106,">200 cm",0,0,NA
"E2","V2B",13107,"<40 cm",0,0,NA
"E2","V2B",13107,"40-80 cm",0,0,NA
"E2","V2B",13107,"80-120 cm",0,0,NA
"E2","V2B",13107,"120-160 cm",0,0,NA
"E2","V2B",13107,"160-200 cm",0,0,NA
"E2","V2B",13107,">200 cm",0,0,NA
"E2","V2B",13108,"<40 cm",0,0,NA
"E2","V2B",13108,"40-80 cm",0,0,NA
"E2","V2B",13108,"80-120 cm",0,0,NA
"E2","V2B",13108,"120-160 cm",0,0,NA
"E2","V2B",13108,"160-200 cm",0,0,NA
"E2","V2B",13108,">200 cm",0,0,NA
"E2","V2B",13109,"<40 cm",0,0,NA
"E2","V2B",13109,"40-80 cm",0,0,NA
"E2","V2B",13109,"80-120 cm",0,0,NA
"E2","V2B",13109,"120-160 cm",0,0,NA
"E2","V2B",13109,"160-200 cm",0,0,NA
"E2","V2B",13109,">200 cm",0,0,NA
"E2","V2B",13110,"<40 cm",0,0,NA
"E2","V2B",13110,"40-80 cm",0,0,NA
"E2","V2B",13110,"80-120 cm",0,0,NA
"E2","V2B",13110,"120-160 cm",0,0,NA
"E2","V2B",13110,"160-200 cm",0,0,NA
"E2","V2B",13110,">200 cm",0,0,NA
"E2","V2B",14101,"<40 cm",91,125,0.728
"E2","V2B",14101,"40-80 cm",3,125,0.024
"E2","V2B",14101,"80-120 cm",5,125,0.04
"E2","V2B",14101,"120-160 cm",3,125,0.024
"E2","V2B",14101,"160-200 cm",1,125,0.008
"E2","V2B",14101,">200 cm",22,125,0.176
"E2","V2B",14102,"<40 cm",87,125,0.696
"E2","V2B",14102,"40-80 cm",0,125,0
"E2","V2B",14102,"80-120 cm",1,125,0.008
"E2","V2B",14102,"120-160 cm",3,125,0.024
"E2","V2B",14102,"160-200 cm",3,125,0.024
"E2","V2B",14102,">200 cm",31,125,0.248
"E2","V2B",14103,"<40 cm",86,125,0.688
"E2","V2B",14103,"40-80 cm",4,125,0.032
"E2","V2B",14103,"80-120 cm",2,125,0.016
"E2","V2B",14103,"120-160 cm",7,125,0.056
"E2","V2B",14103,"160-200 cm",6,125,0.048
"E2","V2B",14103,">200 cm",20,125,0.16
"E2","V2B",14104,"<40 cm",0,0,NA
"E2","V2B",14104,"40-80 cm",0,0,NA
"E2","V2B",14104,"80-120 cm",0,0,NA
"E2","V2B",14104,"120-160 cm",0,0,NA
"E2","V2B",14104,"160-200 cm",0,0,NA
"E2","V2B",14104,">200 cm",0,0,NA
"E2","V2B",14105,"<40 cm",0,0,NA
"E2","V2B",14105,"40-80 cm",0,0,NA
"E2","V2B",14105,"80-120 cm",0,0,NA
"E2","V2B",14105,"120-160 cm",0,0,NA
"E2","V2B",14105,"160-200 cm",0,0,NA
"E2","V2B",14105,">200 cm",0,0,NA
"E2","V2B",14106,"<40 cm",0,0,NA
"E2","V2B",14106,"40-80 cm",0,0,NA
"E2","V2B",14106,"80-120 cm",0,0,NA
"E2","V2B",14106,"120-160 cm",0,0,NA
"E2","V2B",14106,"160-200 cm",0,0,NA
"E2","V2B",14106,">200 cm",0,0,NA
"E2","V2B",14107,"<40 cm",0,0,NA
"E2","V2B",14107,"40-80 cm",0,0,NA
"E2","V2B",14107,"80-120 cm",0,0,NA
"E2","V2B",14107,"120-160 cm",0,0,NA
"E2","V2B",14107,"160-200 cm",0,0,NA
"E2","V2B",14107,">200 cm",0,0,NA
"E2","V2B",14108,"<40 cm",0,0,NA
"E2","V2B",14108,"40-80 cm",0,0,NA
"E2","V2B",14108,"80-120 cm",0,0,NA
"E2","V2B",14108,"120-160 cm",0,0,NA
"E2","V2B",14108,"160-200 cm",0,0,NA
"E2","V2B",14108,">200 cm",0,0,NA
"E2","V2B",14109,"<40 cm",0,0,NA
"E2","V2B",14109,"40-80 cm",0,0,NA
"E2","V2B",14109,"80-120 cm",0,0,NA
"E2","V2B",14109,"120-160 cm",0,0,NA
"E2","V2B",14109,"160-200 cm",0,0,NA
"E2","V2B",14109,">200 cm",0,0,NA
"E2","V2B",14110,"<40 cm",0,0,NA
"E2","V2B",14110,"40-80 cm",0,0,NA
"E2","V2B",14110,"80-120 cm",0,0,NA
"E2","V2B",14110,"120-160 cm",0,0,NA
"E2","V2B",14110,"160-200 cm",0,0,NA
"E2","V2B",14110,">200 cm",0,0,NA
"E2","V2B",15101,"<40 cm",91,125,0.728
"E2","V2B",15101,"40-80 cm",7,125,0.056
"E2","V2B",15101,"80-120 cm",1,125,0.008
"E2","V2B",15101,"120-160 cm",5,125,0.04
"E2","V2B",15101,"160-200 cm",2,125,0.016
"E2","V2B",15101,">200 cm",19,125,0.152
"E2","V2B",15102,"<40 cm",89,125,0.712
"E2","V2B",15102,"40-80 cm",3,125,0.024
"E2","V2B",15102,"80-120 cm",1,125,0.008
"E2","V2B",15102,"120-160 cm",4,125,0.032
"E2","V2B",15102,"160-200 cm",1,125,0.008
"E2","V2B",15102,">200 cm",27,125,0.216
"E2","V2B",15103,"<40 cm",89,125,0.712
"E2","V2B",15103,"40-80 cm",6,125,0.048
"E2","V2B",15103,"80-120 cm",2,125,0.016
"E2","V2B",15103,"120-160 cm",6,125,0.048
"E2","V2B",15103,"160-200 cm",4,125,0.032
"E2","V2B",15103,">200 cm",18,125,0.144
"E2","V2B",15104,"<40 cm",0,0,NA
"E2","V2B",15104,"40-80 cm",0,0,NA
"E2","V2B",15104,"80-120 cm",0,0,NA
"E2","V2B",15104,"120-160 cm",0,0,NA
"E2","V2B",15104,"160-200 cm",0,0,NA
"E2","V2B",15104,">200 cm",0,0,NA
"E2","V2B",15105,"<40 cm",0,0,NA
"E2","V2B",15105,"40-80 cm",0,0,NA
"E2","V2B",15105,"80-120 cm",0,0,NA
"E2","V2B",15105,"120-160 cm",0,0,NA
"E2","V2B",15105,"160-200 cm",0,0,NA
"E2","V2B",15105,">200 cm",0,0,NA
"E2","V2B",15106,"<40 cm",0,0,NA
"E2","V2B",15106,"40-80 cm",0,0,NA
"E2","V2B",15106,"80-120 cm",0,0,NA
"E2","V2B",15106,"120-160 cm",0,0,NA
"E2","V2B",15106,"160-200 cm",0,0,NA
"E2","V2B",15106,">200 cm",0,0,NA
"E2","V2B",15107,"<40 cm",0,0,NA
"E2","V2B",15107,"40-80 cm",0,0,NA
"E2","V2B",15107,"80-120 cm",0,0,NA
"E2","V2B",15107,"120-160 cm",0,0,NA
"E2","V2B",15107,"160-200 cm",0,0,NA
"E2","V2B",15107,">200 cm",0,0,NA
"E2","V2B",15108,"<40 cm",0,0,NA
"E2","V2B",15108,"40-80 cm",0,0,NA
"E2","V2B",15108,"80-120 cm",0,0,NA
"E2","V2B",15108,"120-160 cm",0,0,NA
"E2","V2B",15108,"160-200 cm",0,0,NA
"E2","V2B",15108,">200 cm",0,0,NA
"E2","V2B",15109,"<40 cm",0,0,NA
"E2","V2B",15109,"40-80 cm",0,0,NA
"E2","V2B",15109,"80-120 cm",0,0,NA
"E2","V2B",15109,"120-160 cm",0,0,NA
"E2","V2B",15109,"160-200 cm",0,0,NA
"E2","V2B",15109,">200 cm",0,0,NA
"E2","V2B",15110,"<40 cm",0,0,NA
"E2","V2B",15110,"40-80 cm",0,0,NA
"E2","V2B",15110,"80-120 cm",0,0,NA
"E2","V2B",15110,"120-160 cm",0,0,NA
"E2","V2B",15110,"160-200 cm",0,0,NA
"E2","V2B",15110,">200 cm",0,0,NA
"E2","V2B",16101,"<40 cm",97,125,0.776
"E2","V2B",16101,"40-80 cm",3,125,0.024
"E2","V2B",16101,"80-120 cm",1,125,0.008
"E2","V2B",16101,"120-160 cm",4,125,0.032
"E2","V2B",16101,"160-200 cm",4,125,0.032
"E2","V2B",16101,">200 cm",16,125,0.128
"E2","V2B",16102,"<40 cm",93,125,0.744
"E2","V2B",16102,"40-80 cm",0,125,0
"E2","V2B",16102,"80-120 cm",0,125,0
"E2","V2B",16102,"120-160 cm",3,125,0.024
"E2","V2B",16102,"160-200 cm",2,125,0.016
"E2","V2B",16102,">200 cm",27,125,0.216
"E2","V2B",16103,"<40 cm",93,125,0.744
"E2","V2B",16103,"40-80 cm",3,125,0.024
"E2","V2B",16103,"80-120 cm",3,125,0.024
"E2","V2B",16103,"120-160 cm",7,125,0.056
"E2","V2B",16103,"160-200 cm",3,125,0.024
"E2","V2B",16103,">200 cm",16,125,0.128
"E2","V2B",16104,"<40 cm",0,0,NA
"E2","V2B",16104,"40-80 cm",0,0,NA
"E2","V2B",16104,"80-120 cm",0,0,NA
"E2","V2B",16104,"120-160 cm",0,0,NA
"E2","V2B",16104,"160-200 cm",0,0,NA
"E2","V2B",16104,">200 cm",0,0,NA
"E2","V2B",16105,"<40 cm",0,0,NA
"E2","V2B",16105,"40-80 cm",0,0,NA
"E2","V2B",16105,"80-120 cm",0,0,NA
"E2","V2B",16105,"120-160 cm",0,0,NA
"E2","V2B",16105,"160-200 cm",0,0,NA
"E2","V2B",16105,">200 cm",0,0,NA
"E2","V2B",16106,"<40 cm",0,0,NA
"E2","V2B",16106,"40-80 cm",0,0,NA
"E2","V2B",16106,"80-120 cm",0,0,NA
"E2","V2B",16106,"120-160 cm",0,0,NA
"E2","V2B",16106,"160-200 cm",0,0,NA
"E2","V2B",16106,">200 cm",0,0,NA
"E2","V2B",16107,"<40 cm",0,0,NA
"E2","V2B",16107,"40-80 cm",0,0,NA
"E2","V2B",16107,"80-120 cm",0,0,NA
"E2","V2B",16107,"120-160 cm",0,0,NA
"E2","V2B",16107,"160-200 cm",0,0,NA
"E2","V2B",16107,">200 cm",0,0,NA
"E2","V2B",16108,"<40 cm",0,0,NA
"E2","V2B",16108,"40-80 cm",0,0,NA
"E2","V2B",16108,"80-120 cm",0,0,NA
"E2","V2B",16108,"120-160 cm",0,0,NA
"E2","V2B",16108,"160-200 cm",0,0,NA
"E2","V2B",16108,">200 cm",0,0,NA
"E2","V2B",16109,"<40 cm",0,0,NA
"E2","V2B",16109,"40-80 cm",0,0,NA
"E2","V2B",16109,"80-120 cm",0,0,NA
"E2","V2B",16109,"120-160 cm",0,0,NA
"E2","V2B",16109,"160-200 cm",0,0,NA
"E2","V2B",16109,">200 cm",0,0,NA
"E2","V2B",16110,"<40 cm",0,0,NA
"E2","V2B",16110,"40-80 cm",0,0,NA
"E2","V2B",16110,"80-120 cm",0,0,NA
"E2","V2B",16110,"120-160 cm",0,0,NA
"E2","V2B",16110,"160-200 cm",0,0,NA
"E2","V2B",16110,">200 cm",0,0,NA
"E2","V2B",17101,"<40 cm",92,125,0.736
"E2","V2B",17101,"40-80 cm",7,125,0.056
"E2","V2B",17101,"80-120 cm",1,125,0.008
"E2","V2B",17101,"120-160 cm",4,125,0.032
"E2","V2B",17101,"160-200 cm",6,125,0.048
"E2","V2B",17101,">200 cm",15,125,0.12
"E2","V2B",17102,"<40 cm",90,125,0.72
"E2","V2B",17102,"40-80 cm",2,125,0.016
"E2","V2B",17102,"80-120 cm",2,125,0.016
"E2","V2B",17102,"120-160 cm",2,125,0.016
"E2","V2B",17102,"160-200 cm",3,125,0.024
"E2","V2B",17102,">200 cm",26,125,0.208
"E2","V2B",17103,"<40 cm",91,125,0.728
"E2","V2B",17103,"40-80 cm",5,125,0.04
"E2","V2B",17103,"80-120 cm",2,125,0.016
"E2","V2B",17103,"120-160 cm",5,125,0.04
"E2","V2B",17103,"160-200 cm",4,125,0.032
"E2","V2B",17103,">200 cm",18,125,0.144
"E2","V2B",17104,"<40 cm",0,0,NA
"E2","V2B",17104,"40-80 cm",0,0,NA
"E2","V2B",17104,"80-120 cm",0,0,NA
"E2","V2B",17104,"120-160 cm",0,0,NA
"E2","V2B",17104,"160-200 cm",0,0,NA
"E2","V2B",17104,">200 cm",0,0,NA
"E2","V2B",17105,"<40 cm",0,0,NA
"E2","V2B",17105,"40-80 cm",0,0,NA
"E2","V2B",17105,"80-120 cm",0,0,NA
"E2","V2B",17105,"120-160 cm",0,0,NA
"E2","V2B",17105,"160-200 cm",0,0,NA
"E2","V2B",17105,">200 cm",0,0,NA
"E2","V2B",17106,"<40 cm",0,0,NA
"E2","V2B",17106,"40-80 cm",0,0,NA
"E2","V2B",17106,"80-120 cm",0,0,NA
"E2","V2B",17106,"120-160 cm",0,0,NA
"E2","V2B",17106,"160-200 cm",0,0,NA
"E2","V2B",17106,">200 cm",0,0,NA
"E2","V2B",17107,"<40 cm",0,0,NA
"E2","V2B",17107,"40-80 cm",0,0,NA
"E2","V2B",17107,"80-120 cm",0,0,NA
"E2","V2B",17107,"120-160 cm",0,0,NA
"E2","V2B",17107,"160-200 cm",0,0,NA
"E2","V2B",17107,">200 cm",0,0,NA
"E2","V2B",17108,"<40 cm",0,0,NA
"E2","V2B",17108,"40-80 cm",0,0,NA
"E2","V2B",17108,"80-120 cm",0,0,NA
"E2","V2B",17108,"120-160 cm",0,0,NA
"E2","V2B",17108,"160-200 cm",0,0,NA
"E2","V2B",17108,">200 cm",0,0,NA
"E2","V2B",17109,"<40 cm",0,0,NA
"E2","V2B",17109,"40-80 cm",0,0,NA
"E2","V2B",17109,"80-120 cm",0,0,NA
"E2","V2B",17109,"120-160 cm",0,0,NA
"E2","V2B",17109,"160-200 cm",0,0,NA
"E2","V2B",17109,">200 cm",0,0,NA
"E2","V2B",17110,"<40 cm",0,0,NA
"E2","V2B",17110,"40-80 cm",0,0,NA
"E2","V2B",17110,"80-120 cm",0,0,NA
"E2","V2B",17110,"120-160 cm",0,0,NA
"E2","V2B",17110,"160-200 cm",0,0,NA
"E2","V2B",17110,">200 cm",0,0,NA
"E2","V2B",18101,"<40 cm",96,125,0.768
"E2","V2B",18101,"40-80 cm",3,125,0.024
"E2","V2B",18101,"80-120 cm",1,125,0.008
"E2","V2B",18101,"120-160 cm",5,125,0.04
"E2","V2B",18101,"160-200 cm",2,125,0.016
"E2","V2B",18101,">200 cm",18,125,0.144
"E2","V2B",18102,"<40 cm",93,125,0.744
"E2","V2B",18102,"40-80 cm",0,125,0
"E2","V2B",18102,"80-120 cm",1,125,0.008
"E2","V2B",18102,"120-160 cm",3,125,0.024
"E2","V2B",18102,"160-200 cm",2,125,0.016
"E2","V2B",18102,">200 cm",26,125,0.208
"E2","V2B",18103,"<40 cm",93,125,0.744
"E2","V2B",18103,"40-80 cm",3,125,0.024
"E2","V2B",18103,"80-120 cm",2,125,0.016
"E2","V2B",18103,"120-160 cm",6,125,0.048
"E2","V2B",18103,"160-200 cm",4,125,0.032
"E2","V2B",18103,">200 cm",17,125,0.136
"E2","V2B",18104,"<40 cm",0,0,NA
"E2","V2B",18104,"40-80 cm",0,0,NA
"E2","V2B",18104,"80-120 cm",0,0,NA
"E2","V2B",18104,"120-160 cm",0,0,NA
"E2","V2B",18104,"160-200 cm",0,0,NA
"E2","V2B",18104,">200 cm",0,0,NA
"E2","V2B",18105,"<40 cm",0,0,NA
"E2","V2B",18105,"40-80 cm",0,0,NA
"E2","V2B",18105,"80-120 cm",0,0,NA
"E2","V2B",18105,"120-160 cm",0,0,NA
"E2","V2B",18105,"160-200 cm",0,0,NA
"E2","V2B",18105,">200 cm",0,0,NA
"E2","V2B",18106,"<40 cm",0,0,NA
"E2","V2B",18106,"40-80 cm",0,0,NA
"E2","V2B",18106,"80-120 cm",0,0,NA
"E2","V2B",18106,"120-160 cm",0,0,NA
"E2","V2B",18106,"160-200 cm",0,0,NA
"E2","V2B",18106,">200 cm",0,0,NA
"E2","V2B",18107,"<40 cm",0,0,NA
"E2","V2B",18107,"40-80 cm",0,0,NA
"E2","V2B",18107,"80-120 cm",0,0,NA
"E2","V2B",18107,"120-160 cm",0,0,NA
"E2","V2B",18107,"160-200 cm",0,0,NA
"E2","V2B",18107,">200 cm",0,0,NA
"E2","V2B",18108,"<40 cm",0,0,NA
"E2","V2B",18108,"40-80 cm",0,0,NA
"E2","V2B",18108,"80-120 cm",0,0,NA
"E2","V2B",18108,"120-160 cm",0,0,NA
"E2","V2B",18108,"160-200 cm",0,0,NA
"E2","V2B",18108,">200 cm",0,0,NA
"E2","V2B",18109,"<40 cm",0,0,NA
"E2","V2B",18109,"40-80 cm",0,0,NA
"E2","V2B",18109,"80-120 cm",0,0,NA
"E2","V2B",18109,"120-160 cm",0,0,NA
"E2","V2B",18109,"160-200 cm",0,0,NA
"E2","V2B",18109,">200 cm",0,0,NA
"E2","V2B",18110,"<40 cm",0,0,NA
"E2","V2B",18110,"40-80 cm",0,0,NA
"E2","V2B",18110,"80-120 cm",0,0,NA
"E2","V2B",18110,"120-160 cm",0,0,NA
"E2","V2B",18110,"160-200 cm",0,0,NA
"E2","V2B",18110,">200 cm",0,0,NA
"E2","V2B",19101,"<40 cm",92,125,0.736
"E2","V2B",19101,"40-80 cm",4,125,0.032
"E2","V2B",19101,"80-120 cm",3,125,0.024
"E2","V2B",19101,"120-160 cm",5,125,0.04
"E2","V2B",19101,"160-200 cm",5,125,0.04
"E2","V2B",19101,">200 cm",16,125,0.128
"E2","V2B",19102,"<40 cm",87,125,0.696
"E2","V2B",19102,"40-80 cm",2,125,0.016
"E2","V2B",19102,"80-120 cm",3,125,0.024
"E2","V2B",19102,"120-160 cm",6,125,0.048
"E2","V2B",19102,"160-200 cm",7,125,0.056
"E2","V2B",19102,">200 cm",20,125,0.16
"E2","V2B",19103,"<40 cm",84,125,0.672
"E2","V2B",19103,"40-80 cm",7,125,0.056
"E2","V2B",19103,"80-120 cm",5,125,0.04
"E2","V2B",19103,"120-160 cm",9,125,0.072
"E2","V2B",19103,"160-200 cm",6,125,0.048
"E2","V2B",19103,">200 cm",14,125,0.112
"E2","V2B",19104,"<40 cm",0,0,NA
"E2","V2B",19104,"40-80 cm",0,0,NA
"E2","V2B",19104,"80-120 cm",0,0,NA
"E2","V2B",19104,"120-160 cm",0,0,NA
"E2","V2B",19104,"160-200 cm",0,0,NA
"E2","V2B",19104,">200 cm",0,0,NA
"E2","V2B",19105,"<40 cm",0,0,NA
"E2","V2B",19105,"40-80 cm",0,0,NA
"E2","V2B",19105,"80-120 cm",0,0,NA
"E2","V2B",19105,"120-160 cm",0,0,NA
"E2","V2B",19105,"160-200 cm",0,0,NA
"E2","V2B",19105,">200 cm",0,0,NA
"E2","V2B",19106,"<40 cm",0,0,NA
"E2","V2B",19106,"40-80 cm",0,0,NA
"E2","V2B",19106,"80-120 cm",0,0,NA
"E2","V2B",19106,"120-160 cm",0,0,NA
"E2","V2B",19106,"160-200 cm",0,0,NA
"E2","V2B",19106,">200 cm",0,0,NA
"E2","V2B",19107,"<40 cm",0,0,NA
"E2","V2B",19107,"40-80 cm",0,0,NA
"E2","V2B",19107,"80-120 cm",0,0,NA
"E2","V2B",19107,"120-160 cm",0,0,NA
"E2","V2B",19107,"160-200 cm",0,0,NA
"E2","V2B",19107,">200 cm",0,0,NA
"E2","V2B",19108,"<40 cm",0,0,NA
"E2","V2B",19108,"40-80 cm",0,0,NA
"E2","V2B",19108,"80-120 cm",0,0,NA
"E2","V2B",19108,"120-160 cm",0,0,NA
"E2","V2B",19108,"160-200 cm",0,0,NA
"E2","V2B",19108,">200 cm",0,0,NA
"E2","V2B",19109,"<40 cm",0,0,NA
"E2","V2B",19109,"40-80 cm",0,0,NA
"E2","V2B",19109,"80-120 cm",0,0,NA
"E2","V2B",19109,"120-160 cm",0,0,NA
"E2","V2B",19109,"160-200 cm",0,0,NA
"E2","V2B",19109,">200 cm",0,0,NA
"E2","V2B",19110,"<40 cm",0,0,NA
"E2","V2B",19110,"40-80 cm",0,0,NA
"E2","V2B",19110,"80-120 cm",0,0,NA
"E2","V2B",19110,"120-160 cm",0,0,NA
"E2","V2B",19110,"160-200 cm",0,0,NA
"E2","V2B",19110,">200 cm",0,0,NA
"E2","V2B",20101,"<40 cm",94,125,0.752
"E2","V2B",20101,"40-80 cm",3,125,0.024
"E2","V2B",20101,"80-120 cm",1,125,0.008
"E2","V2B",20101,"120-160 cm",5,125,0.04
"E2","V2B",20101,"160-200 cm",2,125,0.016
"E2","V2B",20101,">200 cm",20,125,0.16
"E2","V2B",20102,"<40 cm",91,125,0.728
"E2","V2B",20102,"40-80 cm",0,125,0
"E2","V2B",20102,"80-120 cm",1,125,0.008
"E2","V2B",20102,"120-160 cm",3,125,0.024
"E2","V2B",20102,"160-200 cm",2,125,0.016
"E2","V2B",20102,">200 cm",28,125,0.224
"E2","V2B",20103,"<40 cm",92,125,0.736
"E2","V2B",20103,"40-80 cm",2,125,0.016
"E2","V2B",20103,"80-120 cm",2,125,0.016
"E2","V2B",20103,"120-160 cm",6,125,0.048
"E2","V2B",20103,"160-200 cm",4,125,0.032
"E2","V2B",20103,">200 cm",19,125,0.152
"E2","V2B",20104,"<40 cm",0,0,NA
"E2","V2B",20104,"40-80 cm",0,0,NA
"E2","V2B",20104,"80-120 cm",0,0,NA
"E2","V2B",20104,"120-160 cm",0,0,NA
"E2","V2B",20104,"160-200 cm",0,0,NA
"E2","V2B",20104,">200 cm",0,0,NA
"E2","V2B",20105,"<40 cm",0,0,NA
"E2","V2B",20105,"40-80 cm",0,0,NA
"E2","V2B",20105,"80-120 cm",0,0,NA
"E2","V2B",20105,"120-160 cm",0,0,NA
"E2","V2B",20105,"160-200 cm",0,0,NA
"E2","V2B",20105,">200 cm",0,0,NA
"E2","V2B",20106,"<40 cm",0,0,NA
"E2","V2B",20106,"40-80 cm",0,0,NA
"E2","V2B",20106,"80-120 cm",0,0,NA
"E2","V2B",20106,"120-160 cm",0,0,NA
"E2","V2B",20106,"160-200 cm",0,0,NA
"E2","V2B",20106,">200 cm",0,0,NA
"E2","V2B",20107,"<40 cm",0,0,NA
"E2","V2B",20107,"40-80 cm",0,0,NA
"E2","V2B",20107,"80-120 cm",0,0,NA
"E2","V2B",20107,"120-160 cm",0,0,NA
"E2","V2B",20107,"160-200 cm",0,0,NA
"E2","V2B",20107,">200 cm",0,0,NA
"E2","V2B",20108,"<40 cm",0,0,NA
"E2","V2B",20108,"40-80 cm",0,0,NA
"E2","V2B",20108,"80-120 cm",0,0,NA
"E2","V2B",20108,"120-160 cm",0,0,NA
"E2","V2B",20108,"160-200 cm",0,0,NA
"E2","V2B",20108,">200 cm",0,0,NA
"E2","V2B",20109,"<40 cm",0,0,NA
"E2","V2B",20109,"40-80 cm",0,0,NA
"E2","V2B",20109,"80-120 cm",0,0,NA
"E2","V2B",20109,"120-160 cm",0,0,NA
"E2","V2B",20109,"160-200 cm",0,0,NA
"E2","V2B",20109,">200 cm",0,0,NA
"E2","V2B",20110,"<40 cm",0,0,NA
"E2","V2B",20110,"40-80 cm",0,0,NA
"E2","V2B",20110,"80-120 cm",0,0,NA
"E2","V2B",20110,"120-160 cm",0,0,NA
"E2","V2B",20110,"160-200 cm",0,0,NA
"E2","V2B",20110,">200 cm",0,0,NA
"E2","V2B",21101,"<40 cm",91,125,0.728
"E2","V2B",21101,"40-80 cm",8,125,0.064
"E2","V2B",21101,"80-120 cm",1,125,0.008
"E2","V2B",21101,"120-160 cm",5,125,0.04
"E2","V2B",21101,"160-200 cm",3,125,0.024
"E2","V2B",21101,">200 cm",17,125,0.136
"E2","V2B",21102,"<40 cm",89,125,0.712
"E2","V2B",21102,"40-80 cm",4,125,0.032
"E2","V2B",21102,"80-120 cm",1,125,0.008
"E2","V2B",21102,"120-160 cm",3,125,0.024
"E2","V2B",21102,"160-200 cm",2,125,0.016
"E2","V2B",21102,">200 cm",26,125,0.208
"E2","V2B",21103,"<40 cm",90,125,0.72
"E2","V2B",21103,"40-80 cm",6,125,0.048
"E2","V2B",21103,"80-120 cm",2,125,0.016
"E2","V2B",21103,"120-160 cm",6,125,0.048
"E2","V2B",21103,"160-200 cm",4,125,0.032
"E2","V2B",21103,">200 cm",17,125,0.136
"E2","V2B",21104,"<40 cm",0,0,NA
"E2","V2B",21104,"40-80 cm",0,0,NA
"E2","V2B",21104,"80-120 cm",0,0,NA
"E2","V2B",21104,"120-160 cm",0,0,NA
"E2","V2B",21104,"160-200 cm",0,0,NA
"E2","V2B",21104,">200 cm",0,0,NA
"E2","V2B",21105,"<40 cm",0,0,NA
"E2","V2B",21105,"40-80 cm",0,0,NA
"E2","V2B",21105,"80-120 cm",0,0,NA
"E2","V2B",21105,"120-160 cm",0,0,NA
"E2","V2B",21105,"160-200 cm",0,0,NA
"E2","V2B",21105,">200 cm",0,0,NA
"E2","V2B",21106,"<40 cm",0,0,NA
"E2","V2B",21106,"40-80 cm",0,0,NA
"E2","V2B",21106,"80-120 cm",0,0,NA
"E2","V2B",21106,"120-160 cm",0,0,NA
"E2","V2B",21106,"160-200 cm",0,0,NA
"E2","V2B",21106,">200 cm",0,0,NA
"E2","V2B",21107,"<40 cm",0,0,NA
"E2","V2B",21107,"40-80 cm",0,0,NA
"E2","V2B",21107,"80-120 cm",0,0,NA
"E2","V2B",21107,"120-160 cm",0,0,NA
"E2","V2B",21107,"160-200 cm",0,0,NA
"E2","V2B",21107,">200 cm",0,0,NA
"E2","V2B",21108,"<40 cm",0,0,NA
"E2","V2B",21108,"40-80 cm",0,0,NA
"E2","V2B",21108,"80-120 cm",0,0,NA
"E2","V2B",21108,"120-160 cm",0,0,NA
"E2","V2B",21108,"160-200 cm",0,0,NA
"E2","V2B",21108,">200 cm",0,0,NA
"E2","V2B",21109,"<40 cm",0,0,NA
"E2","V2B",21109,"40-80 cm",0,0,NA
"E2","V2B",21109,"80-120 cm",0,0,NA
"E2","V2B",21109,"120-160 cm",0,0,NA
"E2","V2B",21109,"160-200 cm",0,0,NA
"E2","V2B",21109,">200 cm",0,0,NA
"E2","V2B",21110,"<40 cm",0,0,NA
"E2","V2B",21110,"40-80 cm",0,0,NA
"E2","V2B",21110,"80-120 cm",0,0,NA
"E2","V2B",21110,"120-160 cm",0,0,NA
"E2","V2B",21110,"160-200 cm",0,0,NA
"E2","V2B",21110,">200 cm",0,0,NA
"E2","V2B",22101,"<40 cm",94,125,0.752
"E2","V2B",22101,"40-80 cm",7,125,0.056
"E2","V2B",22101,"80-120 cm",2,125,0.016
"E2","V2B",22101,"120-160 cm",4,125,0.032
"E2","V2B",22101,"160-200 cm",3,125,0.024
"E2","V2B",22101,">200 cm",15,125,0.12
"E2","V2B",22102,"<40 cm",88,125,0.704
"E2","V2B",22102,"40-80 cm",2,125,0.016
"E2","V2B",22102,"80-120 cm",2,125,0.016
"E2","V2B",22102,"120-160 cm",2,125,0.016
"E2","V2B",22102,"160-200 cm",4,125,0.032
"E2","V2B",22102,">200 cm",27,125,0.216
"E2","V2B",22103,"<40 cm",88,125,0.704
"E2","V2B",22103,"40-80 cm",7,125,0.056
"E2","V2B",22103,"80-120 cm",4,125,0.032
"E2","V2B",22103,"120-160 cm",6,125,0.048
"E2","V2B",22103,"160-200 cm",4,125,0.032
"E2","V2B",22103,">200 cm",16,125,0.128
"E2","V2B",22104,"<40 cm",0,0,NA
"E2","V2B",22104,"40-80 cm",0,0,NA
"E2","V2B",22104,"80-120 cm",0,0,NA
"E2","V2B",22104,"120-160 cm",0,0,NA
"E2","V2B",22104,"160-200 cm",0,0,NA
"E2","V2B",22104,">200 cm",0,0,NA
"E2","V2B",22105,"<40 cm",0,0,NA
"E2","V2B",22105,"40-80 cm",0,0,NA
"E2","V2B",22105,"80-120 cm",0,0,NA
"E2","V2B",22105,"120-160 cm",0,0,NA
"E2","V2B",22105,"160-200 cm",0,0,NA
"E2","V2B",22105,">200 cm",0,0,NA
"E2","V2B",22106,"<40 cm",0,0,NA
"E2","V2B",22106,"40-80 cm",0,0,NA
"E2","V2B",22106,"80-120 cm",0,0,NA
"E2","V2B",22106,"120-160 cm",0,0,NA
"E2","V2B",22106,"160-200 cm",0,0,NA
"E2","V2B",22106,">200 cm",0,0,NA
"E2","V2B",22107,"<40 cm",0,0,NA
"E2","V2B",22107,"40-80 cm",0,0,NA
"E2","V2B",22107,"80-120 cm",0,0,NA
"E2","V2B",22107,"120-160 cm",0,0,NA
"E2","V2B",22107,"160-200 cm",0,0,NA
"E2","V2B",22107,">200 cm",0,0,NA
"E2","V2B",22108,"<40 cm",0,0,NA
"E2","V2B",22108,"40-80 cm",0,0,NA
"E2","V2B",22108,"80-120 cm",0,0,NA
"E2","V2B",22108,"120-160 cm",0,0,NA
"E2","V2B",22108,"160-200 cm",0,0,NA
"E2","V2B",22108,">200 cm",0,0,NA
"E2","V2B",22109,"<40 cm",0,0,NA
"E2","V2B",22109,"40-80 cm",0,0,NA
"E2","V2B",22109,"80-120 cm",0,0,NA
"E2","V2B",22109,"120-160 cm",0,0,NA
"E2","V2B",22109,"160-200 cm",0,0,NA
"E2","V2B",22109,">200 cm",0,0,NA
"E2","V2B",22110,"<40 cm",0,0,NA
"E2","V2B",22110,"40-80 cm",0,0,NA
"E2","V2B",22110,"80-120 cm",0,0,NA
"E2","V2B",22110,"120-160 cm",0,0,NA
"E2","V2B",22110,"160-200 cm",0,0,NA
"E2","V2B",22110,">200 cm",0,0,NA
"E2","V2B",23101,"<40 cm",95,125,0.76
"E2","V2B",23101,"40-80 cm",3,125,0.024
"E2","V2B",23101,"80-120 cm",1,125,0.008
"E2","V2B",23101,"120-160 cm",5,125,0.04
"E2","V2B",23101,"160-200 cm",4,125,0.032
"E2","V2B",23101,">200 cm",17,125,0.136
"E2","V2B",23102,"<40 cm",92,125,0.736
"E2","V2B",23102,"40-80 cm",0,125,0
"E2","V2B",23102,"80-120 cm",1,125,0.008
"E2","V2B",23102,"120-160 cm",4,125,0.032
"E2","V2B",23102,"160-200 cm",2,125,0.016
"E2","V2B",23102,">200 cm",26,125,0.208
"E2","V2B",23103,"<40 cm",91,125,0.728
"E2","V2B",23103,"40-80 cm",5,125,0.04
"E2","V2B",23103,"80-120 cm",2,125,0.016
"E2","V2B",23103,"120-160 cm",5,125,0.04
"E2","V2B",23103,"160-200 cm",4,125,0.032
"E2","V2B",23103,">200 cm",18,125,0.144
"E2","V2B",23104,"<40 cm",0,0,NA
"E2","V2B",23104,"40-80 cm",0,0,NA
"E2","V2B",23104,"80-120 cm",0,0,NA
"E2","V2B",23104,"120-160 cm",0,0,NA
"E2","V2B",23104,"160-200 cm",0,0,NA
"E2","V2B",23104,">200 cm",0,0,NA
"E2","V2B",23105,"<40 cm",0,0,NA
"E2","V2B",23105,"40-80 cm",0,0,NA
"E2","V2B",23105,"80-120 cm",0,0,NA
"E2","V2B",23105,"120-160 cm",0,0,NA
"E2","V2B",23105,"160-200 cm",0,0,NA
"E2","V2B",23105,">200 cm",0,0,NA
"E2","V2B",23106,"<40 cm",0,0,NA
"E2","V2B",23106,"40-80 cm",0,0,NA
"E2","V2B",23106,"80-120 cm",0,0,NA
"E2","V2B",23106,"120-160 cm",0,0,NA
"E2","V2B",23106,"160-200 cm",0,0,NA
"E2","V2B",23106,">200 cm",0,0,NA
"E2","V2B",23107,"<40 cm",0,0,NA
"E2","V2B",23107,"40-80 cm",0,0,NA
"E2","V2B",23107,"80-120 cm",0,0,NA
"E2","V2B",23107,"120-160 cm",0,0,NA
"E2","V2B",23107,"160-200 cm",0,0,NA
"E2","V2B",23107,">200 cm",0,0,NA
"E2","V2B",23108,"<40 cm",0,0,NA
"E2","V2B",23108,"40-80 cm",0,0,NA
"E2","V2B",23108,"80-120 cm",0,0,NA
"E2","V2B",23108,"120-160 cm",0,0,NA
"E2","V2B",23108,"160-200 cm",0,0,NA
"E2","V2B",23108,">200 cm",0,0,NA
"E2","V2B",23109,"<40 cm",0,0,NA
"E2","V2B",23109,"40-80 cm",0,0,NA
"E2","V2B",23109,"80-120 cm",0,0,NA
"E2","V2B",23109,"120-160 cm",0,0,NA
"E2","V2B",23109,"160-200 cm",0,0,NA
"E2","V2B",23109,">200 cm",0,0,NA
"E2","V2B",23110,"<40 cm",0,0,NA
"E2","V2B",23110,"40-80 cm",0,0,NA
"E2","V2B",23110,"80-120 cm",0,0,NA
"E2","V2B",23110,"120-160 cm",0,0,NA
"E2","V2B",23110,"160-200 cm",0,0,NA
"E2","V2B",23110,">200 cm",0,0,NA
"E2","V2B",24101,"<40 cm",91,125,0.728
"E2","V2B",24101,"40-80 cm",9,125,0.072
"E2","V2B",24101,"80-120 cm",1,125,0.008
"E2","V2B",24101,"120-160 cm",4,125,0.032
"E2","V2B",24101,"160-200 cm",5,125,0.04
"E2","V2B",24101,">200 cm",15,125,0.12
"E2","V2B",24102,"<40 cm",88,125,0.704
"E2","V2B",24102,"40-80 cm",5,125,0.04
"E2","V2B",24102,"80-120 cm",2,125,0.016
"E2","V2B",24102,"120-160 cm",3,125,0.024
"E2","V2B",24102,"160-200 cm",3,125,0.024
"E2","V2B",24102,">200 cm",24,125,0.192
"E2","V2B",24103,"<40 cm",88,125,0.704
"E2","V2B",24103,"40-80 cm",9,125,0.072
"E2","V2B",24103,"80-120 cm",2,125,0.016
"E2","V2B",24103,"120-160 cm",6,125,0.048
"E2","V2B",24103,"160-200 cm",5,125,0.04
"E2","V2B",24103,">200 cm",15,125,0.12
"E2","V2B",24104,"<40 cm",0,0,NA
"E2","V2B",24104,"40-80 cm",0,0,NA
"E2","V2B",24104,"80-120 cm",0,0,NA
"E2","V2B",24104,"120-160 cm",0,0,NA
"E2","V2B",24104,"160-200 cm",0,0,NA
"E2","V2B",24104,">200 cm",0,0,NA
"E2","V2B",24105,"<40 cm",0,0,NA
"E2","V2B",24105,"40-80 cm",0,0,NA
"E2","V2B",24105,"80-120 cm",0,0,NA
"E2","V2B",24105,"120-160 cm",0,0,NA
"E2","V2B",24105,"160-200 cm",0,0,NA
"E2","V2B",24105,">200 cm",0,0,NA
"E2","V2B",24106,"<40 cm",0,0,NA
"E2","V2B",24106,"40-80 cm",0,0,NA
"E2","V2B",24106,"80-120 cm",0,0,NA
"E2","V2B",24106,"120-160 cm",0,0,NA
"E2","V2B",24106,"160-200 cm",0,0,NA
"E2","V2B",24106,">200 cm",0,0,NA
"E2","V2B",24107,"<40 cm",0,0,NA
"E2","V2B",24107,"40-80 cm",0,0,NA
"E2","V2B",24107,"80-120 cm",0,0,NA
"E2","V2B",24107,"120-160 cm",0,0,NA
"E2","V2B",24107,"160-200 cm",0,0,NA
"E2","V2B",24107,">200 cm",0,0,NA
"E2","V2B",24108,"<40 cm",0,0,NA
"E2","V2B",24108,"40-80 cm",0,0,NA
"E2","V2B",24108,"80-120 cm",0,0,NA
"E2","V2B",24108,"120-160 cm",0,0,NA
"E2","V2B",24108,"160-200 cm",0,0,NA
"E2","V2B",24108,">200 cm",0,0,NA
"E2","V2B",24109,"<40 cm",0,0,NA
"E2","V2B",24109,"40-80 cm",0,0,NA
"E2","V2B",24109,"80-120 cm",0,0,NA
"E2","V2B",24109,"120-160 cm",0,0,NA
"E2","V2B",24109,"160-200 cm",0,0,NA
"E2","V2B",24109,">200 cm",0,0,NA
"E2","V2B",24110,"<40 cm",0,0,NA
"E2","V2B",24110,"40-80 cm",0,0,NA
"E2","V2B",24110,"80-120 cm",0,0,NA
"E2","V2B",24110,"120-160 cm",0,0,NA
"E2","V2B",24110,"160-200 cm",0,0,NA
"E2","V2B",24110,">200 cm",0,0,NA
"E2","V2B",25101,"<40 cm",95,125,0.76
"E2","V2B",25101,"40-80 cm",4,125,0.032
"E2","V2B",25101,"80-120 cm",1,125,0.008
"E2","V2B",25101,"120-160 cm",5,125,0.04
"E2","V2B",25101,"160-200 cm",3,125,0.024
"E2","V2B",25101,">200 cm",17,125,0.136
"E2","V2B",25102,"<40 cm",92,125,0.736
"E2","V2B",25102,"40-80 cm",1,125,0.008
"E2","V2B",25102,"80-120 cm",1,125,0.008
"E2","V2B",25102,"120-160 cm",3,125,0.024
"E2","V2B",25102,"160-200 cm",2,125,0.016
"E2","V2B",25102,">200 cm",26,125,0.208
"E2","V2B",25103,"<40 cm",92,125,0.736
"E2","V2B",25103,"40-80 cm",3,125,0.024
"E2","V2B",25103,"80-120 cm",2,125,0.016
"E2","V2B",25103,"120-160 cm",8,125,0.064
"E2","V2B",25103,"160-200 cm",3,125,0.024
"E2","V2B",25103,">200 cm",17,125,0.136
"E2","V2B",25104,"<40 cm",0,0,NA
"E2","V2B",25104,"40-80 cm",0,0,NA
"E2","V2B",25104,"80-120 cm",0,0,NA
"E2","V2B",25104,"120-160 cm",0,0,NA
"E2","V2B",25104,"160-200 cm",0,0,NA
"E2","V2B",25104,">200 cm",0,0,NA
"E2","V2B",25105,"<40 cm",0,0,NA
"E2","V2B",25105,"40-80 cm",0,0,NA
"E2","V2B",25105,"80-120 cm",0,0,NA
"E2","V2B",25105,"120-160 cm",0,0,NA
"E2","V2B",25105,"160-200 cm",0,0,NA
"E2","V2B",25105,">200 cm",0,0,NA
"E2","V2B",25106,"<40 cm",0,0,NA
"E2","V2B",25106,"40-80 cm",0,0,NA
"E2","V2B",25106,"80-120 cm",0,0,NA
"E2","V2B",25106,"120-160 cm",0,0,NA
"E2","V2B",25106,"160-200 cm",0,0,NA
"E2","V2B",25106,">200 cm",0,0,NA
"E2","V2B",25107,"<40 cm",0,0,NA
"E2","V2B",25107,"40-80 cm",0,0,NA
"E2","V2B",25107,"80-120 cm",0,0,NA
"E2","V2B",25107,"120-160 cm",0,0,NA
"E2","V2B",25107,"160-200 cm",0,0,NA
"E2","V2B",25107,">200 cm",0,0,NA
"E2","V2B",25108,"<40 cm",0,0,NA
"E2","V2B",25108,"40-80 cm",0,0,NA
"E2","V2B",25108,"80-120 cm",0,0,NA
"E2","V2B",25108,"120-160 cm",0,0,NA
"E2","V2B",25108,"160-200 cm",0,0,NA
"E2","V2B",25108,">200 cm",0,0,NA
"E2","V2B",25109,"<40 cm",0,0,NA
"E2","V2B",25109,"40-80 cm",0,0,NA
"E2","V2B",25109,"80-120 cm",0,0,NA
"E2","V2B",25109,"120-160 cm",0,0,NA
"E2","V2B",25109,"160-200 cm",0,0,NA
"E2","V2B",25109,">200 cm",0,0,NA
"E2","V2B",25110,"<40 cm",0,0,NA
"E2","V2B",25110,"40-80 cm",0,0,NA
"E2","V2B",25110,"80-120 cm",0,0,NA
"E2","V2B",25110,"120-160 cm",0,0,NA
"E2","V2B",25110,"160-200 cm",0,0,NA
"E2","V2B",25110,">200 cm",0,0,NA
"E2","V2B",26101,"<40 cm",90,125,0.72
"E2","V2B",26101,"40-80 cm",7,125,0.056
"E2","V2B",26101,"80-120 cm",2,125,0.016
"E2","V2B",26101,"120-160 cm",5,125,0.04
"E2","V2B",26101,"160-200 cm",1,125,0.008
"E2","V2B",26101,">200 cm",20,125,0.16
"E2","V2B",26102,"<40 cm",91,125,0.728
"E2","V2B",26102,"40-80 cm",1,125,0.008
"E2","V2B",26102,"80-120 cm",0,125,0
"E2","V2B",26102,"120-160 cm",2,125,0.016
"E2","V2B",26102,"160-200 cm",4,125,0.032
"E2","V2B",26102,">200 cm",27,125,0.216
"E2","V2B",26103,"<40 cm",83,125,0.664
"E2","V2B",26103,"40-80 cm",11,125,0.088
"E2","V2B",26103,"80-120 cm",2,125,0.016
"E2","V2B",26103,"120-160 cm",9,125,0.072
"E2","V2B",26103,"160-200 cm",2,125,0.016
"E2","V2B",26103,">200 cm",18,125,0.144
"E2","V2B",26104,"<40 cm",0,0,NA
"E2","V2B",26104,"40-80 cm",0,0,NA
"E2","V2B",26104,"80-120 cm",0,0,NA
"E2","V2B",26104,"120-160 cm",0,0,NA
"E2","V2B",26104,"160-200 cm",0,0,NA
"E2","V2B",26104,">200 cm",0,0,NA
"E2","V2B",26105,"<40 cm",0,0,NA
"E2","V2B",26105,"40-80 cm",0,0,NA
"E2","V2B",26105,"80-120 cm",0,0,NA
"E2","V2B",26105,"120-160 cm",0,0,NA
"E2","V2B",26105,"160-200 cm",0,0,NA
"E2","V2B",26105,">200 cm",0,0,NA
"E2","V2B",26106,"<40 cm",0,0,NA
"E2","V2B",26106,"40-80 cm",0,0,NA
"E2","V2B",26106,"80-120 cm",0,0,NA
"E2","V2B",26106,"120-160 cm",0,0,NA
"E2","V2B",26106,"160-200 cm",0,0,NA
"E2","V2B",26106,">200 cm",0,0,NA
"E2","V2B",26107,"<40 cm",0,0,NA
"E2","V2B",26107,"40-80 cm",0,0,NA
"E2","V2B",26107,"80-120 cm",0,0,NA
"E2","V2B",26107,"120-160 cm",0,0,NA
"E2","V2B",26107,"160-200 cm",0,0,NA
"E2","V2B",26107,">200 cm",0,0,NA
"E2","V2B",26108,"<40 cm",0,0,NA
"E2","V2B",26108,"40-80 cm",0,0,NA
"E2","V2B",26108,"80-120 cm",0,0,NA
"E2","V2B",26108,"120-160 cm",0,0,NA
"E2","V2B",26108,"160-200 cm",0,0,NA
"E2","V2B",26108,">200 cm",0,0,NA
"E2","V2B",26109,"<40 cm",0,0,NA
"E2","V2B",26109,"40-80 cm",0,0,NA
"E2","V2B",26109,"80-120 cm",0,0,NA
"E2","V2B",26109,"120-160 cm",0,0,NA
"E2","V2B",26109,"160-200 cm",0,0,NA
"E2","V2B",26109,">200 cm",0,0,NA
"E2","V2B",26110,"<40 cm",0,0,NA
"E2","V2B",26110,"40-80 cm",0,0,NA
"E2","V2B",26110,"80-120 cm",0,0,NA
"E2","V2B",26110,"120-160 cm",0,0,NA
"E2","V2B",26110,"160-200 cm",0,0,NA
"E2","V2B",26110,">200 cm",0,0,NA
"E2","V2B",27101,"<40 cm",91,125,0.728
"E2","V2B",27101,"40-80 cm",4,125,0.032
"E2","V2B",27101,"80-120 cm",4,125,0.032
"E2","V2B",27101,"120-160 cm",5,125,0.04
"E2","V2B",27101,"160-200 cm",2,125,0.016
"E2","V2B",27101,">200 cm",19,125,0.152
"E2","V2B",27102,"<40 cm",91,125,0.728
"E2","V2B",27102,"40-80 cm",0,125,0
"E2","V2B",27102,"80-120 cm",3,125,0.024
"E2","V2B",27102,"120-160 cm",1,125,0.008
"E2","V2B",27102,"160-200 cm",3,125,0.024
"E2","V2B",27102,">200 cm",27,125,0.216
"E2","V2B",27103,"<40 cm",89,125,0.712
"E2","V2B",27103,"40-80 cm",4,125,0.032
"E2","V2B",27103,"80-120 cm",3,125,0.024
"E2","V2B",27103,"120-160 cm",5,125,0.04
"E2","V2B",27103,"160-200 cm",5,125,0.04
"E2","V2B",27103,">200 cm",19,125,0.152
"E2","V2B",27104,"<40 cm",0,0,NA
"E2","V2B",27104,"40-80 cm",0,0,NA
"E2","V2B",27104,"80-120 cm",0,0,NA
"E2","V2B",27104,"120-160 cm",0,0,NA
"E2","V2B",27104,"160-200 cm",0,0,NA
"E2","V2B",27104,">200 cm",0,0,NA
"E2","V2B",27105,"<40 cm",0,0,NA
"E2","V2B",27105,"40-80 cm",0,0,NA
"E2","V2B",27105,"80-120 cm",0,0,NA
"E2","V2B",27105,"120-160 cm",0,0,NA
"E2","V2B",27105,"160-200 cm",0,0,NA
"E2","V2B",27105,">200 cm",0,0,NA
"E2","V2B",27106,"<40 cm",0,0,NA
"E2","V2B",27106,"40-80 cm",0,0,NA
"E2","V2B",27106,"80-120 cm",0,0,NA
"E2","V2B",27106,"120-160 cm",0,0,NA
"E2","V2B",27106,"160-200 cm",0,0,NA
"E2","V2B",27106,">200 cm",0,0,NA
"E2","V2B",27107,"<40 cm",0,0,NA
"E2","V2B",27107,"40-80 cm",0,0,NA
"E2","V2B",27107,"80-120 cm",0,0,NA
"E2","V2B",27107,"120-160 cm",0,0,NA
"E2","V2B",27107,"160-200 cm",0,0,NA
"E2","V2B",27107,">200 cm",0,0,NA
"E2","V2B",27108,"<40 cm",0,0,NA
"E2","V2B",27108,"40-80 cm",0,0,NA
"E2","V2B",27108,"80-120 cm",0,0,NA
"E2","V2B",27108,"120-160 cm",0,0,NA
"E2","V2B",27108,"160-200 cm",0,0,NA
"E2","V2B",27108,">200 cm",0,0,NA
"E2","V2B",27109,"<40 cm",0,0,NA
"E2","V2B",27109,"40-80 cm",0,0,NA
"E2","V2B",27109,"80-120 cm",0,0,NA
"E2","V2B",27109,"120-160 cm",0,0,NA
"E2","V2B",27109,"160-200 cm",0,0,NA
"E2","V2B",27109,">200 cm",0,0,NA
"E2","V2B",27110,"<40 cm",0,0,NA
"E2","V2B",27110,"40-80 cm",0,0,NA
"E2","V2B",27110,"80-120 cm",0,0,NA
"E2","V2B",27110,"120-160 cm",0,0,NA
"E2","V2B",27110,"160-200 cm",0,0,NA
"E2","V2B",27110,">200 cm",0,0,NA
"E2","V2B",28101,"<40 cm",96,125,0.768
"E2","V2B",28101,"40-80 cm",5,125,0.04
"E2","V2B",28101,"80-120 cm",1,125,0.008
"E2","V2B",28101,"120-160 cm",3,125,0.024
"E2","V2B",28101,"160-200 cm",1,125,0.008
"E2","V2B",28101,">200 cm",19,125,0.152
"E2","V2B",28102,"<40 cm",90,125,0.72
"E2","V2B",28102,"40-80 cm",2,125,0.016
"E2","V2B",28102,"80-120 cm",1,125,0.008
"E2","V2B",28102,"120-160 cm",2,125,0.016
"E2","V2B",28102,"160-200 cm",3,125,0.024
"E2","V2B",28102,">200 cm",27,125,0.216
"E2","V2B",28103,"<40 cm",90,125,0.72
"E2","V2B",28103,"40-80 cm",5,125,0.04
"E2","V2B",28103,"80-120 cm",3,125,0.024
"E2","V2B",28103,"120-160 cm",6,125,0.048
"E2","V2B",28103,"160-200 cm",4,125,0.032
"E2","V2B",28103,">200 cm",17,125,0.136
"E2","V2B",28104,"<40 cm",0,0,NA
"E2","V2B",28104,"40-80 cm",0,0,NA
"E2","V2B",28104,"80-120 cm",0,0,NA
"E2","V2B",28104,"120-160 cm",0,0,NA
"E2","V2B",28104,"160-200 cm",0,0,NA
"E2","V2B",28104,">200 cm",0,0,NA
"E2","V2B",28105,"<40 cm",0,0,NA
"E2","V2B",28105,"40-80 cm",0,0,NA
"E2","V2B",28105,"80-120 cm",0,0,NA
"E2","V2B",28105,"120-160 cm",0,0,NA
"E2","V2B",28105,"160-200 cm",0,0,NA
"E2","V2B",28105,">200 cm",0,0,NA
"E2","V2B",28106,"<40 cm",0,0,NA
"E2","V2B",28106,"40-80 cm",0,0,NA
"E2","V2B",28106,"80-120 cm",0,0,NA
"E2","V2B",28106,"120-160 cm",0,0,NA
"E2","V2B",28106,"160-200 cm",0,0,NA
"E2","V2B",28106,">200 cm",0,0,NA
"E2","V2B",28107,"<40 cm",0,0,NA
"E2","V2B",28107,"40-80 cm",0,0,NA
"E2","V2B",28107,"80-120 cm",0,0,NA
"E2","V2B",28107,"120-160 cm",0,0,NA
"E2","V2B",28107,"160-200 cm",0,0,NA
"E2","V2B",28107,">200 cm",0,0,NA
"E2","V2B",28108,"<40 cm",0,0,NA
"E2","V2B",28108,"40-80 cm",0,0,NA
"E2","V2B",28108,"80-120 cm",0,0,NA
"E2","V2B",28108,"120-160 cm",0,0,NA
"E2","V2B",28108,"160-200 cm",0,0,NA
"E2","V2B",28108,">200 cm",0,0,NA
"E2","V2B",28109,"<40 cm",0,0,NA
"E2","V2B",28109,"40-80 cm",0,0,NA
"E2","V2B",28109,"80-120 cm",0,0,NA
"E2","V2B",28109,"120-160 cm",0,0,NA
"E2","V2B",28109,"160-200 cm",0,0,NA
"E2","V2B",28109,">200 cm",0,0,NA
"E2","V2B",28110,"<40 cm",0,0,NA
"E2","V2B",28110,"40-80 cm",0,0,NA
"E2","V2B",28110,"80-120 cm",0,0,NA
"E2","V2B",28110,"120-160 cm",0,0,NA
"E2","V2B",28110,"160-200 cm",0,0,NA
"E2","V2B",28110,">200 cm",0,0,NA
"E2","V2B",29101,"<40 cm",92,125,0.736
"E2","V2B",29101,"40-80 cm",3,125,0.024
"E2","V2B",29101,"80-120 cm",1,125,0.008
"E2","V2B",29101,"120-160 cm",5,125,0.04
"E2","V2B",29101,"160-200 cm",2,125,0.016
"E2","V2B",29101,">200 cm",22,125,0.176
"E2","V2B",29102,"<40 cm",89,125,0.712
"E2","V2B",29102,"40-80 cm",0,125,0
"E2","V2B",29102,"80-120 cm",1,125,0.008
"E2","V2B",29102,"120-160 cm",2,125,0.016
"E2","V2B",29102,"160-200 cm",2,125,0.016
"E2","V2B",29102,">200 cm",31,125,0.248
"E2","V2B",29103,"<40 cm",90,125,0.72
"E2","V2B",29103,"40-80 cm",2,125,0.016
"E2","V2B",29103,"80-120 cm",2,125,0.016
"E2","V2B",29103,"120-160 cm",6,125,0.048
"E2","V2B",29103,"160-200 cm",4,125,0.032
"E2","V2B",29103,">200 cm",21,125,0.168
"E2","V2B",29104,"<40 cm",0,0,NA
"E2","V2B",29104,"40-80 cm",0,0,NA
"E2","V2B",29104,"80-120 cm",0,0,NA
"E2","V2B",29104,"120-160 cm",0,0,NA
"E2","V2B",29104,"160-200 cm",0,0,NA
"E2","V2B",29104,">200 cm",0,0,NA
"E2","V2B",29105,"<40 cm",0,0,NA
"E2","V2B",29105,"40-80 cm",0,0,NA
"E2","V2B",29105,"80-120 cm",0,0,NA
"E2","V2B",29105,"120-160 cm",0,0,NA
"E2","V2B",29105,"160-200 cm",0,0,NA
"E2","V2B",29105,">200 cm",0,0,NA
"E2","V2B",29106,"<40 cm",0,0,NA
"E2","V2B",29106,"40-80 cm",0,0,NA
"E2","V2B",29106,"80-120 cm",0,0,NA
"E2","V2B",29106,"120-160 cm",0,0,NA
"E2","V2B",29106,"160-200 cm",0,0,NA
"E2","V2B",29106,">200 cm",0,0,NA
"E2","V2B",29107,"<40 cm",0,0,NA
"E2","V2B",29107,"40-80 cm",0,0,NA
"E2","V2B",29107,"80-120 cm",0,0,NA
"E2","V2B",29107,"120-160 cm",0,0,NA
"E2","V2B",29107,"160-200 cm",0,0,NA
"E2","V2B",29107,">200 cm",0,0,NA
"E2","V2B",29108,"<40 cm",0,0,NA
"E2","V2B",29108,"40-80 cm",0,0,NA
"E2","V2B",29108,"80-120 cm",0,0,NA
"E2","V2B",29108,"120-160 cm",0,0,NA
"E2","V2B",29108,"160-200 cm",0,0,NA
"E2","V2B",29108,">200 cm",0,0,NA
"E2","V2B",29109,"<40 cm",0,0,NA
"E2","V2B",29109,"40-80 cm",0,0,NA
"E2","V2B",29109,"80-120 cm",0,0,NA
"E2","V2B",29109,"120-160 cm",0,0,NA
"E2","V2B",29109,"160-200 cm",0,0,NA
"E2","V2B",29109,">200 cm",0,0,NA
"E2","V2B",29110,"<40 cm",0,0,NA
"E2","V2B",29110,"40-80 cm",0,0,NA
"E2","V2B",29110,"80-120 cm",0,0,NA
"E2","V2B",29110,"120-160 cm",0,0,NA
"E2","V2B",29110,"160-200 cm",0,0,NA
"E2","V2B",29110,">200 cm",0,0,NA
"E2","V2B",30101,"<40 cm",99,125,0.792
"E2","V2B",30101,"40-80 cm",5,125,0.04
"E2","V2B",30101,"80-120 cm",2,125,0.016
"E2","V2B",30101,"120-160 cm",3,125,0.024
"E2","V2B",30101,"160-200 cm",5,125,0.04
"E2","V2B",30101,">200 cm",11,125,0.088
"E2","V2B",30102,"<40 cm",99,125,0.792
"E2","V2B",30102,"40-80 cm",2,125,0.016
"E2","V2B",30102,"80-120 cm",1,125,0.008
"E2","V2B",30102,"120-160 cm",2,125,0.016
"E2","V2B",30102,"160-200 cm",6,125,0.048
"E2","V2B",30102,">200 cm",15,125,0.12
"E2","V2B",30103,"<40 cm",98,125,0.784
"E2","V2B",30103,"40-80 cm",6,125,0.048
"E2","V2B",30103,"80-120 cm",3,125,0.024
"E2","V2B",30103,"120-160 cm",3,125,0.024
"E2","V2B",30103,"160-200 cm",3,125,0.024
"E2","V2B",30103,">200 cm",12,125,0.096
"E2","V2B",30104,"<40 cm",0,0,NA
"E2","V2B",30104,"40-80 cm",0,0,NA
"E2","V2B",30104,"80-120 cm",0,0,NA
"E2","V2B",30104,"120-160 cm",0,0,NA
"E2","V2B",30104,"160-200 cm",0,0,NA
"E2","V2B",30104,">200 cm",0,0,NA
"E2","V2B",30105,"<40 cm",0,0,NA
"E2","V2B",30105,"40-80 cm",0,0,NA
"E2","V2B",30105,"80-120 cm",0,0,NA
"E2","V2B",30105,"120-160 cm",0,0,NA
"E2","V2B",30105,"160-200 cm",0,0,NA
"E2","V2B",30105,">200 cm",0,0,NA
"E2","V2B",30106,"<40 cm",0,0,NA
"E2","V2B",30106,"40-80 cm",0,0,NA
"E2","V2B",30106,"80-120 cm",0,0,NA
"E2","V2B",30106,"120-160 cm",0,0,NA
"E2","V2B",30106,"160-200 cm",0,0,NA
"E2","V2B",30106,">200 cm",0,0,NA
"E2","V2B",30107,"<40 cm",0,0,NA
"E2","V2B",30107,"40-80 cm",0,0,NA
"E2","V2B",30107,"80-120 cm",0,0,NA
"E2","V2B",30107,"120-160 cm",0,0,NA
"E2","V2B",30107,"160-200 cm",0,0,NA
"E2","V2B",30107,">200 cm",0,0,NA
"E2","V2B",30108,"<40 cm",0,0,NA
"E2","V2B",30108,"40-80 cm",0,0,NA
"E2","V2B",30108,"80-120 cm",0,0,NA
"E2","V2B",30108,"120-160 cm",0,0,NA
"E2","V2B",30108,"160-200 cm",0,0,NA
"E2","V2B",30108,">200 cm",0,0,NA
"E2","V2B",30109,"<40 cm",0,0,NA
"E2","V2B",30109,"40-80 cm",0,0,NA
"E2","V2B",30109,"80-120 cm",0,0,NA
"E2","V2B",30109,"120-160 cm",0,0,NA
"E2","V2B",30109,"160-200 cm",0,0,NA
"E2","V2B",30109,">200 cm",0,0,NA
"E2","V2B",30110,"<40 cm",0,0,NA
"E2","V2B",30110,"40-80 cm",0,0,NA
"E2","V2B",30110,"80-120 cm",0,0,NA
"E2","V2B",30110,"120-160 cm",0,0,NA
"E2","V2B",30110,"160-200 cm",0,0,NA
"E2","V2B",30110,">200 cm",0,0,NA
"E2","V2BASE",1101,"<40 cm",185,250,0.74
"E2","V2BASE",1101,"40-80 cm",9,250,0.036
"E2","V2BASE",1101,"80-120 cm",3,250,0.012
"E2","V2BASE",1101,"120-160 cm",4,250,0.016
"E2","V2BASE",1101,"160-200 cm",3,250,0.012
"E2","V2BASE",1101,">200 cm",46,250,0.184
"E2","V2BASE",1102,"<40 cm",176,250,0.704
"E2","V2BASE",1102,"40-80 cm",3,250,0.012
"E2","V2BASE",1102,"80-120 cm",5,250,0.02
"E2","V2BASE",1102,"120-160 cm",5,250,0.02
"E2","V2BASE",1102,"160-200 cm",3,250,0.012
"E2","V2BASE",1102,">200 cm",58,250,0.232
"E2","V2BASE",1103,"<40 cm",185,250,0.74
"E2","V2BASE",1103,"40-80 cm",6,250,0.024
"E2","V2BASE",1103,"80-120 cm",4,250,0.016
"E2","V2BASE",1103,"120-160 cm",7,250,0.028
"E2","V2BASE",1103,"160-200 cm",6,250,0.024
"E2","V2BASE",1103,">200 cm",42,250,0.168
"E2","V2BASE",1104,"<40 cm",179,250,0.716
"E2","V2BASE",1104,"40-80 cm",8,250,0.032
"E2","V2BASE",1104,"80-120 cm",5,250,0.02
"E2","V2BASE",1104,"120-160 cm",5,250,0.02
"E2","V2BASE",1104,"160-200 cm",4,250,0.016
"E2","V2BASE",1104,">200 cm",49,250,0.196
"E2","V2BASE",1105,"<40 cm",183,250,0.732
"E2","V2BASE",1105,"40-80 cm",7,250,0.028
"E2","V2BASE",1105,"80-120 cm",2,250,0.008
"E2","V2BASE",1105,"120-160 cm",3,250,0.012
"E2","V2BASE",1105,"160-200 cm",3,250,0.012
"E2","V2BASE",1105,">200 cm",52,250,0.208
"E2","V2BASE",1106,"<40 cm",177,250,0.708
"E2","V2BASE",1106,"40-80 cm",6,250,0.024
"E2","V2BASE",1106,"80-120 cm",6,250,0.024
"E2","V2BASE",1106,"120-160 cm",4,250,0.016
"E2","V2BASE",1106,"160-200 cm",6,250,0.024
"E2","V2BASE",1106,">200 cm",51,250,0.204
"E2","V2BASE",1107,"<40 cm",183,250,0.732
"E2","V2BASE",1107,"40-80 cm",8,250,0.032
"E2","V2BASE",1107,"80-120 cm",1,250,0.004
"E2","V2BASE",1107,"120-160 cm",2,250,0.008
"E2","V2BASE",1107,"160-200 cm",3,250,0.012
"E2","V2BASE",1107,">200 cm",53,250,0.212
"E2","V2BASE",1108,"<40 cm",195,250,0.78
"E2","V2BASE",1108,"40-80 cm",4,250,0.016
"E2","V2BASE",1108,"80-120 cm",2,250,0.008
"E2","V2BASE",1108,"120-160 cm",6,250,0.024
"E2","V2BASE",1108,"160-200 cm",3,250,0.012
"E2","V2BASE",1108,">200 cm",40,250,0.16
"E2","V2BASE",1109,"<40 cm",191,250,0.764
"E2","V2BASE",1109,"40-80 cm",6,250,0.024
"E2","V2BASE",1109,"80-120 cm",3,250,0.012
"E2","V2BASE",1109,"120-160 cm",4,250,0.016
"E2","V2BASE",1109,"160-200 cm",4,250,0.016
"E2","V2BASE",1109,">200 cm",42,250,0.168
"E2","V2BASE",1110,"<40 cm",177,250,0.708
"E2","V2BASE",1110,"40-80 cm",3,250,0.012
"E2","V2BASE",1110,"80-120 cm",4,250,0.016
"E2","V2BASE",1110,"120-160 cm",4,250,0.016
"E2","V2BASE",1110,"160-200 cm",1,250,0.004
"E2","V2BASE",1110,">200 cm",61,250,0.244
"E2","V2BASE",2101,"<40 cm",200,250,0.8
"E2","V2BASE",2101,"40-80 cm",8,250,0.032
"E2","V2BASE",2101,"80-120 cm",2,250,0.008
"E2","V2BASE",2101,"120-160 cm",7,250,0.028
"E2","V2BASE",2101,"160-200 cm",7,250,0.028
"E2","V2BASE",2101,">200 cm",26,250,0.104
"E2","V2BASE",2102,"<40 cm",185,250,0.74
"E2","V2BASE",2102,"40-80 cm",3,250,0.012
"E2","V2BASE",2102,"80-120 cm",8,250,0.032
"E2","V2BASE",2102,"120-160 cm",7,250,0.028
"E2","V2BASE",2102,"160-200 cm",9,250,0.036
"E2","V2BASE",2102,">200 cm",38,250,0.152
"E2","V2BASE",2103,"<40 cm",197,250,0.788
"E2","V2BASE",2103,"40-80 cm",2,250,0.008
"E2","V2BASE",2103,"80-120 cm",5,250,0.02
"E2","V2BASE",2103,"120-160 cm",9,250,0.036
"E2","V2BASE",2103,"160-200 cm",5,250,0.02
"E2","V2BASE",2103,">200 cm",32,250,0.128
"E2","V2BASE",2104,"<40 cm",188,250,0.752
"E2","V2BASE",2104,"40-80 cm",4,250,0.016
"E2","V2BASE",2104,"80-120 cm",5,250,0.02
"E2","V2BASE",2104,"120-160 cm",6,250,0.024
"E2","V2BASE",2104,"160-200 cm",9,250,0.036
"E2","V2BASE",2104,">200 cm",38,250,0.152
"E2","V2BASE",2105,"<40 cm",197,250,0.788
"E2","V2BASE",2105,"40-80 cm",7,250,0.028
"E2","V2BASE",2105,"80-120 cm",6,250,0.024
"E2","V2BASE",2105,"120-160 cm",6,250,0.024
"E2","V2BASE",2105,"160-200 cm",5,250,0.02
"E2","V2BASE",2105,">200 cm",29,250,0.116
"E2","V2BASE",2106,"<40 cm",187,250,0.748
"E2","V2BASE",2106,"40-80 cm",5,250,0.02
"E2","V2BASE",2106,"80-120 cm",7,250,0.028
"E2","V2BASE",2106,"120-160 cm",8,250,0.032
"E2","V2BASE",2106,"160-200 cm",8,250,0.032
"E2","V2BASE",2106,">200 cm",35,250,0.14
"E2","V2BASE",2107,"<40 cm",193,250,0.772
"E2","V2BASE",2107,"40-80 cm",3,250,0.012
"E2","V2BASE",2107,"80-120 cm",3,250,0.012
"E2","V2BASE",2107,"120-160 cm",6,250,0.024
"E2","V2BASE",2107,"160-200 cm",10,250,0.04
"E2","V2BASE",2107,">200 cm",35,250,0.14
"E2","V2BASE",2108,"<40 cm",208,250,0.832
"E2","V2BASE",2108,"40-80 cm",5,250,0.02
"E2","V2BASE",2108,"80-120 cm",3,250,0.012
"E2","V2BASE",2108,"120-160 cm",7,250,0.028
"E2","V2BASE",2108,"160-200 cm",3,250,0.012
"E2","V2BASE",2108,">200 cm",24,250,0.096
"E2","V2BASE",2109,"<40 cm",198,250,0.792
"E2","V2BASE",2109,"40-80 cm",7,250,0.028
"E2","V2BASE",2109,"80-120 cm",6,250,0.024
"E2","V2BASE",2109,"120-160 cm",7,250,0.028
"E2","V2BASE",2109,"160-200 cm",6,250,0.024
"E2","V2BASE",2109,">200 cm",26,250,0.104
"E2","V2BASE",2110,"<40 cm",190,250,0.76
"E2","V2BASE",2110,"40-80 cm",3,250,0.012
"E2","V2BASE",2110,"80-120 cm",6,250,0.024
"E2","V2BASE",2110,"120-160 cm",8,250,0.032
"E2","V2BASE",2110,"160-200 cm",4,250,0.016
"E2","V2BASE",2110,">200 cm",39,250,0.156
"E2","V2BASE",3101,"<40 cm",192,250,0.768
"E2","V2BASE",3101,"40-80 cm",5,250,0.02
"E2","V2BASE",3101,"80-120 cm",4,250,0.016
"E2","V2BASE",3101,"120-160 cm",4,250,0.016
"E2","V2BASE",3101,"160-200 cm",3,250,0.012
"E2","V2BASE",3101,">200 cm",42,250,0.168
"E2","V2BASE",3102,"<40 cm",177,250,0.708
"E2","V2BASE",3102,"40-80 cm",2,250,0.008
"E2","V2BASE",3102,"80-120 cm",6,250,0.024
"E2","V2BASE",3102,"120-160 cm",7,250,0.028
"E2","V2BASE",3102,"160-200 cm",4,250,0.016
"E2","V2BASE",3102,">200 cm",54,250,0.216
"E2","V2BASE",3103,"<40 cm",188,250,0.752
"E2","V2BASE",3103,"40-80 cm",6,250,0.024
"E2","V2BASE",3103,"80-120 cm",3,250,0.012
"E2","V2BASE",3103,"120-160 cm",8,250,0.032
"E2","V2BASE",3103,"160-200 cm",5,250,0.02
"E2","V2BASE",3103,">200 cm",40,250,0.16
"E2","V2BASE",3104,"<40 cm",179,250,0.716
"E2","V2BASE",3104,"40-80 cm",6,250,0.024
"E2","V2BASE",3104,"80-120 cm",9,250,0.036
"E2","V2BASE",3104,"120-160 cm",4,250,0.016
"E2","V2BASE",3104,"160-200 cm",2,250,0.008
"E2","V2BASE",3104,">200 cm",50,250,0.2
"E2","V2BASE",3105,"<40 cm",184,250,0.736
"E2","V2BASE",3105,"40-80 cm",6,250,0.024
"E2","V2BASE",3105,"80-120 cm",5,250,0.02
"E2","V2BASE",3105,"120-160 cm",3,250,0.012
"E2","V2BASE",3105,"160-200 cm",4,250,0.016
"E2","V2BASE",3105,">200 cm",48,250,0.192
"E2","V2BASE",3106,"<40 cm",176,250,0.704
"E2","V2BASE",3106,"40-80 cm",5,250,0.02
"E2","V2BASE",3106,"80-120 cm",6,250,0.024
"E2","V2BASE",3106,"120-160 cm",4,250,0.016
"E2","V2BASE",3106,"160-200 cm",6,250,0.024
"E2","V2BASE",3106,">200 cm",53,250,0.212
"E2","V2BASE",3107,"<40 cm",188,250,0.752
"E2","V2BASE",3107,"40-80 cm",4,250,0.016
"E2","V2BASE",3107,"80-120 cm",3,250,0.012
"E2","V2BASE",3107,"120-160 cm",1,250,0.004
"E2","V2BASE",3107,"160-200 cm",3,250,0.012
"E2","V2BASE",3107,">200 cm",51,250,0.204
"E2","V2BASE",3108,"<40 cm",197,250,0.788
"E2","V2BASE",3108,"40-80 cm",3,250,0.012
"E2","V2BASE",3108,"80-120 cm",1,250,0.004
"E2","V2BASE",3108,"120-160 cm",7,250,0.028
"E2","V2BASE",3108,"160-200 cm",3,250,0.012
"E2","V2BASE",3108,">200 cm",39,250,0.156
"E2","V2BASE",3109,"<40 cm",188,250,0.752
"E2","V2BASE",3109,"40-80 cm",3,250,0.012
"E2","V2BASE",3109,"80-120 cm",6,250,0.024
"E2","V2BASE",3109,"120-160 cm",3,250,0.012
"E2","V2BASE",3109,"160-200 cm",3,250,0.012
"E2","V2BASE",3109,">200 cm",47,250,0.188
"E2","V2BASE",3110,"<40 cm",180,250,0.72
"E2","V2BASE",3110,"40-80 cm",3,250,0.012
"E2","V2BASE",3110,"80-120 cm",3,250,0.012
"E2","V2BASE",3110,"120-160 cm",6,250,0.024
"E2","V2BASE",3110,"160-200 cm",1,250,0.004
"E2","V2BASE",3110,">200 cm",57,250,0.228
"E2","V2BASE",4101,"<40 cm",191,250,0.764
"E2","V2BASE",4101,"40-80 cm",6,250,0.024
"E2","V2BASE",4101,"80-120 cm",3,250,0.012
"E2","V2BASE",4101,"120-160 cm",6,250,0.024
"E2","V2BASE",4101,"160-200 cm",12,250,0.048
"E2","V2BASE",4101,">200 cm",32,250,0.128
"E2","V2BASE",4102,"<40 cm",176,250,0.704
"E2","V2BASE",4102,"40-80 cm",3,250,0.012
"E2","V2BASE",4102,"80-120 cm",5,250,0.02
"E2","V2BASE",4102,"120-160 cm",8,250,0.032
"E2","V2BASE",4102,"160-200 cm",8,250,0.032
"E2","V2BASE",4102,">200 cm",50,250,0.2
"E2","V2BASE",4103,"<40 cm",189,250,0.756
"E2","V2BASE",4103,"40-80 cm",6,250,0.024
"E2","V2BASE",4103,"80-120 cm",4,250,0.016
"E2","V2BASE",4103,"120-160 cm",8,250,0.032
"E2","V2BASE",4103,"160-200 cm",7,250,0.028
"E2","V2BASE",4103,">200 cm",36,250,0.144
"E2","V2BASE",4104,"<40 cm",181,250,0.724
"E2","V2BASE",4104,"40-80 cm",8,250,0.032
"E2","V2BASE",4104,"80-120 cm",5,250,0.02
"E2","V2BASE",4104,"120-160 cm",5,250,0.02
"E2","V2BASE",4104,"160-200 cm",5,250,0.02
"E2","V2BASE",4104,">200 cm",46,250,0.184
"E2","V2BASE",4105,"<40 cm",186,250,0.744
"E2","V2BASE",4105,"40-80 cm",5,250,0.02
"E2","V2BASE",4105,"80-120 cm",3,250,0.012
"E2","V2BASE",4105,"120-160 cm",3,250,0.012
"E2","V2BASE",4105,"160-200 cm",11,250,0.044
"E2","V2BASE",4105,">200 cm",42,250,0.168
"E2","V2BASE",4106,"<40 cm",177,250,0.708
"E2","V2BASE",4106,"40-80 cm",4,250,0.016
"E2","V2BASE",4106,"80-120 cm",7,250,0.028
"E2","V2BASE",4106,"120-160 cm",6,250,0.024
"E2","V2BASE",4106,"160-200 cm",13,250,0.052
"E2","V2BASE",4106,">200 cm",43,250,0.172
"E2","V2BASE",4107,"<40 cm",189,250,0.756
"E2","V2BASE",4107,"40-80 cm",4,250,0.016
"E2","V2BASE",4107,"80-120 cm",2,250,0.008
"E2","V2BASE",4107,"120-160 cm",2,250,0.008
"E2","V2BASE",4107,"160-200 cm",11,250,0.044
"E2","V2BASE",4107,">200 cm",42,250,0.168
"E2","V2BASE",4108,"<40 cm",198,250,0.792
"E2","V2BASE",4108,"40-80 cm",0,250,0
"E2","V2BASE",4108,"80-120 cm",4,250,0.016
"E2","V2BASE",4108,"120-160 cm",9,250,0.036
"E2","V2BASE",4108,"160-200 cm",6,250,0.024
"E2","V2BASE",4108,">200 cm",33,250,0.132
"E2","V2BASE",4109,"<40 cm",193,250,0.772
"E2","V2BASE",4109,"40-80 cm",5,250,0.02
"E2","V2BASE",4109,"80-120 cm",4,250,0.016
"E2","V2BASE",4109,"120-160 cm",3,250,0.012
"E2","V2BASE",4109,"160-200 cm",6,250,0.024
"E2","V2BASE",4109,">200 cm",39,250,0.156
"E2","V2BASE",4110,"<40 cm",178,250,0.712
"E2","V2BASE",4110,"40-80 cm",4,250,0.016
"E2","V2BASE",4110,"80-120 cm",5,250,0.02
"E2","V2BASE",4110,"120-160 cm",7,250,0.028
"E2","V2BASE",4110,"160-200 cm",7,250,0.028
"E2","V2BASE",4110,">200 cm",49,250,0.196
"E2","V2BASE",5101,"<40 cm",191,250,0.764
"E2","V2BASE",5101,"40-80 cm",5,250,0.02
"E2","V2BASE",5101,"80-120 cm",4,250,0.016
"E2","V2BASE",5101,"120-160 cm",5,250,0.02
"E2","V2BASE",5101,"160-200 cm",6,250,0.024
"E2","V2BASE",5101,">200 cm",39,250,0.156
"E2","V2BASE",5102,"<40 cm",179,250,0.716
"E2","V2BASE",5102,"40-80 cm",7,250,0.028
"E2","V2BASE",5102,"80-120 cm",6,250,0.024
"E2","V2BASE",5102,"120-160 cm",3,250,0.012
"E2","V2BASE",5102,"160-200 cm",5,250,0.02
"E2","V2BASE",5102,">200 cm",50,250,0.2
"E2","V2BASE",5103,"<40 cm",188,250,0.752
"E2","V2BASE",5103,"40-80 cm",4,250,0.016
"E2","V2BASE",5103,"80-120 cm",8,250,0.032
"E2","V2BASE",5103,"120-160 cm",7,250,0.028
"E2","V2BASE",5103,"160-200 cm",7,250,0.028
"E2","V2BASE",5103,">200 cm",36,250,0.144
"E2","V2BASE",5104,"<40 cm",186,250,0.744
"E2","V2BASE",5104,"40-80 cm",5,250,0.02
"E2","V2BASE",5104,"80-120 cm",6,250,0.024
"E2","V2BASE",5104,"120-160 cm",8,250,0.032
"E2","V2BASE",5104,"160-200 cm",4,250,0.016
"E2","V2BASE",5104,">200 cm",41,250,0.164
"E2","V2BASE",5105,"<40 cm",190,250,0.76
"E2","V2BASE",5105,"40-80 cm",3,250,0.012
"E2","V2BASE",5105,"80-120 cm",2,250,0.008
"E2","V2BASE",5105,"120-160 cm",6,250,0.024
"E2","V2BASE",5105,"160-200 cm",6,250,0.024
"E2","V2BASE",5105,">200 cm",43,250,0.172
"E2","V2BASE",5106,"<40 cm",179,250,0.716
"E2","V2BASE",5106,"40-80 cm",7,250,0.028
"E2","V2BASE",5106,"80-120 cm",6,250,0.024
"E2","V2BASE",5106,"120-160 cm",3,250,0.012
"E2","V2BASE",5106,"160-200 cm",11,250,0.044
"E2","V2BASE",5106,">200 cm",44,250,0.176
"E2","V2BASE",5107,"<40 cm",194,250,0.776
"E2","V2BASE",5107,"40-80 cm",6,250,0.024
"E2","V2BASE",5107,"80-120 cm",3,250,0.012
"E2","V2BASE",5107,"120-160 cm",5,250,0.02
"E2","V2BASE",5107,"160-200 cm",3,250,0.012
"E2","V2BASE",5107,">200 cm",39,250,0.156
"E2","V2BASE",5108,"<40 cm",204,250,0.816
"E2","V2BASE",5108,"40-80 cm",1,250,0.004
"E2","V2BASE",5108,"80-120 cm",2,250,0.008
"E2","V2BASE",5108,"120-160 cm",4,250,0.016
"E2","V2BASE",5108,"160-200 cm",5,250,0.02
"E2","V2BASE",5108,">200 cm",34,250,0.136
"E2","V2BASE",5109,"<40 cm",193,250,0.772
"E2","V2BASE",5109,"40-80 cm",7,250,0.028
"E2","V2BASE",5109,"80-120 cm",4,250,0.016
"E2","V2BASE",5109,"120-160 cm",5,250,0.02
"E2","V2BASE",5109,"160-200 cm",5,250,0.02
"E2","V2BASE",5109,">200 cm",36,250,0.144
"E2","V2BASE",5110,"<40 cm",184,250,0.736
"E2","V2BASE",5110,"40-80 cm",3,250,0.012
"E2","V2BASE",5110,"80-120 cm",8,250,0.032
"E2","V2BASE",5110,"120-160 cm",4,250,0.016
"E2","V2BASE",5110,"160-200 cm",3,250,0.012
"E2","V2BASE",5110,">200 cm",48,250,0.192
"E2","V2BASE",6101,"<40 cm",192,250,0.768
"E2","V2BASE",6101,"40-80 cm",4,250,0.016
"E2","V2BASE",6101,"80-120 cm",4,250,0.016
"E2","V2BASE",6101,"120-160 cm",4,250,0.016
"E2","V2BASE",6101,"160-200 cm",5,250,0.02
"E2","V2BASE",6101,">200 cm",41,250,0.164
"E2","V2BASE",6102,"<40 cm",178,250,0.712
"E2","V2BASE",6102,"40-80 cm",2,250,0.008
"E2","V2BASE",6102,"80-120 cm",4,250,0.016
"E2","V2BASE",6102,"120-160 cm",5,250,0.02
"E2","V2BASE",6102,"160-200 cm",7,250,0.028
"E2","V2BASE",6102,">200 cm",54,250,0.216
"E2","V2BASE",6103,"<40 cm",192,250,0.768
"E2","V2BASE",6103,"40-80 cm",4,250,0.016
"E2","V2BASE",6103,"80-120 cm",3,250,0.012
"E2","V2BASE",6103,"120-160 cm",7,250,0.028
"E2","V2BASE",6103,"160-200 cm",12,250,0.048
"E2","V2BASE",6103,">200 cm",32,250,0.128
"E2","V2BASE",6104,"<40 cm",179,250,0.716
"E2","V2BASE",6104,"40-80 cm",7,250,0.028
"E2","V2BASE",6104,"80-120 cm",7,250,0.028
"E2","V2BASE",6104,"120-160 cm",5,250,0.02
"E2","V2BASE",6104,"160-200 cm",8,250,0.032
"E2","V2BASE",6104,">200 cm",44,250,0.176
"E2","V2BASE",6105,"<40 cm",187,250,0.748
"E2","V2BASE",6105,"40-80 cm",3,250,0.012
"E2","V2BASE",6105,"80-120 cm",4,250,0.016
"E2","V2BASE",6105,"120-160 cm",3,250,0.012
"E2","V2BASE",6105,"160-200 cm",5,250,0.02
"E2","V2BASE",6105,">200 cm",48,250,0.192
"E2","V2BASE",6106,"<40 cm",177,250,0.708
"E2","V2BASE",6106,"40-80 cm",6,250,0.024
"E2","V2BASE",6106,"80-120 cm",7,250,0.028
"E2","V2BASE",6106,"120-160 cm",7,250,0.028
"E2","V2BASE",6106,"160-200 cm",6,250,0.024
"E2","V2BASE",6106,">200 cm",47,250,0.188
"E2","V2BASE",6107,"<40 cm",190,250,0.76
"E2","V2BASE",6107,"40-80 cm",4,250,0.016
"E2","V2BASE",6107,"80-120 cm",3,250,0.012
"E2","V2BASE",6107,"120-160 cm",3,250,0.012
"E2","V2BASE",6107,"160-200 cm",4,250,0.016
"E2","V2BASE",6107,">200 cm",46,250,0.184
"E2","V2BASE",6108,"<40 cm",196,250,0.784
"E2","V2BASE",6108,"40-80 cm",1,250,0.004
"E2","V2BASE",6108,"80-120 cm",3,250,0.012
"E2","V2BASE",6108,"120-160 cm",8,250,0.032
"E2","V2BASE",6108,"160-200 cm",6,250,0.024
"E2","V2BASE",6108,">200 cm",36,250,0.144
"E2","V2BASE",6109,"<40 cm",193,250,0.772
"E2","V2BASE",6109,"40-80 cm",2,250,0.008
"E2","V2BASE",6109,"80-120 cm",6,250,0.024
"E2","V2BASE",6109,"120-160 cm",6,250,0.024
"E2","V2BASE",6109,"160-200 cm",7,250,0.028
"E2","V2BASE",6109,">200 cm",36,250,0.144
"E2","V2BASE",6110,"<40 cm",177,250,0.708
"E2","V2BASE",6110,"40-80 cm",3,250,0.012
"E2","V2BASE",6110,"80-120 cm",6,250,0.024
"E2","V2BASE",6110,"120-160 cm",5,250,0.02
"E2","V2BASE",6110,"160-200 cm",5,250,0.02
"E2","V2BASE",6110,">200 cm",54,250,0.216
"E2","V2BASE",7101,"<40 cm",189,250,0.756
"E2","V2BASE",7101,"40-80 cm",6,250,0.024
"E2","V2BASE",7101,"80-120 cm",4,250,0.016
"E2","V2BASE",7101,"120-160 cm",4,250,0.016
"E2","V2BASE",7101,"160-200 cm",4,250,0.016
"E2","V2BASE",7101,">200 cm",43,250,0.172
"E2","V2BASE",7102,"<40 cm",177,250,0.708
"E2","V2BASE",7102,"40-80 cm",1,250,0.004
"E2","V2BASE",7102,"80-120 cm",5,250,0.02
"E2","V2BASE",7102,"120-160 cm",6,250,0.024
"E2","V2BASE",7102,"160-200 cm",3,250,0.012
"E2","V2BASE",7102,">200 cm",58,250,0.232
"E2","V2BASE",7103,"<40 cm",186,250,0.744
"E2","V2BASE",7103,"40-80 cm",7,250,0.028
"E2","V2BASE",7103,"80-120 cm",3,250,0.012
"E2","V2BASE",7103,"120-160 cm",8,250,0.032
"E2","V2BASE",7103,"160-200 cm",6,250,0.024
"E2","V2BASE",7103,">200 cm",40,250,0.16
"E2","V2BASE",7104,"<40 cm",179,250,0.716
"E2","V2BASE",7104,"40-80 cm",8,250,0.032
"E2","V2BASE",7104,"80-120 cm",5,250,0.02
"E2","V2BASE",7104,"120-160 cm",5,250,0.02
"E2","V2BASE",7104,"160-200 cm",2,250,0.008
"E2","V2BASE",7104,">200 cm",51,250,0.204
"E2","V2BASE",7105,"<40 cm",184,250,0.736
"E2","V2BASE",7105,"40-80 cm",6,250,0.024
"E2","V2BASE",7105,"80-120 cm",3,250,0.012
"E2","V2BASE",7105,"120-160 cm",3,250,0.012
"E2","V2BASE",7105,"160-200 cm",3,250,0.012
"E2","V2BASE",7105,">200 cm",51,250,0.204
"E2","V2BASE",7106,"<40 cm",176,250,0.704
"E2","V2BASE",7106,"40-80 cm",6,250,0.024
"E2","V2BASE",7106,"80-120 cm",6,250,0.024
"E2","V2BASE",7106,"120-160 cm",5,250,0.02
"E2","V2BASE",7106,"160-200 cm",5,250,0.02
"E2","V2BASE",7106,">200 cm",52,250,0.208
"E2","V2BASE",7107,"<40 cm",188,250,0.752
"E2","V2BASE",7107,"40-80 cm",5,250,0.02
"E2","V2BASE",7107,"80-120 cm",1,250,0.004
"E2","V2BASE",7107,"120-160 cm",2,250,0.008
"E2","V2BASE",7107,"160-200 cm",3,250,0.012
"E2","V2BASE",7107,">200 cm",51,250,0.204
"E2","V2BASE",7108,"<40 cm",195,250,0.78
"E2","V2BASE",7108,"40-80 cm",5,250,0.02
"E2","V2BASE",7108,"80-120 cm",2,250,0.008
"E2","V2BASE",7108,"120-160 cm",6,250,0.024
"E2","V2BASE",7108,"160-200 cm",4,250,0.016
"E2","V2BASE",7108,">200 cm",38,250,0.152
"E2","V2BASE",7109,"<40 cm",193,250,0.772
"E2","V2BASE",7109,"40-80 cm",3,250,0.012
"E2","V2BASE",7109,"80-120 cm",5,250,0.02
"E2","V2BASE",7109,"120-160 cm",3,250,0.012
"E2","V2BASE",7109,"160-200 cm",4,250,0.016
"E2","V2BASE",7109,">200 cm",42,250,0.168
"E2","V2BASE",7110,"<40 cm",178,250,0.712
"E2","V2BASE",7110,"40-80 cm",3,250,0.012
"E2","V2BASE",7110,"80-120 cm",4,250,0.016
"E2","V2BASE",7110,"120-160 cm",5,250,0.02
"E2","V2BASE",7110,"160-200 cm",0,250,0
"E2","V2BASE",7110,">200 cm",60,250,0.24
"E2","V2BASE",8101,"<40 cm",178,250,0.712
"E2","V2BASE",8101,"40-80 cm",18,250,0.072
"E2","V2BASE",8101,"80-120 cm",4,250,0.016
"E2","V2BASE",8101,"120-160 cm",5,250,0.02
"E2","V2BASE",8101,"160-200 cm",4,250,0.016
"E2","V2BASE",8101,">200 cm",41,250,0.164
"E2","V2BASE",8102,"<40 cm",167,250,0.668
"E2","V2BASE",8102,"40-80 cm",12,250,0.048
"E2","V2BASE",8102,"80-120 cm",7,250,0.028
"E2","V2BASE",8102,"120-160 cm",6,250,0.024
"E2","V2BASE",8102,"160-200 cm",5,250,0.02
"E2","V2BASE",8102,">200 cm",53,250,0.212
"E2","V2BASE",8103,"<40 cm",176,250,0.704
"E2","V2BASE",8103,"40-80 cm",16,250,0.064
"E2","V2BASE",8103,"80-120 cm",5,250,0.02
"E2","V2BASE",8103,"120-160 cm",6,250,0.024
"E2","V2BASE",8103,"160-200 cm",7,250,0.028
"E2","V2BASE",8103,">200 cm",40,250,0.16
"E2","V2BASE",8104,"<40 cm",164,250,0.656
"E2","V2BASE",8104,"40-80 cm",18,250,0.072
"E2","V2BASE",8104,"80-120 cm",6,250,0.024
"E2","V2BASE",8104,"120-160 cm",6,250,0.024
"E2","V2BASE",8104,"160-200 cm",5,250,0.02
"E2","V2BASE",8104,">200 cm",51,250,0.204
"E2","V2BASE",8105,"<40 cm",170,250,0.68
"E2","V2BASE",8105,"40-80 cm",17,250,0.068
"E2","V2BASE",8105,"80-120 cm",6,250,0.024
"E2","V2BASE",8105,"120-160 cm",5,250,0.02
"E2","V2BASE",8105,"160-200 cm",4,250,0.016
"E2","V2BASE",8105,">200 cm",48,250,0.192
"E2","V2BASE",8106,"<40 cm",164,250,0.656
"E2","V2BASE",8106,"40-80 cm",19,250,0.076
"E2","V2BASE",8106,"80-120 cm",9,250,0.036
"E2","V2BASE",8106,"120-160 cm",3,250,0.012
"E2","V2BASE",8106,"160-200 cm",6,250,0.024
"E2","V2BASE",8106,">200 cm",49,250,0.196
"E2","V2BASE",8107,"<40 cm",183,250,0.732
"E2","V2BASE",8107,"40-80 cm",8,250,0.032
"E2","V2BASE",8107,"80-120 cm",5,250,0.02
"E2","V2BASE",8107,"120-160 cm",4,250,0.016
"E2","V2BASE",8107,"160-200 cm",6,250,0.024
"E2","V2BASE",8107,">200 cm",44,250,0.176
"E2","V2BASE",8108,"<40 cm",185,250,0.74
"E2","V2BASE",8108,"40-80 cm",15,250,0.06
"E2","V2BASE",8108,"80-120 cm",3,250,0.012
"E2","V2BASE",8108,"120-160 cm",7,250,0.028
"E2","V2BASE",8108,"160-200 cm",3,250,0.012
"E2","V2BASE",8108,">200 cm",37,250,0.148
"E2","V2BASE",8109,"<40 cm",175,250,0.7
"E2","V2BASE",8109,"40-80 cm",19,250,0.076
"E2","V2BASE",8109,"80-120 cm",6,250,0.024
"E2","V2BASE",8109,"120-160 cm",3,250,0.012
"E2","V2BASE",8109,"160-200 cm",4,250,0.016
"E2","V2BASE",8109,">200 cm",43,250,0.172
"E2","V2BASE",8110,"<40 cm",171,250,0.684
"E2","V2BASE",8110,"40-80 cm",14,250,0.056
"E2","V2BASE",8110,"80-120 cm",4,250,0.016
"E2","V2BASE",8110,"120-160 cm",2,250,0.008
"E2","V2BASE",8110,"160-200 cm",1,250,0.004
"E2","V2BASE",8110,">200 cm",58,250,0.232
"E2","V2BASE",9101,"<40 cm",193,250,0.772
"E2","V2BASE",9101,"40-80 cm",4,250,0.016
"E2","V2BASE",9101,"80-120 cm",3,250,0.012
"E2","V2BASE",9101,"120-160 cm",5,250,0.02
"E2","V2BASE",9101,"160-200 cm",20,250,0.08
"E2","V2BASE",9101,">200 cm",25,250,0.1
"E2","V2BASE",9102,"<40 cm",179,250,0.716
"E2","V2BASE",9102,"40-80 cm",0,250,0
"E2","V2BASE",9102,"80-120 cm",5,250,0.02
"E2","V2BASE",9102,"120-160 cm",4,250,0.016
"E2","V2BASE",9102,"160-200 cm",26,250,0.104
"E2","V2BASE",9102,">200 cm",36,250,0.144
"E2","V2BASE",9103,"<40 cm",187,250,0.748
"E2","V2BASE",9103,"40-80 cm",5,250,0.02
"E2","V2BASE",9103,"80-120 cm",7,250,0.028
"E2","V2BASE",9103,"120-160 cm",6,250,0.024
"E2","V2BASE",9103,"160-200 cm",22,250,0.088
"E2","V2BASE",9103,">200 cm",23,250,0.092
"E2","V2BASE",9104,"<40 cm",184,250,0.736
"E2","V2BASE",9104,"40-80 cm",8,250,0.032
"E2","V2BASE",9104,"80-120 cm",6,250,0.024
"E2","V2BASE",9104,"120-160 cm",2,250,0.008
"E2","V2BASE",9104,"160-200 cm",20,250,0.08
"E2","V2BASE",9104,">200 cm",30,250,0.12
"E2","V2BASE",9105,"<40 cm",188,250,0.752
"E2","V2BASE",9105,"40-80 cm",4,250,0.016
"E2","V2BASE",9105,"80-120 cm",1,250,0.004
"E2","V2BASE",9105,"120-160 cm",2,250,0.008
"E2","V2BASE",9105,"160-200 cm",20,250,0.08
"E2","V2BASE",9105,">200 cm",35,250,0.14
"E2","V2BASE",9106,"<40 cm",179,250,0.716
"E2","V2BASE",9106,"40-80 cm",5,250,0.02
"E2","V2BASE",9106,"80-120 cm",7,250,0.028
"E2","V2BASE",9106,"120-160 cm",1,250,0.004
"E2","V2BASE",9106,"160-200 cm",27,250,0.108
"E2","V2BASE",9106,">200 cm",31,250,0.124
"E2","V2BASE",9107,"<40 cm",191,250,0.764
"E2","V2BASE",9107,"40-80 cm",4,250,0.016
"E2","V2BASE",9107,"80-120 cm",1,250,0.004
"E2","V2BASE",9107,"120-160 cm",2,250,0.008
"E2","V2BASE",9107,"160-200 cm",25,250,0.1
"E2","V2BASE",9107,">200 cm",27,250,0.108
"E2","V2BASE",9108,"<40 cm",203,250,0.812
"E2","V2BASE",9108,"40-80 cm",0,250,0
"E2","V2BASE",9108,"80-120 cm",1,250,0.004
"E2","V2BASE",9108,"120-160 cm",7,250,0.028
"E2","V2BASE",9108,"160-200 cm",14,250,0.056
"E2","V2BASE",9108,">200 cm",25,250,0.1
"E2","V2BASE",9109,"<40 cm",192,250,0.768
"E2","V2BASE",9109,"40-80 cm",6,250,0.024
"E2","V2BASE",9109,"80-120 cm",4,250,0.016
"E2","V2BASE",9109,"120-160 cm",4,250,0.016
"E2","V2BASE",9109,"160-200 cm",22,250,0.088
"E2","V2BASE",9109,">200 cm",22,250,0.088
"E2","V2BASE",9110,"<40 cm",179,250,0.716
"E2","V2BASE",9110,"40-80 cm",6,250,0.024
"E2","V2BASE",9110,"80-120 cm",4,250,0.016
"E2","V2BASE",9110,"120-160 cm",2,250,0.008
"E2","V2BASE",9110,"160-200 cm",24,250,0.096
"E2","V2BASE",9110,">200 cm",35,250,0.14
"E2","V2BASE",10101,"<40 cm",186,250,0.744
"E2","V2BASE",10101,"40-80 cm",8,250,0.032
"E2","V2BASE",10101,"80-120 cm",2,250,0.008
"E2","V2BASE",10101,"120-160 cm",6,250,0.024
"E2","V2BASE",10101,"160-200 cm",3,250,0.012
"E2","V2BASE",10101,">200 cm",45,250,0.18
"E2","V2BASE",10102,"<40 cm",176,250,0.704
"E2","V2BASE",10102,"40-80 cm",2,250,0.008
"E2","V2BASE",10102,"80-120 cm",5,250,0.02
"E2","V2BASE",10102,"120-160 cm",5,250,0.02
"E2","V2BASE",10102,"160-200 cm",2,250,0.008
"E2","V2BASE",10102,">200 cm",60,250,0.24
"E2","V2BASE",10103,"<40 cm",183,250,0.732
"E2","V2BASE",10103,"40-80 cm",5,250,0.02
"E2","V2BASE",10103,"80-120 cm",5,250,0.02
"E2","V2BASE",10103,"120-160 cm",7,250,0.028
"E2","V2BASE",10103,"160-200 cm",6,250,0.024
"E2","V2BASE",10103,">200 cm",44,250,0.176
"E2","V2BASE",10104,"<40 cm",176,250,0.704
"E2","V2BASE",10104,"40-80 cm",8,250,0.032
"E2","V2BASE",10104,"80-120 cm",7,250,0.028
"E2","V2BASE",10104,"120-160 cm",5,250,0.02
"E2","V2BASE",10104,"160-200 cm",4,250,0.016
"E2","V2BASE",10104,">200 cm",50,250,0.2
"E2","V2BASE",10105,"<40 cm",188,250,0.752
"E2","V2BASE",10105,"40-80 cm",5,250,0.02
"E2","V2BASE",10105,"80-120 cm",3,250,0.012
"E2","V2BASE",10105,"120-160 cm",3,250,0.012
"E2","V2BASE",10105,"160-200 cm",2,250,0.008
"E2","V2BASE",10105,">200 cm",49,250,0.196
"E2","V2BASE",10106,"<40 cm",175,250,0.7
"E2","V2BASE",10106,"40-80 cm",5,250,0.02
"E2","V2BASE",10106,"80-120 cm",8,250,0.032
"E2","V2BASE",10106,"120-160 cm",4,250,0.016
"E2","V2BASE",10106,"160-200 cm",4,250,0.016
"E2","V2BASE",10106,">200 cm",54,250,0.216
"E2","V2BASE",10107,"<40 cm",187,250,0.748
"E2","V2BASE",10107,"40-80 cm",6,250,0.024
"E2","V2BASE",10107,"80-120 cm",0,250,0
"E2","V2BASE",10107,"120-160 cm",3,250,0.012
"E2","V2BASE",10107,"160-200 cm",4,250,0.016
"E2","V2BASE",10107,">200 cm",50,250,0.2
"E2","V2BASE",10108,"<40 cm",196,250,0.784
"E2","V2BASE",10108,"40-80 cm",3,250,0.012
"E2","V2BASE",10108,"80-120 cm",1,250,0.004
"E2","V2BASE",10108,"120-160 cm",5,250,0.02
"E2","V2BASE",10108,"160-200 cm",4,250,0.016
"E2","V2BASE",10108,">200 cm",41,250,0.164
"E2","V2BASE",10109,"<40 cm",187,250,0.748
"E2","V2BASE",10109,"40-80 cm",7,250,0.028
"E2","V2BASE",10109,"80-120 cm",4,250,0.016
"E2","V2BASE",10109,"120-160 cm",4,250,0.016
"E2","V2BASE",10109,"160-200 cm",4,250,0.016
"E2","V2BASE",10109,">200 cm",44,250,0.176
"E2","V2BASE",10110,"<40 cm",178,250,0.712
"E2","V2BASE",10110,"40-80 cm",5,250,0.02
"E2","V2BASE",10110,"80-120 cm",4,250,0.016
"E2","V2BASE",10110,"120-160 cm",4,250,0.016
"E2","V2BASE",10110,"160-200 cm",0,250,0
"E2","V2BASE",10110,">200 cm",59,250,0.236
"E2","V2BASE",11101,"<40 cm",182,250,0.728
"E2","V2BASE",11101,"40-80 cm",12,250,0.048
"E2","V2BASE",11101,"80-120 cm",3,250,0.012
"E2","V2BASE",11101,"120-160 cm",7,250,0.028
"E2","V2BASE",11101,"160-200 cm",10,250,0.04
"E2","V2BASE",11101,">200 cm",36,250,0.144
"E2","V2BASE",11102,"<40 cm",173,250,0.692
"E2","V2BASE",11102,"40-80 cm",7,250,0.028
"E2","V2BASE",11102,"80-120 cm",5,250,0.02
"E2","V2BASE",11102,"120-160 cm",5,250,0.02
"E2","V2BASE",11102,"160-200 cm",11,250,0.044
"E2","V2BASE",11102,">200 cm",49,250,0.196
"E2","V2BASE",11103,"<40 cm",176,250,0.704
"E2","V2BASE",11103,"40-80 cm",14,250,0.056
"E2","V2BASE",11103,"80-120 cm",6,250,0.024
"E2","V2BASE",11103,"120-160 cm",10,250,0.04
"E2","V2BASE",11103,"160-200 cm",2,250,0.008
"E2","V2BASE",11103,">200 cm",42,250,0.168
"E2","V2BASE",11104,"<40 cm",169,250,0.676
"E2","V2BASE",11104,"40-80 cm",16,250,0.064
"E2","V2BASE",11104,"80-120 cm",5,250,0.02
"E2","V2BASE",11104,"120-160 cm",6,250,0.024
"E2","V2BASE",11104,"160-200 cm",9,250,0.036
"E2","V2BASE",11104,">200 cm",45,250,0.18
"E2","V2BASE",11105,"<40 cm",180,250,0.72
"E2","V2BASE",11105,"40-80 cm",7,250,0.028
"E2","V2BASE",11105,"80-120 cm",5,250,0.02
"E2","V2BASE",11105,"120-160 cm",3,250,0.012
"E2","V2BASE",11105,"160-200 cm",6,250,0.024
"E2","V2BASE",11105,">200 cm",49,250,0.196
"E2","V2BASE",11106,"<40 cm",170,250,0.68
"E2","V2BASE",11106,"40-80 cm",9,250,0.036
"E2","V2BASE",11106,"80-120 cm",8,250,0.032
"E2","V2BASE",11106,"120-160 cm",4,250,0.016
"E2","V2BASE",11106,"160-200 cm",13,250,0.052
"E2","V2BASE",11106,">200 cm",46,250,0.184
"E2","V2BASE",11107,"<40 cm",183,250,0.732
"E2","V2BASE",11107,"40-80 cm",8,250,0.032
"E2","V2BASE",11107,"80-120 cm",2,250,0.008
"E2","V2BASE",11107,"120-160 cm",2,250,0.008
"E2","V2BASE",11107,"160-200 cm",7,250,0.028
"E2","V2BASE",11107,">200 cm",48,250,0.192
"E2","V2BASE",11108,"<40 cm",190,250,0.76
"E2","V2BASE",11108,"40-80 cm",8,250,0.032
"E2","V2BASE",11108,"80-120 cm",2,250,0.008
"E2","V2BASE",11108,"120-160 cm",6,250,0.024
"E2","V2BASE",11108,"160-200 cm",6,250,0.024
"E2","V2BASE",11108,">200 cm",38,250,0.152
"E2","V2BASE",11109,"<40 cm",184,250,0.736
"E2","V2BASE",11109,"40-80 cm",11,250,0.044
"E2","V2BASE",11109,"80-120 cm",6,250,0.024
"E2","V2BASE",11109,"120-160 cm",6,250,0.024
"E2","V2BASE",11109,"160-200 cm",8,250,0.032
"E2","V2BASE",11109,">200 cm",35,250,0.14
"E2","V2BASE",11110,"<40 cm",177,250,0.708
"E2","V2BASE",11110,"40-80 cm",5,250,0.02
"E2","V2BASE",11110,"80-120 cm",5,250,0.02
"E2","V2BASE",11110,"120-160 cm",4,250,0.016
"E2","V2BASE",11110,"160-200 cm",4,250,0.016
"E2","V2BASE",11110,">200 cm",55,250,0.22
"E2","V2BASE",12101,"<40 cm",188,250,0.752
"E2","V2BASE",12101,"40-80 cm",4,250,0.016
"E2","V2BASE",12101,"80-120 cm",3,250,0.012
"E2","V2BASE",12101,"120-160 cm",5,250,0.02
"E2","V2BASE",12101,"160-200 cm",6,250,0.024
"E2","V2BASE",12101,">200 cm",44,250,0.176
"E2","V2BASE",12102,"<40 cm",174,250,0.696
"E2","V2BASE",12102,"40-80 cm",2,250,0.008
"E2","V2BASE",12102,"80-120 cm",6,250,0.024
"E2","V2BASE",12102,"120-160 cm",8,250,0.032
"E2","V2BASE",12102,"160-200 cm",3,250,0.012
"E2","V2BASE",12102,">200 cm",57,250,0.228
"E2","V2BASE",12103,"<40 cm",186,250,0.744
"E2","V2BASE",12103,"40-80 cm",4,250,0.016
"E2","V2BASE",12103,"80-120 cm",4,250,0.016
"E2","V2BASE",12103,"120-160 cm",7,250,0.028
"E2","V2BASE",12103,"160-200 cm",6,250,0.024
"E2","V2BASE",12103,">200 cm",43,250,0.172
"E2","V2BASE",12104,"<40 cm",178,250,0.712
"E2","V2BASE",12104,"40-80 cm",7,250,0.028
"E2","V2BASE",12104,"80-120 cm",5,250,0.02
"E2","V2BASE",12104,"120-160 cm",5,250,0.02
"E2","V2BASE",12104,"160-200 cm",4,250,0.016
"E2","V2BASE",12104,">200 cm",51,250,0.204
"E2","V2BASE",12105,"<40 cm",185,250,0.74
"E2","V2BASE",12105,"40-80 cm",3,250,0.012
"E2","V2BASE",12105,"80-120 cm",1,250,0.004
"E2","V2BASE",12105,"120-160 cm",4,250,0.016
"E2","V2BASE",12105,"160-200 cm",6,250,0.024
"E2","V2BASE",12105,">200 cm",51,250,0.204
"E2","V2BASE",12106,"<40 cm",173,250,0.692
"E2","V2BASE",12106,"40-80 cm",5,250,0.02
"E2","V2BASE",12106,"80-120 cm",7,250,0.028
"E2","V2BASE",12106,"120-160 cm",6,250,0.024
"E2","V2BASE",12106,"160-200 cm",9,250,0.036
"E2","V2BASE",12106,">200 cm",50,250,0.2
"E2","V2BASE",12107,"<40 cm",187,250,0.748
"E2","V2BASE",12107,"40-80 cm",4,250,0.016
"E2","V2BASE",12107,"80-120 cm",1,250,0.004
"E2","V2BASE",12107,"120-160 cm",5,250,0.02
"E2","V2BASE",12107,"160-200 cm",6,250,0.024
"E2","V2BASE",12107,">200 cm",47,250,0.188
"E2","V2BASE",12108,"<40 cm",197,250,0.788
"E2","V2BASE",12108,"40-80 cm",1,250,0.004
"E2","V2BASE",12108,"80-120 cm",2,250,0.008
"E2","V2BASE",12108,"120-160 cm",6,250,0.024
"E2","V2BASE",12108,"160-200 cm",8,250,0.032
"E2","V2BASE",12108,">200 cm",36,250,0.144
"E2","V2BASE",12109,"<40 cm",188,250,0.752
"E2","V2BASE",12109,"40-80 cm",5,250,0.02
"E2","V2BASE",12109,"80-120 cm",4,250,0.016
"E2","V2BASE",12109,"120-160 cm",4,250,0.016
"E2","V2BASE",12109,"160-200 cm",6,250,0.024
"E2","V2BASE",12109,">200 cm",43,250,0.172
"E2","V2BASE",12110,"<40 cm",179,250,0.716
"E2","V2BASE",12110,"40-80 cm",2,250,0.008
"E2","V2BASE",12110,"80-120 cm",5,250,0.02
"E2","V2BASE",12110,"120-160 cm",4,250,0.016
"E2","V2BASE",12110,"160-200 cm",2,250,0.008
"E2","V2BASE",12110,">200 cm",58,250,0.232
"E2","V2BASE",13101,"<40 cm",193,250,0.772
"E2","V2BASE",13101,"40-80 cm",6,250,0.024
"E2","V2BASE",13101,"80-120 cm",5,250,0.02
"E2","V2BASE",13101,"120-160 cm",4,250,0.016
"E2","V2BASE",13101,"160-200 cm",5,250,0.02
"E2","V2BASE",13101,">200 cm",37,250,0.148
"E2","V2BASE",13102,"<40 cm",180,250,0.72
"E2","V2BASE",13102,"40-80 cm",3,250,0.012
"E2","V2BASE",13102,"80-120 cm",6,250,0.024
"E2","V2BASE",13102,"120-160 cm",4,250,0.016
"E2","V2BASE",13102,"160-200 cm",3,250,0.012
"E2","V2BASE",13102,">200 cm",54,250,0.216
"E2","V2BASE",13103,"<40 cm",188,250,0.752
"E2","V2BASE",13103,"40-80 cm",4,250,0.016
"E2","V2BASE",13103,"80-120 cm",5,250,0.02
"E2","V2BASE",13103,"120-160 cm",8,250,0.032
"E2","V2BASE",13103,"160-200 cm",5,250,0.02
"E2","V2BASE",13103,">200 cm",40,250,0.16
"E2","V2BASE",13104,"<40 cm",186,250,0.744
"E2","V2BASE",13104,"40-80 cm",4,250,0.016
"E2","V2BASE",13104,"80-120 cm",5,250,0.02
"E2","V2BASE",13104,"120-160 cm",5,250,0.02
"E2","V2BASE",13104,"160-200 cm",2,250,0.008
"E2","V2BASE",13104,">200 cm",48,250,0.192
"E2","V2BASE",13105,"<40 cm",190,250,0.76
"E2","V2BASE",13105,"40-80 cm",4,250,0.016
"E2","V2BASE",13105,"80-120 cm",4,250,0.016
"E2","V2BASE",13105,"120-160 cm",4,250,0.016
"E2","V2BASE",13105,"160-200 cm",3,250,0.012
"E2","V2BASE",13105,">200 cm",45,250,0.18
"E2","V2BASE",13106,"<40 cm",181,250,0.724
"E2","V2BASE",13106,"40-80 cm",6,250,0.024
"E2","V2BASE",13106,"80-120 cm",6,250,0.024
"E2","V2BASE",13106,"120-160 cm",6,250,0.024
"E2","V2BASE",13106,"160-200 cm",8,250,0.032
"E2","V2BASE",13106,">200 cm",43,250,0.172
"E2","V2BASE",13107,"<40 cm",191,250,0.764
"E2","V2BASE",13107,"40-80 cm",6,250,0.024
"E2","V2BASE",13107,"80-120 cm",1,250,0.004
"E2","V2BASE",13107,"120-160 cm",2,250,0.008
"E2","V2BASE",13107,"160-200 cm",3,250,0.012
"E2","V2BASE",13107,">200 cm",47,250,0.188
"E2","V2BASE",13108,"<40 cm",199,250,0.796
"E2","V2BASE",13108,"40-80 cm",1,250,0.004
"E2","V2BASE",13108,"80-120 cm",2,250,0.008
"E2","V2BASE",13108,"120-160 cm",7,250,0.028
"E2","V2BASE",13108,"160-200 cm",4,250,0.016
"E2","V2BASE",13108,">200 cm",37,250,0.148
"E2","V2BASE",13109,"<40 cm",197,250,0.788
"E2","V2BASE",13109,"40-80 cm",4,250,0.016
"E2","V2BASE",13109,"80-120 cm",4,250,0.016
"E2","V2BASE",13109,"120-160 cm",5,250,0.02
"E2","V2BASE",13109,"160-200 cm",2,250,0.008
"E2","V2BASE",13109,">200 cm",38,250,0.152
"E2","V2BASE",13110,"<40 cm",181,250,0.724
"E2","V2BASE",13110,"40-80 cm",5,250,0.02
"E2","V2BASE",13110,"80-120 cm",7,250,0.028
"E2","V2BASE",13110,"120-160 cm",4,250,0.016
"E2","V2BASE",13110,"160-200 cm",1,250,0.004
"E2","V2BASE",13110,">200 cm",52,250,0.208
"E2","V2BASE",14101,"<40 cm",182,250,0.728
"E2","V2BASE",14101,"40-80 cm",6,250,0.024
"E2","V2BASE",14101,"80-120 cm",7,250,0.028
"E2","V2BASE",14101,"120-160 cm",6,250,0.024
"E2","V2BASE",14101,"160-200 cm",4,250,0.016
"E2","V2BASE",14101,">200 cm",45,250,0.18
"E2","V2BASE",14102,"<40 cm",169,250,0.676
"E2","V2BASE",14102,"40-80 cm",2,250,0.008
"E2","V2BASE",14102,"80-120 cm",6,250,0.024
"E2","V2BASE",14102,"120-160 cm",7,250,0.028
"E2","V2BASE",14102,"160-200 cm",8,250,0.032
"E2","V2BASE",14102,">200 cm",58,250,0.232
"E2","V2BASE",14103,"<40 cm",180,250,0.72
"E2","V2BASE",14103,"40-80 cm",4,250,0.016
"E2","V2BASE",14103,"80-120 cm",3,250,0.012
"E2","V2BASE",14103,"120-160 cm",8,250,0.032
"E2","V2BASE",14103,"160-200 cm",9,250,0.036
"E2","V2BASE",14103,">200 cm",46,250,0.184
"E2","V2BASE",14104,"<40 cm",173,250,0.692
"E2","V2BASE",14104,"40-80 cm",9,250,0.036
"E2","V2BASE",14104,"80-120 cm",8,250,0.032
"E2","V2BASE",14104,"120-160 cm",8,250,0.032
"E2","V2BASE",14104,"160-200 cm",5,250,0.02
"E2","V2BASE",14104,">200 cm",47,250,0.188
"E2","V2BASE",14105,"<40 cm",178,250,0.712
"E2","V2BASE",14105,"40-80 cm",4,250,0.016
"E2","V2BASE",14105,"80-120 cm",3,250,0.012
"E2","V2BASE",14105,"120-160 cm",8,250,0.032
"E2","V2BASE",14105,"160-200 cm",8,250,0.032
"E2","V2BASE",14105,">200 cm",49,250,0.196
"E2","V2BASE",14106,"<40 cm",170,250,0.68
"E2","V2BASE",14106,"40-80 cm",7,250,0.028
"E2","V2BASE",14106,"80-120 cm",6,250,0.024
"E2","V2BASE",14106,"120-160 cm",11,250,0.044
"E2","V2BASE",14106,"160-200 cm",7,250,0.028
"E2","V2BASE",14106,">200 cm",49,250,0.196
"E2","V2BASE",14107,"<40 cm",183,250,0.732
"E2","V2BASE",14107,"40-80 cm",6,250,0.024
"E2","V2BASE",14107,"80-120 cm",1,250,0.004
"E2","V2BASE",14107,"120-160 cm",9,250,0.036
"E2","V2BASE",14107,"160-200 cm",5,250,0.02
"E2","V2BASE",14107,">200 cm",46,250,0.184
"E2","V2BASE",14108,"<40 cm",189,250,0.756
"E2","V2BASE",14108,"40-80 cm",7,250,0.028
"E2","V2BASE",14108,"80-120 cm",1,250,0.004
"E2","V2BASE",14108,"120-160 cm",7,250,0.028
"E2","V2BASE",14108,"160-200 cm",9,250,0.036
"E2","V2BASE",14108,">200 cm",37,250,0.148
"E2","V2BASE",14109,"<40 cm",184,250,0.736
"E2","V2BASE",14109,"40-80 cm",7,250,0.028
"E2","V2BASE",14109,"80-120 cm",5,250,0.02
"E2","V2BASE",14109,"120-160 cm",10,250,0.04
"E2","V2BASE",14109,"160-200 cm",2,250,0.008
"E2","V2BASE",14109,">200 cm",42,250,0.168
"E2","V2BASE",14110,"<40 cm",170,250,0.68
"E2","V2BASE",14110,"40-80 cm",3,250,0.012
"E2","V2BASE",14110,"80-120 cm",5,250,0.02
"E2","V2BASE",14110,"120-160 cm",9,250,0.036
"E2","V2BASE",14110,"160-200 cm",6,250,0.024
"E2","V2BASE",14110,">200 cm",57,250,0.228
"E2","V2BASE",15101,"<40 cm",184,250,0.736
"E2","V2BASE",15101,"40-80 cm",11,250,0.044
"E2","V2BASE",15101,"80-120 cm",3,250,0.012
"E2","V2BASE",15101,"120-160 cm",5,250,0.02
"E2","V2BASE",15101,"160-200 cm",3,250,0.012
"E2","V2BASE",15101,">200 cm",44,250,0.176
"E2","V2BASE",15102,"<40 cm",169,250,0.676
"E2","V2BASE",15102,"40-80 cm",10,250,0.04
"E2","V2BASE",15102,"80-120 cm",5,250,0.02
"E2","V2BASE",15102,"120-160 cm",6,250,0.024
"E2","V2BASE",15102,"160-200 cm",2,250,0.008
"E2","V2BASE",15102,">200 cm",58,250,0.232
"E2","V2BASE",15103,"<40 cm",182,250,0.728
"E2","V2BASE",15103,"40-80 cm",11,250,0.044
"E2","V2BASE",15103,"80-120 cm",4,250,0.016
"E2","V2BASE",15103,"120-160 cm",7,250,0.028
"E2","V2BASE",15103,"160-200 cm",5,250,0.02
"E2","V2BASE",15103,">200 cm",41,250,0.164
"E2","V2BASE",15104,"<40 cm",173,250,0.692
"E2","V2BASE",15104,"40-80 cm",15,250,0.06
"E2","V2BASE",15104,"80-120 cm",5,250,0.02
"E2","V2BASE",15104,"120-160 cm",5,250,0.02
"E2","V2BASE",15104,"160-200 cm",2,250,0.008
"E2","V2BASE",15104,">200 cm",50,250,0.2
"E2","V2BASE",15105,"<40 cm",176,250,0.704
"E2","V2BASE",15105,"40-80 cm",14,250,0.056
"E2","V2BASE",15105,"80-120 cm",2,250,0.008
"E2","V2BASE",15105,"120-160 cm",3,250,0.012
"E2","V2BASE",15105,"160-200 cm",2,250,0.008
"E2","V2BASE",15105,">200 cm",53,250,0.212
"E2","V2BASE",15106,"<40 cm",171,250,0.684
"E2","V2BASE",15106,"40-80 cm",12,250,0.048
"E2","V2BASE",15106,"80-120 cm",6,250,0.024
"E2","V2BASE",15106,"120-160 cm",4,250,0.016
"E2","V2BASE",15106,"160-200 cm",6,250,0.024
"E2","V2BASE",15106,">200 cm",51,250,0.204
"E2","V2BASE",15107,"<40 cm",182,250,0.728
"E2","V2BASE",15107,"40-80 cm",14,250,0.056
"E2","V2BASE",15107,"80-120 cm",1,250,0.004
"E2","V2BASE",15107,"120-160 cm",2,250,0.008
"E2","V2BASE",15107,"160-200 cm",2,250,0.008
"E2","V2BASE",15107,">200 cm",49,250,0.196
"E2","V2BASE",15108,"<40 cm",187,250,0.748
"E2","V2BASE",15108,"40-80 cm",10,250,0.04
"E2","V2BASE",15108,"80-120 cm",2,250,0.008
"E2","V2BASE",15108,"120-160 cm",6,250,0.024
"E2","V2BASE",15108,"160-200 cm",3,250,0.012
"E2","V2BASE",15108,">200 cm",42,250,0.168
"E2","V2BASE",15109,"<40 cm",186,250,0.744
"E2","V2BASE",15109,"40-80 cm",11,250,0.044
"E2","V2BASE",15109,"80-120 cm",5,250,0.02
"E2","V2BASE",15109,"120-160 cm",3,250,0.012
"E2","V2BASE",15109,"160-200 cm",3,250,0.012
"E2","V2BASE",15109,">200 cm",42,250,0.168
"E2","V2BASE",15110,"<40 cm",168,250,0.672
"E2","V2BASE",15110,"40-80 cm",11,250,0.044
"E2","V2BASE",15110,"80-120 cm",4,250,0.016
"E2","V2BASE",15110,"120-160 cm",5,250,0.02
"E2","V2BASE",15110,"160-200 cm",0,250,0
"E2","V2BASE",15110,">200 cm",62,250,0.248
"E2","V2BASE",16101,"<40 cm",191,250,0.764
"E2","V2BASE",16101,"40-80 cm",6,250,0.024
"E2","V2BASE",16101,"80-120 cm",3,250,0.012
"E2","V2BASE",16101,"120-160 cm",6,250,0.024
"E2","V2BASE",16101,"160-200 cm",4,250,0.016
"E2","V2BASE",16101,">200 cm",40,250,0.16
"E2","V2BASE",16102,"<40 cm",178,250,0.712
"E2","V2BASE",16102,"40-80 cm",4,250,0.016
"E2","V2BASE",16102,"80-120 cm",4,250,0.016
"E2","V2BASE",16102,"120-160 cm",5,250,0.02
"E2","V2BASE",16102,"160-200 cm",3,250,0.012
"E2","V2BASE",16102,">200 cm",56,250,0.224
"E2","V2BASE",16103,"<40 cm",189,250,0.756
"E2","V2BASE",16103,"40-80 cm",4,250,0.016
"E2","V2BASE",16103,"80-120 cm",4,250,0.016
"E2","V2BASE",16103,"120-160 cm",9,250,0.036
"E2","V2BASE",16103,"160-200 cm",5,250,0.02
"E2","V2BASE",16103,">200 cm",39,250,0.156
"E2","V2BASE",16104,"<40 cm",181,250,0.724
"E2","V2BASE",16104,"40-80 cm",9,250,0.036
"E2","V2BASE",16104,"80-120 cm",6,250,0.024
"E2","V2BASE",16104,"120-160 cm",6,250,0.024
"E2","V2BASE",16104,"160-200 cm",2,250,0.008
"E2","V2BASE",16104,">200 cm",46,250,0.184
"E2","V2BASE",16105,"<40 cm",187,250,0.748
"E2","V2BASE",16105,"40-80 cm",5,250,0.02
"E2","V2BASE",16105,"80-120 cm",3,250,0.012
"E2","V2BASE",16105,"120-160 cm",3,250,0.012
"E2","V2BASE",16105,"160-200 cm",2,250,0.008
"E2","V2BASE",16105,">200 cm",50,250,0.2
"E2","V2BASE",16106,"<40 cm",175,250,0.7
"E2","V2BASE",16106,"40-80 cm",7,250,0.028
"E2","V2BASE",16106,"80-120 cm",8,250,0.032
"E2","V2BASE",16106,"120-160 cm",3,250,0.012
"E2","V2BASE",16106,"160-200 cm",6,250,0.024
"E2","V2BASE",16106,">200 cm",51,250,0.204
"E2","V2BASE",16107,"<40 cm",189,250,0.756
"E2","V2BASE",16107,"40-80 cm",6,250,0.024
"E2","V2BASE",16107,"80-120 cm",1,250,0.004
"E2","V2BASE",16107,"120-160 cm",1,250,0.004
"E2","V2BASE",16107,"160-200 cm",4,250,0.016
"E2","V2BASE",16107,">200 cm",49,250,0.196
"E2","V2BASE",16108,"<40 cm",198,250,0.792
"E2","V2BASE",16108,"40-80 cm",2,250,0.008
"E2","V2BASE",16108,"80-120 cm",4,250,0.016
"E2","V2BASE",16108,"120-160 cm",6,250,0.024
"E2","V2BASE",16108,"160-200 cm",3,250,0.012
"E2","V2BASE",16108,">200 cm",37,250,0.148
"E2","V2BASE",16109,"<40 cm",193,250,0.772
"E2","V2BASE",16109,"40-80 cm",5,250,0.02
"E2","V2BASE",16109,"80-120 cm",4,250,0.016
"E2","V2BASE",16109,"120-160 cm",4,250,0.016
"E2","V2BASE",16109,"160-200 cm",3,250,0.012
"E2","V2BASE",16109,">200 cm",41,250,0.164
"E2","V2BASE",16110,"<40 cm",181,250,0.724
"E2","V2BASE",16110,"40-80 cm",6,250,0.024
"E2","V2BASE",16110,"80-120 cm",4,250,0.016
"E2","V2BASE",16110,"120-160 cm",3,250,0.012
"E2","V2BASE",16110,"160-200 cm",0,250,0
"E2","V2BASE",16110,">200 cm",56,250,0.224
"E2","V2BASE",17101,"<40 cm",184,250,0.736
"E2","V2BASE",17101,"40-80 cm",13,250,0.052
"E2","V2BASE",17101,"80-120 cm",2,250,0.008
"E2","V2BASE",17101,"120-160 cm",4,250,0.016
"E2","V2BASE",17101,"160-200 cm",8,250,0.032
"E2","V2BASE",17101,">200 cm",39,250,0.156
"E2","V2BASE",17102,"<40 cm",172,250,0.688
"E2","V2BASE",17102,"40-80 cm",6,250,0.024
"E2","V2BASE",17102,"80-120 cm",6,250,0.024
"E2","V2BASE",17102,"120-160 cm",4,250,0.016
"E2","V2BASE",17102,"160-200 cm",6,250,0.024
"E2","V2BASE",17102,">200 cm",56,250,0.224
"E2","V2BASE",17103,"<40 cm",184,250,0.736
"E2","V2BASE",17103,"40-80 cm",9,250,0.036
"E2","V2BASE",17103,"80-120 cm",3,250,0.012
"E2","V2BASE",17103,"120-160 cm",6,250,0.024
"E2","V2BASE",17103,"160-200 cm",7,250,0.028
"E2","V2BASE",17103,">200 cm",41,250,0.164
"E2","V2BASE",17104,"<40 cm",175,250,0.7
"E2","V2BASE",17104,"40-80 cm",16,250,0.064
"E2","V2BASE",17104,"80-120 cm",4,250,0.016
"E2","V2BASE",17104,"120-160 cm",5,250,0.02
"E2","V2BASE",17104,"160-200 cm",3,250,0.012
"E2","V2BASE",17104,">200 cm",47,250,0.188
"E2","V2BASE",17105,"<40 cm",181,250,0.724
"E2","V2BASE",17105,"40-80 cm",10,250,0.04
"E2","V2BASE",17105,"80-120 cm",3,250,0.012
"E2","V2BASE",17105,"120-160 cm",4,250,0.016
"E2","V2BASE",17105,"160-200 cm",4,250,0.016
"E2","V2BASE",17105,">200 cm",48,250,0.192
"E2","V2BASE",17106,"<40 cm",173,250,0.692
"E2","V2BASE",17106,"40-80 cm",12,250,0.048
"E2","V2BASE",17106,"80-120 cm",7,250,0.028
"E2","V2BASE",17106,"120-160 cm",4,250,0.016
"E2","V2BASE",17106,"160-200 cm",5,250,0.02
"E2","V2BASE",17106,">200 cm",49,250,0.196
"E2","V2BASE",17107,"<40 cm",183,250,0.732
"E2","V2BASE",17107,"40-80 cm",12,250,0.048
"E2","V2BASE",17107,"80-120 cm",1,250,0.004
"E2","V2BASE",17107,"120-160 cm",1,250,0.004
"E2","V2BASE",17107,"160-200 cm",5,250,0.02
"E2","V2BASE",17107,">200 cm",48,250,0.192
"E2","V2BASE",17108,"<40 cm",197,250,0.788
"E2","V2BASE",17108,"40-80 cm",6,250,0.024
"E2","V2BASE",17108,"80-120 cm",1,250,0.004
"E2","V2BASE",17108,"120-160 cm",5,250,0.02
"E2","V2BASE",17108,"160-200 cm",7,250,0.028
"E2","V2BASE",17108,">200 cm",34,250,0.136
"E2","V2BASE",17109,"<40 cm",189,250,0.756
"E2","V2BASE",17109,"40-80 cm",10,250,0.04
"E2","V2BASE",17109,"80-120 cm",3,250,0.012
"E2","V2BASE",17109,"120-160 cm",4,250,0.016
"E2","V2BASE",17109,"160-200 cm",4,250,0.016
"E2","V2BASE",17109,">200 cm",40,250,0.16
"E2","V2BASE",17110,"<40 cm",174,250,0.696
"E2","V2BASE",17110,"40-80 cm",8,250,0.032
"E2","V2BASE",17110,"80-120 cm",5,250,0.02
"E2","V2BASE",17110,"120-160 cm",3,250,0.012
"E2","V2BASE",17110,"160-200 cm",3,250,0.012
"E2","V2BASE",17110,">200 cm",57,250,0.228
"E2","V2BASE",18101,"<40 cm",192,250,0.768
"E2","V2BASE",18101,"40-80 cm",5,250,0.02
"E2","V2BASE",18101,"80-120 cm",3,250,0.012
"E2","V2BASE",18101,"120-160 cm",5,250,0.02
"E2","V2BASE",18101,"160-200 cm",3,250,0.012
"E2","V2BASE",18101,">200 cm",42,250,0.168
"E2","V2BASE",18102,"<40 cm",178,250,0.712
"E2","V2BASE",18102,"40-80 cm",1,250,0.004
"E2","V2BASE",18102,"80-120 cm",5,250,0.02
"E2","V2BASE",18102,"120-160 cm",5,250,0.02
"E2","V2BASE",18102,"160-200 cm",3,250,0.012
"E2","V2BASE",18102,">200 cm",58,250,0.232
"E2","V2BASE",18103,"<40 cm",190,250,0.76
"E2","V2BASE",18103,"40-80 cm",4,250,0.016
"E2","V2BASE",18103,"80-120 cm",4,250,0.016
"E2","V2BASE",18103,"120-160 cm",7,250,0.028
"E2","V2BASE",18103,"160-200 cm",5,250,0.02
"E2","V2BASE",18103,">200 cm",40,250,0.16
"E2","V2BASE",18104,"<40 cm",182,250,0.728
"E2","V2BASE",18104,"40-80 cm",6,250,0.024
"E2","V2BASE",18104,"80-120 cm",5,250,0.02
"E2","V2BASE",18104,"120-160 cm",5,250,0.02
"E2","V2BASE",18104,"160-200 cm",3,250,0.012
"E2","V2BASE",18104,">200 cm",49,250,0.196
"E2","V2BASE",18105,"<40 cm",187,250,0.748
"E2","V2BASE",18105,"40-80 cm",4,250,0.016
"E2","V2BASE",18105,"80-120 cm",2,250,0.008
"E2","V2BASE",18105,"120-160 cm",3,250,0.012
"E2","V2BASE",18105,"160-200 cm",2,250,0.008
"E2","V2BASE",18105,">200 cm",52,250,0.208
"E2","V2BASE",18106,"<40 cm",178,250,0.712
"E2","V2BASE",18106,"40-80 cm",5,250,0.02
"E2","V2BASE",18106,"80-120 cm",7,250,0.028
"E2","V2BASE",18106,"120-160 cm",3,250,0.012
"E2","V2BASE",18106,"160-200 cm",5,250,0.02
"E2","V2BASE",18106,">200 cm",52,250,0.208
"E2","V2BASE",18107,"<40 cm",191,250,0.764
"E2","V2BASE",18107,"40-80 cm",4,250,0.016
"E2","V2BASE",18107,"80-120 cm",3,250,0.012
"E2","V2BASE",18107,"120-160 cm",1,250,0.004
"E2","V2BASE",18107,"160-200 cm",3,250,0.012
"E2","V2BASE",18107,">200 cm",48,250,0.192
"E2","V2BASE",18108,"<40 cm",199,250,0.796
"E2","V2BASE",18108,"40-80 cm",1,250,0.004
"E2","V2BASE",18108,"80-120 cm",2,250,0.008
"E2","V2BASE",18108,"120-160 cm",6,250,0.024
"E2","V2BASE",18108,"160-200 cm",3,250,0.012
"E2","V2BASE",18108,">200 cm",39,250,0.156
"E2","V2BASE",18109,"<40 cm",193,250,0.772
"E2","V2BASE",18109,"40-80 cm",5,250,0.02
"E2","V2BASE",18109,"80-120 cm",5,250,0.02
"E2","V2BASE",18109,"120-160 cm",4,250,0.016
"E2","V2BASE",18109,"160-200 cm",3,250,0.012
"E2","V2BASE",18109,">200 cm",40,250,0.16
"E2","V2BASE",18110,"<40 cm",181,250,0.724
"E2","V2BASE",18110,"40-80 cm",2,250,0.008
"E2","V2BASE",18110,"80-120 cm",4,250,0.016
"E2","V2BASE",18110,"120-160 cm",5,250,0.02
"E2","V2BASE",18110,"160-200 cm",0,250,0
"E2","V2BASE",18110,">200 cm",58,250,0.232
"E2","V2BASE",19101,"<40 cm",182,250,0.728
"E2","V2BASE",19101,"40-80 cm",8,250,0.032
"E2","V2BASE",19101,"80-120 cm",6,250,0.024
"E2","V2BASE",19101,"120-160 cm",9,250,0.036
"E2","V2BASE",19101,"160-200 cm",8,250,0.032
"E2","V2BASE",19101,">200 cm",37,250,0.148
"E2","V2BASE",19102,"<40 cm",168,250,0.672
"E2","V2BASE",19102,"40-80 cm",7,250,0.028
"E2","V2BASE",19102,"80-120 cm",9,250,0.036
"E2","V2BASE",19102,"120-160 cm",7,250,0.028
"E2","V2BASE",19102,"160-200 cm",13,250,0.052
"E2","V2BASE",19102,">200 cm",46,250,0.184
"E2","V2BASE",19103,"<40 cm",174,250,0.696
"E2","V2BASE",19103,"40-80 cm",10,250,0.04
"E2","V2BASE",19103,"80-120 cm",9,250,0.036
"E2","V2BASE",19103,"120-160 cm",12,250,0.048
"E2","V2BASE",19103,"160-200 cm",9,250,0.036
"E2","V2BASE",19103,">200 cm",36,250,0.144
"E2","V2BASE",19104,"<40 cm",173,250,0.692
"E2","V2BASE",19104,"40-80 cm",7,250,0.028
"E2","V2BASE",19104,"80-120 cm",10,250,0.04
"E2","V2BASE",19104,"120-160 cm",7,250,0.028
"E2","V2BASE",19104,"160-200 cm",12,250,0.048
"E2","V2BASE",19104,">200 cm",41,250,0.164
"E2","V2BASE",19105,"<40 cm",173,250,0.692
"E2","V2BASE",19105,"40-80 cm",9,250,0.036
"E2","V2BASE",19105,"80-120 cm",10,250,0.04
"E2","V2BASE",19105,"120-160 cm",7,250,0.028
"E2","V2BASE",19105,"160-200 cm",8,250,0.032
"E2","V2BASE",19105,">200 cm",43,250,0.172
"E2","V2BASE",19106,"<40 cm",163,250,0.652
"E2","V2BASE",19106,"40-80 cm",14,250,0.056
"E2","V2BASE",19106,"80-120 cm",8,250,0.032
"E2","V2BASE",19106,"120-160 cm",10,250,0.04
"E2","V2BASE",19106,"160-200 cm",15,250,0.06
"E2","V2BASE",19106,">200 cm",40,250,0.16
"E2","V2BASE",19107,"<40 cm",180,250,0.72
"E2","V2BASE",19107,"40-80 cm",8,250,0.032
"E2","V2BASE",19107,"80-120 cm",6,250,0.024
"E2","V2BASE",19107,"120-160 cm",10,250,0.04
"E2","V2BASE",19107,"160-200 cm",1,250,0.004
"E2","V2BASE",19107,">200 cm",45,250,0.18
"E2","V2BASE",19108,"<40 cm",186,250,0.744
"E2","V2BASE",19108,"40-80 cm",5,250,0.02
"E2","V2BASE",19108,"80-120 cm",7,250,0.028
"E2","V2BASE",19108,"120-160 cm",11,250,0.044
"E2","V2BASE",19108,"160-200 cm",7,250,0.028
"E2","V2BASE",19108,">200 cm",34,250,0.136
"E2","V2BASE",19109,"<40 cm",181,250,0.724
"E2","V2BASE",19109,"40-80 cm",11,250,0.044
"E2","V2BASE",19109,"80-120 cm",7,250,0.028
"E2","V2BASE",19109,"120-160 cm",7,250,0.028
"E2","V2BASE",19109,"160-200 cm",6,250,0.024
"E2","V2BASE",19109,">200 cm",38,250,0.152
"E2","V2BASE",19110,"<40 cm",172,250,0.688
"E2","V2BASE",19110,"40-80 cm",10,250,0.04
"E2","V2BASE",19110,"80-120 cm",5,250,0.02
"E2","V2BASE",19110,"120-160 cm",4,250,0.016
"E2","V2BASE",19110,"160-200 cm",5,250,0.02
"E2","V2BASE",19110,">200 cm",54,250,0.216
"E2","V2BASE",20101,"<40 cm",188,250,0.752
"E2","V2BASE",20101,"40-80 cm",5,250,0.02
"E2","V2BASE",20101,"80-120 cm",3,250,0.012
"E2","V2BASE",20101,"120-160 cm",5,250,0.02
"E2","V2BASE",20101,"160-200 cm",3,250,0.012
"E2","V2BASE",20101,">200 cm",46,250,0.184
"E2","V2BASE",20102,"<40 cm",175,250,0.7
"E2","V2BASE",20102,"40-80 cm",1,250,0.004
"E2","V2BASE",20102,"80-120 cm",5,250,0.02
"E2","V2BASE",20102,"120-160 cm",5,250,0.02
"E2","V2BASE",20102,"160-200 cm",3,250,0.012
"E2","V2BASE",20102,">200 cm",61,250,0.244
"E2","V2BASE",20103,"<40 cm",187,250,0.748
"E2","V2BASE",20103,"40-80 cm",3,250,0.012
"E2","V2BASE",20103,"80-120 cm",4,250,0.016
"E2","V2BASE",20103,"120-160 cm",7,250,0.028
"E2","V2BASE",20103,"160-200 cm",5,250,0.02
"E2","V2BASE",20103,">200 cm",44,250,0.176
"E2","V2BASE",20104,"<40 cm",179,250,0.716
"E2","V2BASE",20104,"40-80 cm",6,250,0.024
"E2","V2BASE",20104,"80-120 cm",5,250,0.02
"E2","V2BASE",20104,"120-160 cm",5,250,0.02
"E2","V2BASE",20104,"160-200 cm",3,250,0.012
"E2","V2BASE",20104,">200 cm",52,250,0.208
"E2","V2BASE",20105,"<40 cm",184,250,0.736
"E2","V2BASE",20105,"40-80 cm",4,250,0.016
"E2","V2BASE",20105,"80-120 cm",2,250,0.008
"E2","V2BASE",20105,"120-160 cm",3,250,0.012
"E2","V2BASE",20105,"160-200 cm",2,250,0.008
"E2","V2BASE",20105,">200 cm",55,250,0.22
"E2","V2BASE",20106,"<40 cm",175,250,0.7
"E2","V2BASE",20106,"40-80 cm",5,250,0.02
"E2","V2BASE",20106,"80-120 cm",6,250,0.024
"E2","V2BASE",20106,"120-160 cm",4,250,0.016
"E2","V2BASE",20106,"160-200 cm",6,250,0.024
"E2","V2BASE",20106,">200 cm",54,250,0.216
"E2","V2BASE",20107,"<40 cm",187,250,0.748
"E2","V2BASE",20107,"40-80 cm",4,250,0.016
"E2","V2BASE",20107,"80-120 cm",1,250,0.004
"E2","V2BASE",20107,"120-160 cm",2,250,0.008
"E2","V2BASE",20107,"160-200 cm",4,250,0.016
"E2","V2BASE",20107,">200 cm",52,250,0.208
"E2","V2BASE",20108,"<40 cm",197,250,0.788
"E2","V2BASE",20108,"40-80 cm",1,250,0.004
"E2","V2BASE",20108,"80-120 cm",1,250,0.004
"E2","V2BASE",20108,"120-160 cm",6,250,0.024
"E2","V2BASE",20108,"160-200 cm",3,250,0.012
"E2","V2BASE",20108,">200 cm",42,250,0.168
"E2","V2BASE",20109,"<40 cm",189,250,0.756
"E2","V2BASE",20109,"40-80 cm",4,250,0.016
"E2","V2BASE",20109,"80-120 cm",5,250,0.02
"E2","V2BASE",20109,"120-160 cm",4,250,0.016
"E2","V2BASE",20109,"160-200 cm",3,250,0.012
"E2","V2BASE",20109,">200 cm",45,250,0.18
"E2","V2BASE",20110,"<40 cm",177,250,0.708
"E2","V2BASE",20110,"40-80 cm",3,250,0.012
"E2","V2BASE",20110,"80-120 cm",4,250,0.016
"E2","V2BASE",20110,"120-160 cm",4,250,0.016
"E2","V2BASE",20110,"160-200 cm",0,250,0
"E2","V2BASE",20110,">200 cm",62,250,0.248
"E2","V2BASE",21101,"<40 cm",184,250,0.736
"E2","V2BASE",21101,"40-80 cm",13,250,0.052
"E2","V2BASE",21101,"80-120 cm",3,250,0.012
"E2","V2BASE",21101,"120-160 cm",5,250,0.02
"E2","V2BASE",21101,"160-200 cm",4,250,0.016
"E2","V2BASE",21101,">200 cm",41,250,0.164
"E2","V2BASE",21102,"<40 cm",173,250,0.692
"E2","V2BASE",21102,"40-80 cm",7,250,0.028
"E2","V2BASE",21102,"80-120 cm",6,250,0.024
"E2","V2BASE",21102,"120-160 cm",4,250,0.016
"E2","V2BASE",21102,"160-200 cm",3,250,0.012
"E2","V2BASE",21102,">200 cm",57,250,0.228
"E2","V2BASE",21103,"<40 cm",182,250,0.728
"E2","V2BASE",21103,"40-80 cm",12,250,0.048
"E2","V2BASE",21103,"80-120 cm",4,250,0.016
"E2","V2BASE",21103,"120-160 cm",7,250,0.028
"E2","V2BASE",21103,"160-200 cm",5,250,0.02
"E2","V2BASE",21103,">200 cm",40,250,0.16
"E2","V2BASE",21104,"<40 cm",174,250,0.696
"E2","V2BASE",21104,"40-80 cm",15,250,0.06
"E2","V2BASE",21104,"80-120 cm",6,250,0.024
"E2","V2BASE",21104,"120-160 cm",4,250,0.016
"E2","V2BASE",21104,"160-200 cm",4,250,0.016
"E2","V2BASE",21104,">200 cm",47,250,0.188
"E2","V2BASE",21105,"<40 cm",179,250,0.716
"E2","V2BASE",21105,"40-80 cm",13,250,0.052
"E2","V2BASE",21105,"80-120 cm",2,250,0.008
"E2","V2BASE",21105,"120-160 cm",3,250,0.012
"E2","V2BASE",21105,"160-200 cm",2,250,0.008
"E2","V2BASE",21105,">200 cm",51,250,0.204
"E2","V2BASE",21106,"<40 cm",169,250,0.676
"E2","V2BASE",21106,"40-80 cm",15,250,0.06
"E2","V2BASE",21106,"80-120 cm",6,250,0.024
"E2","V2BASE",21106,"120-160 cm",4,250,0.016
"E2","V2BASE",21106,"160-200 cm",6,250,0.024
"E2","V2BASE",21106,">200 cm",50,250,0.2
"E2","V2BASE",21107,"<40 cm",184,250,0.736
"E2","V2BASE",21107,"40-80 cm",11,250,0.044
"E2","V2BASE",21107,"80-120 cm",1,250,0.004
"E2","V2BASE",21107,"120-160 cm",2,250,0.008
"E2","V2BASE",21107,"160-200 cm",5,250,0.02
"E2","V2BASE",21107,">200 cm",47,250,0.188
"E2","V2BASE",21108,"<40 cm",195,250,0.78
"E2","V2BASE",21108,"40-80 cm",7,250,0.028
"E2","V2BASE",21108,"80-120 cm",1,250,0.004
"E2","V2BASE",21108,"120-160 cm",6,250,0.024
"E2","V2BASE",21108,"160-200 cm",3,250,0.012
"E2","V2BASE",21108,">200 cm",38,250,0.152
"E2","V2BASE",21109,"<40 cm",182,250,0.728
"E2","V2BASE",21109,"40-80 cm",15,250,0.06
"E2","V2BASE",21109,"80-120 cm",5,250,0.02
"E2","V2BASE",21109,"120-160 cm",4,250,0.016
"E2","V2BASE",21109,"160-200 cm",4,250,0.016
"E2","V2BASE",21109,">200 cm",40,250,0.16
"E2","V2BASE",21110,"<40 cm",176,250,0.704
"E2","V2BASE",21110,"40-80 cm",8,250,0.032
"E2","V2BASE",21110,"80-120 cm",4,250,0.016
"E2","V2BASE",21110,"120-160 cm",4,250,0.016
"E2","V2BASE",21110,"160-200 cm",0,250,0
"E2","V2BASE",21110,">200 cm",58,250,0.232
"E2","V2BASE",22101,"<40 cm",185,250,0.74
"E2","V2BASE",22101,"40-80 cm",12,250,0.048
"E2","V2BASE",22101,"80-120 cm",4,250,0.016
"E2","V2BASE",22101,"120-160 cm",5,250,0.02
"E2","V2BASE",22101,"160-200 cm",6,250,0.024
"E2","V2BASE",22101,">200 cm",38,250,0.152
"E2","V2BASE",22102,"<40 cm",169,250,0.676
"E2","V2BASE",22102,"40-80 cm",9,250,0.036
"E2","V2BASE",22102,"80-120 cm",4,250,0.016
"E2","V2BASE",22102,"120-160 cm",7,250,0.028
"E2","V2BASE",22102,"160-200 cm",7,250,0.028
"E2","V2BASE",22102,">200 cm",54,250,0.216
"E2","V2BASE",22103,"<40 cm",185,250,0.74
"E2","V2BASE",22103,"40-80 cm",6,250,0.024
"E2","V2BASE",22103,"80-120 cm",4,250,0.016
"E2","V2BASE",22103,"120-160 cm",7,250,0.028
"E2","V2BASE",22103,"160-200 cm",7,250,0.028
"E2","V2BASE",22103,">200 cm",41,250,0.164
"E2","V2BASE",22104,"<40 cm",178,250,0.712
"E2","V2BASE",22104,"40-80 cm",10,250,0.04
"E2","V2BASE",22104,"80-120 cm",5,250,0.02
"E2","V2BASE",22104,"120-160 cm",6,250,0.024
"E2","V2BASE",22104,"160-200 cm",9,250,0.036
"E2","V2BASE",22104,">200 cm",42,250,0.168
"E2","V2BASE",22105,"<40 cm",183,250,0.732
"E2","V2BASE",22105,"40-80 cm",7,250,0.028
"E2","V2BASE",22105,"80-120 cm",5,250,0.02
"E2","V2BASE",22105,"120-160 cm",7,250,0.028
"E2","V2BASE",22105,"160-200 cm",5,250,0.02
"E2","V2BASE",22105,">200 cm",43,250,0.172
"E2","V2BASE",22106,"<40 cm",171,250,0.684
"E2","V2BASE",22106,"40-80 cm",12,250,0.048
"E2","V2BASE",22106,"80-120 cm",6,250,0.024
"E2","V2BASE",22106,"120-160 cm",5,250,0.02
"E2","V2BASE",22106,"160-200 cm",12,250,0.048
"E2","V2BASE",22106,">200 cm",44,250,0.176
"E2","V2BASE",22107,"<40 cm",183,250,0.732
"E2","V2BASE",22107,"40-80 cm",6,250,0.024
"E2","V2BASE",22107,"80-120 cm",3,250,0.012
"E2","V2BASE",22107,"120-160 cm",2,250,0.008
"E2","V2BASE",22107,"160-200 cm",5,250,0.02
"E2","V2BASE",22107,">200 cm",51,250,0.204
"E2","V2BASE",22108,"<40 cm",192,250,0.768
"E2","V2BASE",22108,"40-80 cm",7,250,0.028
"E2","V2BASE",22108,"80-120 cm",2,250,0.008
"E2","V2BASE",22108,"120-160 cm",7,250,0.028
"E2","V2BASE",22108,"160-200 cm",7,250,0.028
"E2","V2BASE",22108,">200 cm",35,250,0.14
"E2","V2BASE",22109,"<40 cm",185,250,0.74
"E2","V2BASE",22109,"40-80 cm",9,250,0.036
"E2","V2BASE",22109,"80-120 cm",7,250,0.028
"E2","V2BASE",22109,"120-160 cm",9,250,0.036
"E2","V2BASE",22109,"160-200 cm",5,250,0.02
"E2","V2BASE",22109,">200 cm",35,250,0.14
"E2","V2BASE",22110,"<40 cm",173,250,0.692
"E2","V2BASE",22110,"40-80 cm",9,250,0.036
"E2","V2BASE",22110,"80-120 cm",2,250,0.008
"E2","V2BASE",22110,"120-160 cm",5,250,0.02
"E2","V2BASE",22110,"160-200 cm",6,250,0.024
"E2","V2BASE",22110,">200 cm",55,250,0.22
"E2","V2BASE",23101,"<40 cm",190,250,0.76
"E2","V2BASE",23101,"40-80 cm",5,250,0.02
"E2","V2BASE",23101,"80-120 cm",3,250,0.012
"E2","V2BASE",23101,"120-160 cm",5,250,0.02
"E2","V2BASE",23101,"160-200 cm",5,250,0.02
"E2","V2BASE",23101,">200 cm",42,250,0.168
"E2","V2BASE",23102,"<40 cm",177,250,0.708
"E2","V2BASE",23102,"40-80 cm",1,250,0.004
"E2","V2BASE",23102,"80-120 cm",5,250,0.02
"E2","V2BASE",23102,"120-160 cm",6,250,0.024
"E2","V2BASE",23102,"160-200 cm",4,250,0.016
"E2","V2BASE",23102,">200 cm",57,250,0.228
"E2","V2BASE",23103,"<40 cm",185,250,0.74
"E2","V2BASE",23103,"40-80 cm",7,250,0.028
"E2","V2BASE",23103,"80-120 cm",4,250,0.016
"E2","V2BASE",23103,"120-160 cm",6,250,0.024
"E2","V2BASE",23103,"160-200 cm",5,250,0.02
"E2","V2BASE",23103,">200 cm",43,250,0.172
"E2","V2BASE",23104,"<40 cm",181,250,0.724
"E2","V2BASE",23104,"40-80 cm",6,250,0.024
"E2","V2BASE",23104,"80-120 cm",6,250,0.024
"E2","V2BASE",23104,"120-160 cm",4,250,0.016
"E2","V2BASE",23104,"160-200 cm",6,250,0.024
"E2","V2BASE",23104,">200 cm",47,250,0.188
"E2","V2BASE",23105,"<40 cm",188,250,0.752
"E2","V2BASE",23105,"40-80 cm",4,250,0.016
"E2","V2BASE",23105,"80-120 cm",2,250,0.008
"E2","V2BASE",23105,"120-160 cm",3,250,0.012
"E2","V2BASE",23105,"160-200 cm",3,250,0.012
"E2","V2BASE",23105,">200 cm",50,250,0.2
"E2","V2BASE",23106,"<40 cm",177,250,0.708
"E2","V2BASE",23106,"40-80 cm",6,250,0.024
"E2","V2BASE",23106,"80-120 cm",5,250,0.02
"E2","V2BASE",23106,"120-160 cm",4,250,0.016
"E2","V2BASE",23106,"160-200 cm",6,250,0.024
"E2","V2BASE",23106,">200 cm",52,250,0.208
"E2","V2BASE",23107,"<40 cm",189,250,0.756
"E2","V2BASE",23107,"40-80 cm",4,250,0.016
"E2","V2BASE",23107,"80-120 cm",1,250,0.004
"E2","V2BASE",23107,"120-160 cm",2,250,0.008
"E2","V2BASE",23107,"160-200 cm",4,250,0.016
"E2","V2BASE",23107,">200 cm",50,250,0.2
"E2","V2BASE",23108,"<40 cm",198,250,0.792
"E2","V2BASE",23108,"40-80 cm",1,250,0.004
"E2","V2BASE",23108,"80-120 cm",2,250,0.008
"E2","V2BASE",23108,"120-160 cm",5,250,0.02
"E2","V2BASE",23108,"160-200 cm",5,250,0.02
"E2","V2BASE",23108,">200 cm",39,250,0.156
"E2","V2BASE",23109,"<40 cm",192,250,0.768
"E2","V2BASE",23109,"40-80 cm",4,250,0.016
"E2","V2BASE",23109,"80-120 cm",5,250,0.02
"E2","V2BASE",23109,"120-160 cm",5,250,0.02
"E2","V2BASE",23109,"160-200 cm",3,250,0.012
"E2","V2BASE",23109,">200 cm",41,250,0.164
"E2","V2BASE",23110,"<40 cm",178,250,0.712
"E2","V2BASE",23110,"40-80 cm",4,250,0.016
"E2","V2BASE",23110,"80-120 cm",4,250,0.016
"E2","V2BASE",23110,"120-160 cm",4,250,0.016
"E2","V2BASE",23110,"160-200 cm",2,250,0.008
"E2","V2BASE",23110,">200 cm",58,250,0.232
"E2","V2BASE",24101,"<40 cm",184,250,0.736
"E2","V2BASE",24101,"40-80 cm",15,250,0.06
"E2","V2BASE",24101,"80-120 cm",3,250,0.012
"E2","V2BASE",24101,"120-160 cm",5,250,0.02
"E2","V2BASE",24101,"160-200 cm",6,250,0.024
"E2","V2BASE",24101,">200 cm",37,250,0.148
"E2","V2BASE",24102,"<40 cm",167,250,0.668
"E2","V2BASE",24102,"40-80 cm",13,250,0.052
"E2","V2BASE",24102,"80-120 cm",6,250,0.024
"E2","V2BASE",24102,"120-160 cm",6,250,0.024
"E2","V2BASE",24102,"160-200 cm",5,250,0.02
"E2","V2BASE",24102,">200 cm",53,250,0.212
"E2","V2BASE",24103,"<40 cm",177,250,0.708
"E2","V2BASE",24103,"40-80 cm",17,250,0.068
"E2","V2BASE",24103,"80-120 cm",4,250,0.016
"E2","V2BASE",24103,"120-160 cm",9,250,0.036
"E2","V2BASE",24103,"160-200 cm",7,250,0.028
"E2","V2BASE",24103,">200 cm",36,250,0.144
"E2","V2BASE",24104,"<40 cm",173,250,0.692
"E2","V2BASE",24104,"40-80 cm",17,250,0.068
"E2","V2BASE",24104,"80-120 cm",5,250,0.02
"E2","V2BASE",24104,"120-160 cm",6,250,0.024
"E2","V2BASE",24104,"160-200 cm",5,250,0.02
"E2","V2BASE",24104,">200 cm",44,250,0.176
"E2","V2BASE",24105,"<40 cm",179,250,0.716
"E2","V2BASE",24105,"40-80 cm",13,250,0.052
"E2","V2BASE",24105,"80-120 cm",2,250,0.008
"E2","V2BASE",24105,"120-160 cm",3,250,0.012
"E2","V2BASE",24105,"160-200 cm",9,250,0.036
"E2","V2BASE",24105,">200 cm",44,250,0.176
"E2","V2BASE",24106,"<40 cm",172,250,0.688
"E2","V2BASE",24106,"40-80 cm",14,250,0.056
"E2","V2BASE",24106,"80-120 cm",6,250,0.024
"E2","V2BASE",24106,"120-160 cm",2,250,0.008
"E2","V2BASE",24106,"160-200 cm",12,250,0.048
"E2","V2BASE",24106,">200 cm",44,250,0.176
"E2","V2BASE",24107,"<40 cm",182,250,0.728
"E2","V2BASE",24107,"40-80 cm",13,250,0.052
"E2","V2BASE",24107,"80-120 cm",3,250,0.012
"E2","V2BASE",24107,"120-160 cm",3,250,0.012
"E2","V2BASE",24107,"160-200 cm",6,250,0.024
"E2","V2BASE",24107,">200 cm",43,250,0.172
"E2","V2BASE",24108,"<40 cm",193,250,0.772
"E2","V2BASE",24108,"40-80 cm",9,250,0.036
"E2","V2BASE",24108,"80-120 cm",3,250,0.012
"E2","V2BASE",24108,"120-160 cm",6,250,0.024
"E2","V2BASE",24108,"160-200 cm",2,250,0.008
"E2","V2BASE",24108,">200 cm",37,250,0.148
"E2","V2BASE",24109,"<40 cm",182,250,0.728
"E2","V2BASE",24109,"40-80 cm",16,250,0.064
"E2","V2BASE",24109,"80-120 cm",6,250,0.024
"E2","V2BASE",24109,"120-160 cm",7,250,0.028
"E2","V2BASE",24109,"160-200 cm",7,250,0.028
"E2","V2BASE",24109,">200 cm",32,250,0.128
"E2","V2BASE",24110,"<40 cm",167,250,0.668
"E2","V2BASE",24110,"40-80 cm",16,250,0.064
"E2","V2BASE",24110,"80-120 cm",7,250,0.028
"E2","V2BASE",24110,"120-160 cm",6,250,0.024
"E2","V2BASE",24110,"160-200 cm",10,250,0.04
"E2","V2BASE",24110,">200 cm",44,250,0.176
"E2","V2BASE",25101,"<40 cm",190,250,0.76
"E2","V2BASE",25101,"40-80 cm",8,250,0.032
"E2","V2BASE",25101,"80-120 cm",3,250,0.012
"E2","V2BASE",25101,"120-160 cm",5,250,0.02
"E2","V2BASE",25101,"160-200 cm",5,250,0.02
"E2","V2BASE",25101,">200 cm",39,250,0.156
"E2","V2BASE",25102,"<40 cm",176,250,0.704
"E2","V2BASE",25102,"40-80 cm",4,250,0.016
"E2","V2BASE",25102,"80-120 cm",6,250,0.024
"E2","V2BASE",25102,"120-160 cm",5,250,0.02
"E2","V2BASE",25102,"160-200 cm",3,250,0.012
"E2","V2BASE",25102,">200 cm",56,250,0.224
"E2","V2BASE",25103,"<40 cm",184,250,0.736
"E2","V2BASE",25103,"40-80 cm",7,250,0.028
"E2","V2BASE",25103,"80-120 cm",4,250,0.016
"E2","V2BASE",25103,"120-160 cm",10,250,0.04
"E2","V2BASE",25103,"160-200 cm",4,250,0.016
"E2","V2BASE",25103,">200 cm",41,250,0.164
"E2","V2BASE",25104,"<40 cm",178,250,0.712
"E2","V2BASE",25104,"40-80 cm",9,250,0.036
"E2","V2BASE",25104,"80-120 cm",5,250,0.02
"E2","V2BASE",25104,"120-160 cm",6,250,0.024
"E2","V2BASE",25104,"160-200 cm",2,250,0.008
"E2","V2BASE",25104,">200 cm",50,250,0.2
"E2","V2BASE",25105,"<40 cm",183,250,0.732
"E2","V2BASE",25105,"40-80 cm",6,250,0.024
"E2","V2BASE",25105,"80-120 cm",3,250,0.012
"E2","V2BASE",25105,"120-160 cm",5,250,0.02
"E2","V2BASE",25105,"160-200 cm",2,250,0.008
"E2","V2BASE",25105,">200 cm",51,250,0.204
"E2","V2BASE",25106,"<40 cm",175,250,0.7
"E2","V2BASE",25106,"40-80 cm",7,250,0.028
"E2","V2BASE",25106,"80-120 cm",6,250,0.024
"E2","V2BASE",25106,"120-160 cm",5,250,0.02
"E2","V2BASE",25106,"160-200 cm",7,250,0.028
"E2","V2BASE",25106,">200 cm",50,250,0.2
"E2","V2BASE",25107,"<40 cm",189,250,0.756
"E2","V2BASE",25107,"40-80 cm",5,250,0.02
"E2","V2BASE",25107,"80-120 cm",1,250,0.004
"E2","V2BASE",25107,"120-160 cm",3,250,0.012
"E2","V2BASE",25107,"160-200 cm",4,250,0.016
"E2","V2BASE",25107,">200 cm",48,250,0.192
"E2","V2BASE",25108,"<40 cm",195,250,0.78
"E2","V2BASE",25108,"40-80 cm",2,250,0.008
"E2","V2BASE",25108,"80-120 cm",2,250,0.008
"E2","V2BASE",25108,"120-160 cm",7,250,0.028
"E2","V2BASE",25108,"160-200 cm",5,250,0.02
"E2","V2BASE",25108,">200 cm",39,250,0.156
"E2","V2BASE",25109,"<40 cm",190,250,0.76
"E2","V2BASE",25109,"40-80 cm",6,250,0.024
"E2","V2BASE",25109,"80-120 cm",5,250,0.02
"E2","V2BASE",25109,"120-160 cm",4,250,0.016
"E2","V2BASE",25109,"160-200 cm",5,250,0.02
"E2","V2BASE",25109,">200 cm",40,250,0.16
"E2","V2BASE",25110,"<40 cm",179,250,0.716
"E2","V2BASE",25110,"40-80 cm",3,250,0.012
"E2","V2BASE",25110,"80-120 cm",4,250,0.016
"E2","V2BASE",25110,"120-160 cm",5,250,0.02
"E2","V2BASE",25110,"160-200 cm",1,250,0.004
"E2","V2BASE",25110,">200 cm",58,250,0.232
"E2","V2BASE",26101,"<40 cm",181,250,0.724
"E2","V2BASE",26101,"40-80 cm",14,250,0.056
"E2","V2BASE",26101,"80-120 cm",3,250,0.012
"E2","V2BASE",26101,"120-160 cm",7,250,0.028
"E2","V2BASE",26101,"160-200 cm",3,250,0.012
"E2","V2BASE",26101,">200 cm",42,250,0.168
"E2","V2BASE",26102,"<40 cm",170,250,0.68
"E2","V2BASE",26102,"40-80 cm",8,250,0.032
"E2","V2BASE",26102,"80-120 cm",6,250,0.024
"E2","V2BASE",26102,"120-160 cm",4,250,0.016
"E2","V2BASE",26102,"160-200 cm",7,250,0.028
"E2","V2BASE",26102,">200 cm",55,250,0.22
"E2","V2BASE",26103,"<40 cm",161,250,0.644
"E2","V2BASE",26103,"40-80 cm",30,250,0.12
"E2","V2BASE",26103,"80-120 cm",4,250,0.016
"E2","V2BASE",26103,"120-160 cm",10,250,0.04
"E2","V2BASE",26103,"160-200 cm",3,250,0.012
"E2","V2BASE",26103,">200 cm",42,250,0.168
"E2","V2BASE",26104,"<40 cm",170,250,0.68
"E2","V2BASE",26104,"40-80 cm",13,250,0.052
"E2","V2BASE",26104,"80-120 cm",7,250,0.028
"E2","V2BASE",26104,"120-160 cm",5,250,0.02
"E2","V2BASE",26104,"160-200 cm",4,250,0.016
"E2","V2BASE",26104,">200 cm",51,250,0.204
"E2","V2BASE",26105,"<40 cm",180,250,0.72
"E2","V2BASE",26105,"40-80 cm",9,250,0.036
"E2","V2BASE",26105,"80-120 cm",5,250,0.02
"E2","V2BASE",26105,"120-160 cm",3,250,0.012
"E2","V2BASE",26105,"160-200 cm",4,250,0.016
"E2","V2BASE",26105,">200 cm",49,250,0.196
"E2","V2BASE",26106,"<40 cm",165,250,0.66
"E2","V2BASE",26106,"40-80 cm",15,250,0.06
"E2","V2BASE",26106,"80-120 cm",12,250,0.048
"E2","V2BASE",26106,"120-160 cm",4,250,0.016
"E2","V2BASE",26106,"160-200 cm",7,250,0.028
"E2","V2BASE",26106,">200 cm",47,250,0.188
"E2","V2BASE",26107,"<40 cm",176,250,0.704
"E2","V2BASE",26107,"40-80 cm",15,250,0.06
"E2","V2BASE",26107,"80-120 cm",2,250,0.008
"E2","V2BASE",26107,"120-160 cm",2,250,0.008
"E2","V2BASE",26107,"160-200 cm",4,250,0.016
"E2","V2BASE",26107,">200 cm",51,250,0.204
"E2","V2BASE",26108,"<40 cm",187,250,0.748
"E2","V2BASE",26108,"40-80 cm",13,250,0.052
"E2","V2BASE",26108,"80-120 cm",4,250,0.016
"E2","V2BASE",26108,"120-160 cm",8,250,0.032
"E2","V2BASE",26108,"160-200 cm",2,250,0.008
"E2","V2BASE",26108,">200 cm",36,250,0.144
"E2","V2BASE",26109,"<40 cm",178,250,0.712
"E2","V2BASE",26109,"40-80 cm",14,250,0.056
"E2","V2BASE",26109,"80-120 cm",6,250,0.024
"E2","V2BASE",26109,"120-160 cm",5,250,0.02
"E2","V2BASE",26109,"160-200 cm",5,250,0.02
"E2","V2BASE",26109,">200 cm",42,250,0.168
"E2","V2BASE",26110,"<40 cm",172,250,0.688
"E2","V2BASE",26110,"40-80 cm",11,250,0.044
"E2","V2BASE",26110,"80-120 cm",5,250,0.02
"E2","V2BASE",26110,"120-160 cm",5,250,0.02
"E2","V2BASE",26110,"160-200 cm",5,250,0.02
"E2","V2BASE",26110,">200 cm",52,250,0.208
"E2","V2BASE",27101,"<40 cm",186,250,0.744
"E2","V2BASE",27101,"40-80 cm",6,250,0.024
"E2","V2BASE",27101,"80-120 cm",6,250,0.024
"E2","V2BASE",27101,"120-160 cm",6,250,0.024
"E2","V2BASE",27101,"160-200 cm",4,250,0.016
"E2","V2BASE",27101,">200 cm",42,250,0.168
"E2","V2BASE",27102,"<40 cm",175,250,0.7
"E2","V2BASE",27102,"40-80 cm",2,250,0.008
"E2","V2BASE",27102,"80-120 cm",8,250,0.032
"E2","V2BASE",27102,"120-160 cm",3,250,0.012
"E2","V2BASE",27102,"160-200 cm",5,250,0.02
"E2","V2BASE",27102,">200 cm",57,250,0.228
"E2","V2BASE",27103,"<40 cm",183,250,0.732
"E2","V2BASE",27103,"40-80 cm",5,250,0.02
"E2","V2BASE",27103,"80-120 cm",6,250,0.024
"E2","V2BASE",27103,"120-160 cm",6,250,0.024
"E2","V2BASE",27103,"160-200 cm",6,250,0.024
"E2","V2BASE",27103,">200 cm",44,250,0.176
"E2","V2BASE",27104,"<40 cm",178,250,0.712
"E2","V2BASE",27104,"40-80 cm",9,250,0.036
"E2","V2BASE",27104,"80-120 cm",5,250,0.02
"E2","V2BASE",27104,"120-160 cm",5,250,0.02
"E2","V2BASE",27104,"160-200 cm",2,250,0.008
"E2","V2BASE",27104,">200 cm",51,250,0.204
"E2","V2BASE",27105,"<40 cm",184,250,0.736
"E2","V2BASE",27105,"40-80 cm",4,250,0.016
"E2","V2BASE",27105,"80-120 cm",6,250,0.024
"E2","V2BASE",27105,"120-160 cm",2,250,0.008
"E2","V2BASE",27105,"160-200 cm",2,250,0.008
"E2","V2BASE",27105,">200 cm",52,250,0.208
"E2","V2BASE",27106,"<40 cm",174,250,0.696
"E2","V2BASE",27106,"40-80 cm",6,250,0.024
"E2","V2BASE",27106,"80-120 cm",10,250,0.04
"E2","V2BASE",27106,"120-160 cm",3,250,0.012
"E2","V2BASE",27106,"160-200 cm",6,250,0.024
"E2","V2BASE",27106,">200 cm",51,250,0.204
"E2","V2BASE",27107,"<40 cm",186,250,0.744
"E2","V2BASE",27107,"40-80 cm",3,250,0.012
"E2","V2BASE",27107,"80-120 cm",6,250,0.024
"E2","V2BASE",27107,"120-160 cm",1,250,0.004
"E2","V2BASE",27107,"160-200 cm",4,250,0.016
"E2","V2BASE",27107,">200 cm",50,250,0.2
"E2","V2BASE",27108,"<40 cm",193,250,0.772
"E2","V2BASE",27108,"40-80 cm",6,250,0.024
"E2","V2BASE",27108,"80-120 cm",4,250,0.016
"E2","V2BASE",27108,"120-160 cm",6,250,0.024
"E2","V2BASE",27108,"160-200 cm",3,250,0.012
"E2","V2BASE",27108,">200 cm",38,250,0.152
"E2","V2BASE",27109,"<40 cm",188,250,0.752
"E2","V2BASE",27109,"40-80 cm",4,250,0.016
"E2","V2BASE",27109,"80-120 cm",9,250,0.036
"E2","V2BASE",27109,"120-160 cm",4,250,0.016
"E2","V2BASE",27109,"160-200 cm",4,250,0.016
"E2","V2BASE",27109,">200 cm",41,250,0.164
"E2","V2BASE",27110,"<40 cm",169,250,0.676
"E2","V2BASE",27110,"40-80 cm",8,250,0.032
"E2","V2BASE",27110,"80-120 cm",7,250,0.028
"E2","V2BASE",27110,"120-160 cm",3,250,0.012
"E2","V2BASE",27110,"160-200 cm",1,250,0.004
"E2","V2BASE",27110,">200 cm",62,250,0.248
"E2","V2BASE",28101,"<40 cm",188,250,0.752
"E2","V2BASE",28101,"40-80 cm",11,250,0.044
"E2","V2BASE",28101,"80-120 cm",3,250,0.012
"E2","V2BASE",28101,"120-160 cm",3,250,0.012
"E2","V2BASE",28101,"160-200 cm",2,250,0.008
"E2","V2BASE",28101,">200 cm",43,250,0.172
"E2","V2BASE",28102,"<40 cm",172,250,0.688
"E2","V2BASE",28102,"40-80 cm",6,250,0.024
"E2","V2BASE",28102,"80-120 cm",5,250,0.02
"E2","V2BASE",28102,"120-160 cm",4,250,0.016
"E2","V2BASE",28102,"160-200 cm",5,250,0.02
"E2","V2BASE",28102,">200 cm",58,250,0.232
"E2","V2BASE",28103,"<40 cm",186,250,0.744
"E2","V2BASE",28103,"40-80 cm",6,250,0.024
"E2","V2BASE",28103,"80-120 cm",5,250,0.02
"E2","V2BASE",28103,"120-160 cm",7,250,0.028
"E2","V2BASE",28103,"160-200 cm",5,250,0.02
"E2","V2BASE",28103,">200 cm",41,250,0.164
"E2","V2BASE",28104,"<40 cm",180,250,0.72
"E2","V2BASE",28104,"40-80 cm",11,250,0.044
"E2","V2BASE",28104,"80-120 cm",4,250,0.016
"E2","V2BASE",28104,"120-160 cm",4,250,0.016
"E2","V2BASE",28104,"160-200 cm",3,250,0.012
"E2","V2BASE",28104,">200 cm",48,250,0.192
"E2","V2BASE",28105,"<40 cm",182,250,0.728
"E2","V2BASE",28105,"40-80 cm",10,250,0.04
"E2","V2BASE",28105,"80-120 cm",2,250,0.008
"E2","V2BASE",28105,"120-160 cm",4,250,0.016
"E2","V2BASE",28105,"160-200 cm",2,250,0.008
"E2","V2BASE",28105,">200 cm",50,250,0.2
"E2","V2BASE",28106,"<40 cm",181,250,0.724
"E2","V2BASE",28106,"40-80 cm",8,250,0.032
"E2","V2BASE",28106,"80-120 cm",4,250,0.016
"E2","V2BASE",28106,"120-160 cm",4,250,0.016
"E2","V2BASE",28106,"160-200 cm",4,250,0.016
"E2","V2BASE",28106,">200 cm",49,250,0.196
"E2","V2BASE",28107,"<40 cm",189,250,0.756
"E2","V2BASE",28107,"40-80 cm",9,250,0.036
"E2","V2BASE",28107,"80-120 cm",1,250,0.004
"E2","V2BASE",28107,"120-160 cm",2,250,0.008
"E2","V2BASE",28107,"160-200 cm",2,250,0.008
"E2","V2BASE",28107,">200 cm",47,250,0.188
"E2","V2BASE",28108,"<40 cm",196,250,0.784
"E2","V2BASE",28108,"40-80 cm",8,250,0.032
"E2","V2BASE",28108,"80-120 cm",1,250,0.004
"E2","V2BASE",28108,"120-160 cm",4,250,0.016
"E2","V2BASE",28108,"160-200 cm",3,250,0.012
"E2","V2BASE",28108,">200 cm",38,250,0.152
"E2","V2BASE",28109,"<40 cm",192,250,0.768
"E2","V2BASE",28109,"40-80 cm",11,250,0.044
"E2","V2BASE",28109,"80-120 cm",3,250,0.012
"E2","V2BASE",28109,"120-160 cm",4,250,0.016
"E2","V2BASE",28109,"160-200 cm",4,250,0.016
"E2","V2BASE",28109,">200 cm",36,250,0.144
"E2","V2BASE",28110,"<40 cm",172,250,0.688
"E2","V2BASE",28110,"40-80 cm",8,250,0.032
"E2","V2BASE",28110,"80-120 cm",5,250,0.02
"E2","V2BASE",28110,"120-160 cm",4,250,0.016
"E2","V2BASE",28110,"160-200 cm",1,250,0.004
"E2","V2BASE",28110,">200 cm",60,250,0.24
"E2","V2BASE",29101,"<40 cm",185,250,0.74
"E2","V2BASE",29101,"40-80 cm",5,250,0.02
"E2","V2BASE",29101,"80-120 cm",3,250,0.012
"E2","V2BASE",29101,"120-160 cm",5,250,0.02
"E2","V2BASE",29101,"160-200 cm",2,250,0.008
"E2","V2BASE",29101,">200 cm",50,250,0.2
"E2","V2BASE",29102,"<40 cm",172,250,0.688
"E2","V2BASE",29102,"40-80 cm",1,250,0.004
"E2","V2BASE",29102,"80-120 cm",5,250,0.02
"E2","V2BASE",29102,"120-160 cm",4,250,0.016
"E2","V2BASE",29102,"160-200 cm",5,250,0.02
"E2","V2BASE",29102,">200 cm",63,250,0.252
"E2","V2BASE",29103,"<40 cm",185,250,0.74
"E2","V2BASE",29103,"40-80 cm",3,250,0.012
"E2","V2BASE",29103,"80-120 cm",3,250,0.012
"E2","V2BASE",29103,"120-160 cm",7,250,0.028
"E2","V2BASE",29103,"160-200 cm",4,250,0.016
"E2","V2BASE",29103,">200 cm",48,250,0.192
"E2","V2BASE",29104,"<40 cm",176,250,0.704
"E2","V2BASE",29104,"40-80 cm",6,250,0.024
"E2","V2BASE",29104,"80-120 cm",5,250,0.02
"E2","V2BASE",29104,"120-160 cm",5,250,0.02
"E2","V2BASE",29104,"160-200 cm",6,250,0.024
"E2","V2BASE",29104,">200 cm",52,250,0.208
"E2","V2BASE",29105,"<40 cm",183,250,0.732
"E2","V2BASE",29105,"40-80 cm",3,250,0.012
"E2","V2BASE",29105,"80-120 cm",2,250,0.008
"E2","V2BASE",29105,"120-160 cm",4,250,0.016
"E2","V2BASE",29105,"160-200 cm",3,250,0.012
"E2","V2BASE",29105,">200 cm",55,250,0.22
"E2","V2BASE",29106,"<40 cm",175,250,0.7
"E2","V2BASE",29106,"40-80 cm",4,250,0.016
"E2","V2BASE",29106,"80-120 cm",6,250,0.024
"E2","V2BASE",29106,"120-160 cm",3,250,0.012
"E2","V2BASE",29106,"160-200 cm",5,250,0.02
"E2","V2BASE",29106,">200 cm",57,250,0.228
"E2","V2BASE",29107,"<40 cm",184,250,0.736
"E2","V2BASE",29107,"40-80 cm",4,250,0.016
"E2","V2BASE",29107,"80-120 cm",1,250,0.004
"E2","V2BASE",29107,"120-160 cm",1,250,0.004
"E2","V2BASE",29107,"160-200 cm",3,250,0.012
"E2","V2BASE",29107,">200 cm",57,250,0.228
"E2","V2BASE",29108,"<40 cm",191,250,0.764
"E2","V2BASE",29108,"40-80 cm",1,250,0.004
"E2","V2BASE",29108,"80-120 cm",1,250,0.004
"E2","V2BASE",29108,"120-160 cm",7,250,0.028
"E2","V2BASE",29108,"160-200 cm",4,250,0.016
"E2","V2BASE",29108,">200 cm",46,250,0.184
"E2","V2BASE",29109,"<40 cm",186,250,0.744
"E2","V2BASE",29109,"40-80 cm",4,250,0.016
"E2","V2BASE",29109,"80-120 cm",6,250,0.024
"E2","V2BASE",29109,"120-160 cm",4,250,0.016
"E2","V2BASE",29109,"160-200 cm",3,250,0.012
"E2","V2BASE",29109,">200 cm",47,250,0.188
"E2","V2BASE",29110,"<40 cm",172,250,0.688
"E2","V2BASE",29110,"40-80 cm",3,250,0.012
"E2","V2BASE",29110,"80-120 cm",4,250,0.016
"E2","V2BASE",29110,"120-160 cm",5,250,0.02
"E2","V2BASE",29110,"160-200 cm",1,250,0.004
"E2","V2BASE",29110,">200 cm",65,250,0.26
"E2","V2BASE",30101,"<40 cm",196,250,0.784
"E2","V2BASE",30101,"40-80 cm",9,250,0.036
"E2","V2BASE",30101,"80-120 cm",4,250,0.016
"E2","V2BASE",30101,"120-160 cm",3,250,0.012
"E2","V2BASE",30101,"160-200 cm",8,250,0.032
"E2","V2BASE",30101,">200 cm",30,250,0.12
"E2","V2BASE",30102,"<40 cm",188,250,0.752
"E2","V2BASE",30102,"40-80 cm",5,250,0.02
"E2","V2BASE",30102,"80-120 cm",3,250,0.012
"E2","V2BASE",30102,"120-160 cm",4,250,0.016
"E2","V2BASE",30102,"160-200 cm",11,250,0.044
"E2","V2BASE",30102,">200 cm",39,250,0.156
"E2","V2BASE",30103,"<40 cm",194,250,0.776
"E2","V2BASE",30103,"40-80 cm",10,250,0.04
"E2","V2BASE",30103,"80-120 cm",5,250,0.02
"E2","V2BASE",30103,"120-160 cm",4,250,0.016
"E2","V2BASE",30103,"160-200 cm",8,250,0.032
"E2","V2BASE",30103,">200 cm",29,250,0.116
"E2","V2BASE",30104,"<40 cm",189,250,0.756
"E2","V2BASE",30104,"40-80 cm",8,250,0.032
"E2","V2BASE",30104,"80-120 cm",5,250,0.02
"E2","V2BASE",30104,"120-160 cm",3,250,0.012
"E2","V2BASE",30104,"160-200 cm",12,250,0.048
"E2","V2BASE",30104,">200 cm",33,250,0.132
"E2","V2BASE",30105,"<40 cm",192,250,0.768
"E2","V2BASE",30105,"40-80 cm",4,250,0.016
"E2","V2BASE",30105,"80-120 cm",3,250,0.012
"E2","V2BASE",30105,"120-160 cm",2,250,0.008
"E2","V2BASE",30105,"160-200 cm",11,250,0.044
"E2","V2BASE",30105,">200 cm",38,250,0.152
"E2","V2BASE",30106,"<40 cm",186,250,0.744
"E2","V2BASE",30106,"40-80 cm",9,250,0.036
"E2","V2BASE",30106,"80-120 cm",5,250,0.02
"E2","V2BASE",30106,"120-160 cm",4,250,0.016
"E2","V2BASE",30106,"160-200 cm",10,250,0.04
"E2","V2BASE",30106,">200 cm",36,250,0.144
"E2","V2BASE",30107,"<40 cm",196,250,0.784
"E2","V2BASE",30107,"40-80 cm",6,250,0.024
"E2","V2BASE",30107,"80-120 cm",4,250,0.016
"E2","V2BASE",30107,"120-160 cm",1,250,0.004
"E2","V2BASE",30107,"160-200 cm",6,250,0.024
"E2","V2BASE",30107,">200 cm",37,250,0.148
"E2","V2BASE",30108,"<40 cm",208,250,0.832
"E2","V2BASE",30108,"40-80 cm",1,250,0.004
"E2","V2BASE",30108,"80-120 cm",3,250,0.012
"E2","V2BASE",30108,"120-160 cm",6,250,0.024
"E2","V2BASE",30108,"160-200 cm",4,250,0.016
"E2","V2BASE",30108,">200 cm",28,250,0.112
"E2","V2BASE",30109,"<40 cm",199,250,0.796
"E2","V2BASE",30109,"40-80 cm",5,250,0.02
"E2","V2BASE",30109,"80-120 cm",6,250,0.024
"E2","V2BASE",30109,"120-160 cm",5,250,0.02
"E2","V2BASE",30109,"160-200 cm",8,250,0.032
"E2","V2BASE",30109,">200 cm",27,250,0.108
"E2","V2BASE",30110,"<40 cm",185,250,0.74
"E2","V2BASE",30110,"40-80 cm",8,250,0.032
"E2","V2BASE",30110,"80-120 cm",2,250,0.008
"E2","V2BASE",30110,"120-160 cm",4,250,0.016
"E2","V2BASE",30110,"160-200 cm",9,250,0.036
"E2","V2BASE",30110,">200 cm",42,250,0.168
"E2","V2C",1101,"<40 cm",94,125,0.752
"E2","V2C",1101,"40-80 cm",4,125,0.032
"E2","V2C",1101,"80-120 cm",1,125,0.008
"E2","V2C",1101,"120-160 cm",4,125,0.032
"E2","V2C",1101,"160-200 cm",2,125,0.016
"E2","V2C",1101,">200 cm",20,125,0.16
"E2","V2C",1102,"<40 cm",90,125,0.72
"E2","V2C",1102,"40-80 cm",1,125,0.008
"E2","V2C",1102,"80-120 cm",1,125,0.008
"E2","V2C",1102,"120-160 cm",3,125,0.024
"E2","V2C",1102,"160-200 cm",2,125,0.016
"E2","V2C",1102,">200 cm",28,125,0.224
"E2","V2C",1103,"<40 cm",91,125,0.728
"E2","V2C",1103,"40-80 cm",4,125,0.032
"E2","V2C",1103,"80-120 cm",2,125,0.016
"E2","V2C",1103,"120-160 cm",6,125,0.048
"E2","V2C",1103,"160-200 cm",5,125,0.04
"E2","V2C",1103,">200 cm",17,125,0.136
"E2","V2C",1104,"<40 cm",0,0,NA
"E2","V2C",1104,"40-80 cm",0,0,NA
"E2","V2C",1104,"80-120 cm",0,0,NA
"E2","V2C",1104,"120-160 cm",0,0,NA
"E2","V2C",1104,"160-200 cm",0,0,NA
"E2","V2C",1104,">200 cm",0,0,NA
"E2","V2C",1105,"<40 cm",0,0,NA
"E2","V2C",1105,"40-80 cm",0,0,NA
"E2","V2C",1105,"80-120 cm",0,0,NA
"E2","V2C",1105,"120-160 cm",0,0,NA
"E2","V2C",1105,"160-200 cm",0,0,NA
"E2","V2C",1105,">200 cm",0,0,NA
"E2","V2C",1106,"<40 cm",0,0,NA
"E2","V2C",1106,"40-80 cm",0,0,NA
"E2","V2C",1106,"80-120 cm",0,0,NA
"E2","V2C",1106,"120-160 cm",0,0,NA
"E2","V2C",1106,"160-200 cm",0,0,NA
"E2","V2C",1106,">200 cm",0,0,NA
"E2","V2C",1107,"<40 cm",0,0,NA
"E2","V2C",1107,"40-80 cm",0,0,NA
"E2","V2C",1107,"80-120 cm",0,0,NA
"E2","V2C",1107,"120-160 cm",0,0,NA
"E2","V2C",1107,"160-200 cm",0,0,NA
"E2","V2C",1107,">200 cm",0,0,NA
"E2","V2C",1108,"<40 cm",0,0,NA
"E2","V2C",1108,"40-80 cm",0,0,NA
"E2","V2C",1108,"80-120 cm",0,0,NA
"E2","V2C",1108,"120-160 cm",0,0,NA
"E2","V2C",1108,"160-200 cm",0,0,NA
"E2","V2C",1108,">200 cm",0,0,NA
"E2","V2C",1109,"<40 cm",0,0,NA
"E2","V2C",1109,"40-80 cm",0,0,NA
"E2","V2C",1109,"80-120 cm",0,0,NA
"E2","V2C",1109,"120-160 cm",0,0,NA
"E2","V2C",1109,"160-200 cm",0,0,NA
"E2","V2C",1109,">200 cm",0,0,NA
"E2","V2C",1110,"<40 cm",0,0,NA
"E2","V2C",1110,"40-80 cm",0,0,NA
"E2","V2C",1110,"80-120 cm",0,0,NA
"E2","V2C",1110,"120-160 cm",0,0,NA
"E2","V2C",1110,"160-200 cm",0,0,NA
"E2","V2C",1110,">200 cm",0,0,NA
"E2","V2C",2101,"<40 cm",101,125,0.808
"E2","V2C",2101,"40-80 cm",5,125,0.04
"E2","V2C",2101,"80-120 cm",0,125,0
"E2","V2C",2101,"120-160 cm",4,125,0.032
"E2","V2C",2101,"160-200 cm",5,125,0.04
"E2","V2C",2101,">200 cm",10,125,0.08
"E2","V2C",2102,"<40 cm",94,125,0.752
"E2","V2C",2102,"40-80 cm",0,125,0
"E2","V2C",2102,"80-120 cm",3,125,0.024
"E2","V2C",2102,"120-160 cm",4,125,0.032
"E2","V2C",2102,"160-200 cm",5,125,0.04
"E2","V2C",2102,">200 cm",19,125,0.152
"E2","V2C",2103,"<40 cm",99,125,0.792
"E2","V2C",2103,"40-80 cm",1,125,0.008
"E2","V2C",2103,"80-120 cm",3,125,0.024
"E2","V2C",2103,"120-160 cm",7,125,0.056
"E2","V2C",2103,"160-200 cm",2,125,0.016
"E2","V2C",2103,">200 cm",13,125,0.104
"E2","V2C",2104,"<40 cm",0,0,NA
"E2","V2C",2104,"40-80 cm",0,0,NA
"E2","V2C",2104,"80-120 cm",0,0,NA
"E2","V2C",2104,"120-160 cm",0,0,NA
"E2","V2C",2104,"160-200 cm",0,0,NA
"E2","V2C",2104,">200 cm",0,0,NA
"E2","V2C",2105,"<40 cm",0,0,NA
"E2","V2C",2105,"40-80 cm",0,0,NA
"E2","V2C",2105,"80-120 cm",0,0,NA
"E2","V2C",2105,"120-160 cm",0,0,NA
"E2","V2C",2105,"160-200 cm",0,0,NA
"E2","V2C",2105,">200 cm",0,0,NA
"E2","V2C",2106,"<40 cm",0,0,NA
"E2","V2C",2106,"40-80 cm",0,0,NA
"E2","V2C",2106,"80-120 cm",0,0,NA
"E2","V2C",2106,"120-160 cm",0,0,NA
"E2","V2C",2106,"160-200 cm",0,0,NA
"E2","V2C",2106,">200 cm",0,0,NA
"E2","V2C",2107,"<40 cm",0,0,NA
"E2","V2C",2107,"40-80 cm",0,0,NA
"E2","V2C",2107,"80-120 cm",0,0,NA
"E2","V2C",2107,"120-160 cm",0,0,NA
"E2","V2C",2107,"160-200 cm",0,0,NA
"E2","V2C",2107,">200 cm",0,0,NA
"E2","V2C",2108,"<40 cm",0,0,NA
"E2","V2C",2108,"40-80 cm",0,0,NA
"E2","V2C",2108,"80-120 cm",0,0,NA
"E2","V2C",2108,"120-160 cm",0,0,NA
"E2","V2C",2108,"160-200 cm",0,0,NA
"E2","V2C",2108,">200 cm",0,0,NA
"E2","V2C",2109,"<40 cm",0,0,NA
"E2","V2C",2109,"40-80 cm",0,0,NA
"E2","V2C",2109,"80-120 cm",0,0,NA
"E2","V2C",2109,"120-160 cm",0,0,NA
"E2","V2C",2109,"160-200 cm",0,0,NA
"E2","V2C",2109,">200 cm",0,0,NA
"E2","V2C",2110,"<40 cm",0,0,NA
"E2","V2C",2110,"40-80 cm",0,0,NA
"E2","V2C",2110,"80-120 cm",0,0,NA
"E2","V2C",2110,"120-160 cm",0,0,NA
"E2","V2C",2110,"160-200 cm",0,0,NA
"E2","V2C",2110,">200 cm",0,0,NA
"E2","V2C",3101,"<40 cm",96,125,0.768
"E2","V2C",3101,"40-80 cm",3,125,0.024
"E2","V2C",3101,"80-120 cm",2,125,0.016
"E2","V2C",3101,"120-160 cm",4,125,0.032
"E2","V2C",3101,"160-200 cm",2,125,0.016
"E2","V2C",3101,">200 cm",18,125,0.144
"E2","V2C",3102,"<40 cm",92,125,0.736
"E2","V2C",3102,"40-80 cm",0,125,0
"E2","V2C",3102,"80-120 cm",2,125,0.016
"E2","V2C",3102,"120-160 cm",3,125,0.024
"E2","V2C",3102,"160-200 cm",3,125,0.024
"E2","V2C",3102,">200 cm",25,125,0.2
"E2","V2C",3103,"<40 cm",92,125,0.736
"E2","V2C",3103,"40-80 cm",4,125,0.032
"E2","V2C",3103,"80-120 cm",1,125,0.008
"E2","V2C",3103,"120-160 cm",6,125,0.048
"E2","V2C",3103,"160-200 cm",4,125,0.032
"E2","V2C",3103,">200 cm",18,125,0.144
"E2","V2C",3104,"<40 cm",0,0,NA
"E2","V2C",3104,"40-80 cm",0,0,NA
"E2","V2C",3104,"80-120 cm",0,0,NA
"E2","V2C",3104,"120-160 cm",0,0,NA
"E2","V2C",3104,"160-200 cm",0,0,NA
"E2","V2C",3104,">200 cm",0,0,NA
"E2","V2C",3105,"<40 cm",0,0,NA
"E2","V2C",3105,"40-80 cm",0,0,NA
"E2","V2C",3105,"80-120 cm",0,0,NA
"E2","V2C",3105,"120-160 cm",0,0,NA
"E2","V2C",3105,"160-200 cm",0,0,NA
"E2","V2C",3105,">200 cm",0,0,NA
"E2","V2C",3106,"<40 cm",0,0,NA
"E2","V2C",3106,"40-80 cm",0,0,NA
"E2","V2C",3106,"80-120 cm",0,0,NA
"E2","V2C",3106,"120-160 cm",0,0,NA
"E2","V2C",3106,"160-200 cm",0,0,NA
"E2","V2C",3106,">200 cm",0,0,NA
"E2","V2C",3107,"<40 cm",0,0,NA
"E2","V2C",3107,"40-80 cm",0,0,NA
"E2","V2C",3107,"80-120 cm",0,0,NA
"E2","V2C",3107,"120-160 cm",0,0,NA
"E2","V2C",3107,"160-200 cm",0,0,NA
"E2","V2C",3107,">200 cm",0,0,NA
"E2","V2C",3108,"<40 cm",0,0,NA
"E2","V2C",3108,"40-80 cm",0,0,NA
"E2","V2C",3108,"80-120 cm",0,0,NA
"E2","V2C",3108,"120-160 cm",0,0,NA
"E2","V2C",3108,"160-200 cm",0,0,NA
"E2","V2C",3108,">200 cm",0,0,NA
"E2","V2C",3109,"<40 cm",0,0,NA
"E2","V2C",3109,"40-80 cm",0,0,NA
"E2","V2C",3109,"80-120 cm",0,0,NA
"E2","V2C",3109,"120-160 cm",0,0,NA
"E2","V2C",3109,"160-200 cm",0,0,NA
"E2","V2C",3109,">200 cm",0,0,NA
"E2","V2C",3110,"<40 cm",0,0,NA
"E2","V2C",3110,"40-80 cm",0,0,NA
"E2","V2C",3110,"80-120 cm",0,0,NA
"E2","V2C",3110,"120-160 cm",0,0,NA
"E2","V2C",3110,"160-200 cm",0,0,NA
"E2","V2C",3110,">200 cm",0,0,NA
"E2","V2C",4101,"<40 cm",95,125,0.76
"E2","V2C",4101,"40-80 cm",4,125,0.032
"E2","V2C",4101,"80-120 cm",1,125,0.008
"E2","V2C",4101,"120-160 cm",6,125,0.048
"E2","V2C",4101,"160-200 cm",5,125,0.04
"E2","V2C",4101,">200 cm",14,125,0.112
"E2","V2C",4102,"<40 cm",92,125,0.736
"E2","V2C",4102,"40-80 cm",2,125,0.016
"E2","V2C",4102,"80-120 cm",0,125,0
"E2","V2C",4102,"120-160 cm",4,125,0.032
"E2","V2C",4102,"160-200 cm",5,125,0.04
"E2","V2C",4102,">200 cm",22,125,0.176
"E2","V2C",4103,"<40 cm",94,125,0.752
"E2","V2C",4103,"40-80 cm",4,125,0.032
"E2","V2C",4103,"80-120 cm",1,125,0.008
"E2","V2C",4103,"120-160 cm",7,125,0.056
"E2","V2C",4103,"160-200 cm",5,125,0.04
"E2","V2C",4103,">200 cm",14,125,0.112
"E2","V2C",4104,"<40 cm",0,0,NA
"E2","V2C",4104,"40-80 cm",0,0,NA
"E2","V2C",4104,"80-120 cm",0,0,NA
"E2","V2C",4104,"120-160 cm",0,0,NA
"E2","V2C",4104,"160-200 cm",0,0,NA
"E2","V2C",4104,">200 cm",0,0,NA
"E2","V2C",4105,"<40 cm",0,0,NA
"E2","V2C",4105,"40-80 cm",0,0,NA
"E2","V2C",4105,"80-120 cm",0,0,NA
"E2","V2C",4105,"120-160 cm",0,0,NA
"E2","V2C",4105,"160-200 cm",0,0,NA
"E2","V2C",4105,">200 cm",0,0,NA
"E2","V2C",4106,"<40 cm",0,0,NA
"E2","V2C",4106,"40-80 cm",0,0,NA
"E2","V2C",4106,"80-120 cm",0,0,NA
"E2","V2C",4106,"120-160 cm",0,0,NA
"E2","V2C",4106,"160-200 cm",0,0,NA
"E2","V2C",4106,">200 cm",0,0,NA
"E2","V2C",4107,"<40 cm",0,0,NA
"E2","V2C",4107,"40-80 cm",0,0,NA
"E2","V2C",4107,"80-120 cm",0,0,NA
"E2","V2C",4107,"120-160 cm",0,0,NA
"E2","V2C",4107,"160-200 cm",0,0,NA
"E2","V2C",4107,">200 cm",0,0,NA
"E2","V2C",4108,"<40 cm",0,0,NA
"E2","V2C",4108,"40-80 cm",0,0,NA
"E2","V2C",4108,"80-120 cm",0,0,NA
"E2","V2C",4108,"120-160 cm",0,0,NA
"E2","V2C",4108,"160-200 cm",0,0,NA
"E2","V2C",4108,">200 cm",0,0,NA
"E2","V2C",4109,"<40 cm",0,0,NA
"E2","V2C",4109,"40-80 cm",0,0,NA
"E2","V2C",4109,"80-120 cm",0,0,NA
"E2","V2C",4109,"120-160 cm",0,0,NA
"E2","V2C",4109,"160-200 cm",0,0,NA
"E2","V2C",4109,">200 cm",0,0,NA
"E2","V2C",4110,"<40 cm",0,0,NA
"E2","V2C",4110,"40-80 cm",0,0,NA
"E2","V2C",4110,"80-120 cm",0,0,NA
"E2","V2C",4110,"120-160 cm",0,0,NA
"E2","V2C",4110,"160-200 cm",0,0,NA
"E2","V2C",4110,">200 cm",0,0,NA
"E2","V2C",5101,"<40 cm",96,125,0.768
"E2","V2C",5101,"40-80 cm",3,125,0.024
"E2","V2C",5101,"80-120 cm",1,125,0.008
"E2","V2C",5101,"120-160 cm",5,125,0.04
"E2","V2C",5101,"160-200 cm",4,125,0.032
"E2","V2C",5101,">200 cm",16,125,0.128
"E2","V2C",5102,"<40 cm",94,125,0.752
"E2","V2C",5102,"40-80 cm",3,125,0.024
"E2","V2C",5102,"80-120 cm",2,125,0.016
"E2","V2C",5102,"120-160 cm",2,125,0.016
"E2","V2C",5102,"160-200 cm",3,125,0.024
"E2","V2C",5102,">200 cm",21,125,0.168
"E2","V2C",5103,"<40 cm",91,125,0.728
"E2","V2C",5103,"40-80 cm",4,125,0.032
"E2","V2C",5103,"80-120 cm",4,125,0.032
"E2","V2C",5103,"120-160 cm",7,125,0.056
"E2","V2C",5103,"160-200 cm",5,125,0.04
"E2","V2C",5103,">200 cm",14,125,0.112
"E2","V2C",5104,"<40 cm",0,0,NA
"E2","V2C",5104,"40-80 cm",0,0,NA
"E2","V2C",5104,"80-120 cm",0,0,NA
"E2","V2C",5104,"120-160 cm",0,0,NA
"E2","V2C",5104,"160-200 cm",0,0,NA
"E2","V2C",5104,">200 cm",0,0,NA
"E2","V2C",5105,"<40 cm",0,0,NA
"E2","V2C",5105,"40-80 cm",0,0,NA
"E2","V2C",5105,"80-120 cm",0,0,NA
"E2","V2C",5105,"120-160 cm",0,0,NA
"E2","V2C",5105,"160-200 cm",0,0,NA
"E2","V2C",5105,">200 cm",0,0,NA
"E2","V2C",5106,"<40 cm",0,0,NA
"E2","V2C",5106,"40-80 cm",0,0,NA
"E2","V2C",5106,"80-120 cm",0,0,NA
"E2","V2C",5106,"120-160 cm",0,0,NA
"E2","V2C",5106,"160-200 cm",0,0,NA
"E2","V2C",5106,">200 cm",0,0,NA
"E2","V2C",5107,"<40 cm",0,0,NA
"E2","V2C",5107,"40-80 cm",0,0,NA
"E2","V2C",5107,"80-120 cm",0,0,NA
"E2","V2C",5107,"120-160 cm",0,0,NA
"E2","V2C",5107,"160-200 cm",0,0,NA
"E2","V2C",5107,">200 cm",0,0,NA
"E2","V2C",5108,"<40 cm",0,0,NA
"E2","V2C",5108,"40-80 cm",0,0,NA
"E2","V2C",5108,"80-120 cm",0,0,NA
"E2","V2C",5108,"120-160 cm",0,0,NA
"E2","V2C",5108,"160-200 cm",0,0,NA
"E2","V2C",5108,">200 cm",0,0,NA
"E2","V2C",5109,"<40 cm",0,0,NA
"E2","V2C",5109,"40-80 cm",0,0,NA
"E2","V2C",5109,"80-120 cm",0,0,NA
"E2","V2C",5109,"120-160 cm",0,0,NA
"E2","V2C",5109,"160-200 cm",0,0,NA
"E2","V2C",5109,">200 cm",0,0,NA
"E2","V2C",5110,"<40 cm",0,0,NA
"E2","V2C",5110,"40-80 cm",0,0,NA
"E2","V2C",5110,"80-120 cm",0,0,NA
"E2","V2C",5110,"120-160 cm",0,0,NA
"E2","V2C",5110,"160-200 cm",0,0,NA
"E2","V2C",5110,">200 cm",0,0,NA
"E2","V2C",6101,"<40 cm",96,125,0.768
"E2","V2C",6101,"40-80 cm",2,125,0.016
"E2","V2C",6101,"80-120 cm",2,125,0.016
"E2","V2C",6101,"120-160 cm",4,125,0.032
"E2","V2C",6101,"160-200 cm",1,125,0.008
"E2","V2C",6101,">200 cm",20,125,0.16
"E2","V2C",6102,"<40 cm",92,125,0.736
"E2","V2C",6102,"40-80 cm",1,125,0.008
"E2","V2C",6102,"80-120 cm",0,125,0
"E2","V2C",6102,"120-160 cm",3,125,0.024
"E2","V2C",6102,"160-200 cm",5,125,0.04
"E2","V2C",6102,">200 cm",24,125,0.192
"E2","V2C",6103,"<40 cm",95,125,0.76
"E2","V2C",6103,"40-80 cm",3,125,0.024
"E2","V2C",6103,"80-120 cm",1,125,0.008
"E2","V2C",6103,"120-160 cm",6,125,0.048
"E2","V2C",6103,"160-200 cm",8,125,0.064
"E2","V2C",6103,">200 cm",12,125,0.096
"E2","V2C",6104,"<40 cm",0,0,NA
"E2","V2C",6104,"40-80 cm",0,0,NA
"E2","V2C",6104,"80-120 cm",0,0,NA
"E2","V2C",6104,"120-160 cm",0,0,NA
"E2","V2C",6104,"160-200 cm",0,0,NA
"E2","V2C",6104,">200 cm",0,0,NA
"E2","V2C",6105,"<40 cm",0,0,NA
"E2","V2C",6105,"40-80 cm",0,0,NA
"E2","V2C",6105,"80-120 cm",0,0,NA
"E2","V2C",6105,"120-160 cm",0,0,NA
"E2","V2C",6105,"160-200 cm",0,0,NA
"E2","V2C",6105,">200 cm",0,0,NA
"E2","V2C",6106,"<40 cm",0,0,NA
"E2","V2C",6106,"40-80 cm",0,0,NA
"E2","V2C",6106,"80-120 cm",0,0,NA
"E2","V2C",6106,"120-160 cm",0,0,NA
"E2","V2C",6106,"160-200 cm",0,0,NA
"E2","V2C",6106,">200 cm",0,0,NA
"E2","V2C",6107,"<40 cm",0,0,NA
"E2","V2C",6107,"40-80 cm",0,0,NA
"E2","V2C",6107,"80-120 cm",0,0,NA
"E2","V2C",6107,"120-160 cm",0,0,NA
"E2","V2C",6107,"160-200 cm",0,0,NA
"E2","V2C",6107,">200 cm",0,0,NA
"E2","V2C",6108,"<40 cm",0,0,NA
"E2","V2C",6108,"40-80 cm",0,0,NA
"E2","V2C",6108,"80-120 cm",0,0,NA
"E2","V2C",6108,"120-160 cm",0,0,NA
"E2","V2C",6108,"160-200 cm",0,0,NA
"E2","V2C",6108,">200 cm",0,0,NA
"E2","V2C",6109,"<40 cm",0,0,NA
"E2","V2C",6109,"40-80 cm",0,0,NA
"E2","V2C",6109,"80-120 cm",0,0,NA
"E2","V2C",6109,"120-160 cm",0,0,NA
"E2","V2C",6109,"160-200 cm",0,0,NA
"E2","V2C",6109,">200 cm",0,0,NA
"E2","V2C",6110,"<40 cm",0,0,NA
"E2","V2C",6110,"40-80 cm",0,0,NA
"E2","V2C",6110,"80-120 cm",0,0,NA
"E2","V2C",6110,"120-160 cm",0,0,NA
"E2","V2C",6110,"160-200 cm",0,0,NA
"E2","V2C",6110,">200 cm",0,0,NA
"E2","V2C",7101,"<40 cm",97,125,0.776
"E2","V2C",7101,"40-80 cm",2,125,0.016
"E2","V2C",7101,"80-120 cm",1,125,0.008
"E2","V2C",7101,"120-160 cm",4,125,0.032
"E2","V2C",7101,"160-200 cm",3,125,0.024
"E2","V2C",7101,">200 cm",18,125,0.144
"E2","V2C",7102,"<40 cm",93,125,0.744
"E2","V2C",7102,"40-80 cm",0,125,0
"E2","V2C",7102,"80-120 cm",1,125,0.008
"E2","V2C",7102,"120-160 cm",4,125,0.032
"E2","V2C",7102,"160-200 cm",2,125,0.016
"E2","V2C",7102,">200 cm",25,125,0.2
"E2","V2C",7103,"<40 cm",92,125,0.736
"E2","V2C",7103,"40-80 cm",3,125,0.024
"E2","V2C",7103,"80-120 cm",2,125,0.016
"E2","V2C",7103,"120-160 cm",6,125,0.048
"E2","V2C",7103,"160-200 cm",4,125,0.032
"E2","V2C",7103,">200 cm",18,125,0.144
"E2","V2C",7104,"<40 cm",0,0,NA
"E2","V2C",7104,"40-80 cm",0,0,NA
"E2","V2C",7104,"80-120 cm",0,0,NA
"E2","V2C",7104,"120-160 cm",0,0,NA
"E2","V2C",7104,"160-200 cm",0,0,NA
"E2","V2C",7104,">200 cm",0,0,NA
"E2","V2C",7105,"<40 cm",0,0,NA
"E2","V2C",7105,"40-80 cm",0,0,NA
"E2","V2C",7105,"80-120 cm",0,0,NA
"E2","V2C",7105,"120-160 cm",0,0,NA
"E2","V2C",7105,"160-200 cm",0,0,NA
"E2","V2C",7105,">200 cm",0,0,NA
"E2","V2C",7106,"<40 cm",0,0,NA
"E2","V2C",7106,"40-80 cm",0,0,NA
"E2","V2C",7106,"80-120 cm",0,0,NA
"E2","V2C",7106,"120-160 cm",0,0,NA
"E2","V2C",7106,"160-200 cm",0,0,NA
"E2","V2C",7106,">200 cm",0,0,NA
"E2","V2C",7107,"<40 cm",0,0,NA
"E2","V2C",7107,"40-80 cm",0,0,NA
"E2","V2C",7107,"80-120 cm",0,0,NA
"E2","V2C",7107,"120-160 cm",0,0,NA
"E2","V2C",7107,"160-200 cm",0,0,NA
"E2","V2C",7107,">200 cm",0,0,NA
"E2","V2C",7108,"<40 cm",0,0,NA
"E2","V2C",7108,"40-80 cm",0,0,NA
"E2","V2C",7108,"80-120 cm",0,0,NA
"E2","V2C",7108,"120-160 cm",0,0,NA
"E2","V2C",7108,"160-200 cm",0,0,NA
"E2","V2C",7108,">200 cm",0,0,NA
"E2","V2C",7109,"<40 cm",0,0,NA
"E2","V2C",7109,"40-80 cm",0,0,NA
"E2","V2C",7109,"80-120 cm",0,0,NA
"E2","V2C",7109,"120-160 cm",0,0,NA
"E2","V2C",7109,"160-200 cm",0,0,NA
"E2","V2C",7109,">200 cm",0,0,NA
"E2","V2C",7110,"<40 cm",0,0,NA
"E2","V2C",7110,"40-80 cm",0,0,NA
"E2","V2C",7110,"80-120 cm",0,0,NA
"E2","V2C",7110,"120-160 cm",0,0,NA
"E2","V2C",7110,"160-200 cm",0,0,NA
"E2","V2C",7110,">200 cm",0,0,NA
"E2","V2C",8101,"<40 cm",91,125,0.728
"E2","V2C",8101,"40-80 cm",9,125,0.072
"E2","V2C",8101,"80-120 cm",1,125,0.008
"E2","V2C",8101,"120-160 cm",4,125,0.032
"E2","V2C",8101,"160-200 cm",2,125,0.016
"E2","V2C",8101,">200 cm",18,125,0.144
"E2","V2C",8102,"<40 cm",85,125,0.68
"E2","V2C",8102,"40-80 cm",7,125,0.056
"E2","V2C",8102,"80-120 cm",2,125,0.016
"E2","V2C",8102,"120-160 cm",4,125,0.032
"E2","V2C",8102,"160-200 cm",3,125,0.024
"E2","V2C",8102,">200 cm",24,125,0.192
"E2","V2C",8103,"<40 cm",83,125,0.664
"E2","V2C",8103,"40-80 cm",10,125,0.08
"E2","V2C",8103,"80-120 cm",3,125,0.024
"E2","V2C",8103,"120-160 cm",6,125,0.048
"E2","V2C",8103,"160-200 cm",5,125,0.04
"E2","V2C",8103,">200 cm",18,125,0.144
"E2","V2C",8104,"<40 cm",0,0,NA
"E2","V2C",8104,"40-80 cm",0,0,NA
"E2","V2C",8104,"80-120 cm",0,0,NA
"E2","V2C",8104,"120-160 cm",0,0,NA
"E2","V2C",8104,"160-200 cm",0,0,NA
"E2","V2C",8104,">200 cm",0,0,NA
"E2","V2C",8105,"<40 cm",0,0,NA
"E2","V2C",8105,"40-80 cm",0,0,NA
"E2","V2C",8105,"80-120 cm",0,0,NA
"E2","V2C",8105,"120-160 cm",0,0,NA
"E2","V2C",8105,"160-200 cm",0,0,NA
"E2","V2C",8105,">200 cm",0,0,NA
"E2","V2C",8106,"<40 cm",0,0,NA
"E2","V2C",8106,"40-80 cm",0,0,NA
"E2","V2C",8106,"80-120 cm",0,0,NA
"E2","V2C",8106,"120-160 cm",0,0,NA
"E2","V2C",8106,"160-200 cm",0,0,NA
"E2","V2C",8106,">200 cm",0,0,NA
"E2","V2C",8107,"<40 cm",0,0,NA
"E2","V2C",8107,"40-80 cm",0,0,NA
"E2","V2C",8107,"80-120 cm",0,0,NA
"E2","V2C",8107,"120-160 cm",0,0,NA
"E2","V2C",8107,"160-200 cm",0,0,NA
"E2","V2C",8107,">200 cm",0,0,NA
"E2","V2C",8108,"<40 cm",0,0,NA
"E2","V2C",8108,"40-80 cm",0,0,NA
"E2","V2C",8108,"80-120 cm",0,0,NA
"E2","V2C",8108,"120-160 cm",0,0,NA
"E2","V2C",8108,"160-200 cm",0,0,NA
"E2","V2C",8108,">200 cm",0,0,NA
"E2","V2C",8109,"<40 cm",0,0,NA
"E2","V2C",8109,"40-80 cm",0,0,NA
"E2","V2C",8109,"80-120 cm",0,0,NA
"E2","V2C",8109,"120-160 cm",0,0,NA
"E2","V2C",8109,"160-200 cm",0,0,NA
"E2","V2C",8109,">200 cm",0,0,NA
"E2","V2C",8110,"<40 cm",0,0,NA
"E2","V2C",8110,"40-80 cm",0,0,NA
"E2","V2C",8110,"80-120 cm",0,0,NA
"E2","V2C",8110,"120-160 cm",0,0,NA
"E2","V2C",8110,"160-200 cm",0,0,NA
"E2","V2C",8110,">200 cm",0,0,NA
"E2","V2C",9101,"<40 cm",97,125,0.776
"E2","V2C",9101,"40-80 cm",2,125,0.016
"E2","V2C",9101,"80-120 cm",1,125,0.008
"E2","V2C",9101,"120-160 cm",5,125,0.04
"E2","V2C",9101,"160-200 cm",8,125,0.064
"E2","V2C",9101,">200 cm",12,125,0.096
"E2","V2C",9102,"<40 cm",93,125,0.744
"E2","V2C",9102,"40-80 cm",0,125,0
"E2","V2C",9102,"80-120 cm",1,125,0.008
"E2","V2C",9102,"120-160 cm",2,125,0.016
"E2","V2C",9102,"160-200 cm",12,125,0.096
"E2","V2C",9102,">200 cm",17,125,0.136
"E2","V2C",9103,"<40 cm",92,125,0.736
"E2","V2C",9103,"40-80 cm",3,125,0.024
"E2","V2C",9103,"80-120 cm",4,125,0.032
"E2","V2C",9103,"120-160 cm",6,125,0.048
"E2","V2C",9103,"160-200 cm",10,125,0.08
"E2","V2C",9103,">200 cm",10,125,0.08
"E2","V2C",9104,"<40 cm",0,0,NA
"E2","V2C",9104,"40-80 cm",0,0,NA
"E2","V2C",9104,"80-120 cm",0,0,NA
"E2","V2C",9104,"120-160 cm",0,0,NA
"E2","V2C",9104,"160-200 cm",0,0,NA
"E2","V2C",9104,">200 cm",0,0,NA
"E2","V2C",9105,"<40 cm",0,0,NA
"E2","V2C",9105,"40-80 cm",0,0,NA
"E2","V2C",9105,"80-120 cm",0,0,NA
"E2","V2C",9105,"120-160 cm",0,0,NA
"E2","V2C",9105,"160-200 cm",0,0,NA
"E2","V2C",9105,">200 cm",0,0,NA
"E2","V2C",9106,"<40 cm",0,0,NA
"E2","V2C",9106,"40-80 cm",0,0,NA
"E2","V2C",9106,"80-120 cm",0,0,NA
"E2","V2C",9106,"120-160 cm",0,0,NA
"E2","V2C",9106,"160-200 cm",0,0,NA
"E2","V2C",9106,">200 cm",0,0,NA
"E2","V2C",9107,"<40 cm",0,0,NA
"E2","V2C",9107,"40-80 cm",0,0,NA
"E2","V2C",9107,"80-120 cm",0,0,NA
"E2","V2C",9107,"120-160 cm",0,0,NA
"E2","V2C",9107,"160-200 cm",0,0,NA
"E2","V2C",9107,">200 cm",0,0,NA
"E2","V2C",9108,"<40 cm",0,0,NA
"E2","V2C",9108,"40-80 cm",0,0,NA
"E2","V2C",9108,"80-120 cm",0,0,NA
"E2","V2C",9108,"120-160 cm",0,0,NA
"E2","V2C",9108,"160-200 cm",0,0,NA
"E2","V2C",9108,">200 cm",0,0,NA
"E2","V2C",9109,"<40 cm",0,0,NA
"E2","V2C",9109,"40-80 cm",0,0,NA
"E2","V2C",9109,"80-120 cm",0,0,NA
"E2","V2C",9109,"120-160 cm",0,0,NA
"E2","V2C",9109,"160-200 cm",0,0,NA
"E2","V2C",9109,">200 cm",0,0,NA
"E2","V2C",9110,"<40 cm",0,0,NA
"E2","V2C",9110,"40-80 cm",0,0,NA
"E2","V2C",9110,"80-120 cm",0,0,NA
"E2","V2C",9110,"120-160 cm",0,0,NA
"E2","V2C",9110,"160-200 cm",0,0,NA
"E2","V2C",9110,">200 cm",0,0,NA
"E2","V2C",10101,"<40 cm",93,125,0.744
"E2","V2C",10101,"40-80 cm",5,125,0.04
"E2","V2C",10101,"80-120 cm",0,125,0
"E2","V2C",10101,"120-160 cm",6,125,0.048
"E2","V2C",10101,"160-200 cm",1,125,0.008
"E2","V2C",10101,">200 cm",20,125,0.16
"E2","V2C",10102,"<40 cm",92,125,0.736
"E2","V2C",10102,"40-80 cm",1,125,0.008
"E2","V2C",10102,"80-120 cm",1,125,0.008
"E2","V2C",10102,"120-160 cm",3,125,0.024
"E2","V2C",10102,"160-200 cm",1,125,0.008
"E2","V2C",10102,">200 cm",27,125,0.216
"E2","V2C",10103,"<40 cm",90,125,0.72
"E2","V2C",10103,"40-80 cm",5,125,0.04
"E2","V2C",10103,"80-120 cm",2,125,0.016
"E2","V2C",10103,"120-160 cm",6,125,0.048
"E2","V2C",10103,"160-200 cm",4,125,0.032
"E2","V2C",10103,">200 cm",18,125,0.144
"E2","V2C",10104,"<40 cm",0,0,NA
"E2","V2C",10104,"40-80 cm",0,0,NA
"E2","V2C",10104,"80-120 cm",0,0,NA
"E2","V2C",10104,"120-160 cm",0,0,NA
"E2","V2C",10104,"160-200 cm",0,0,NA
"E2","V2C",10104,">200 cm",0,0,NA
"E2","V2C",10105,"<40 cm",0,0,NA
"E2","V2C",10105,"40-80 cm",0,0,NA
"E2","V2C",10105,"80-120 cm",0,0,NA
"E2","V2C",10105,"120-160 cm",0,0,NA
"E2","V2C",10105,"160-200 cm",0,0,NA
"E2","V2C",10105,">200 cm",0,0,NA
"E2","V2C",10106,"<40 cm",0,0,NA
"E2","V2C",10106,"40-80 cm",0,0,NA
"E2","V2C",10106,"80-120 cm",0,0,NA
"E2","V2C",10106,"120-160 cm",0,0,NA
"E2","V2C",10106,"160-200 cm",0,0,NA
"E2","V2C",10106,">200 cm",0,0,NA
"E2","V2C",10107,"<40 cm",0,0,NA
"E2","V2C",10107,"40-80 cm",0,0,NA
"E2","V2C",10107,"80-120 cm",0,0,NA
"E2","V2C",10107,"120-160 cm",0,0,NA
"E2","V2C",10107,"160-200 cm",0,0,NA
"E2","V2C",10107,">200 cm",0,0,NA
"E2","V2C",10108,"<40 cm",0,0,NA
"E2","V2C",10108,"40-80 cm",0,0,NA
"E2","V2C",10108,"80-120 cm",0,0,NA
"E2","V2C",10108,"120-160 cm",0,0,NA
"E2","V2C",10108,"160-200 cm",0,0,NA
"E2","V2C",10108,">200 cm",0,0,NA
"E2","V2C",10109,"<40 cm",0,0,NA
"E2","V2C",10109,"40-80 cm",0,0,NA
"E2","V2C",10109,"80-120 cm",0,0,NA
"E2","V2C",10109,"120-160 cm",0,0,NA
"E2","V2C",10109,"160-200 cm",0,0,NA
"E2","V2C",10109,">200 cm",0,0,NA
"E2","V2C",10110,"<40 cm",0,0,NA
"E2","V2C",10110,"40-80 cm",0,0,NA
"E2","V2C",10110,"80-120 cm",0,0,NA
"E2","V2C",10110,"120-160 cm",0,0,NA
"E2","V2C",10110,"160-200 cm",0,0,NA
"E2","V2C",10110,">200 cm",0,0,NA
"E2","V2C",11101,"<40 cm",92,125,0.736
"E2","V2C",11101,"40-80 cm",5,125,0.04
"E2","V2C",11101,"80-120 cm",1,125,0.008
"E2","V2C",11101,"120-160 cm",6,125,0.048
"E2","V2C",11101,"160-200 cm",6,125,0.048
"E2","V2C",11101,">200 cm",15,125,0.12
"E2","V2C",11102,"<40 cm",90,125,0.72
"E2","V2C",11102,"40-80 cm",4,125,0.032
"E2","V2C",11102,"80-120 cm",1,125,0.008
"E2","V2C",11102,"120-160 cm",3,125,0.024
"E2","V2C",11102,"160-200 cm",6,125,0.048
"E2","V2C",11102,">200 cm",21,125,0.168
"E2","V2C",11103,"<40 cm",86,125,0.688
"E2","V2C",11103,"40-80 cm",8,125,0.064
"E2","V2C",11103,"80-120 cm",3,125,0.024
"E2","V2C",11103,"120-160 cm",9,125,0.072
"E2","V2C",11103,"160-200 cm",1,125,0.008
"E2","V2C",11103,">200 cm",18,125,0.144
"E2","V2C",11104,"<40 cm",0,0,NA
"E2","V2C",11104,"40-80 cm",0,0,NA
"E2","V2C",11104,"80-120 cm",0,0,NA
"E2","V2C",11104,"120-160 cm",0,0,NA
"E2","V2C",11104,"160-200 cm",0,0,NA
"E2","V2C",11104,">200 cm",0,0,NA
"E2","V2C",11105,"<40 cm",0,0,NA
"E2","V2C",11105,"40-80 cm",0,0,NA
"E2","V2C",11105,"80-120 cm",0,0,NA
"E2","V2C",11105,"120-160 cm",0,0,NA
"E2","V2C",11105,"160-200 cm",0,0,NA
"E2","V2C",11105,">200 cm",0,0,NA
"E2","V2C",11106,"<40 cm",0,0,NA
"E2","V2C",11106,"40-80 cm",0,0,NA
"E2","V2C",11106,"80-120 cm",0,0,NA
"E2","V2C",11106,"120-160 cm",0,0,NA
"E2","V2C",11106,"160-200 cm",0,0,NA
"E2","V2C",11106,">200 cm",0,0,NA
"E2","V2C",11107,"<40 cm",0,0,NA
"E2","V2C",11107,"40-80 cm",0,0,NA
"E2","V2C",11107,"80-120 cm",0,0,NA
"E2","V2C",11107,"120-160 cm",0,0,NA
"E2","V2C",11107,"160-200 cm",0,0,NA
"E2","V2C",11107,">200 cm",0,0,NA
"E2","V2C",11108,"<40 cm",0,0,NA
"E2","V2C",11108,"40-80 cm",0,0,NA
"E2","V2C",11108,"80-120 cm",0,0,NA
"E2","V2C",11108,"120-160 cm",0,0,NA
"E2","V2C",11108,"160-200 cm",0,0,NA
"E2","V2C",11108,">200 cm",0,0,NA
"E2","V2C",11109,"<40 cm",0,0,NA
"E2","V2C",11109,"40-80 cm",0,0,NA
"E2","V2C",11109,"80-120 cm",0,0,NA
"E2","V2C",11109,"120-160 cm",0,0,NA
"E2","V2C",11109,"160-200 cm",0,0,NA
"E2","V2C",11109,">200 cm",0,0,NA
"E2","V2C",11110,"<40 cm",0,0,NA
"E2","V2C",11110,"40-80 cm",0,0,NA
"E2","V2C",11110,"80-120 cm",0,0,NA
"E2","V2C",11110,"120-160 cm",0,0,NA
"E2","V2C",11110,"160-200 cm",0,0,NA
"E2","V2C",11110,">200 cm",0,0,NA
"E2","V2C",12101,"<40 cm",94,125,0.752
"E2","V2C",12101,"40-80 cm",3,125,0.024
"E2","V2C",12101,"80-120 cm",1,125,0.008
"E2","V2C",12101,"120-160 cm",5,125,0.04
"E2","V2C",12101,"160-200 cm",3,125,0.024
"E2","V2C",12101,">200 cm",19,125,0.152
"E2","V2C",12102,"<40 cm",90,125,0.72
"E2","V2C",12102,"40-80 cm",0,125,0
"E2","V2C",12102,"80-120 cm",1,125,0.008
"E2","V2C",12102,"120-160 cm",5,125,0.04
"E2","V2C",12102,"160-200 cm",2,125,0.016
"E2","V2C",12102,">200 cm",27,125,0.216
"E2","V2C",12103,"<40 cm",92,125,0.736
"E2","V2C",12103,"40-80 cm",2,125,0.016
"E2","V2C",12103,"80-120 cm",2,125,0.016
"E2","V2C",12103,"120-160 cm",6,125,0.048
"E2","V2C",12103,"160-200 cm",5,125,0.04
"E2","V2C",12103,">200 cm",18,125,0.144
"E2","V2C",12104,"<40 cm",0,0,NA
"E2","V2C",12104,"40-80 cm",0,0,NA
"E2","V2C",12104,"80-120 cm",0,0,NA
"E2","V2C",12104,"120-160 cm",0,0,NA
"E2","V2C",12104,"160-200 cm",0,0,NA
"E2","V2C",12104,">200 cm",0,0,NA
"E2","V2C",12105,"<40 cm",0,0,NA
"E2","V2C",12105,"40-80 cm",0,0,NA
"E2","V2C",12105,"80-120 cm",0,0,NA
"E2","V2C",12105,"120-160 cm",0,0,NA
"E2","V2C",12105,"160-200 cm",0,0,NA
"E2","V2C",12105,">200 cm",0,0,NA
"E2","V2C",12106,"<40 cm",0,0,NA
"E2","V2C",12106,"40-80 cm",0,0,NA
"E2","V2C",12106,"80-120 cm",0,0,NA
"E2","V2C",12106,"120-160 cm",0,0,NA
"E2","V2C",12106,"160-200 cm",0,0,NA
"E2","V2C",12106,">200 cm",0,0,NA
"E2","V2C",12107,"<40 cm",0,0,NA
"E2","V2C",12107,"40-80 cm",0,0,NA
"E2","V2C",12107,"80-120 cm",0,0,NA
"E2","V2C",12107,"120-160 cm",0,0,NA
"E2","V2C",12107,"160-200 cm",0,0,NA
"E2","V2C",12107,">200 cm",0,0,NA
"E2","V2C",12108,"<40 cm",0,0,NA
"E2","V2C",12108,"40-80 cm",0,0,NA
"E2","V2C",12108,"80-120 cm",0,0,NA
"E2","V2C",12108,"120-160 cm",0,0,NA
"E2","V2C",12108,"160-200 cm",0,0,NA
"E2","V2C",12108,">200 cm",0,0,NA
"E2","V2C",12109,"<40 cm",0,0,NA
"E2","V2C",12109,"40-80 cm",0,0,NA
"E2","V2C",12109,"80-120 cm",0,0,NA
"E2","V2C",12109,"120-160 cm",0,0,NA
"E2","V2C",12109,"160-200 cm",0,0,NA
"E2","V2C",12109,">200 cm",0,0,NA
"E2","V2C",12110,"<40 cm",0,0,NA
"E2","V2C",12110,"40-80 cm",0,0,NA
"E2","V2C",12110,"80-120 cm",0,0,NA
"E2","V2C",12110,"120-160 cm",0,0,NA
"E2","V2C",12110,"160-200 cm",0,0,NA
"E2","V2C",12110,">200 cm",0,0,NA
"E2","V2C",13101,"<40 cm",97,125,0.776
"E2","V2C",13101,"40-80 cm",3,125,0.024
"E2","V2C",13101,"80-120 cm",2,125,0.016
"E2","V2C",13101,"120-160 cm",4,125,0.032
"E2","V2C",13101,"160-200 cm",4,125,0.032
"E2","V2C",13101,">200 cm",15,125,0.12
"E2","V2C",13102,"<40 cm",93,125,0.744
"E2","V2C",13102,"40-80 cm",1,125,0.008
"E2","V2C",13102,"80-120 cm",1,125,0.008
"E2","V2C",13102,"120-160 cm",3,125,0.024
"E2","V2C",13102,"160-200 cm",2,125,0.016
"E2","V2C",13102,">200 cm",25,125,0.2
"E2","V2C",13103,"<40 cm",92,125,0.736
"E2","V2C",13103,"40-80 cm",3,125,0.024
"E2","V2C",13103,"80-120 cm",3,125,0.024
"E2","V2C",13103,"120-160 cm",7,125,0.056
"E2","V2C",13103,"160-200 cm",4,125,0.032
"E2","V2C",13103,">200 cm",16,125,0.128
"E2","V2C",13104,"<40 cm",0,0,NA
"E2","V2C",13104,"40-80 cm",0,0,NA
"E2","V2C",13104,"80-120 cm",0,0,NA
"E2","V2C",13104,"120-160 cm",0,0,NA
"E2","V2C",13104,"160-200 cm",0,0,NA
"E2","V2C",13104,">200 cm",0,0,NA
"E2","V2C",13105,"<40 cm",0,0,NA
"E2","V2C",13105,"40-80 cm",0,0,NA
"E2","V2C",13105,"80-120 cm",0,0,NA
"E2","V2C",13105,"120-160 cm",0,0,NA
"E2","V2C",13105,"160-200 cm",0,0,NA
"E2","V2C",13105,">200 cm",0,0,NA
"E2","V2C",13106,"<40 cm",0,0,NA
"E2","V2C",13106,"40-80 cm",0,0,NA
"E2","V2C",13106,"80-120 cm",0,0,NA
"E2","V2C",13106,"120-160 cm",0,0,NA
"E2","V2C",13106,"160-200 cm",0,0,NA
"E2","V2C",13106,">200 cm",0,0,NA
"E2","V2C",13107,"<40 cm",0,0,NA
"E2","V2C",13107,"40-80 cm",0,0,NA
"E2","V2C",13107,"80-120 cm",0,0,NA
"E2","V2C",13107,"120-160 cm",0,0,NA
"E2","V2C",13107,"160-200 cm",0,0,NA
"E2","V2C",13107,">200 cm",0,0,NA
"E2","V2C",13108,"<40 cm",0,0,NA
"E2","V2C",13108,"40-80 cm",0,0,NA
"E2","V2C",13108,"80-120 cm",0,0,NA
"E2","V2C",13108,"120-160 cm",0,0,NA
"E2","V2C",13108,"160-200 cm",0,0,NA
"E2","V2C",13108,">200 cm",0,0,NA
"E2","V2C",13109,"<40 cm",0,0,NA
"E2","V2C",13109,"40-80 cm",0,0,NA
"E2","V2C",13109,"80-120 cm",0,0,NA
"E2","V2C",13109,"120-160 cm",0,0,NA
"E2","V2C",13109,"160-200 cm",0,0,NA
"E2","V2C",13109,">200 cm",0,0,NA
"E2","V2C",13110,"<40 cm",0,0,NA
"E2","V2C",13110,"40-80 cm",0,0,NA
"E2","V2C",13110,"80-120 cm",0,0,NA
"E2","V2C",13110,"120-160 cm",0,0,NA
"E2","V2C",13110,"160-200 cm",0,0,NA
"E2","V2C",13110,">200 cm",0,0,NA
"E2","V2C",14101,"<40 cm",91,125,0.728
"E2","V2C",14101,"40-80 cm",5,125,0.04
"E2","V2C",14101,"80-120 cm",4,125,0.032
"E2","V2C",14101,"120-160 cm",3,125,0.024
"E2","V2C",14101,"160-200 cm",1,125,0.008
"E2","V2C",14101,">200 cm",21,125,0.168
"E2","V2C",14102,"<40 cm",88,125,0.704
"E2","V2C",14102,"40-80 cm",0,125,0
"E2","V2C",14102,"80-120 cm",2,125,0.016
"E2","V2C",14102,"120-160 cm",3,125,0.024
"E2","V2C",14102,"160-200 cm",3,125,0.024
"E2","V2C",14102,">200 cm",29,125,0.232
"E2","V2C",14103,"<40 cm",85,125,0.68
"E2","V2C",14103,"40-80 cm",4,125,0.032
"E2","V2C",14103,"80-120 cm",2,125,0.016
"E2","V2C",14103,"120-160 cm",7,125,0.056
"E2","V2C",14103,"160-200 cm",6,125,0.048
"E2","V2C",14103,">200 cm",21,125,0.168
"E2","V2C",14104,"<40 cm",0,0,NA
"E2","V2C",14104,"40-80 cm",0,0,NA
"E2","V2C",14104,"80-120 cm",0,0,NA
"E2","V2C",14104,"120-160 cm",0,0,NA
"E2","V2C",14104,"160-200 cm",0,0,NA
"E2","V2C",14104,">200 cm",0,0,NA
"E2","V2C",14105,"<40 cm",0,0,NA
"E2","V2C",14105,"40-80 cm",0,0,NA
"E2","V2C",14105,"80-120 cm",0,0,NA
"E2","V2C",14105,"120-160 cm",0,0,NA
"E2","V2C",14105,"160-200 cm",0,0,NA
"E2","V2C",14105,">200 cm",0,0,NA
"E2","V2C",14106,"<40 cm",0,0,NA
"E2","V2C",14106,"40-80 cm",0,0,NA
"E2","V2C",14106,"80-120 cm",0,0,NA
"E2","V2C",14106,"120-160 cm",0,0,NA
"E2","V2C",14106,"160-200 cm",0,0,NA
"E2","V2C",14106,">200 cm",0,0,NA
"E2","V2C",14107,"<40 cm",0,0,NA
"E2","V2C",14107,"40-80 cm",0,0,NA
"E2","V2C",14107,"80-120 cm",0,0,NA
"E2","V2C",14107,"120-160 cm",0,0,NA
"E2","V2C",14107,"160-200 cm",0,0,NA
"E2","V2C",14107,">200 cm",0,0,NA
"E2","V2C",14108,"<40 cm",0,0,NA
"E2","V2C",14108,"40-80 cm",0,0,NA
"E2","V2C",14108,"80-120 cm",0,0,NA
"E2","V2C",14108,"120-160 cm",0,0,NA
"E2","V2C",14108,"160-200 cm",0,0,NA
"E2","V2C",14108,">200 cm",0,0,NA
"E2","V2C",14109,"<40 cm",0,0,NA
"E2","V2C",14109,"40-80 cm",0,0,NA
"E2","V2C",14109,"80-120 cm",0,0,NA
"E2","V2C",14109,"120-160 cm",0,0,NA
"E2","V2C",14109,"160-200 cm",0,0,NA
"E2","V2C",14109,">200 cm",0,0,NA
"E2","V2C",14110,"<40 cm",0,0,NA
"E2","V2C",14110,"40-80 cm",0,0,NA
"E2","V2C",14110,"80-120 cm",0,0,NA
"E2","V2C",14110,"120-160 cm",0,0,NA
"E2","V2C",14110,"160-200 cm",0,0,NA
"E2","V2C",14110,">200 cm",0,0,NA
"E2","V2C",15101,"<40 cm",93,125,0.744
"E2","V2C",15101,"40-80 cm",5,125,0.04
"E2","V2C",15101,"80-120 cm",1,125,0.008
"E2","V2C",15101,"120-160 cm",5,125,0.04
"E2","V2C",15101,"160-200 cm",2,125,0.016
"E2","V2C",15101,">200 cm",19,125,0.152
"E2","V2C",15102,"<40 cm",91,125,0.728
"E2","V2C",15102,"40-80 cm",1,125,0.008
"E2","V2C",15102,"80-120 cm",1,125,0.008
"E2","V2C",15102,"120-160 cm",4,125,0.032
"E2","V2C",15102,"160-200 cm",1,125,0.008
"E2","V2C",15102,">200 cm",27,125,0.216
"E2","V2C",15103,"<40 cm",88,125,0.704
"E2","V2C",15103,"40-80 cm",7,125,0.056
"E2","V2C",15103,"80-120 cm",2,125,0.016
"E2","V2C",15103,"120-160 cm",6,125,0.048
"E2","V2C",15103,"160-200 cm",4,125,0.032
"E2","V2C",15103,">200 cm",18,125,0.144
"E2","V2C",15104,"<40 cm",0,0,NA
"E2","V2C",15104,"40-80 cm",0,0,NA
"E2","V2C",15104,"80-120 cm",0,0,NA
"E2","V2C",15104,"120-160 cm",0,0,NA
"E2","V2C",15104,"160-200 cm",0,0,NA
"E2","V2C",15104,">200 cm",0,0,NA
"E2","V2C",15105,"<40 cm",0,0,NA
"E2","V2C",15105,"40-80 cm",0,0,NA
"E2","V2C",15105,"80-120 cm",0,0,NA
"E2","V2C",15105,"120-160 cm",0,0,NA
"E2","V2C",15105,"160-200 cm",0,0,NA
"E2","V2C",15105,">200 cm",0,0,NA
"E2","V2C",15106,"<40 cm",0,0,NA
"E2","V2C",15106,"40-80 cm",0,0,NA
"E2","V2C",15106,"80-120 cm",0,0,NA
"E2","V2C",15106,"120-160 cm",0,0,NA
"E2","V2C",15106,"160-200 cm",0,0,NA
"E2","V2C",15106,">200 cm",0,0,NA
"E2","V2C",15107,"<40 cm",0,0,NA
"E2","V2C",15107,"40-80 cm",0,0,NA
"E2","V2C",15107,"80-120 cm",0,0,NA
"E2","V2C",15107,"120-160 cm",0,0,NA
"E2","V2C",15107,"160-200 cm",0,0,NA
"E2","V2C",15107,">200 cm",0,0,NA
"E2","V2C",15108,"<40 cm",0,0,NA
"E2","V2C",15108,"40-80 cm",0,0,NA
"E2","V2C",15108,"80-120 cm",0,0,NA
"E2","V2C",15108,"120-160 cm",0,0,NA
"E2","V2C",15108,"160-200 cm",0,0,NA
"E2","V2C",15108,">200 cm",0,0,NA
"E2","V2C",15109,"<40 cm",0,0,NA
"E2","V2C",15109,"40-80 cm",0,0,NA
"E2","V2C",15109,"80-120 cm",0,0,NA
"E2","V2C",15109,"120-160 cm",0,0,NA
"E2","V2C",15109,"160-200 cm",0,0,NA
"E2","V2C",15109,">200 cm",0,0,NA
"E2","V2C",15110,"<40 cm",0,0,NA
"E2","V2C",15110,"40-80 cm",0,0,NA
"E2","V2C",15110,"80-120 cm",0,0,NA
"E2","V2C",15110,"120-160 cm",0,0,NA
"E2","V2C",15110,"160-200 cm",0,0,NA
"E2","V2C",15110,">200 cm",0,0,NA
"E2","V2C",16101,"<40 cm",97,125,0.776
"E2","V2C",16101,"40-80 cm",3,125,0.024
"E2","V2C",16101,"80-120 cm",1,125,0.008
"E2","V2C",16101,"120-160 cm",5,125,0.04
"E2","V2C",16101,"160-200 cm",3,125,0.024
"E2","V2C",16101,">200 cm",16,125,0.128
"E2","V2C",16102,"<40 cm",93,125,0.744
"E2","V2C",16102,"40-80 cm",1,125,0.008
"E2","V2C",16102,"80-120 cm",0,125,0
"E2","V2C",16102,"120-160 cm",3,125,0.024
"E2","V2C",16102,"160-200 cm",2,125,0.016
"E2","V2C",16102,">200 cm",26,125,0.208
"E2","V2C",16103,"<40 cm",93,125,0.744
"E2","V2C",16103,"40-80 cm",3,125,0.024
"E2","V2C",16103,"80-120 cm",3,125,0.024
"E2","V2C",16103,"120-160 cm",7,125,0.056
"E2","V2C",16103,"160-200 cm",4,125,0.032
"E2","V2C",16103,">200 cm",15,125,0.12
"E2","V2C",16104,"<40 cm",0,0,NA
"E2","V2C",16104,"40-80 cm",0,0,NA
"E2","V2C",16104,"80-120 cm",0,0,NA
"E2","V2C",16104,"120-160 cm",0,0,NA
"E2","V2C",16104,"160-200 cm",0,0,NA
"E2","V2C",16104,">200 cm",0,0,NA
"E2","V2C",16105,"<40 cm",0,0,NA
"E2","V2C",16105,"40-80 cm",0,0,NA
"E2","V2C",16105,"80-120 cm",0,0,NA
"E2","V2C",16105,"120-160 cm",0,0,NA
"E2","V2C",16105,"160-200 cm",0,0,NA
"E2","V2C",16105,">200 cm",0,0,NA
"E2","V2C",16106,"<40 cm",0,0,NA
"E2","V2C",16106,"40-80 cm",0,0,NA
"E2","V2C",16106,"80-120 cm",0,0,NA
"E2","V2C",16106,"120-160 cm",0,0,NA
"E2","V2C",16106,"160-200 cm",0,0,NA
"E2","V2C",16106,">200 cm",0,0,NA
"E2","V2C",16107,"<40 cm",0,0,NA
"E2","V2C",16107,"40-80 cm",0,0,NA
"E2","V2C",16107,"80-120 cm",0,0,NA
"E2","V2C",16107,"120-160 cm",0,0,NA
"E2","V2C",16107,"160-200 cm",0,0,NA
"E2","V2C",16107,">200 cm",0,0,NA
"E2","V2C",16108,"<40 cm",0,0,NA
"E2","V2C",16108,"40-80 cm",0,0,NA
"E2","V2C",16108,"80-120 cm",0,0,NA
"E2","V2C",16108,"120-160 cm",0,0,NA
"E2","V2C",16108,"160-200 cm",0,0,NA
"E2","V2C",16108,">200 cm",0,0,NA
"E2","V2C",16109,"<40 cm",0,0,NA
"E2","V2C",16109,"40-80 cm",0,0,NA
"E2","V2C",16109,"80-120 cm",0,0,NA
"E2","V2C",16109,"120-160 cm",0,0,NA
"E2","V2C",16109,"160-200 cm",0,0,NA
"E2","V2C",16109,">200 cm",0,0,NA
"E2","V2C",16110,"<40 cm",0,0,NA
"E2","V2C",16110,"40-80 cm",0,0,NA
"E2","V2C",16110,"80-120 cm",0,0,NA
"E2","V2C",16110,"120-160 cm",0,0,NA
"E2","V2C",16110,"160-200 cm",0,0,NA
"E2","V2C",16110,">200 cm",0,0,NA
"E2","V2C",17101,"<40 cm",92,125,0.736
"E2","V2C",17101,"40-80 cm",7,125,0.056
"E2","V2C",17101,"80-120 cm",1,125,0.008
"E2","V2C",17101,"120-160 cm",4,125,0.032
"E2","V2C",17101,"160-200 cm",6,125,0.048
"E2","V2C",17101,">200 cm",15,125,0.12
"E2","V2C",17102,"<40 cm",90,125,0.72
"E2","V2C",17102,"40-80 cm",2,125,0.016
"E2","V2C",17102,"80-120 cm",2,125,0.016
"E2","V2C",17102,"120-160 cm",2,125,0.016
"E2","V2C",17102,"160-200 cm",3,125,0.024
"E2","V2C",17102,">200 cm",26,125,0.208
"E2","V2C",17103,"<40 cm",91,125,0.728
"E2","V2C",17103,"40-80 cm",5,125,0.04
"E2","V2C",17103,"80-120 cm",2,125,0.016
"E2","V2C",17103,"120-160 cm",5,125,0.04
"E2","V2C",17103,"160-200 cm",4,125,0.032
"E2","V2C",17103,">200 cm",18,125,0.144
"E2","V2C",17104,"<40 cm",0,0,NA
"E2","V2C",17104,"40-80 cm",0,0,NA
"E2","V2C",17104,"80-120 cm",0,0,NA
"E2","V2C",17104,"120-160 cm",0,0,NA
"E2","V2C",17104,"160-200 cm",0,0,NA
"E2","V2C",17104,">200 cm",0,0,NA
"E2","V2C",17105,"<40 cm",0,0,NA
"E2","V2C",17105,"40-80 cm",0,0,NA
"E2","V2C",17105,"80-120 cm",0,0,NA
"E2","V2C",17105,"120-160 cm",0,0,NA
"E2","V2C",17105,"160-200 cm",0,0,NA
"E2","V2C",17105,">200 cm",0,0,NA
"E2","V2C",17106,"<40 cm",0,0,NA
"E2","V2C",17106,"40-80 cm",0,0,NA
"E2","V2C",17106,"80-120 cm",0,0,NA
"E2","V2C",17106,"120-160 cm",0,0,NA
"E2","V2C",17106,"160-200 cm",0,0,NA
"E2","V2C",17106,">200 cm",0,0,NA
"E2","V2C",17107,"<40 cm",0,0,NA
"E2","V2C",17107,"40-80 cm",0,0,NA
"E2","V2C",17107,"80-120 cm",0,0,NA
"E2","V2C",17107,"120-160 cm",0,0,NA
"E2","V2C",17107,"160-200 cm",0,0,NA
"E2","V2C",17107,">200 cm",0,0,NA
"E2","V2C",17108,"<40 cm",0,0,NA
"E2","V2C",17108,"40-80 cm",0,0,NA
"E2","V2C",17108,"80-120 cm",0,0,NA
"E2","V2C",17108,"120-160 cm",0,0,NA
"E2","V2C",17108,"160-200 cm",0,0,NA
"E2","V2C",17108,">200 cm",0,0,NA
"E2","V2C",17109,"<40 cm",0,0,NA
"E2","V2C",17109,"40-80 cm",0,0,NA
"E2","V2C",17109,"80-120 cm",0,0,NA
"E2","V2C",17109,"120-160 cm",0,0,NA
"E2","V2C",17109,"160-200 cm",0,0,NA
"E2","V2C",17109,">200 cm",0,0,NA
"E2","V2C",17110,"<40 cm",0,0,NA
"E2","V2C",17110,"40-80 cm",0,0,NA
"E2","V2C",17110,"80-120 cm",0,0,NA
"E2","V2C",17110,"120-160 cm",0,0,NA
"E2","V2C",17110,"160-200 cm",0,0,NA
"E2","V2C",17110,">200 cm",0,0,NA
"E2","V2C",18101,"<40 cm",96,125,0.768
"E2","V2C",18101,"40-80 cm",3,125,0.024
"E2","V2C",18101,"80-120 cm",1,125,0.008
"E2","V2C",18101,"120-160 cm",5,125,0.04
"E2","V2C",18101,"160-200 cm",2,125,0.016
"E2","V2C",18101,">200 cm",18,125,0.144
"E2","V2C",18102,"<40 cm",93,125,0.744
"E2","V2C",18102,"40-80 cm",0,125,0
"E2","V2C",18102,"80-120 cm",1,125,0.008
"E2","V2C",18102,"120-160 cm",3,125,0.024
"E2","V2C",18102,"160-200 cm",2,125,0.016
"E2","V2C",18102,">200 cm",26,125,0.208
"E2","V2C",18103,"<40 cm",93,125,0.744
"E2","V2C",18103,"40-80 cm",3,125,0.024
"E2","V2C",18103,"80-120 cm",2,125,0.016
"E2","V2C",18103,"120-160 cm",6,125,0.048
"E2","V2C",18103,"160-200 cm",4,125,0.032
"E2","V2C",18103,">200 cm",17,125,0.136
"E2","V2C",18104,"<40 cm",0,0,NA
"E2","V2C",18104,"40-80 cm",0,0,NA
"E2","V2C",18104,"80-120 cm",0,0,NA
"E2","V2C",18104,"120-160 cm",0,0,NA
"E2","V2C",18104,"160-200 cm",0,0,NA
"E2","V2C",18104,">200 cm",0,0,NA
"E2","V2C",18105,"<40 cm",0,0,NA
"E2","V2C",18105,"40-80 cm",0,0,NA
"E2","V2C",18105,"80-120 cm",0,0,NA
"E2","V2C",18105,"120-160 cm",0,0,NA
"E2","V2C",18105,"160-200 cm",0,0,NA
"E2","V2C",18105,">200 cm",0,0,NA
"E2","V2C",18106,"<40 cm",0,0,NA
"E2","V2C",18106,"40-80 cm",0,0,NA
"E2","V2C",18106,"80-120 cm",0,0,NA
"E2","V2C",18106,"120-160 cm",0,0,NA
"E2","V2C",18106,"160-200 cm",0,0,NA
"E2","V2C",18106,">200 cm",0,0,NA
"E2","V2C",18107,"<40 cm",0,0,NA
"E2","V2C",18107,"40-80 cm",0,0,NA
"E2","V2C",18107,"80-120 cm",0,0,NA
"E2","V2C",18107,"120-160 cm",0,0,NA
"E2","V2C",18107,"160-200 cm",0,0,NA
"E2","V2C",18107,">200 cm",0,0,NA
"E2","V2C",18108,"<40 cm",0,0,NA
"E2","V2C",18108,"40-80 cm",0,0,NA
"E2","V2C",18108,"80-120 cm",0,0,NA
"E2","V2C",18108,"120-160 cm",0,0,NA
"E2","V2C",18108,"160-200 cm",0,0,NA
"E2","V2C",18108,">200 cm",0,0,NA
"E2","V2C",18109,"<40 cm",0,0,NA
"E2","V2C",18109,"40-80 cm",0,0,NA
"E2","V2C",18109,"80-120 cm",0,0,NA
"E2","V2C",18109,"120-160 cm",0,0,NA
"E2","V2C",18109,"160-200 cm",0,0,NA
"E2","V2C",18109,">200 cm",0,0,NA
"E2","V2C",18110,"<40 cm",0,0,NA
"E2","V2C",18110,"40-80 cm",0,0,NA
"E2","V2C",18110,"80-120 cm",0,0,NA
"E2","V2C",18110,"120-160 cm",0,0,NA
"E2","V2C",18110,"160-200 cm",0,0,NA
"E2","V2C",18110,">200 cm",0,0,NA
"E2","V2C",19101,"<40 cm",92,125,0.736
"E2","V2C",19101,"40-80 cm",3,125,0.024
"E2","V2C",19101,"80-120 cm",3,125,0.024
"E2","V2C",19101,"120-160 cm",6,125,0.048
"E2","V2C",19101,"160-200 cm",5,125,0.04
"E2","V2C",19101,">200 cm",16,125,0.128
"E2","V2C",19102,"<40 cm",87,125,0.696
"E2","V2C",19102,"40-80 cm",2,125,0.016
"E2","V2C",19102,"80-120 cm",5,125,0.04
"E2","V2C",19102,"120-160 cm",4,125,0.032
"E2","V2C",19102,"160-200 cm",7,125,0.056
"E2","V2C",19102,">200 cm",20,125,0.16
"E2","V2C",19103,"<40 cm",84,125,0.672
"E2","V2C",19103,"40-80 cm",7,125,0.056
"E2","V2C",19103,"80-120 cm",6,125,0.048
"E2","V2C",19103,"120-160 cm",9,125,0.072
"E2","V2C",19103,"160-200 cm",5,125,0.04
"E2","V2C",19103,">200 cm",14,125,0.112
"E2","V2C",19104,"<40 cm",0,0,NA
"E2","V2C",19104,"40-80 cm",0,0,NA
"E2","V2C",19104,"80-120 cm",0,0,NA
"E2","V2C",19104,"120-160 cm",0,0,NA
"E2","V2C",19104,"160-200 cm",0,0,NA
"E2","V2C",19104,">200 cm",0,0,NA
"E2","V2C",19105,"<40 cm",0,0,NA
"E2","V2C",19105,"40-80 cm",0,0,NA
"E2","V2C",19105,"80-120 cm",0,0,NA
"E2","V2C",19105,"120-160 cm",0,0,NA
"E2","V2C",19105,"160-200 cm",0,0,NA
"E2","V2C",19105,">200 cm",0,0,NA
"E2","V2C",19106,"<40 cm",0,0,NA
"E2","V2C",19106,"40-80 cm",0,0,NA
"E2","V2C",19106,"80-120 cm",0,0,NA
"E2","V2C",19106,"120-160 cm",0,0,NA
"E2","V2C",19106,"160-200 cm",0,0,NA
"E2","V2C",19106,">200 cm",0,0,NA
"E2","V2C",19107,"<40 cm",0,0,NA
"E2","V2C",19107,"40-80 cm",0,0,NA
"E2","V2C",19107,"80-120 cm",0,0,NA
"E2","V2C",19107,"120-160 cm",0,0,NA
"E2","V2C",19107,"160-200 cm",0,0,NA
"E2","V2C",19107,">200 cm",0,0,NA
"E2","V2C",19108,"<40 cm",0,0,NA
"E2","V2C",19108,"40-80 cm",0,0,NA
"E2","V2C",19108,"80-120 cm",0,0,NA
"E2","V2C",19108,"120-160 cm",0,0,NA
"E2","V2C",19108,"160-200 cm",0,0,NA
"E2","V2C",19108,">200 cm",0,0,NA
"E2","V2C",19109,"<40 cm",0,0,NA
"E2","V2C",19109,"40-80 cm",0,0,NA
"E2","V2C",19109,"80-120 cm",0,0,NA
"E2","V2C",19109,"120-160 cm",0,0,NA
"E2","V2C",19109,"160-200 cm",0,0,NA
"E2","V2C",19109,">200 cm",0,0,NA
"E2","V2C",19110,"<40 cm",0,0,NA
"E2","V2C",19110,"40-80 cm",0,0,NA
"E2","V2C",19110,"80-120 cm",0,0,NA
"E2","V2C",19110,"120-160 cm",0,0,NA
"E2","V2C",19110,"160-200 cm",0,0,NA
"E2","V2C",19110,">200 cm",0,0,NA
"E2","V2C",20101,"<40 cm",94,125,0.752
"E2","V2C",20101,"40-80 cm",3,125,0.024
"E2","V2C",20101,"80-120 cm",1,125,0.008
"E2","V2C",20101,"120-160 cm",5,125,0.04
"E2","V2C",20101,"160-200 cm",2,125,0.016
"E2","V2C",20101,">200 cm",20,125,0.16
"E2","V2C",20102,"<40 cm",91,125,0.728
"E2","V2C",20102,"40-80 cm",0,125,0
"E2","V2C",20102,"80-120 cm",1,125,0.008
"E2","V2C",20102,"120-160 cm",3,125,0.024
"E2","V2C",20102,"160-200 cm",2,125,0.016
"E2","V2C",20102,">200 cm",28,125,0.224
"E2","V2C",20103,"<40 cm",92,125,0.736
"E2","V2C",20103,"40-80 cm",2,125,0.016
"E2","V2C",20103,"80-120 cm",2,125,0.016
"E2","V2C",20103,"120-160 cm",6,125,0.048
"E2","V2C",20103,"160-200 cm",4,125,0.032
"E2","V2C",20103,">200 cm",19,125,0.152
"E2","V2C",20104,"<40 cm",0,0,NA
"E2","V2C",20104,"40-80 cm",0,0,NA
"E2","V2C",20104,"80-120 cm",0,0,NA
"E2","V2C",20104,"120-160 cm",0,0,NA
"E2","V2C",20104,"160-200 cm",0,0,NA
"E2","V2C",20104,">200 cm",0,0,NA
"E2","V2C",20105,"<40 cm",0,0,NA
"E2","V2C",20105,"40-80 cm",0,0,NA
"E2","V2C",20105,"80-120 cm",0,0,NA
"E2","V2C",20105,"120-160 cm",0,0,NA
"E2","V2C",20105,"160-200 cm",0,0,NA
"E2","V2C",20105,">200 cm",0,0,NA
"E2","V2C",20106,"<40 cm",0,0,NA
"E2","V2C",20106,"40-80 cm",0,0,NA
"E2","V2C",20106,"80-120 cm",0,0,NA
"E2","V2C",20106,"120-160 cm",0,0,NA
"E2","V2C",20106,"160-200 cm",0,0,NA
"E2","V2C",20106,">200 cm",0,0,NA
"E2","V2C",20107,"<40 cm",0,0,NA
"E2","V2C",20107,"40-80 cm",0,0,NA
"E2","V2C",20107,"80-120 cm",0,0,NA
"E2","V2C",20107,"120-160 cm",0,0,NA
"E2","V2C",20107,"160-200 cm",0,0,NA
"E2","V2C",20107,">200 cm",0,0,NA
"E2","V2C",20108,"<40 cm",0,0,NA
"E2","V2C",20108,"40-80 cm",0,0,NA
"E2","V2C",20108,"80-120 cm",0,0,NA
"E2","V2C",20108,"120-160 cm",0,0,NA
"E2","V2C",20108,"160-200 cm",0,0,NA
"E2","V2C",20108,">200 cm",0,0,NA
"E2","V2C",20109,"<40 cm",0,0,NA
"E2","V2C",20109,"40-80 cm",0,0,NA
"E2","V2C",20109,"80-120 cm",0,0,NA
"E2","V2C",20109,"120-160 cm",0,0,NA
"E2","V2C",20109,"160-200 cm",0,0,NA
"E2","V2C",20109,">200 cm",0,0,NA
"E2","V2C",20110,"<40 cm",0,0,NA
"E2","V2C",20110,"40-80 cm",0,0,NA
"E2","V2C",20110,"80-120 cm",0,0,NA
"E2","V2C",20110,"120-160 cm",0,0,NA
"E2","V2C",20110,"160-200 cm",0,0,NA
"E2","V2C",20110,">200 cm",0,0,NA
"E2","V2C",21101,"<40 cm",91,125,0.728
"E2","V2C",21101,"40-80 cm",8,125,0.064
"E2","V2C",21101,"80-120 cm",1,125,0.008
"E2","V2C",21101,"120-160 cm",5,125,0.04
"E2","V2C",21101,"160-200 cm",3,125,0.024
"E2","V2C",21101,">200 cm",17,125,0.136
"E2","V2C",21102,"<40 cm",89,125,0.712
"E2","V2C",21102,"40-80 cm",4,125,0.032
"E2","V2C",21102,"80-120 cm",1,125,0.008
"E2","V2C",21102,"120-160 cm",3,125,0.024
"E2","V2C",21102,"160-200 cm",2,125,0.016
"E2","V2C",21102,">200 cm",26,125,0.208
"E2","V2C",21103,"<40 cm",90,125,0.72
"E2","V2C",21103,"40-80 cm",6,125,0.048
"E2","V2C",21103,"80-120 cm",2,125,0.016
"E2","V2C",21103,"120-160 cm",6,125,0.048
"E2","V2C",21103,"160-200 cm",4,125,0.032
"E2","V2C",21103,">200 cm",17,125,0.136
"E2","V2C",21104,"<40 cm",0,0,NA
"E2","V2C",21104,"40-80 cm",0,0,NA
"E2","V2C",21104,"80-120 cm",0,0,NA
"E2","V2C",21104,"120-160 cm",0,0,NA
"E2","V2C",21104,"160-200 cm",0,0,NA
"E2","V2C",21104,">200 cm",0,0,NA
"E2","V2C",21105,"<40 cm",0,0,NA
"E2","V2C",21105,"40-80 cm",0,0,NA
"E2","V2C",21105,"80-120 cm",0,0,NA
"E2","V2C",21105,"120-160 cm",0,0,NA
"E2","V2C",21105,"160-200 cm",0,0,NA
"E2","V2C",21105,">200 cm",0,0,NA
"E2","V2C",21106,"<40 cm",0,0,NA
"E2","V2C",21106,"40-80 cm",0,0,NA
"E2","V2C",21106,"80-120 cm",0,0,NA
"E2","V2C",21106,"120-160 cm",0,0,NA
"E2","V2C",21106,"160-200 cm",0,0,NA
"E2","V2C",21106,">200 cm",0,0,NA
"E2","V2C",21107,"<40 cm",0,0,NA
"E2","V2C",21107,"40-80 cm",0,0,NA
"E2","V2C",21107,"80-120 cm",0,0,NA
"E2","V2C",21107,"120-160 cm",0,0,NA
"E2","V2C",21107,"160-200 cm",0,0,NA
"E2","V2C",21107,">200 cm",0,0,NA
"E2","V2C",21108,"<40 cm",0,0,NA
"E2","V2C",21108,"40-80 cm",0,0,NA
"E2","V2C",21108,"80-120 cm",0,0,NA
"E2","V2C",21108,"120-160 cm",0,0,NA
"E2","V2C",21108,"160-200 cm",0,0,NA
"E2","V2C",21108,">200 cm",0,0,NA
"E2","V2C",21109,"<40 cm",0,0,NA
"E2","V2C",21109,"40-80 cm",0,0,NA
"E2","V2C",21109,"80-120 cm",0,0,NA
"E2","V2C",21109,"120-160 cm",0,0,NA
"E2","V2C",21109,"160-200 cm",0,0,NA
"E2","V2C",21109,">200 cm",0,0,NA
"E2","V2C",21110,"<40 cm",0,0,NA
"E2","V2C",21110,"40-80 cm",0,0,NA
"E2","V2C",21110,"80-120 cm",0,0,NA
"E2","V2C",21110,"120-160 cm",0,0,NA
"E2","V2C",21110,"160-200 cm",0,0,NA
"E2","V2C",21110,">200 cm",0,0,NA
"E2","V2C",22101,"<40 cm",96,125,0.768
"E2","V2C",22101,"40-80 cm",6,125,0.048
"E2","V2C",22101,"80-120 cm",2,125,0.016
"E2","V2C",22101,"120-160 cm",3,125,0.024
"E2","V2C",22101,"160-200 cm",3,125,0.024
"E2","V2C",22101,">200 cm",15,125,0.12
"E2","V2C",22102,"<40 cm",87,125,0.696
"E2","V2C",22102,"40-80 cm",4,125,0.032
"E2","V2C",22102,"80-120 cm",1,125,0.008
"E2","V2C",22102,"120-160 cm",2,125,0.016
"E2","V2C",22102,"160-200 cm",4,125,0.032
"E2","V2C",22102,">200 cm",27,125,0.216
"E2","V2C",22103,"<40 cm",91,125,0.728
"E2","V2C",22103,"40-80 cm",4,125,0.032
"E2","V2C",22103,"80-120 cm",3,125,0.024
"E2","V2C",22103,"120-160 cm",5,125,0.04
"E2","V2C",22103,"160-200 cm",4,125,0.032
"E2","V2C",22103,">200 cm",18,125,0.144
"E2","V2C",22104,"<40 cm",0,0,NA
"E2","V2C",22104,"40-80 cm",0,0,NA
"E2","V2C",22104,"80-120 cm",0,0,NA
"E2","V2C",22104,"120-160 cm",0,0,NA
"E2","V2C",22104,"160-200 cm",0,0,NA
"E2","V2C",22104,">200 cm",0,0,NA
"E2","V2C",22105,"<40 cm",0,0,NA
"E2","V2C",22105,"40-80 cm",0,0,NA
"E2","V2C",22105,"80-120 cm",0,0,NA
"E2","V2C",22105,"120-160 cm",0,0,NA
"E2","V2C",22105,"160-200 cm",0,0,NA
"E2","V2C",22105,">200 cm",0,0,NA
"E2","V2C",22106,"<40 cm",0,0,NA
"E2","V2C",22106,"40-80 cm",0,0,NA
"E2","V2C",22106,"80-120 cm",0,0,NA
"E2","V2C",22106,"120-160 cm",0,0,NA
"E2","V2C",22106,"160-200 cm",0,0,NA
"E2","V2C",22106,">200 cm",0,0,NA
"E2","V2C",22107,"<40 cm",0,0,NA
"E2","V2C",22107,"40-80 cm",0,0,NA
"E2","V2C",22107,"80-120 cm",0,0,NA
"E2","V2C",22107,"120-160 cm",0,0,NA
"E2","V2C",22107,"160-200 cm",0,0,NA
"E2","V2C",22107,">200 cm",0,0,NA
"E2","V2C",22108,"<40 cm",0,0,NA
"E2","V2C",22108,"40-80 cm",0,0,NA
"E2","V2C",22108,"80-120 cm",0,0,NA
"E2","V2C",22108,"120-160 cm",0,0,NA
"E2","V2C",22108,"160-200 cm",0,0,NA
"E2","V2C",22108,">200 cm",0,0,NA
"E2","V2C",22109,"<40 cm",0,0,NA
"E2","V2C",22109,"40-80 cm",0,0,NA
"E2","V2C",22109,"80-120 cm",0,0,NA
"E2","V2C",22109,"120-160 cm",0,0,NA
"E2","V2C",22109,"160-200 cm",0,0,NA
"E2","V2C",22109,">200 cm",0,0,NA
"E2","V2C",22110,"<40 cm",0,0,NA
"E2","V2C",22110,"40-80 cm",0,0,NA
"E2","V2C",22110,"80-120 cm",0,0,NA
"E2","V2C",22110,"120-160 cm",0,0,NA
"E2","V2C",22110,"160-200 cm",0,0,NA
"E2","V2C",22110,">200 cm",0,0,NA
"E2","V2C",23101,"<40 cm",95,125,0.76
"E2","V2C",23101,"40-80 cm",3,125,0.024
"E2","V2C",23101,"80-120 cm",1,125,0.008
"E2","V2C",23101,"120-160 cm",5,125,0.04
"E2","V2C",23101,"160-200 cm",4,125,0.032
"E2","V2C",23101,">200 cm",17,125,0.136
"E2","V2C",23102,"<40 cm",92,125,0.736
"E2","V2C",23102,"40-80 cm",0,125,0
"E2","V2C",23102,"80-120 cm",1,125,0.008
"E2","V2C",23102,"120-160 cm",4,125,0.032
"E2","V2C",23102,"160-200 cm",2,125,0.016
"E2","V2C",23102,">200 cm",26,125,0.208
"E2","V2C",23103,"<40 cm",90,125,0.72
"E2","V2C",23103,"40-80 cm",6,125,0.048
"E2","V2C",23103,"80-120 cm",2,125,0.016
"E2","V2C",23103,"120-160 cm",5,125,0.04
"E2","V2C",23103,"160-200 cm",4,125,0.032
"E2","V2C",23103,">200 cm",18,125,0.144
"E2","V2C",23104,"<40 cm",0,0,NA
"E2","V2C",23104,"40-80 cm",0,0,NA
"E2","V2C",23104,"80-120 cm",0,0,NA
"E2","V2C",23104,"120-160 cm",0,0,NA
"E2","V2C",23104,"160-200 cm",0,0,NA
"E2","V2C",23104,">200 cm",0,0,NA
"E2","V2C",23105,"<40 cm",0,0,NA
"E2","V2C",23105,"40-80 cm",0,0,NA
"E2","V2C",23105,"80-120 cm",0,0,NA
"E2","V2C",23105,"120-160 cm",0,0,NA
"E2","V2C",23105,"160-200 cm",0,0,NA
"E2","V2C",23105,">200 cm",0,0,NA
"E2","V2C",23106,"<40 cm",0,0,NA
"E2","V2C",23106,"40-80 cm",0,0,NA
"E2","V2C",23106,"80-120 cm",0,0,NA
"E2","V2C",23106,"120-160 cm",0,0,NA
"E2","V2C",23106,"160-200 cm",0,0,NA
"E2","V2C",23106,">200 cm",0,0,NA
"E2","V2C",23107,"<40 cm",0,0,NA
"E2","V2C",23107,"40-80 cm",0,0,NA
"E2","V2C",23107,"80-120 cm",0,0,NA
"E2","V2C",23107,"120-160 cm",0,0,NA
"E2","V2C",23107,"160-200 cm",0,0,NA
"E2","V2C",23107,">200 cm",0,0,NA
"E2","V2C",23108,"<40 cm",0,0,NA
"E2","V2C",23108,"40-80 cm",0,0,NA
"E2","V2C",23108,"80-120 cm",0,0,NA
"E2","V2C",23108,"120-160 cm",0,0,NA
"E2","V2C",23108,"160-200 cm",0,0,NA
"E2","V2C",23108,">200 cm",0,0,NA
"E2","V2C",23109,"<40 cm",0,0,NA
"E2","V2C",23109,"40-80 cm",0,0,NA
"E2","V2C",23109,"80-120 cm",0,0,NA
"E2","V2C",23109,"120-160 cm",0,0,NA
"E2","V2C",23109,"160-200 cm",0,0,NA
"E2","V2C",23109,">200 cm",0,0,NA
"E2","V2C",23110,"<40 cm",0,0,NA
"E2","V2C",23110,"40-80 cm",0,0,NA
"E2","V2C",23110,"80-120 cm",0,0,NA
"E2","V2C",23110,"120-160 cm",0,0,NA
"E2","V2C",23110,"160-200 cm",0,0,NA
"E2","V2C",23110,">200 cm",0,0,NA
"E2","V2C",24101,"<40 cm",92,125,0.736
"E2","V2C",24101,"40-80 cm",8,125,0.064
"E2","V2C",24101,"80-120 cm",1,125,0.008
"E2","V2C",24101,"120-160 cm",4,125,0.032
"E2","V2C",24101,"160-200 cm",5,125,0.04
"E2","V2C",24101,">200 cm",15,125,0.12
"E2","V2C",24102,"<40 cm",89,125,0.712
"E2","V2C",24102,"40-80 cm",4,125,0.032
"E2","V2C",24102,"80-120 cm",2,125,0.016
"E2","V2C",24102,"120-160 cm",3,125,0.024
"E2","V2C",24102,"160-200 cm",3,125,0.024
"E2","V2C",24102,">200 cm",24,125,0.192
"E2","V2C",24103,"<40 cm",89,125,0.712
"E2","V2C",24103,"40-80 cm",8,125,0.064
"E2","V2C",24103,"80-120 cm",2,125,0.016
"E2","V2C",24103,"120-160 cm",6,125,0.048
"E2","V2C",24103,"160-200 cm",5,125,0.04
"E2","V2C",24103,">200 cm",15,125,0.12
"E2","V2C",24104,"<40 cm",0,0,NA
"E2","V2C",24104,"40-80 cm",0,0,NA
"E2","V2C",24104,"80-120 cm",0,0,NA
"E2","V2C",24104,"120-160 cm",0,0,NA
"E2","V2C",24104,"160-200 cm",0,0,NA
"E2","V2C",24104,">200 cm",0,0,NA
"E2","V2C",24105,"<40 cm",0,0,NA
"E2","V2C",24105,"40-80 cm",0,0,NA
"E2","V2C",24105,"80-120 cm",0,0,NA
"E2","V2C",24105,"120-160 cm",0,0,NA
"E2","V2C",24105,"160-200 cm",0,0,NA
"E2","V2C",24105,">200 cm",0,0,NA
"E2","V2C",24106,"<40 cm",0,0,NA
"E2","V2C",24106,"40-80 cm",0,0,NA
"E2","V2C",24106,"80-120 cm",0,0,NA
"E2","V2C",24106,"120-160 cm",0,0,NA
"E2","V2C",24106,"160-200 cm",0,0,NA
"E2","V2C",24106,">200 cm",0,0,NA
"E2","V2C",24107,"<40 cm",0,0,NA
"E2","V2C",24107,"40-80 cm",0,0,NA
"E2","V2C",24107,"80-120 cm",0,0,NA
"E2","V2C",24107,"120-160 cm",0,0,NA
"E2","V2C",24107,"160-200 cm",0,0,NA
"E2","V2C",24107,">200 cm",0,0,NA
"E2","V2C",24108,"<40 cm",0,0,NA
"E2","V2C",24108,"40-80 cm",0,0,NA
"E2","V2C",24108,"80-120 cm",0,0,NA
"E2","V2C",24108,"120-160 cm",0,0,NA
"E2","V2C",24108,"160-200 cm",0,0,NA
"E2","V2C",24108,">200 cm",0,0,NA
"E2","V2C",24109,"<40 cm",0,0,NA
"E2","V2C",24109,"40-80 cm",0,0,NA
"E2","V2C",24109,"80-120 cm",0,0,NA
"E2","V2C",24109,"120-160 cm",0,0,NA
"E2","V2C",24109,"160-200 cm",0,0,NA
"E2","V2C",24109,">200 cm",0,0,NA
"E2","V2C",24110,"<40 cm",0,0,NA
"E2","V2C",24110,"40-80 cm",0,0,NA
"E2","V2C",24110,"80-120 cm",0,0,NA
"E2","V2C",24110,"120-160 cm",0,0,NA
"E2","V2C",24110,"160-200 cm",0,0,NA
"E2","V2C",24110,">200 cm",0,0,NA
"E2","V2C",25101,"<40 cm",94,125,0.752
"E2","V2C",25101,"40-80 cm",5,125,0.04
"E2","V2C",25101,"80-120 cm",2,125,0.016
"E2","V2C",25101,"120-160 cm",4,125,0.032
"E2","V2C",25101,"160-200 cm",3,125,0.024
"E2","V2C",25101,">200 cm",17,125,0.136
"E2","V2C",25102,"<40 cm",92,125,0.736
"E2","V2C",25102,"40-80 cm",1,125,0.008
"E2","V2C",25102,"80-120 cm",1,125,0.008
"E2","V2C",25102,"120-160 cm",3,125,0.024
"E2","V2C",25102,"160-200 cm",2,125,0.016
"E2","V2C",25102,">200 cm",26,125,0.208
"E2","V2C",25103,"<40 cm",91,125,0.728
"E2","V2C",25103,"40-80 cm",4,125,0.032
"E2","V2C",25103,"80-120 cm",2,125,0.016
"E2","V2C",25103,"120-160 cm",8,125,0.064
"E2","V2C",25103,"160-200 cm",3,125,0.024
"E2","V2C",25103,">200 cm",17,125,0.136
"E2","V2C",25104,"<40 cm",0,0,NA
"E2","V2C",25104,"40-80 cm",0,0,NA
"E2","V2C",25104,"80-120 cm",0,0,NA
"E2","V2C",25104,"120-160 cm",0,0,NA
"E2","V2C",25104,"160-200 cm",0,0,NA
"E2","V2C",25104,">200 cm",0,0,NA
"E2","V2C",25105,"<40 cm",0,0,NA
"E2","V2C",25105,"40-80 cm",0,0,NA
"E2","V2C",25105,"80-120 cm",0,0,NA
"E2","V2C",25105,"120-160 cm",0,0,NA
"E2","V2C",25105,"160-200 cm",0,0,NA
"E2","V2C",25105,">200 cm",0,0,NA
"E2","V2C",25106,"<40 cm",0,0,NA
"E2","V2C",25106,"40-80 cm",0,0,NA
"E2","V2C",25106,"80-120 cm",0,0,NA
"E2","V2C",25106,"120-160 cm",0,0,NA
"E2","V2C",25106,"160-200 cm",0,0,NA
"E2","V2C",25106,">200 cm",0,0,NA
"E2","V2C",25107,"<40 cm",0,0,NA
"E2","V2C",25107,"40-80 cm",0,0,NA
"E2","V2C",25107,"80-120 cm",0,0,NA
"E2","V2C",25107,"120-160 cm",0,0,NA
"E2","V2C",25107,"160-200 cm",0,0,NA
"E2","V2C",25107,">200 cm",0,0,NA
"E2","V2C",25108,"<40 cm",0,0,NA
"E2","V2C",25108,"40-80 cm",0,0,NA
"E2","V2C",25108,"80-120 cm",0,0,NA
"E2","V2C",25108,"120-160 cm",0,0,NA
"E2","V2C",25108,"160-200 cm",0,0,NA
"E2","V2C",25108,">200 cm",0,0,NA
"E2","V2C",25109,"<40 cm",0,0,NA
"E2","V2C",25109,"40-80 cm",0,0,NA
"E2","V2C",25109,"80-120 cm",0,0,NA
"E2","V2C",25109,"120-160 cm",0,0,NA
"E2","V2C",25109,"160-200 cm",0,0,NA
"E2","V2C",25109,">200 cm",0,0,NA
"E2","V2C",25110,"<40 cm",0,0,NA
"E2","V2C",25110,"40-80 cm",0,0,NA
"E2","V2C",25110,"80-120 cm",0,0,NA
"E2","V2C",25110,"120-160 cm",0,0,NA
"E2","V2C",25110,"160-200 cm",0,0,NA
"E2","V2C",25110,">200 cm",0,0,NA
"E2","V2C",26101,"<40 cm",91,125,0.728
"E2","V2C",26101,"40-80 cm",6,125,0.048
"E2","V2C",26101,"80-120 cm",2,125,0.016
"E2","V2C",26101,"120-160 cm",5,125,0.04
"E2","V2C",26101,"160-200 cm",1,125,0.008
"E2","V2C",26101,">200 cm",20,125,0.16
"E2","V2C",26102,"<40 cm",90,125,0.72
"E2","V2C",26102,"40-80 cm",2,125,0.016
"E2","V2C",26102,"80-120 cm",0,125,0
"E2","V2C",26102,"120-160 cm",2,125,0.016
"E2","V2C",26102,"160-200 cm",4,125,0.032
"E2","V2C",26102,">200 cm",27,125,0.216
"E2","V2C",26103,"<40 cm",78,125,0.624
"E2","V2C",26103,"40-80 cm",16,125,0.128
"E2","V2C",26103,"80-120 cm",2,125,0.016
"E2","V2C",26103,"120-160 cm",9,125,0.072
"E2","V2C",26103,"160-200 cm",2,125,0.016
"E2","V2C",26103,">200 cm",18,125,0.144
"E2","V2C",26104,"<40 cm",0,0,NA
"E2","V2C",26104,"40-80 cm",0,0,NA
"E2","V2C",26104,"80-120 cm",0,0,NA
"E2","V2C",26104,"120-160 cm",0,0,NA
"E2","V2C",26104,"160-200 cm",0,0,NA
"E2","V2C",26104,">200 cm",0,0,NA
"E2","V2C",26105,"<40 cm",0,0,NA
"E2","V2C",26105,"40-80 cm",0,0,NA
"E2","V2C",26105,"80-120 cm",0,0,NA
"E2","V2C",26105,"120-160 cm",0,0,NA
"E2","V2C",26105,"160-200 cm",0,0,NA
"E2","V2C",26105,">200 cm",0,0,NA
"E2","V2C",26106,"<40 cm",0,0,NA
"E2","V2C",26106,"40-80 cm",0,0,NA
"E2","V2C",26106,"80-120 cm",0,0,NA
"E2","V2C",26106,"120-160 cm",0,0,NA
"E2","V2C",26106,"160-200 cm",0,0,NA
"E2","V2C",26106,">200 cm",0,0,NA
"E2","V2C",26107,"<40 cm",0,0,NA
"E2","V2C",26107,"40-80 cm",0,0,NA
"E2","V2C",26107,"80-120 cm",0,0,NA
"E2","V2C",26107,"120-160 cm",0,0,NA
"E2","V2C",26107,"160-200 cm",0,0,NA
"E2","V2C",26107,">200 cm",0,0,NA
"E2","V2C",26108,"<40 cm",0,0,NA
"E2","V2C",26108,"40-80 cm",0,0,NA
"E2","V2C",26108,"80-120 cm",0,0,NA
"E2","V2C",26108,"120-160 cm",0,0,NA
"E2","V2C",26108,"160-200 cm",0,0,NA
"E2","V2C",26108,">200 cm",0,0,NA
"E2","V2C",26109,"<40 cm",0,0,NA
"E2","V2C",26109,"40-80 cm",0,0,NA
"E2","V2C",26109,"80-120 cm",0,0,NA
"E2","V2C",26109,"120-160 cm",0,0,NA
"E2","V2C",26109,"160-200 cm",0,0,NA
"E2","V2C",26109,">200 cm",0,0,NA
"E2","V2C",26110,"<40 cm",0,0,NA
"E2","V2C",26110,"40-80 cm",0,0,NA
"E2","V2C",26110,"80-120 cm",0,0,NA
"E2","V2C",26110,"120-160 cm",0,0,NA
"E2","V2C",26110,"160-200 cm",0,0,NA
"E2","V2C",26110,">200 cm",0,0,NA
"E2","V2C",27101,"<40 cm",91,125,0.728
"E2","V2C",27101,"40-80 cm",4,125,0.032
"E2","V2C",27101,"80-120 cm",4,125,0.032
"E2","V2C",27101,"120-160 cm",5,125,0.04
"E2","V2C",27101,"160-200 cm",2,125,0.016
"E2","V2C",27101,">200 cm",19,125,0.152
"E2","V2C",27102,"<40 cm",91,125,0.728
"E2","V2C",27102,"40-80 cm",0,125,0
"E2","V2C",27102,"80-120 cm",3,125,0.024
"E2","V2C",27102,"120-160 cm",1,125,0.008
"E2","V2C",27102,"160-200 cm",3,125,0.024
"E2","V2C",27102,">200 cm",27,125,0.216
"E2","V2C",27103,"<40 cm",89,125,0.712
"E2","V2C",27103,"40-80 cm",4,125,0.032
"E2","V2C",27103,"80-120 cm",3,125,0.024
"E2","V2C",27103,"120-160 cm",5,125,0.04
"E2","V2C",27103,"160-200 cm",5,125,0.04
"E2","V2C",27103,">200 cm",19,125,0.152
"E2","V2C",27104,"<40 cm",0,0,NA
"E2","V2C",27104,"40-80 cm",0,0,NA
"E2","V2C",27104,"80-120 cm",0,0,NA
"E2","V2C",27104,"120-160 cm",0,0,NA
"E2","V2C",27104,"160-200 cm",0,0,NA
"E2","V2C",27104,">200 cm",0,0,NA
"E2","V2C",27105,"<40 cm",0,0,NA
"E2","V2C",27105,"40-80 cm",0,0,NA
"E2","V2C",27105,"80-120 cm",0,0,NA
"E2","V2C",27105,"120-160 cm",0,0,NA
"E2","V2C",27105,"160-200 cm",0,0,NA
"E2","V2C",27105,">200 cm",0,0,NA
"E2","V2C",27106,"<40 cm",0,0,NA
"E2","V2C",27106,"40-80 cm",0,0,NA
"E2","V2C",27106,"80-120 cm",0,0,NA
"E2","V2C",27106,"120-160 cm",0,0,NA
"E2","V2C",27106,"160-200 cm",0,0,NA
"E2","V2C",27106,">200 cm",0,0,NA
"E2","V2C",27107,"<40 cm",0,0,NA
"E2","V2C",27107,"40-80 cm",0,0,NA
"E2","V2C",27107,"80-120 cm",0,0,NA
"E2","V2C",27107,"120-160 cm",0,0,NA
"E2","V2C",27107,"160-200 cm",0,0,NA
"E2","V2C",27107,">200 cm",0,0,NA
"E2","V2C",27108,"<40 cm",0,0,NA
"E2","V2C",27108,"40-80 cm",0,0,NA
"E2","V2C",27108,"80-120 cm",0,0,NA
"E2","V2C",27108,"120-160 cm",0,0,NA
"E2","V2C",27108,"160-200 cm",0,0,NA
"E2","V2C",27108,">200 cm",0,0,NA
"E2","V2C",27109,"<40 cm",0,0,NA
"E2","V2C",27109,"40-80 cm",0,0,NA
"E2","V2C",27109,"80-120 cm",0,0,NA
"E2","V2C",27109,"120-160 cm",0,0,NA
"E2","V2C",27109,"160-200 cm",0,0,NA
"E2","V2C",27109,">200 cm",0,0,NA
"E2","V2C",27110,"<40 cm",0,0,NA
"E2","V2C",27110,"40-80 cm",0,0,NA
"E2","V2C",27110,"80-120 cm",0,0,NA
"E2","V2C",27110,"120-160 cm",0,0,NA
"E2","V2C",27110,"160-200 cm",0,0,NA
"E2","V2C",27110,">200 cm",0,0,NA
"E2","V2C",28101,"<40 cm",95,125,0.76
"E2","V2C",28101,"40-80 cm",6,125,0.048
"E2","V2C",28101,"80-120 cm",1,125,0.008
"E2","V2C",28101,"120-160 cm",3,125,0.024
"E2","V2C",28101,"160-200 cm",1,125,0.008
"E2","V2C",28101,">200 cm",19,125,0.152
"E2","V2C",28102,"<40 cm",88,125,0.704
"E2","V2C",28102,"40-80 cm",3,125,0.024
"E2","V2C",28102,"80-120 cm",1,125,0.008
"E2","V2C",28102,"120-160 cm",2,125,0.016
"E2","V2C",28102,"160-200 cm",3,125,0.024
"E2","V2C",28102,">200 cm",28,125,0.224
"E2","V2C",28103,"<40 cm",90,125,0.72
"E2","V2C",28103,"40-80 cm",5,125,0.04
"E2","V2C",28103,"80-120 cm",3,125,0.024
"E2","V2C",28103,"120-160 cm",6,125,0.048
"E2","V2C",28103,"160-200 cm",4,125,0.032
"E2","V2C",28103,">200 cm",17,125,0.136
"E2","V2C",28104,"<40 cm",0,0,NA
"E2","V2C",28104,"40-80 cm",0,0,NA
"E2","V2C",28104,"80-120 cm",0,0,NA
"E2","V2C",28104,"120-160 cm",0,0,NA
"E2","V2C",28104,"160-200 cm",0,0,NA
"E2","V2C",28104,">200 cm",0,0,NA
"E2","V2C",28105,"<40 cm",0,0,NA
"E2","V2C",28105,"40-80 cm",0,0,NA
"E2","V2C",28105,"80-120 cm",0,0,NA
"E2","V2C",28105,"120-160 cm",0,0,NA
"E2","V2C",28105,"160-200 cm",0,0,NA
"E2","V2C",28105,">200 cm",0,0,NA
"E2","V2C",28106,"<40 cm",0,0,NA
"E2","V2C",28106,"40-80 cm",0,0,NA
"E2","V2C",28106,"80-120 cm",0,0,NA
"E2","V2C",28106,"120-160 cm",0,0,NA
"E2","V2C",28106,"160-200 cm",0,0,NA
"E2","V2C",28106,">200 cm",0,0,NA
"E2","V2C",28107,"<40 cm",0,0,NA
"E2","V2C",28107,"40-80 cm",0,0,NA
"E2","V2C",28107,"80-120 cm",0,0,NA
"E2","V2C",28107,"120-160 cm",0,0,NA
"E2","V2C",28107,"160-200 cm",0,0,NA
"E2","V2C",28107,">200 cm",0,0,NA
"E2","V2C",28108,"<40 cm",0,0,NA
"E2","V2C",28108,"40-80 cm",0,0,NA
"E2","V2C",28108,"80-120 cm",0,0,NA
"E2","V2C",28108,"120-160 cm",0,0,NA
"E2","V2C",28108,"160-200 cm",0,0,NA
"E2","V2C",28108,">200 cm",0,0,NA
"E2","V2C",28109,"<40 cm",0,0,NA
"E2","V2C",28109,"40-80 cm",0,0,NA
"E2","V2C",28109,"80-120 cm",0,0,NA
"E2","V2C",28109,"120-160 cm",0,0,NA
"E2","V2C",28109,"160-200 cm",0,0,NA
"E2","V2C",28109,">200 cm",0,0,NA
"E2","V2C",28110,"<40 cm",0,0,NA
"E2","V2C",28110,"40-80 cm",0,0,NA
"E2","V2C",28110,"80-120 cm",0,0,NA
"E2","V2C",28110,"120-160 cm",0,0,NA
"E2","V2C",28110,"160-200 cm",0,0,NA
"E2","V2C",28110,">200 cm",0,0,NA
"E2","V2C",29101,"<40 cm",92,125,0.736
"E2","V2C",29101,"40-80 cm",3,125,0.024
"E2","V2C",29101,"80-120 cm",1,125,0.008
"E2","V2C",29101,"120-160 cm",5,125,0.04
"E2","V2C",29101,"160-200 cm",1,125,0.008
"E2","V2C",29101,">200 cm",23,125,0.184
"E2","V2C",29102,"<40 cm",89,125,0.712
"E2","V2C",29102,"40-80 cm",0,125,0
"E2","V2C",29102,"80-120 cm",1,125,0.008
"E2","V2C",29102,"120-160 cm",2,125,0.016
"E2","V2C",29102,"160-200 cm",3,125,0.024
"E2","V2C",29102,">200 cm",30,125,0.24
"E2","V2C",29103,"<40 cm",90,125,0.72
"E2","V2C",29103,"40-80 cm",2,125,0.016
"E2","V2C",29103,"80-120 cm",2,125,0.016
"E2","V2C",29103,"120-160 cm",6,125,0.048
"E2","V2C",29103,"160-200 cm",4,125,0.032
"E2","V2C",29103,">200 cm",21,125,0.168
"E2","V2C",29104,"<40 cm",0,0,NA
"E2","V2C",29104,"40-80 cm",0,0,NA
"E2","V2C",29104,"80-120 cm",0,0,NA
"E2","V2C",29104,"120-160 cm",0,0,NA
"E2","V2C",29104,"160-200 cm",0,0,NA
"E2","V2C",29104,">200 cm",0,0,NA
"E2","V2C",29105,"<40 cm",0,0,NA
"E2","V2C",29105,"40-80 cm",0,0,NA
"E2","V2C",29105,"80-120 cm",0,0,NA
"E2","V2C",29105,"120-160 cm",0,0,NA
"E2","V2C",29105,"160-200 cm",0,0,NA
"E2","V2C",29105,">200 cm",0,0,NA
"E2","V2C",29106,"<40 cm",0,0,NA
"E2","V2C",29106,"40-80 cm",0,0,NA
"E2","V2C",29106,"80-120 cm",0,0,NA
"E2","V2C",29106,"120-160 cm",0,0,NA
"E2","V2C",29106,"160-200 cm",0,0,NA
"E2","V2C",29106,">200 cm",0,0,NA
"E2","V2C",29107,"<40 cm",0,0,NA
"E2","V2C",29107,"40-80 cm",0,0,NA
"E2","V2C",29107,"80-120 cm",0,0,NA
"E2","V2C",29107,"120-160 cm",0,0,NA
"E2","V2C",29107,"160-200 cm",0,0,NA
"E2","V2C",29107,">200 cm",0,0,NA
"E2","V2C",29108,"<40 cm",0,0,NA
"E2","V2C",29108,"40-80 cm",0,0,NA
"E2","V2C",29108,"80-120 cm",0,0,NA
"E2","V2C",29108,"120-160 cm",0,0,NA
"E2","V2C",29108,"160-200 cm",0,0,NA
"E2","V2C",29108,">200 cm",0,0,NA
"E2","V2C",29109,"<40 cm",0,0,NA
"E2","V2C",29109,"40-80 cm",0,0,NA
"E2","V2C",29109,"80-120 cm",0,0,NA
"E2","V2C",29109,"120-160 cm",0,0,NA
"E2","V2C",29109,"160-200 cm",0,0,NA
"E2","V2C",29109,">200 cm",0,0,NA
"E2","V2C",29110,"<40 cm",0,0,NA
"E2","V2C",29110,"40-80 cm",0,0,NA
"E2","V2C",29110,"80-120 cm",0,0,NA
"E2","V2C",29110,"120-160 cm",0,0,NA
"E2","V2C",29110,"160-200 cm",0,0,NA
"E2","V2C",29110,">200 cm",0,0,NA
"E2","V2C",30101,"<40 cm",99,125,0.792
"E2","V2C",30101,"40-80 cm",5,125,0.04
"E2","V2C",30101,"80-120 cm",2,125,0.016
"E2","V2C",30101,"120-160 cm",3,125,0.024
"E2","V2C",30101,"160-200 cm",5,125,0.04
"E2","V2C",30101,">200 cm",11,125,0.088
"E2","V2C",30102,"<40 cm",98,125,0.784
"E2","V2C",30102,"40-80 cm",3,125,0.024
"E2","V2C",30102,"80-120 cm",1,125,0.008
"E2","V2C",30102,"120-160 cm",2,125,0.016
"E2","V2C",30102,"160-200 cm",6,125,0.048
"E2","V2C",30102,">200 cm",15,125,0.12
"E2","V2C",30103,"<40 cm",97,125,0.776
"E2","V2C",30103,"40-80 cm",7,125,0.056
"E2","V2C",30103,"80-120 cm",3,125,0.024
"E2","V2C",30103,"120-160 cm",3,125,0.024
"E2","V2C",30103,"160-200 cm",3,125,0.024
"E2","V2C",30103,">200 cm",12,125,0.096
"E2","V2C",30104,"<40 cm",0,0,NA
"E2","V2C",30104,"40-80 cm",0,0,NA
"E2","V2C",30104,"80-120 cm",0,0,NA
"E2","V2C",30104,"120-160 cm",0,0,NA
"E2","V2C",30104,"160-200 cm",0,0,NA
"E2","V2C",30104,">200 cm",0,0,NA
"E2","V2C",30105,"<40 cm",0,0,NA
"E2","V2C",30105,"40-80 cm",0,0,NA
"E2","V2C",30105,"80-120 cm",0,0,NA
"E2","V2C",30105,"120-160 cm",0,0,NA
"E2","V2C",30105,"160-200 cm",0,0,NA
"E2","V2C",30105,">200 cm",0,0,NA
"E2","V2C",30106,"<40 cm",0,0,NA
"E2","V2C",30106,"40-80 cm",0,0,NA
"E2","V2C",30106,"80-120 cm",0,0,NA
"E2","V2C",30106,"120-160 cm",0,0,NA
"E2","V2C",30106,"160-200 cm",0,0,NA
"E2","V2C",30106,">200 cm",0,0,NA
"E2","V2C",30107,"<40 cm",0,0,NA
"E2","V2C",30107,"40-80 cm",0,0,NA
"E2","V2C",30107,"80-120 cm",0,0,NA
"E2","V2C",30107,"120-160 cm",0,0,NA
"E2","V2C",30107,"160-200 cm",0,0,NA
"E2","V2C",30107,">200 cm",0,0,NA
"E2","V2C",30108,"<40 cm",0,0,NA
"E2","V2C",30108,"40-80 cm",0,0,NA
"E2","V2C",30108,"80-120 cm",0,0,NA
"E2","V2C",30108,"120-160 cm",0,0,NA
"E2","V2C",30108,"160-200 cm",0,0,NA
"E2","V2C",30108,">200 cm",0,0,NA
"E2","V2C",30109,"<40 cm",0,0,NA
"E2","V2C",30109,"40-80 cm",0,0,NA
"E2","V2C",30109,"80-120 cm",0,0,NA
"E2","V2C",30109,"120-160 cm",0,0,NA
"E2","V2C",30109,"160-200 cm",0,0,NA
"E2","V2C",30109,">200 cm",0,0,NA
"E2","V2C",30110,"<40 cm",0,0,NA
"E2","V2C",30110,"40-80 cm",0,0,NA
"E2","V2C",30110,"80-120 cm",0,0,NA
"E2","V2C",30110,"120-160 cm",0,0,NA
"E2","V2C",30110,"160-200 cm",0,0,NA
"E2","V2C",30110,">200 cm",0,0,NA
"E2","V2CUR",1101,"<40 cm",178,250,0.712
"E2","V2CUR",1101,"40-80 cm",16,250,0.064
"E2","V2CUR",1101,"80-120 cm",3,250,0.012
"E2","V2CUR",1101,"120-160 cm",4,250,0.016
"E2","V2CUR",1101,"160-200 cm",3,250,0.012
"E2","V2CUR",1101,">200 cm",46,250,0.184
"E2","V2CUR",1102,"<40 cm",172,250,0.688
"E2","V2CUR",1102,"40-80 cm",7,250,0.028
"E2","V2CUR",1102,"80-120 cm",5,250,0.02
"E2","V2CUR",1102,"120-160 cm",5,250,0.02
"E2","V2CUR",1102,"160-200 cm",3,250,0.012
"E2","V2CUR",1102,">200 cm",58,250,0.232
"E2","V2CUR",1103,"<40 cm",175,250,0.7
"E2","V2CUR",1103,"40-80 cm",16,250,0.064
"E2","V2CUR",1103,"80-120 cm",4,250,0.016
"E2","V2CUR",1103,"120-160 cm",8,250,0.032
"E2","V2CUR",1103,"160-200 cm",5,250,0.02
"E2","V2CUR",1103,">200 cm",42,250,0.168
"E2","V2CUR",1104,"<40 cm",171,250,0.684
"E2","V2CUR",1104,"40-80 cm",16,250,0.064
"E2","V2CUR",1104,"80-120 cm",5,250,0.02
"E2","V2CUR",1104,"120-160 cm",5,250,0.02
"E2","V2CUR",1104,"160-200 cm",3,250,0.012
"E2","V2CUR",1104,">200 cm",50,250,0.2
"E2","V2CUR",1105,"<40 cm",182,250,0.728
"E2","V2CUR",1105,"40-80 cm",8,250,0.032
"E2","V2CUR",1105,"80-120 cm",2,250,0.008
"E2","V2CUR",1105,"120-160 cm",3,250,0.012
"E2","V2CUR",1105,"160-200 cm",2,250,0.008
"E2","V2CUR",1105,">200 cm",53,250,0.212
"E2","V2CUR",1106,"<40 cm",171,250,0.684
"E2","V2CUR",1106,"40-80 cm",12,250,0.048
"E2","V2CUR",1106,"80-120 cm",6,250,0.024
"E2","V2CUR",1106,"120-160 cm",4,250,0.016
"E2","V2CUR",1106,"160-200 cm",5,250,0.02
"E2","V2CUR",1106,">200 cm",52,250,0.208
"E2","V2CUR",1107,"<40 cm",181,250,0.724
"E2","V2CUR",1107,"40-80 cm",10,250,0.04
"E2","V2CUR",1107,"80-120 cm",1,250,0.004
"E2","V2CUR",1107,"120-160 cm",2,250,0.008
"E2","V2CUR",1107,"160-200 cm",3,250,0.012
"E2","V2CUR",1107,">200 cm",53,250,0.212
"E2","V2CUR",1108,"<40 cm",186,250,0.744
"E2","V2CUR",1108,"40-80 cm",13,250,0.052
"E2","V2CUR",1108,"80-120 cm",2,250,0.008
"E2","V2CUR",1108,"120-160 cm",6,250,0.024
"E2","V2CUR",1108,"160-200 cm",2,250,0.008
"E2","V2CUR",1108,">200 cm",41,250,0.164
"E2","V2CUR",1109,"<40 cm",183,250,0.732
"E2","V2CUR",1109,"40-80 cm",13,250,0.052
"E2","V2CUR",1109,"80-120 cm",4,250,0.016
"E2","V2CUR",1109,"120-160 cm",4,250,0.016
"E2","V2CUR",1109,"160-200 cm",3,250,0.012
"E2","V2CUR",1109,">200 cm",43,250,0.172
"E2","V2CUR",1110,"<40 cm",167,250,0.668
"E2","V2CUR",1110,"40-80 cm",13,250,0.052
"E2","V2CUR",1110,"80-120 cm",4,250,0.016
"E2","V2CUR",1110,"120-160 cm",5,250,0.02
"E2","V2CUR",1110,"160-200 cm",0,250,0
"E2","V2CUR",1110,">200 cm",61,250,0.244
"E2","V2CUR",2101,"<40 cm",203,250,0.812
"E2","V2CUR",2101,"40-80 cm",3,250,0.012
"E2","V2CUR",2101,"80-120 cm",4,250,0.016
"E2","V2CUR",2101,"120-160 cm",6,250,0.024
"E2","V2CUR",2101,"160-200 cm",7,250,0.028
"E2","V2CUR",2101,">200 cm",27,250,0.108
"E2","V2CUR",2102,"<40 cm",183,250,0.732
"E2","V2CUR",2102,"40-80 cm",4,250,0.016
"E2","V2CUR",2102,"80-120 cm",9,250,0.036
"E2","V2CUR",2102,"120-160 cm",7,250,0.028
"E2","V2CUR",2102,"160-200 cm",9,250,0.036
"E2","V2CUR",2102,">200 cm",38,250,0.152
"E2","V2CUR",2103,"<40 cm",196,250,0.784
"E2","V2CUR",2103,"40-80 cm",3,250,0.012
"E2","V2CUR",2103,"80-120 cm",5,250,0.02
"E2","V2CUR",2103,"120-160 cm",8,250,0.032
"E2","V2CUR",2103,"160-200 cm",6,250,0.024
"E2","V2CUR",2103,">200 cm",32,250,0.128
"E2","V2CUR",2104,"<40 cm",187,250,0.748
"E2","V2CUR",2104,"40-80 cm",4,250,0.016
"E2","V2CUR",2104,"80-120 cm",5,250,0.02
"E2","V2CUR",2104,"120-160 cm",7,250,0.028
"E2","V2CUR",2104,"160-200 cm",9,250,0.036
"E2","V2CUR",2104,">200 cm",38,250,0.152
"E2","V2CUR",2105,"<40 cm",200,250,0.8
"E2","V2CUR",2105,"40-80 cm",3,250,0.012
"E2","V2CUR",2105,"80-120 cm",7,250,0.028
"E2","V2CUR",2105,"120-160 cm",6,250,0.024
"E2","V2CUR",2105,"160-200 cm",6,250,0.024
"E2","V2CUR",2105,">200 cm",28,250,0.112
"E2","V2CUR",2106,"<40 cm",186,250,0.744
"E2","V2CUR",2106,"40-80 cm",5,250,0.02
"E2","V2CUR",2106,"80-120 cm",10,250,0.04
"E2","V2CUR",2106,"120-160 cm",8,250,0.032
"E2","V2CUR",2106,"160-200 cm",7,250,0.028
"E2","V2CUR",2106,">200 cm",34,250,0.136
"E2","V2CUR",2107,"<40 cm",194,250,0.776
"E2","V2CUR",2107,"40-80 cm",2,250,0.008
"E2","V2CUR",2107,"80-120 cm",4,250,0.016
"E2","V2CUR",2107,"120-160 cm",7,250,0.028
"E2","V2CUR",2107,"160-200 cm",8,250,0.032
"E2","V2CUR",2107,">200 cm",35,250,0.14
"E2","V2CUR",2108,"<40 cm",208,250,0.832
"E2","V2CUR",2108,"40-80 cm",4,250,0.016
"E2","V2CUR",2108,"80-120 cm",4,250,0.016
"E2","V2CUR",2108,"120-160 cm",7,250,0.028
"E2","V2CUR",2108,"160-200 cm",3,250,0.012
"E2","V2CUR",2108,">200 cm",24,250,0.096
"E2","V2CUR",2109,"<40 cm",200,250,0.8
"E2","V2CUR",2109,"40-80 cm",4,250,0.016
"E2","V2CUR",2109,"80-120 cm",9,250,0.036
"E2","V2CUR",2109,"120-160 cm",7,250,0.028
"E2","V2CUR",2109,"160-200 cm",5,250,0.02
"E2","V2CUR",2109,">200 cm",25,250,0.1
"E2","V2CUR",2110,"<40 cm",191,250,0.764
"E2","V2CUR",2110,"40-80 cm",3,250,0.012
"E2","V2CUR",2110,"80-120 cm",6,250,0.024
"E2","V2CUR",2110,"120-160 cm",7,250,0.028
"E2","V2CUR",2110,"160-200 cm",4,250,0.016
"E2","V2CUR",2110,">200 cm",39,250,0.156
"E2","V2CUR",3101,"<40 cm",189,250,0.756
"E2","V2CUR",3101,"40-80 cm",7,250,0.028
"E2","V2CUR",3101,"80-120 cm",5,250,0.02
"E2","V2CUR",3101,"120-160 cm",4,250,0.016
"E2","V2CUR",3101,"160-200 cm",3,250,0.012
"E2","V2CUR",3101,">200 cm",42,250,0.168
"E2","V2CUR",3102,"<40 cm",177,250,0.708
"E2","V2CUR",3102,"40-80 cm",4,250,0.016
"E2","V2CUR",3102,"80-120 cm",4,250,0.016
"E2","V2CUR",3102,"120-160 cm",5,250,0.02
"E2","V2CUR",3102,"160-200 cm",4,250,0.016
"E2","V2CUR",3102,">200 cm",56,250,0.224
"E2","V2CUR",3103,"<40 cm",185,250,0.74
"E2","V2CUR",3103,"40-80 cm",7,250,0.028
"E2","V2CUR",3103,"80-120 cm",4,250,0.016
"E2","V2CUR",3103,"120-160 cm",7,250,0.028
"E2","V2CUR",3103,"160-200 cm",5,250,0.02
"E2","V2CUR",3103,">200 cm",42,250,0.168
"E2","V2CUR",3104,"<40 cm",177,250,0.708
"E2","V2CUR",3104,"40-80 cm",9,250,0.036
"E2","V2CUR",3104,"80-120 cm",8,250,0.032
"E2","V2CUR",3104,"120-160 cm",3,250,0.012
"E2","V2CUR",3104,"160-200 cm",3,250,0.012
"E2","V2CUR",3104,">200 cm",50,250,0.2
"E2","V2CUR",3105,"<40 cm",183,250,0.732
"E2","V2CUR",3105,"40-80 cm",4,250,0.016
"E2","V2CUR",3105,"80-120 cm",5,250,0.02
"E2","V2CUR",3105,"120-160 cm",5,250,0.02
"E2","V2CUR",3105,"160-200 cm",3,250,0.012
"E2","V2CUR",3105,">200 cm",50,250,0.2
"E2","V2CUR",3106,"<40 cm",173,250,0.692
"E2","V2CUR",3106,"40-80 cm",7,250,0.028
"E2","V2CUR",3106,"80-120 cm",6,250,0.024
"E2","V2CUR",3106,"120-160 cm",5,250,0.02
"E2","V2CUR",3106,"160-200 cm",6,250,0.024
"E2","V2CUR",3106,">200 cm",53,250,0.212
"E2","V2CUR",3107,"<40 cm",181,250,0.724
"E2","V2CUR",3107,"40-80 cm",7,250,0.028
"E2","V2CUR",3107,"80-120 cm",4,250,0.016
"E2","V2CUR",3107,"120-160 cm",1,250,0.004
"E2","V2CUR",3107,"160-200 cm",3,250,0.012
"E2","V2CUR",3107,">200 cm",54,250,0.216
"E2","V2CUR",3108,"<40 cm",194,250,0.776
"E2","V2CUR",3108,"40-80 cm",2,250,0.008
"E2","V2CUR",3108,"80-120 cm",1,250,0.004
"E2","V2CUR",3108,"120-160 cm",8,250,0.032
"E2","V2CUR",3108,"160-200 cm",3,250,0.012
"E2","V2CUR",3108,">200 cm",42,250,0.168
"E2","V2CUR",3109,"<40 cm",191,250,0.764
"E2","V2CUR",3109,"40-80 cm",5,250,0.02
"E2","V2CUR",3109,"80-120 cm",5,250,0.02
"E2","V2CUR",3109,"120-160 cm",3,250,0.012
"E2","V2CUR",3109,"160-200 cm",2,250,0.008
"E2","V2CUR",3109,">200 cm",44,250,0.176
"E2","V2CUR",3110,"<40 cm",176,250,0.704
"E2","V2CUR",3110,"40-80 cm",5,250,0.02
"E2","V2CUR",3110,"80-120 cm",4,250,0.016
"E2","V2CUR",3110,"120-160 cm",6,250,0.024
"E2","V2CUR",3110,"160-200 cm",0,250,0
"E2","V2CUR",3110,">200 cm",59,250,0.236
"E2","V2CUR",4101,"<40 cm",195,250,0.78
"E2","V2CUR",4101,"40-80 cm",5,250,0.02
"E2","V2CUR",4101,"80-120 cm",3,250,0.012
"E2","V2CUR",4101,"120-160 cm",6,250,0.024
"E2","V2CUR",4101,"160-200 cm",13,250,0.052
"E2","V2CUR",4101,">200 cm",28,250,0.112
"E2","V2CUR",4102,"<40 cm",177,250,0.708
"E2","V2CUR",4102,"40-80 cm",5,250,0.02
"E2","V2CUR",4102,"80-120 cm",3,250,0.012
"E2","V2CUR",4102,"120-160 cm",9,250,0.036
"E2","V2CUR",4102,"160-200 cm",11,250,0.044
"E2","V2CUR",4102,">200 cm",45,250,0.18
"E2","V2CUR",4103,"<40 cm",189,250,0.756
"E2","V2CUR",4103,"40-80 cm",6,250,0.024
"E2","V2CUR",4103,"80-120 cm",3,250,0.012
"E2","V2CUR",4103,"120-160 cm",9,250,0.036
"E2","V2CUR",4103,"160-200 cm",10,250,0.04
"E2","V2CUR",4103,">200 cm",33,250,0.132
"E2","V2CUR",4104,"<40 cm",183,250,0.732
"E2","V2CUR",4104,"40-80 cm",6,250,0.024
"E2","V2CUR",4104,"80-120 cm",6,250,0.024
"E2","V2CUR",4104,"120-160 cm",4,250,0.016
"E2","V2CUR",4104,"160-200 cm",13,250,0.052
"E2","V2CUR",4104,">200 cm",38,250,0.152
"E2","V2CUR",4105,"<40 cm",188,250,0.752
"E2","V2CUR",4105,"40-80 cm",4,250,0.016
"E2","V2CUR",4105,"80-120 cm",5,250,0.02
"E2","V2CUR",4105,"120-160 cm",3,250,0.012
"E2","V2CUR",4105,"160-200 cm",18,250,0.072
"E2","V2CUR",4105,">200 cm",32,250,0.128
"E2","V2CUR",4106,"<40 cm",180,250,0.72
"E2","V2CUR",4106,"40-80 cm",2,250,0.008
"E2","V2CUR",4106,"80-120 cm",7,250,0.028
"E2","V2CUR",4106,"120-160 cm",5,250,0.02
"E2","V2CUR",4106,"160-200 cm",19,250,0.076
"E2","V2CUR",4106,">200 cm",37,250,0.148
"E2","V2CUR",4107,"<40 cm",191,250,0.764
"E2","V2CUR",4107,"40-80 cm",3,250,0.012
"E2","V2CUR",4107,"80-120 cm",4,250,0.016
"E2","V2CUR",4107,"120-160 cm",4,250,0.016
"E2","V2CUR",4107,"160-200 cm",17,250,0.068
"E2","V2CUR",4107,">200 cm",31,250,0.124
"E2","V2CUR",4108,"<40 cm",198,250,0.792
"E2","V2CUR",4108,"40-80 cm",0,250,0
"E2","V2CUR",4108,"80-120 cm",5,250,0.02
"E2","V2CUR",4108,"120-160 cm",8,250,0.032
"E2","V2CUR",4108,"160-200 cm",10,250,0.04
"E2","V2CUR",4108,">200 cm",29,250,0.116
"E2","V2CUR",4109,"<40 cm",195,250,0.78
"E2","V2CUR",4109,"40-80 cm",4,250,0.016
"E2","V2CUR",4109,"80-120 cm",4,250,0.016
"E2","V2CUR",4109,"120-160 cm",4,250,0.016
"E2","V2CUR",4109,"160-200 cm",7,250,0.028
"E2","V2CUR",4109,">200 cm",36,250,0.144
"E2","V2CUR",4110,"<40 cm",180,250,0.72
"E2","V2CUR",4110,"40-80 cm",5,250,0.02
"E2","V2CUR",4110,"80-120 cm",5,250,0.02
"E2","V2CUR",4110,"120-160 cm",6,250,0.024
"E2","V2CUR",4110,"160-200 cm",10,250,0.04
"E2","V2CUR",4110,">200 cm",44,250,0.176
"E2","V2CUR",5101,"<40 cm",187,250,0.748
"E2","V2CUR",5101,"40-80 cm",5,250,0.02
"E2","V2CUR",5101,"80-120 cm",5,250,0.02
"E2","V2CUR",5101,"120-160 cm",8,250,0.032
"E2","V2CUR",5101,"160-200 cm",6,250,0.024
"E2","V2CUR",5101,">200 cm",39,250,0.156
"E2","V2CUR",5102,"<40 cm",182,250,0.728
"E2","V2CUR",5102,"40-80 cm",3,250,0.012
"E2","V2CUR",5102,"80-120 cm",6,250,0.024
"E2","V2CUR",5102,"120-160 cm",3,250,0.012
"E2","V2CUR",5102,"160-200 cm",5,250,0.02
"E2","V2CUR",5102,">200 cm",51,250,0.204
"E2","V2CUR",5103,"<40 cm",189,250,0.756
"E2","V2CUR",5103,"40-80 cm",2,250,0.008
"E2","V2CUR",5103,"80-120 cm",7,250,0.028
"E2","V2CUR",5103,"120-160 cm",8,250,0.032
"E2","V2CUR",5103,"160-200 cm",8,250,0.032
"E2","V2CUR",5103,">200 cm",36,250,0.144
"E2","V2CUR",5104,"<40 cm",183,250,0.732
"E2","V2CUR",5104,"40-80 cm",9,250,0.036
"E2","V2CUR",5104,"80-120 cm",4,250,0.016
"E2","V2CUR",5104,"120-160 cm",9,250,0.036
"E2","V2CUR",5104,"160-200 cm",4,250,0.016
"E2","V2CUR",5104,">200 cm",41,250,0.164
"E2","V2CUR",5105,"<40 cm",188,250,0.752
"E2","V2CUR",5105,"40-80 cm",3,250,0.012
"E2","V2CUR",5105,"80-120 cm",4,250,0.016
"E2","V2CUR",5105,"120-160 cm",5,250,0.02
"E2","V2CUR",5105,"160-200 cm",6,250,0.024
"E2","V2CUR",5105,">200 cm",44,250,0.176
"E2","V2CUR",5106,"<40 cm",179,250,0.716
"E2","V2CUR",5106,"40-80 cm",6,250,0.024
"E2","V2CUR",5106,"80-120 cm",8,250,0.032
"E2","V2CUR",5106,"120-160 cm",7,250,0.028
"E2","V2CUR",5106,"160-200 cm",7,250,0.028
"E2","V2CUR",5106,">200 cm",43,250,0.172
"E2","V2CUR",5107,"<40 cm",193,250,0.772
"E2","V2CUR",5107,"40-80 cm",4,250,0.016
"E2","V2CUR",5107,"80-120 cm",4,250,0.016
"E2","V2CUR",5107,"120-160 cm",5,250,0.02
"E2","V2CUR",5107,"160-200 cm",4,250,0.016
"E2","V2CUR",5107,">200 cm",40,250,0.16
"E2","V2CUR",5108,"<40 cm",200,250,0.8
"E2","V2CUR",5108,"40-80 cm",3,250,0.012
"E2","V2CUR",5108,"80-120 cm",1,250,0.004
"E2","V2CUR",5108,"120-160 cm",5,250,0.02
"E2","V2CUR",5108,"160-200 cm",4,250,0.016
"E2","V2CUR",5108,">200 cm",37,250,0.148
"E2","V2CUR",5109,"<40 cm",192,250,0.768
"E2","V2CUR",5109,"40-80 cm",4,250,0.016
"E2","V2CUR",5109,"80-120 cm",7,250,0.028
"E2","V2CUR",5109,"120-160 cm",5,250,0.02
"E2","V2CUR",5109,"160-200 cm",5,250,0.02
"E2","V2CUR",5109,">200 cm",37,250,0.148
"E2","V2CUR",5110,"<40 cm",184,250,0.736
"E2","V2CUR",5110,"40-80 cm",2,250,0.008
"E2","V2CUR",5110,"80-120 cm",7,250,0.028
"E2","V2CUR",5110,"120-160 cm",7,250,0.028
"E2","V2CUR",5110,"160-200 cm",2,250,0.008
"E2","V2CUR",5110,">200 cm",48,250,0.192
"E2","V2CUR",6101,"<40 cm",196,250,0.784
"E2","V2CUR",6101,"40-80 cm",6,250,0.024
"E2","V2CUR",6101,"80-120 cm",3,250,0.012
"E2","V2CUR",6101,"120-160 cm",4,250,0.016
"E2","V2CUR",6101,"160-200 cm",8,250,0.032
"E2","V2CUR",6101,">200 cm",33,250,0.132
"E2","V2CUR",6102,"<40 cm",178,250,0.712
"E2","V2CUR",6102,"40-80 cm",1,250,0.004
"E2","V2CUR",6102,"80-120 cm",5,250,0.02
"E2","V2CUR",6102,"120-160 cm",6,250,0.024
"E2","V2CUR",6102,"160-200 cm",7,250,0.028
"E2","V2CUR",6102,">200 cm",53,250,0.212
"E2","V2CUR",6103,"<40 cm",192,250,0.768
"E2","V2CUR",6103,"40-80 cm",3,250,0.012
"E2","V2CUR",6103,"80-120 cm",6,250,0.024
"E2","V2CUR",6103,"120-160 cm",8,250,0.032
"E2","V2CUR",6103,"160-200 cm",8,250,0.032
"E2","V2CUR",6103,">200 cm",33,250,0.132
"E2","V2CUR",6104,"<40 cm",187,250,0.748
"E2","V2CUR",6104,"40-80 cm",4,250,0.016
"E2","V2CUR",6104,"80-120 cm",7,250,0.028
"E2","V2CUR",6104,"120-160 cm",6,250,0.024
"E2","V2CUR",6104,"160-200 cm",9,250,0.036
"E2","V2CUR",6104,">200 cm",37,250,0.148
"E2","V2CUR",6105,"<40 cm",184,250,0.736
"E2","V2CUR",6105,"40-80 cm",1,250,0.004
"E2","V2CUR",6105,"80-120 cm",6,250,0.024
"E2","V2CUR",6105,"120-160 cm",5,250,0.02
"E2","V2CUR",6105,"160-200 cm",8,250,0.032
"E2","V2CUR",6105,">200 cm",46,250,0.184
"E2","V2CUR",6106,"<40 cm",175,250,0.7
"E2","V2CUR",6106,"40-80 cm",8,250,0.032
"E2","V2CUR",6106,"80-120 cm",5,250,0.02
"E2","V2CUR",6106,"120-160 cm",5,250,0.02
"E2","V2CUR",6106,"160-200 cm",10,250,0.04
"E2","V2CUR",6106,">200 cm",47,250,0.188
"E2","V2CUR",6107,"<40 cm",190,250,0.76
"E2","V2CUR",6107,"40-80 cm",6,250,0.024
"E2","V2CUR",6107,"80-120 cm",2,250,0.008
"E2","V2CUR",6107,"120-160 cm",2,250,0.008
"E2","V2CUR",6107,"160-200 cm",5,250,0.02
"E2","V2CUR",6107,">200 cm",45,250,0.18
"E2","V2CUR",6108,"<40 cm",202,250,0.808
"E2","V2CUR",6108,"40-80 cm",2,250,0.008
"E2","V2CUR",6108,"80-120 cm",1,250,0.004
"E2","V2CUR",6108,"120-160 cm",3,250,0.012
"E2","V2CUR",6108,"160-200 cm",7,250,0.028
"E2","V2CUR",6108,">200 cm",35,250,0.14
"E2","V2CUR",6109,"<40 cm",196,250,0.784
"E2","V2CUR",6109,"40-80 cm",3,250,0.012
"E2","V2CUR",6109,"80-120 cm",3,250,0.012
"E2","V2CUR",6109,"120-160 cm",7,250,0.028
"E2","V2CUR",6109,"160-200 cm",7,250,0.028
"E2","V2CUR",6109,">200 cm",34,250,0.136
"E2","V2CUR",6110,"<40 cm",182,250,0.728
"E2","V2CUR",6110,"40-80 cm",2,250,0.008
"E2","V2CUR",6110,"80-120 cm",5,250,0.02
"E2","V2CUR",6110,"120-160 cm",5,250,0.02
"E2","V2CUR",6110,"160-200 cm",4,250,0.016
"E2","V2CUR",6110,">200 cm",52,250,0.208
"E2","V2CUR",7101,"<40 cm",190,250,0.76
"E2","V2CUR",7101,"40-80 cm",8,250,0.032
"E2","V2CUR",7101,"80-120 cm",3,250,0.012
"E2","V2CUR",7101,"120-160 cm",4,250,0.016
"E2","V2CUR",7101,"160-200 cm",3,250,0.012
"E2","V2CUR",7101,">200 cm",42,250,0.168
"E2","V2CUR",7102,"<40 cm",172,250,0.688
"E2","V2CUR",7102,"40-80 cm",6,250,0.024
"E2","V2CUR",7102,"80-120 cm",5,250,0.02
"E2","V2CUR",7102,"120-160 cm",7,250,0.028
"E2","V2CUR",7102,"160-200 cm",3,250,0.012
"E2","V2CUR",7102,">200 cm",57,250,0.228
"E2","V2CUR",7103,"<40 cm",184,250,0.736
"E2","V2CUR",7103,"40-80 cm",9,250,0.036
"E2","V2CUR",7103,"80-120 cm",5,250,0.02
"E2","V2CUR",7103,"120-160 cm",7,250,0.028
"E2","V2CUR",7103,"160-200 cm",5,250,0.02
"E2","V2CUR",7103,">200 cm",40,250,0.16
"E2","V2CUR",7104,"<40 cm",178,250,0.712
"E2","V2CUR",7104,"40-80 cm",10,250,0.04
"E2","V2CUR",7104,"80-120 cm",4,250,0.016
"E2","V2CUR",7104,"120-160 cm",5,250,0.02
"E2","V2CUR",7104,"160-200 cm",2,250,0.008
"E2","V2CUR",7104,">200 cm",51,250,0.204
"E2","V2CUR",7105,"<40 cm",186,250,0.744
"E2","V2CUR",7105,"40-80 cm",6,250,0.024
"E2","V2CUR",7105,"80-120 cm",2,250,0.008
"E2","V2CUR",7105,"120-160 cm",3,250,0.012
"E2","V2CUR",7105,"160-200 cm",3,250,0.012
"E2","V2CUR",7105,">200 cm",50,250,0.2
"E2","V2CUR",7106,"<40 cm",172,250,0.688
"E2","V2CUR",7106,"40-80 cm",10,250,0.04
"E2","V2CUR",7106,"80-120 cm",6,250,0.024
"E2","V2CUR",7106,"120-160 cm",4,250,0.016
"E2","V2CUR",7106,"160-200 cm",6,250,0.024
"E2","V2CUR",7106,">200 cm",52,250,0.208
"E2","V2CUR",7107,"<40 cm",187,250,0.748
"E2","V2CUR",7107,"40-80 cm",7,250,0.028
"E2","V2CUR",7107,"80-120 cm",1,250,0.004
"E2","V2CUR",7107,"120-160 cm",2,250,0.008
"E2","V2CUR",7107,"160-200 cm",3,250,0.012
"E2","V2CUR",7107,">200 cm",50,250,0.2
"E2","V2CUR",7108,"<40 cm",195,250,0.78
"E2","V2CUR",7108,"40-80 cm",6,250,0.024
"E2","V2CUR",7108,"80-120 cm",2,250,0.008
"E2","V2CUR",7108,"120-160 cm",6,250,0.024
"E2","V2CUR",7108,"160-200 cm",3,250,0.012
"E2","V2CUR",7108,">200 cm",38,250,0.152
"E2","V2CUR",7109,"<40 cm",188,250,0.752
"E2","V2CUR",7109,"40-80 cm",9,250,0.036
"E2","V2CUR",7109,"80-120 cm",5,250,0.02
"E2","V2CUR",7109,"120-160 cm",3,250,0.012
"E2","V2CUR",7109,"160-200 cm",4,250,0.016
"E2","V2CUR",7109,">200 cm",41,250,0.164
"E2","V2CUR",7110,"<40 cm",176,250,0.704
"E2","V2CUR",7110,"40-80 cm",5,250,0.02
"E2","V2CUR",7110,"80-120 cm",4,250,0.016
"E2","V2CUR",7110,"120-160 cm",5,250,0.02
"E2","V2CUR",7110,"160-200 cm",0,250,0
"E2","V2CUR",7110,">200 cm",60,250,0.24
"E2","V2CUR",8101,"<40 cm",169,250,0.676
"E2","V2CUR",8101,"40-80 cm",24,250,0.096
"E2","V2CUR",8101,"80-120 cm",6,250,0.024
"E2","V2CUR",8101,"120-160 cm",4,250,0.016
"E2","V2CUR",8101,"160-200 cm",5,250,0.02
"E2","V2CUR",8101,">200 cm",42,250,0.168
"E2","V2CUR",8102,"<40 cm",165,250,0.66
"E2","V2CUR",8102,"40-80 cm",10,250,0.04
"E2","V2CUR",8102,"80-120 cm",11,250,0.044
"E2","V2CUR",8102,"120-160 cm",7,250,0.028
"E2","V2CUR",8102,"160-200 cm",6,250,0.024
"E2","V2CUR",8102,">200 cm",51,250,0.204
"E2","V2CUR",8103,"<40 cm",172,250,0.688
"E2","V2CUR",8103,"40-80 cm",17,250,0.068
"E2","V2CUR",8103,"80-120 cm",7,250,0.028
"E2","V2CUR",8103,"120-160 cm",6,250,0.024
"E2","V2CUR",8103,"160-200 cm",7,250,0.028
"E2","V2CUR",8103,">200 cm",41,250,0.164
"E2","V2CUR",8104,"<40 cm",159,250,0.636
"E2","V2CUR",8104,"40-80 cm",23,250,0.092
"E2","V2CUR",8104,"80-120 cm",7,250,0.028
"E2","V2CUR",8104,"120-160 cm",7,250,0.028
"E2","V2CUR",8104,"160-200 cm",6,250,0.024
"E2","V2CUR",8104,">200 cm",48,250,0.192
"E2","V2CUR",8105,"<40 cm",165,250,0.66
"E2","V2CUR",8105,"40-80 cm",20,250,0.08
"E2","V2CUR",8105,"80-120 cm",5,250,0.02
"E2","V2CUR",8105,"120-160 cm",5,250,0.02
"E2","V2CUR",8105,"160-200 cm",7,250,0.028
"E2","V2CUR",8105,">200 cm",48,250,0.192
"E2","V2CUR",8106,"<40 cm",157,250,0.628
"E2","V2CUR",8106,"40-80 cm",21,250,0.084
"E2","V2CUR",8106,"80-120 cm",10,250,0.04
"E2","V2CUR",8106,"120-160 cm",7,250,0.028
"E2","V2CUR",8106,"160-200 cm",6,250,0.024
"E2","V2CUR",8106,">200 cm",49,250,0.196
"E2","V2CUR",8107,"<40 cm",175,250,0.7
"E2","V2CUR",8107,"40-80 cm",15,250,0.06
"E2","V2CUR",8107,"80-120 cm",5,250,0.02
"E2","V2CUR",8107,"120-160 cm",4,250,0.016
"E2","V2CUR",8107,"160-200 cm",4,250,0.016
"E2","V2CUR",8107,">200 cm",47,250,0.188
"E2","V2CUR",8108,"<40 cm",179,250,0.716
"E2","V2CUR",8108,"40-80 cm",19,250,0.076
"E2","V2CUR",8108,"80-120 cm",4,250,0.016
"E2","V2CUR",8108,"120-160 cm",7,250,0.028
"E2","V2CUR",8108,"160-200 cm",5,250,0.02
"E2","V2CUR",8108,">200 cm",36,250,0.144
"E2","V2CUR",8109,"<40 cm",172,250,0.688
"E2","V2CUR",8109,"40-80 cm",19,250,0.076
"E2","V2CUR",8109,"80-120 cm",9,250,0.036
"E2","V2CUR",8109,"120-160 cm",5,250,0.02
"E2","V2CUR",8109,"160-200 cm",4,250,0.016
"E2","V2CUR",8109,">200 cm",41,250,0.164
"E2","V2CUR",8110,"<40 cm",166,250,0.664
"E2","V2CUR",8110,"40-80 cm",13,250,0.052
"E2","V2CUR",8110,"80-120 cm",8,250,0.032
"E2","V2CUR",8110,"120-160 cm",4,250,0.016
"E2","V2CUR",8110,"160-200 cm",2,250,0.008
"E2","V2CUR",8110,">200 cm",57,250,0.228
"E2","V2CUR",9101,"<40 cm",192,250,0.768
"E2","V2CUR",9101,"40-80 cm",5,250,0.02
"E2","V2CUR",9101,"80-120 cm",3,250,0.012
"E2","V2CUR",9101,"120-160 cm",5,250,0.02
"E2","V2CUR",9101,"160-200 cm",16,250,0.064
"E2","V2CUR",9101,">200 cm",29,250,0.116
"E2","V2CUR",9102,"<40 cm",178,250,0.712
"E2","V2CUR",9102,"40-80 cm",1,250,0.004
"E2","V2CUR",9102,"80-120 cm",5,250,0.02
"E2","V2CUR",9102,"120-160 cm",4,250,0.016
"E2","V2CUR",9102,"160-200 cm",22,250,0.088
"E2","V2CUR",9102,">200 cm",40,250,0.16
"E2","V2CUR",9103,"<40 cm",187,250,0.748
"E2","V2CUR",9103,"40-80 cm",5,250,0.02
"E2","V2CUR",9103,"80-120 cm",7,250,0.028
"E2","V2CUR",9103,"120-160 cm",6,250,0.024
"E2","V2CUR",9103,"160-200 cm",15,250,0.06
"E2","V2CUR",9103,">200 cm",30,250,0.12
"E2","V2CUR",9104,"<40 cm",183,250,0.732
"E2","V2CUR",9104,"40-80 cm",9,250,0.036
"E2","V2CUR",9104,"80-120 cm",5,250,0.02
"E2","V2CUR",9104,"120-160 cm",4,250,0.016
"E2","V2CUR",9104,"160-200 cm",17,250,0.068
"E2","V2CUR",9104,">200 cm",32,250,0.128
"E2","V2CUR",9105,"<40 cm",188,250,0.752
"E2","V2CUR",9105,"40-80 cm",4,250,0.016
"E2","V2CUR",9105,"80-120 cm",0,250,0
"E2","V2CUR",9105,"120-160 cm",3,250,0.012
"E2","V2CUR",9105,"160-200 cm",17,250,0.068
"E2","V2CUR",9105,">200 cm",38,250,0.152
"E2","V2CUR",9106,"<40 cm",177,250,0.708
"E2","V2CUR",9106,"40-80 cm",7,250,0.028
"E2","V2CUR",9106,"80-120 cm",7,250,0.028
"E2","V2CUR",9106,"120-160 cm",1,250,0.004
"E2","V2CUR",9106,"160-200 cm",22,250,0.088
"E2","V2CUR",9106,">200 cm",36,250,0.144
"E2","V2CUR",9107,"<40 cm",190,250,0.76
"E2","V2CUR",9107,"40-80 cm",5,250,0.02
"E2","V2CUR",9107,"80-120 cm",1,250,0.004
"E2","V2CUR",9107,"120-160 cm",2,250,0.008
"E2","V2CUR",9107,"160-200 cm",26,250,0.104
"E2","V2CUR",9107,">200 cm",26,250,0.104
"E2","V2CUR",9108,"<40 cm",202,250,0.808
"E2","V2CUR",9108,"40-80 cm",1,250,0.004
"E2","V2CUR",9108,"80-120 cm",1,250,0.004
"E2","V2CUR",9108,"120-160 cm",7,250,0.028
"E2","V2CUR",9108,"160-200 cm",10,250,0.04
"E2","V2CUR",9108,">200 cm",29,250,0.116
"E2","V2CUR",9109,"<40 cm",192,250,0.768
"E2","V2CUR",9109,"40-80 cm",6,250,0.024
"E2","V2CUR",9109,"80-120 cm",4,250,0.016
"E2","V2CUR",9109,"120-160 cm",4,250,0.016
"E2","V2CUR",9109,"160-200 cm",17,250,0.068
"E2","V2CUR",9109,">200 cm",27,250,0.108
"E2","V2CUR",9110,"<40 cm",179,250,0.716
"E2","V2CUR",9110,"40-80 cm",6,250,0.024
"E2","V2CUR",9110,"80-120 cm",4,250,0.016
"E2","V2CUR",9110,"120-160 cm",2,250,0.008
"E2","V2CUR",9110,"160-200 cm",28,250,0.112
"E2","V2CUR",9110,">200 cm",31,250,0.124
"E2","V2CUR",10101,"<40 cm",181,250,0.724
"E2","V2CUR",10101,"40-80 cm",9,250,0.036
"E2","V2CUR",10101,"80-120 cm",6,250,0.024
"E2","V2CUR",10101,"120-160 cm",6,250,0.024
"E2","V2CUR",10101,"160-200 cm",2,250,0.008
"E2","V2CUR",10101,">200 cm",46,250,0.184
"E2","V2CUR",10102,"<40 cm",170,250,0.68
"E2","V2CUR",10102,"40-80 cm",7,250,0.028
"E2","V2CUR",10102,"80-120 cm",5,250,0.02
"E2","V2CUR",10102,"120-160 cm",5,250,0.02
"E2","V2CUR",10102,"160-200 cm",1,250,0.004
"E2","V2CUR",10102,">200 cm",62,250,0.248
"E2","V2CUR",10103,"<40 cm",181,250,0.724
"E2","V2CUR",10103,"40-80 cm",6,250,0.024
"E2","V2CUR",10103,"80-120 cm",7,250,0.028
"E2","V2CUR",10103,"120-160 cm",7,250,0.028
"E2","V2CUR",10103,"160-200 cm",6,250,0.024
"E2","V2CUR",10103,">200 cm",43,250,0.172
"E2","V2CUR",10104,"<40 cm",177,250,0.708
"E2","V2CUR",10104,"40-80 cm",6,250,0.024
"E2","V2CUR",10104,"80-120 cm",9,250,0.036
"E2","V2CUR",10104,"120-160 cm",4,250,0.016
"E2","V2CUR",10104,"160-200 cm",4,250,0.016
"E2","V2CUR",10104,">200 cm",50,250,0.2
"E2","V2CUR",10105,"<40 cm",183,250,0.732
"E2","V2CUR",10105,"40-80 cm",8,250,0.032
"E2","V2CUR",10105,"80-120 cm",4,250,0.016
"E2","V2CUR",10105,"120-160 cm",4,250,0.016
"E2","V2CUR",10105,"160-200 cm",2,250,0.008
"E2","V2CUR",10105,">200 cm",49,250,0.196
"E2","V2CUR",10106,"<40 cm",171,250,0.684
"E2","V2CUR",10106,"40-80 cm",8,250,0.032
"E2","V2CUR",10106,"80-120 cm",9,250,0.036
"E2","V2CUR",10106,"120-160 cm",4,250,0.016
"E2","V2CUR",10106,"160-200 cm",4,250,0.016
"E2","V2CUR",10106,">200 cm",54,250,0.216
"E2","V2CUR",10107,"<40 cm",184,250,0.736
"E2","V2CUR",10107,"40-80 cm",7,250,0.028
"E2","V2CUR",10107,"80-120 cm",2,250,0.008
"E2","V2CUR",10107,"120-160 cm",3,250,0.012
"E2","V2CUR",10107,"160-200 cm",4,250,0.016
"E2","V2CUR",10107,">200 cm",50,250,0.2
"E2","V2CUR",10108,"<40 cm",193,250,0.772
"E2","V2CUR",10108,"40-80 cm",3,250,0.012
"E2","V2CUR",10108,"80-120 cm",2,250,0.008
"E2","V2CUR",10108,"120-160 cm",6,250,0.024
"E2","V2CUR",10108,"160-200 cm",4,250,0.016
"E2","V2CUR",10108,">200 cm",42,250,0.168
"E2","V2CUR",10109,"<40 cm",184,250,0.736
"E2","V2CUR",10109,"40-80 cm",9,250,0.036
"E2","V2CUR",10109,"80-120 cm",4,250,0.016
"E2","V2CUR",10109,"120-160 cm",5,250,0.02
"E2","V2CUR",10109,"160-200 cm",4,250,0.016
"E2","V2CUR",10109,">200 cm",44,250,0.176
"E2","V2CUR",10110,"<40 cm",170,250,0.68
"E2","V2CUR",10110,"40-80 cm",8,250,0.032
"E2","V2CUR",10110,"80-120 cm",7,250,0.028
"E2","V2CUR",10110,"120-160 cm",6,250,0.024
"E2","V2CUR",10110,"160-200 cm",0,250,0
"E2","V2CUR",10110,">200 cm",59,250,0.236
"E2","V2CUR",11101,"<40 cm",182,250,0.728
"E2","V2CUR",11101,"40-80 cm",12,250,0.048
"E2","V2CUR",11101,"80-120 cm",4,250,0.016
"E2","V2CUR",11101,"120-160 cm",5,250,0.02
"E2","V2CUR",11101,"160-200 cm",7,250,0.028
"E2","V2CUR",11101,">200 cm",40,250,0.16
"E2","V2CUR",11102,"<40 cm",175,250,0.7
"E2","V2CUR",11102,"40-80 cm",7,250,0.028
"E2","V2CUR",11102,"80-120 cm",4,250,0.016
"E2","V2CUR",11102,"120-160 cm",4,250,0.016
"E2","V2CUR",11102,"160-200 cm",13,250,0.052
"E2","V2CUR",11102,">200 cm",47,250,0.188
"E2","V2CUR",11103,"<40 cm",176,250,0.704
"E2","V2CUR",11103,"40-80 cm",13,250,0.052
"E2","V2CUR",11103,"80-120 cm",6,250,0.024
"E2","V2CUR",11103,"120-160 cm",8,250,0.032
"E2","V2CUR",11103,"160-200 cm",6,250,0.024
"E2","V2CUR",11103,">200 cm",41,250,0.164
"E2","V2CUR",11104,"<40 cm",170,250,0.68
"E2","V2CUR",11104,"40-80 cm",15,250,0.06
"E2","V2CUR",11104,"80-120 cm",5,250,0.02
"E2","V2CUR",11104,"120-160 cm",6,250,0.024
"E2","V2CUR",11104,"160-200 cm",10,250,0.04
"E2","V2CUR",11104,">200 cm",44,250,0.176
"E2","V2CUR",11105,"<40 cm",181,250,0.724
"E2","V2CUR",11105,"40-80 cm",9,250,0.036
"E2","V2CUR",11105,"80-120 cm",3,250,0.012
"E2","V2CUR",11105,"120-160 cm",3,250,0.012
"E2","V2CUR",11105,"160-200 cm",6,250,0.024
"E2","V2CUR",11105,">200 cm",48,250,0.192
"E2","V2CUR",11106,"<40 cm",170,250,0.68
"E2","V2CUR",11106,"40-80 cm",10,250,0.04
"E2","V2CUR",11106,"80-120 cm",6,250,0.024
"E2","V2CUR",11106,"120-160 cm",5,250,0.02
"E2","V2CUR",11106,"160-200 cm",13,250,0.052
"E2","V2CUR",11106,">200 cm",46,250,0.184
"E2","V2CUR",11107,"<40 cm",181,250,0.724
"E2","V2CUR",11107,"40-80 cm",9,250,0.036
"E2","V2CUR",11107,"80-120 cm",2,250,0.008
"E2","V2CUR",11107,"120-160 cm",1,250,0.004
"E2","V2CUR",11107,"160-200 cm",10,250,0.04
"E2","V2CUR",11107,">200 cm",47,250,0.188
"E2","V2CUR",11108,"<40 cm",187,250,0.748
"E2","V2CUR",11108,"40-80 cm",11,250,0.044
"E2","V2CUR",11108,"80-120 cm",2,250,0.008
"E2","V2CUR",11108,"120-160 cm",6,250,0.024
"E2","V2CUR",11108,"160-200 cm",7,250,0.028
"E2","V2CUR",11108,">200 cm",37,250,0.148
"E2","V2CUR",11109,"<40 cm",184,250,0.736
"E2","V2CUR",11109,"40-80 cm",10,250,0.04
"E2","V2CUR",11109,"80-120 cm",7,250,0.028
"E2","V2CUR",11109,"120-160 cm",5,250,0.02
"E2","V2CUR",11109,"160-200 cm",8,250,0.032
"E2","V2CUR",11109,">200 cm",36,250,0.144
"E2","V2CUR",11110,"<40 cm",178,250,0.712
"E2","V2CUR",11110,"40-80 cm",6,250,0.024
"E2","V2CUR",11110,"80-120 cm",3,250,0.012
"E2","V2CUR",11110,"120-160 cm",6,250,0.024
"E2","V2CUR",11110,"160-200 cm",6,250,0.024
"E2","V2CUR",11110,">200 cm",51,250,0.204
"E2","V2CUR",12101,"<40 cm",187,250,0.748
"E2","V2CUR",12101,"40-80 cm",6,250,0.024
"E2","V2CUR",12101,"80-120 cm",4,250,0.016
"E2","V2CUR",12101,"120-160 cm",5,250,0.02
"E2","V2CUR",12101,"160-200 cm",7,250,0.028
"E2","V2CUR",12101,">200 cm",41,250,0.164
"E2","V2CUR",12102,"<40 cm",175,250,0.7
"E2","V2CUR",12102,"40-80 cm",0,250,0
"E2","V2CUR",12102,"80-120 cm",7,250,0.028
"E2","V2CUR",12102,"120-160 cm",8,250,0.032
"E2","V2CUR",12102,"160-200 cm",4,250,0.016
"E2","V2CUR",12102,">200 cm",56,250,0.224
"E2","V2CUR",12103,"<40 cm",187,250,0.748
"E2","V2CUR",12103,"40-80 cm",4,250,0.016
"E2","V2CUR",12103,"80-120 cm",3,250,0.012
"E2","V2CUR",12103,"120-160 cm",8,250,0.032
"E2","V2CUR",12103,"160-200 cm",6,250,0.024
"E2","V2CUR",12103,">200 cm",42,250,0.168
"E2","V2CUR",12104,"<40 cm",179,250,0.716
"E2","V2CUR",12104,"40-80 cm",6,250,0.024
"E2","V2CUR",12104,"80-120 cm",6,250,0.024
"E2","V2CUR",12104,"120-160 cm",5,250,0.02
"E2","V2CUR",12104,"160-200 cm",4,250,0.016
"E2","V2CUR",12104,">200 cm",50,250,0.2
"E2","V2CUR",12105,"<40 cm",186,250,0.744
"E2","V2CUR",12105,"40-80 cm",3,250,0.012
"E2","V2CUR",12105,"80-120 cm",1,250,0.004
"E2","V2CUR",12105,"120-160 cm",6,250,0.024
"E2","V2CUR",12105,"160-200 cm",4,250,0.016
"E2","V2CUR",12105,">200 cm",50,250,0.2
"E2","V2CUR",12106,"<40 cm",174,250,0.696
"E2","V2CUR",12106,"40-80 cm",6,250,0.024
"E2","V2CUR",12106,"80-120 cm",6,250,0.024
"E2","V2CUR",12106,"120-160 cm",6,250,0.024
"E2","V2CUR",12106,"160-200 cm",9,250,0.036
"E2","V2CUR",12106,">200 cm",49,250,0.196
"E2","V2CUR",12107,"<40 cm",187,250,0.748
"E2","V2CUR",12107,"40-80 cm",4,250,0.016
"E2","V2CUR",12107,"80-120 cm",1,250,0.004
"E2","V2CUR",12107,"120-160 cm",4,250,0.016
"E2","V2CUR",12107,"160-200 cm",8,250,0.032
"E2","V2CUR",12107,">200 cm",46,250,0.184
"E2","V2CUR",12108,"<40 cm",198,250,0.792
"E2","V2CUR",12108,"40-80 cm",2,250,0.008
"E2","V2CUR",12108,"80-120 cm",1,250,0.004
"E2","V2CUR",12108,"120-160 cm",8,250,0.032
"E2","V2CUR",12108,"160-200 cm",6,250,0.024
"E2","V2CUR",12108,">200 cm",35,250,0.14
"E2","V2CUR",12109,"<40 cm",189,250,0.756
"E2","V2CUR",12109,"40-80 cm",5,250,0.02
"E2","V2CUR",12109,"80-120 cm",5,250,0.02
"E2","V2CUR",12109,"120-160 cm",4,250,0.016
"E2","V2CUR",12109,"160-200 cm",5,250,0.02
"E2","V2CUR",12109,">200 cm",42,250,0.168
"E2","V2CUR",12110,"<40 cm",179,250,0.716
"E2","V2CUR",12110,"40-80 cm",2,250,0.008
"E2","V2CUR",12110,"80-120 cm",4,250,0.016
"E2","V2CUR",12110,"120-160 cm",5,250,0.02
"E2","V2CUR",12110,"160-200 cm",2,250,0.008
"E2","V2CUR",12110,">200 cm",58,250,0.232
"E2","V2CUR",13101,"<40 cm",192,250,0.768
"E2","V2CUR",13101,"40-80 cm",5,250,0.02
"E2","V2CUR",13101,"80-120 cm",6,250,0.024
"E2","V2CUR",13101,"120-160 cm",4,250,0.016
"E2","V2CUR",13101,"160-200 cm",5,250,0.02
"E2","V2CUR",13101,">200 cm",38,250,0.152
"E2","V2CUR",13102,"<40 cm",180,250,0.72
"E2","V2CUR",13102,"40-80 cm",1,250,0.004
"E2","V2CUR",13102,"80-120 cm",8,250,0.032
"E2","V2CUR",13102,"120-160 cm",4,250,0.016
"E2","V2CUR",13102,"160-200 cm",3,250,0.012
"E2","V2CUR",13102,">200 cm",54,250,0.216
"E2","V2CUR",13103,"<40 cm",188,250,0.752
"E2","V2CUR",13103,"40-80 cm",4,250,0.016
"E2","V2CUR",13103,"80-120 cm",5,250,0.02
"E2","V2CUR",13103,"120-160 cm",9,250,0.036
"E2","V2CUR",13103,"160-200 cm",5,250,0.02
"E2","V2CUR",13103,">200 cm",39,250,0.156
"E2","V2CUR",13104,"<40 cm",186,250,0.744
"E2","V2CUR",13104,"40-80 cm",3,250,0.012
"E2","V2CUR",13104,"80-120 cm",5,250,0.02
"E2","V2CUR",13104,"120-160 cm",5,250,0.02
"E2","V2CUR",13104,"160-200 cm",2,250,0.008
"E2","V2CUR",13104,">200 cm",49,250,0.196
"E2","V2CUR",13105,"<40 cm",187,250,0.748
"E2","V2CUR",13105,"40-80 cm",3,250,0.012
"E2","V2CUR",13105,"80-120 cm",5,250,0.02
"E2","V2CUR",13105,"120-160 cm",4,250,0.016
"E2","V2CUR",13105,"160-200 cm",3,250,0.012
"E2","V2CUR",13105,">200 cm",48,250,0.192
"E2","V2CUR",13106,"<40 cm",179,250,0.716
"E2","V2CUR",13106,"40-80 cm",6,250,0.024
"E2","V2CUR",13106,"80-120 cm",6,250,0.024
"E2","V2CUR",13106,"120-160 cm",6,250,0.024
"E2","V2CUR",13106,"160-200 cm",8,250,0.032
"E2","V2CUR",13106,">200 cm",45,250,0.18
"E2","V2CUR",13107,"<40 cm",191,250,0.764
"E2","V2CUR",13107,"40-80 cm",4,250,0.016
"E2","V2CUR",13107,"80-120 cm",3,250,0.012
"E2","V2CUR",13107,"120-160 cm",3,250,0.012
"E2","V2CUR",13107,"160-200 cm",3,250,0.012
"E2","V2CUR",13107,">200 cm",46,250,0.184
"E2","V2CUR",13108,"<40 cm",198,250,0.792
"E2","V2CUR",13108,"40-80 cm",2,250,0.008
"E2","V2CUR",13108,"80-120 cm",2,250,0.008
"E2","V2CUR",13108,"120-160 cm",7,250,0.028
"E2","V2CUR",13108,"160-200 cm",4,250,0.016
"E2","V2CUR",13108,">200 cm",37,250,0.148
"E2","V2CUR",13109,"<40 cm",198,250,0.792
"E2","V2CUR",13109,"40-80 cm",4,250,0.016
"E2","V2CUR",13109,"80-120 cm",4,250,0.016
"E2","V2CUR",13109,"120-160 cm",5,250,0.02
"E2","V2CUR",13109,"160-200 cm",2,250,0.008
"E2","V2CUR",13109,">200 cm",37,250,0.148
"E2","V2CUR",13110,"<40 cm",179,250,0.716
"E2","V2CUR",13110,"40-80 cm",4,250,0.016
"E2","V2CUR",13110,"80-120 cm",10,250,0.04
"E2","V2CUR",13110,"120-160 cm",3,250,0.012
"E2","V2CUR",13110,"160-200 cm",0,250,0
"E2","V2CUR",13110,">200 cm",54,250,0.216
"E2","V2CUR",14101,"<40 cm",184,250,0.736
"E2","V2CUR",14101,"40-80 cm",6,250,0.024
"E2","V2CUR",14101,"80-120 cm",7,250,0.028
"E2","V2CUR",14101,"120-160 cm",2,250,0.008
"E2","V2CUR",14101,"160-200 cm",7,250,0.028
"E2","V2CUR",14101,">200 cm",44,250,0.176
"E2","V2CUR",14102,"<40 cm",168,250,0.672
"E2","V2CUR",14102,"40-80 cm",4,250,0.016
"E2","V2CUR",14102,"80-120 cm",5,250,0.02
"E2","V2CUR",14102,"120-160 cm",3,250,0.012
"E2","V2CUR",14102,"160-200 cm",6,250,0.024
"E2","V2CUR",14102,">200 cm",64,250,0.256
"E2","V2CUR",14103,"<40 cm",176,250,0.704
"E2","V2CUR",14103,"40-80 cm",5,250,0.02
"E2","V2CUR",14103,"80-120 cm",4,250,0.016
"E2","V2CUR",14103,"120-160 cm",10,250,0.04
"E2","V2CUR",14103,"160-200 cm",8,250,0.032
"E2","V2CUR",14103,">200 cm",47,250,0.188
"E2","V2CUR",14104,"<40 cm",171,250,0.684
"E2","V2CUR",14104,"40-80 cm",9,250,0.036
"E2","V2CUR",14104,"80-120 cm",5,250,0.02
"E2","V2CUR",14104,"120-160 cm",8,250,0.032
"E2","V2CUR",14104,"160-200 cm",5,250,0.02
"E2","V2CUR",14104,">200 cm",52,250,0.208
"E2","V2CUR",14105,"<40 cm",178,250,0.712
"E2","V2CUR",14105,"40-80 cm",6,250,0.024
"E2","V2CUR",14105,"80-120 cm",3,250,0.012
"E2","V2CUR",14105,"120-160 cm",5,250,0.02
"E2","V2CUR",14105,"160-200 cm",5,250,0.02
"E2","V2CUR",14105,">200 cm",53,250,0.212
"E2","V2CUR",14106,"<40 cm",169,250,0.676
"E2","V2CUR",14106,"40-80 cm",9,250,0.036
"E2","V2CUR",14106,"80-120 cm",6,250,0.024
"E2","V2CUR",14106,"120-160 cm",6,250,0.024
"E2","V2CUR",14106,"160-200 cm",10,250,0.04
"E2","V2CUR",14106,">200 cm",50,250,0.2
"E2","V2CUR",14107,"<40 cm",179,250,0.716
"E2","V2CUR",14107,"40-80 cm",4,250,0.016
"E2","V2CUR",14107,"80-120 cm",4,250,0.016
"E2","V2CUR",14107,"120-160 cm",3,250,0.012
"E2","V2CUR",14107,"160-200 cm",9,250,0.036
"E2","V2CUR",14107,">200 cm",51,250,0.204
"E2","V2CUR",14108,"<40 cm",189,250,0.756
"E2","V2CUR",14108,"40-80 cm",6,250,0.024
"E2","V2CUR",14108,"80-120 cm",1,250,0.004
"E2","V2CUR",14108,"120-160 cm",5,250,0.02
"E2","V2CUR",14108,"160-200 cm",7,250,0.028
"E2","V2CUR",14108,">200 cm",42,250,0.168
"E2","V2CUR",14109,"<40 cm",183,250,0.732
"E2","V2CUR",14109,"40-80 cm",7,250,0.028
"E2","V2CUR",14109,"80-120 cm",6,250,0.024
"E2","V2CUR",14109,"120-160 cm",6,250,0.024
"E2","V2CUR",14109,"160-200 cm",4,250,0.016
"E2","V2CUR",14109,">200 cm",44,250,0.176
"E2","V2CUR",14110,"<40 cm",171,250,0.684
"E2","V2CUR",14110,"40-80 cm",3,250,0.012
"E2","V2CUR",14110,"80-120 cm",4,250,0.016
"E2","V2CUR",14110,"120-160 cm",4,250,0.016
"E2","V2CUR",14110,"160-200 cm",7,250,0.028
"E2","V2CUR",14110,">200 cm",61,250,0.244
"E2","V2CUR",15101,"<40 cm",183,250,0.732
"E2","V2CUR",15101,"40-80 cm",11,250,0.044
"E2","V2CUR",15101,"80-120 cm",3,250,0.012
"E2","V2CUR",15101,"120-160 cm",6,250,0.024
"E2","V2CUR",15101,"160-200 cm",3,250,0.012
"E2","V2CUR",15101,">200 cm",44,250,0.176
"E2","V2CUR",15102,"<40 cm",167,250,0.668
"E2","V2CUR",15102,"40-80 cm",10,250,0.04
"E2","V2CUR",15102,"80-120 cm",5,250,0.02
"E2","V2CUR",15102,"120-160 cm",5,250,0.02
"E2","V2CUR",15102,"160-200 cm",5,250,0.02
"E2","V2CUR",15102,">200 cm",58,250,0.232
"E2","V2CUR",15103,"<40 cm",184,250,0.736
"E2","V2CUR",15103,"40-80 cm",8,250,0.032
"E2","V2CUR",15103,"80-120 cm",4,250,0.016
"E2","V2CUR",15103,"120-160 cm",7,250,0.028
"E2","V2CUR",15103,"160-200 cm",6,250,0.024
"E2","V2CUR",15103,">200 cm",41,250,0.164
"E2","V2CUR",15104,"<40 cm",173,250,0.692
"E2","V2CUR",15104,"40-80 cm",15,250,0.06
"E2","V2CUR",15104,"80-120 cm",6,250,0.024
"E2","V2CUR",15104,"120-160 cm",5,250,0.02
"E2","V2CUR",15104,"160-200 cm",2,250,0.008
"E2","V2CUR",15104,">200 cm",49,250,0.196
"E2","V2CUR",15105,"<40 cm",176,250,0.704
"E2","V2CUR",15105,"40-80 cm",12,250,0.048
"E2","V2CUR",15105,"80-120 cm",2,250,0.008
"E2","V2CUR",15105,"120-160 cm",3,250,0.012
"E2","V2CUR",15105,"160-200 cm",4,250,0.016
"E2","V2CUR",15105,">200 cm",53,250,0.212
"E2","V2CUR",15106,"<40 cm",171,250,0.684
"E2","V2CUR",15106,"40-80 cm",12,250,0.048
"E2","V2CUR",15106,"80-120 cm",5,250,0.02
"E2","V2CUR",15106,"120-160 cm",5,250,0.02
"E2","V2CUR",15106,"160-200 cm",7,250,0.028
"E2","V2CUR",15106,">200 cm",50,250,0.2
"E2","V2CUR",15107,"<40 cm",184,250,0.736
"E2","V2CUR",15107,"40-80 cm",11,250,0.044
"E2","V2CUR",15107,"80-120 cm",1,250,0.004
"E2","V2CUR",15107,"120-160 cm",4,250,0.016
"E2","V2CUR",15107,"160-200 cm",2,250,0.008
"E2","V2CUR",15107,">200 cm",48,250,0.192
"E2","V2CUR",15108,"<40 cm",189,250,0.756
"E2","V2CUR",15108,"40-80 cm",8,250,0.032
"E2","V2CUR",15108,"80-120 cm",2,250,0.008
"E2","V2CUR",15108,"120-160 cm",6,250,0.024
"E2","V2CUR",15108,"160-200 cm",3,250,0.012
"E2","V2CUR",15108,">200 cm",42,250,0.168
"E2","V2CUR",15109,"<40 cm",186,250,0.744
"E2","V2CUR",15109,"40-80 cm",9,250,0.036
"E2","V2CUR",15109,"80-120 cm",6,250,0.024
"E2","V2CUR",15109,"120-160 cm",3,250,0.012
"E2","V2CUR",15109,"160-200 cm",3,250,0.012
"E2","V2CUR",15109,">200 cm",43,250,0.172
"E2","V2CUR",15110,"<40 cm",168,250,0.672
"E2","V2CUR",15110,"40-80 cm",11,250,0.044
"E2","V2CUR",15110,"80-120 cm",4,250,0.016
"E2","V2CUR",15110,"120-160 cm",6,250,0.024
"E2","V2CUR",15110,"160-200 cm",0,250,0
"E2","V2CUR",15110,">200 cm",61,250,0.244
"E2","V2CUR",16101,"<40 cm",191,250,0.764
"E2","V2CUR",16101,"40-80 cm",6,250,0.024
"E2","V2CUR",16101,"80-120 cm",3,250,0.012
"E2","V2CUR",16101,"120-160 cm",5,250,0.02
"E2","V2CUR",16101,"160-200 cm",5,250,0.02
"E2","V2CUR",16101,">200 cm",40,250,0.16
"E2","V2CUR",16102,"<40 cm",178,250,0.712
"E2","V2CUR",16102,"40-80 cm",3,250,0.012
"E2","V2CUR",16102,"80-120 cm",5,250,0.02
"E2","V2CUR",16102,"120-160 cm",5,250,0.02
"E2","V2CUR",16102,"160-200 cm",3,250,0.012
"E2","V2CUR",16102,">200 cm",56,250,0.224
"E2","V2CUR",16103,"<40 cm",187,250,0.748
"E2","V2CUR",16103,"40-80 cm",4,250,0.016
"E2","V2CUR",16103,"80-120 cm",5,250,0.02
"E2","V2CUR",16103,"120-160 cm",8,250,0.032
"E2","V2CUR",16103,"160-200 cm",5,250,0.02
"E2","V2CUR",16103,">200 cm",41,250,0.164
"E2","V2CUR",16104,"<40 cm",180,250,0.72
"E2","V2CUR",16104,"40-80 cm",8,250,0.032
"E2","V2CUR",16104,"80-120 cm",7,250,0.028
"E2","V2CUR",16104,"120-160 cm",7,250,0.028
"E2","V2CUR",16104,"160-200 cm",2,250,0.008
"E2","V2CUR",16104,">200 cm",46,250,0.184
"E2","V2CUR",16105,"<40 cm",185,250,0.74
"E2","V2CUR",16105,"40-80 cm",8,250,0.032
"E2","V2CUR",16105,"80-120 cm",2,250,0.008
"E2","V2CUR",16105,"120-160 cm",3,250,0.012
"E2","V2CUR",16105,"160-200 cm",2,250,0.008
"E2","V2CUR",16105,">200 cm",50,250,0.2
"E2","V2CUR",16106,"<40 cm",174,250,0.696
"E2","V2CUR",16106,"40-80 cm",10,250,0.04
"E2","V2CUR",16106,"80-120 cm",8,250,0.032
"E2","V2CUR",16106,"120-160 cm",3,250,0.012
"E2","V2CUR",16106,"160-200 cm",6,250,0.024
"E2","V2CUR",16106,">200 cm",49,250,0.196
"E2","V2CUR",16107,"<40 cm",187,250,0.748
"E2","V2CUR",16107,"40-80 cm",7,250,0.028
"E2","V2CUR",16107,"80-120 cm",1,250,0.004
"E2","V2CUR",16107,"120-160 cm",1,250,0.004
"E2","V2CUR",16107,"160-200 cm",3,250,0.012
"E2","V2CUR",16107,">200 cm",51,250,0.204
"E2","V2CUR",16108,"<40 cm",196,250,0.784
"E2","V2CUR",16108,"40-80 cm",3,250,0.012
"E2","V2CUR",16108,"80-120 cm",4,250,0.016
"E2","V2CUR",16108,"120-160 cm",7,250,0.028
"E2","V2CUR",16108,"160-200 cm",3,250,0.012
"E2","V2CUR",16108,">200 cm",37,250,0.148
"E2","V2CUR",16109,"<40 cm",193,250,0.772
"E2","V2CUR",16109,"40-80 cm",4,250,0.016
"E2","V2CUR",16109,"80-120 cm",5,250,0.02
"E2","V2CUR",16109,"120-160 cm",4,250,0.016
"E2","V2CUR",16109,"160-200 cm",3,250,0.012
"E2","V2CUR",16109,">200 cm",41,250,0.164
"E2","V2CUR",16110,"<40 cm",180,250,0.72
"E2","V2CUR",16110,"40-80 cm",5,250,0.02
"E2","V2CUR",16110,"80-120 cm",6,250,0.024
"E2","V2CUR",16110,"120-160 cm",4,250,0.016
"E2","V2CUR",16110,"160-200 cm",0,250,0
"E2","V2CUR",16110,">200 cm",55,250,0.22
"E2","V2CUR",17101,"<40 cm",184,250,0.736
"E2","V2CUR",17101,"40-80 cm",13,250,0.052
"E2","V2CUR",17101,"80-120 cm",2,250,0.008
"E2","V2CUR",17101,"120-160 cm",4,250,0.016
"E2","V2CUR",17101,"160-200 cm",8,250,0.032
"E2","V2CUR",17101,">200 cm",39,250,0.156
"E2","V2CUR",17102,"<40 cm",171,250,0.684
"E2","V2CUR",17102,"40-80 cm",7,250,0.028
"E2","V2CUR",17102,"80-120 cm",6,250,0.024
"E2","V2CUR",17102,"120-160 cm",4,250,0.016
"E2","V2CUR",17102,"160-200 cm",5,250,0.02
"E2","V2CUR",17102,">200 cm",57,250,0.228
"E2","V2CUR",17103,"<40 cm",184,250,0.736
"E2","V2CUR",17103,"40-80 cm",9,250,0.036
"E2","V2CUR",17103,"80-120 cm",3,250,0.012
"E2","V2CUR",17103,"120-160 cm",6,250,0.024
"E2","V2CUR",17103,"160-200 cm",7,250,0.028
"E2","V2CUR",17103,">200 cm",41,250,0.164
"E2","V2CUR",17104,"<40 cm",173,250,0.692
"E2","V2CUR",17104,"40-80 cm",18,250,0.072
"E2","V2CUR",17104,"80-120 cm",4,250,0.016
"E2","V2CUR",17104,"120-160 cm",5,250,0.02
"E2","V2CUR",17104,"160-200 cm",3,250,0.012
"E2","V2CUR",17104,">200 cm",47,250,0.188
"E2","V2CUR",17105,"<40 cm",181,250,0.724
"E2","V2CUR",17105,"40-80 cm",10,250,0.04
"E2","V2CUR",17105,"80-120 cm",2,250,0.008
"E2","V2CUR",17105,"120-160 cm",4,250,0.016
"E2","V2CUR",17105,"160-200 cm",4,250,0.016
"E2","V2CUR",17105,">200 cm",49,250,0.196
"E2","V2CUR",17106,"<40 cm",173,250,0.692
"E2","V2CUR",17106,"40-80 cm",12,250,0.048
"E2","V2CUR",17106,"80-120 cm",7,250,0.028
"E2","V2CUR",17106,"120-160 cm",3,250,0.012
"E2","V2CUR",17106,"160-200 cm",6,250,0.024
"E2","V2CUR",17106,">200 cm",49,250,0.196
"E2","V2CUR",17107,"<40 cm",183,250,0.732
"E2","V2CUR",17107,"40-80 cm",10,250,0.04
"E2","V2CUR",17107,"80-120 cm",2,250,0.008
"E2","V2CUR",17107,"120-160 cm",1,250,0.004
"E2","V2CUR",17107,"160-200 cm",5,250,0.02
"E2","V2CUR",17107,">200 cm",49,250,0.196
"E2","V2CUR",17108,"<40 cm",196,250,0.784
"E2","V2CUR",17108,"40-80 cm",7,250,0.028
"E2","V2CUR",17108,"80-120 cm",1,250,0.004
"E2","V2CUR",17108,"120-160 cm",5,250,0.02
"E2","V2CUR",17108,"160-200 cm",7,250,0.028
"E2","V2CUR",17108,">200 cm",34,250,0.136
"E2","V2CUR",17109,"<40 cm",187,250,0.748
"E2","V2CUR",17109,"40-80 cm",12,250,0.048
"E2","V2CUR",17109,"80-120 cm",3,250,0.012
"E2","V2CUR",17109,"120-160 cm",4,250,0.016
"E2","V2CUR",17109,"160-200 cm",4,250,0.016
"E2","V2CUR",17109,">200 cm",40,250,0.16
"E2","V2CUR",17110,"<40 cm",174,250,0.696
"E2","V2CUR",17110,"40-80 cm",7,250,0.028
"E2","V2CUR",17110,"80-120 cm",5,250,0.02
"E2","V2CUR",17110,"120-160 cm",3,250,0.012
"E2","V2CUR",17110,"160-200 cm",2,250,0.008
"E2","V2CUR",17110,">200 cm",59,250,0.236
"E2","V2CUR",18101,"<40 cm",192,250,0.768
"E2","V2CUR",18101,"40-80 cm",5,250,0.02
"E2","V2CUR",18101,"80-120 cm",3,250,0.012
"E2","V2CUR",18101,"120-160 cm",5,250,0.02
"E2","V2CUR",18101,"160-200 cm",3,250,0.012
"E2","V2CUR",18101,">200 cm",42,250,0.168
"E2","V2CUR",18102,"<40 cm",178,250,0.712
"E2","V2CUR",18102,"40-80 cm",1,250,0.004
"E2","V2CUR",18102,"80-120 cm",5,250,0.02
"E2","V2CUR",18102,"120-160 cm",4,250,0.016
"E2","V2CUR",18102,"160-200 cm",4,250,0.016
"E2","V2CUR",18102,">200 cm",58,250,0.232
"E2","V2CUR",18103,"<40 cm",189,250,0.756
"E2","V2CUR",18103,"40-80 cm",4,250,0.016
"E2","V2CUR",18103,"80-120 cm",4,250,0.016
"E2","V2CUR",18103,"120-160 cm",7,250,0.028
"E2","V2CUR",18103,"160-200 cm",6,250,0.024
"E2","V2CUR",18103,">200 cm",40,250,0.16
"E2","V2CUR",18104,"<40 cm",182,250,0.728
"E2","V2CUR",18104,"40-80 cm",6,250,0.024
"E2","V2CUR",18104,"80-120 cm",5,250,0.02
"E2","V2CUR",18104,"120-160 cm",5,250,0.02
"E2","V2CUR",18104,"160-200 cm",2,250,0.008
"E2","V2CUR",18104,">200 cm",50,250,0.2
"E2","V2CUR",18105,"<40 cm",187,250,0.748
"E2","V2CUR",18105,"40-80 cm",4,250,0.016
"E2","V2CUR",18105,"80-120 cm",2,250,0.008
"E2","V2CUR",18105,"120-160 cm",3,250,0.012
"E2","V2CUR",18105,"160-200 cm",2,250,0.008
"E2","V2CUR",18105,">200 cm",52,250,0.208
"E2","V2CUR",18106,"<40 cm",178,250,0.712
"E2","V2CUR",18106,"40-80 cm",5,250,0.02
"E2","V2CUR",18106,"80-120 cm",7,250,0.028
"E2","V2CUR",18106,"120-160 cm",3,250,0.012
"E2","V2CUR",18106,"160-200 cm",5,250,0.02
"E2","V2CUR",18106,">200 cm",52,250,0.208
"E2","V2CUR",18107,"<40 cm",192,250,0.768
"E2","V2CUR",18107,"40-80 cm",4,250,0.016
"E2","V2CUR",18107,"80-120 cm",2,250,0.008
"E2","V2CUR",18107,"120-160 cm",1,250,0.004
"E2","V2CUR",18107,"160-200 cm",3,250,0.012
"E2","V2CUR",18107,">200 cm",48,250,0.192
"E2","V2CUR",18108,"<40 cm",199,250,0.796
"E2","V2CUR",18108,"40-80 cm",1,250,0.004
"E2","V2CUR",18108,"80-120 cm",2,250,0.008
"E2","V2CUR",18108,"120-160 cm",6,250,0.024
"E2","V2CUR",18108,"160-200 cm",3,250,0.012
"E2","V2CUR",18108,">200 cm",39,250,0.156
"E2","V2CUR",18109,"<40 cm",193,250,0.772
"E2","V2CUR",18109,"40-80 cm",4,250,0.016
"E2","V2CUR",18109,"80-120 cm",5,250,0.02
"E2","V2CUR",18109,"120-160 cm",4,250,0.016
"E2","V2CUR",18109,"160-200 cm",4,250,0.016
"E2","V2CUR",18109,">200 cm",40,250,0.16
"E2","V2CUR",18110,"<40 cm",180,250,0.72
"E2","V2CUR",18110,"40-80 cm",3,250,0.012
"E2","V2CUR",18110,"80-120 cm",4,250,0.016
"E2","V2CUR",18110,"120-160 cm",5,250,0.02
"E2","V2CUR",18110,"160-200 cm",0,250,0
"E2","V2CUR",18110,">200 cm",58,250,0.232
"E2","V2CUR",19101,"<40 cm",182,250,0.728
"E2","V2CUR",19101,"40-80 cm",6,250,0.024
"E2","V2CUR",19101,"80-120 cm",7,250,0.028
"E2","V2CUR",19101,"120-160 cm",8,250,0.032
"E2","V2CUR",19101,"160-200 cm",8,250,0.032
"E2","V2CUR",19101,">200 cm",39,250,0.156
"E2","V2CUR",19102,"<40 cm",168,250,0.672
"E2","V2CUR",19102,"40-80 cm",7,250,0.028
"E2","V2CUR",19102,"80-120 cm",5,250,0.02
"E2","V2CUR",19102,"120-160 cm",9,250,0.036
"E2","V2CUR",19102,"160-200 cm",6,250,0.024
"E2","V2CUR",19102,">200 cm",55,250,0.22
"E2","V2CUR",19103,"<40 cm",174,250,0.696
"E2","V2CUR",19103,"40-80 cm",8,250,0.032
"E2","V2CUR",19103,"80-120 cm",7,250,0.028
"E2","V2CUR",19103,"120-160 cm",13,250,0.052
"E2","V2CUR",19103,"160-200 cm",5,250,0.02
"E2","V2CUR",19103,">200 cm",43,250,0.172
"E2","V2CUR",19104,"<40 cm",172,250,0.688
"E2","V2CUR",19104,"40-80 cm",9,250,0.036
"E2","V2CUR",19104,"80-120 cm",6,250,0.024
"E2","V2CUR",19104,"120-160 cm",13,250,0.052
"E2","V2CUR",19104,"160-200 cm",4,250,0.016
"E2","V2CUR",19104,">200 cm",46,250,0.184
"E2","V2CUR",19105,"<40 cm",175,250,0.7
"E2","V2CUR",19105,"40-80 cm",6,250,0.024
"E2","V2CUR",19105,"80-120 cm",5,250,0.02
"E2","V2CUR",19105,"120-160 cm",9,250,0.036
"E2","V2CUR",19105,"160-200 cm",5,250,0.02
"E2","V2CUR",19105,">200 cm",50,250,0.2
"E2","V2CUR",19106,"<40 cm",165,250,0.66
"E2","V2CUR",19106,"40-80 cm",10,250,0.04
"E2","V2CUR",19106,"80-120 cm",8,250,0.032
"E2","V2CUR",19106,"120-160 cm",11,250,0.044
"E2","V2CUR",19106,"160-200 cm",7,250,0.028
"E2","V2CUR",19106,">200 cm",49,250,0.196
"E2","V2CUR",19107,"<40 cm",179,250,0.716
"E2","V2CUR",19107,"40-80 cm",8,250,0.032
"E2","V2CUR",19107,"80-120 cm",5,250,0.02
"E2","V2CUR",19107,"120-160 cm",4,250,0.016
"E2","V2CUR",19107,"160-200 cm",5,250,0.02
"E2","V2CUR",19107,">200 cm",49,250,0.196
"E2","V2CUR",19108,"<40 cm",186,250,0.744
"E2","V2CUR",19108,"40-80 cm",9,250,0.036
"E2","V2CUR",19108,"80-120 cm",5,250,0.02
"E2","V2CUR",19108,"120-160 cm",8,250,0.032
"E2","V2CUR",19108,"160-200 cm",4,250,0.016
"E2","V2CUR",19108,">200 cm",38,250,0.152
"E2","V2CUR",19109,"<40 cm",179,250,0.716
"E2","V2CUR",19109,"40-80 cm",10,250,0.04
"E2","V2CUR",19109,"80-120 cm",6,250,0.024
"E2","V2CUR",19109,"120-160 cm",8,250,0.032
"E2","V2CUR",19109,"160-200 cm",6,250,0.024
"E2","V2CUR",19109,">200 cm",41,250,0.164
"E2","V2CUR",19110,"<40 cm",171,250,0.684
"E2","V2CUR",19110,"40-80 cm",7,250,0.028
"E2","V2CUR",19110,"80-120 cm",5,250,0.02
"E2","V2CUR",19110,"120-160 cm",7,250,0.028
"E2","V2CUR",19110,"160-200 cm",5,250,0.02
"E2","V2CUR",19110,">200 cm",55,250,0.22
"E2","V2CUR",20101,"<40 cm",188,250,0.752
"E2","V2CUR",20101,"40-80 cm",5,250,0.02
"E2","V2CUR",20101,"80-120 cm",3,250,0.012
"E2","V2CUR",20101,"120-160 cm",5,250,0.02
"E2","V2CUR",20101,"160-200 cm",4,250,0.016
"E2","V2CUR",20101,">200 cm",45,250,0.18
"E2","V2CUR",20102,"<40 cm",175,250,0.7
"E2","V2CUR",20102,"40-80 cm",1,250,0.004
"E2","V2CUR",20102,"80-120 cm",5,250,0.02
"E2","V2CUR",20102,"120-160 cm",5,250,0.02
"E2","V2CUR",20102,"160-200 cm",3,250,0.012
"E2","V2CUR",20102,">200 cm",61,250,0.244
"E2","V2CUR",20103,"<40 cm",187,250,0.748
"E2","V2CUR",20103,"40-80 cm",3,250,0.012
"E2","V2CUR",20103,"80-120 cm",4,250,0.016
"E2","V2CUR",20103,"120-160 cm",7,250,0.028
"E2","V2CUR",20103,"160-200 cm",5,250,0.02
"E2","V2CUR",20103,">200 cm",44,250,0.176
"E2","V2CUR",20104,"<40 cm",179,250,0.716
"E2","V2CUR",20104,"40-80 cm",6,250,0.024
"E2","V2CUR",20104,"80-120 cm",5,250,0.02
"E2","V2CUR",20104,"120-160 cm",5,250,0.02
"E2","V2CUR",20104,"160-200 cm",2,250,0.008
"E2","V2CUR",20104,">200 cm",53,250,0.212
"E2","V2CUR",20105,"<40 cm",184,250,0.736
"E2","V2CUR",20105,"40-80 cm",4,250,0.016
"E2","V2CUR",20105,"80-120 cm",2,250,0.008
"E2","V2CUR",20105,"120-160 cm",3,250,0.012
"E2","V2CUR",20105,"160-200 cm",3,250,0.012
"E2","V2CUR",20105,">200 cm",54,250,0.216
"E2","V2CUR",20106,"<40 cm",175,250,0.7
"E2","V2CUR",20106,"40-80 cm",5,250,0.02
"E2","V2CUR",20106,"80-120 cm",6,250,0.024
"E2","V2CUR",20106,"120-160 cm",4,250,0.016
"E2","V2CUR",20106,"160-200 cm",6,250,0.024
"E2","V2CUR",20106,">200 cm",54,250,0.216
"E2","V2CUR",20107,"<40 cm",187,250,0.748
"E2","V2CUR",20107,"40-80 cm",4,250,0.016
"E2","V2CUR",20107,"80-120 cm",1,250,0.004
"E2","V2CUR",20107,"120-160 cm",2,250,0.008
"E2","V2CUR",20107,"160-200 cm",4,250,0.016
"E2","V2CUR",20107,">200 cm",52,250,0.208
"E2","V2CUR",20108,"<40 cm",197,250,0.788
"E2","V2CUR",20108,"40-80 cm",1,250,0.004
"E2","V2CUR",20108,"80-120 cm",1,250,0.004
"E2","V2CUR",20108,"120-160 cm",6,250,0.024
"E2","V2CUR",20108,"160-200 cm",3,250,0.012
"E2","V2CUR",20108,">200 cm",42,250,0.168
"E2","V2CUR",20109,"<40 cm",189,250,0.756
"E2","V2CUR",20109,"40-80 cm",4,250,0.016
"E2","V2CUR",20109,"80-120 cm",5,250,0.02
"E2","V2CUR",20109,"120-160 cm",4,250,0.016
"E2","V2CUR",20109,"160-200 cm",3,250,0.012
"E2","V2CUR",20109,">200 cm",45,250,0.18
"E2","V2CUR",20110,"<40 cm",177,250,0.708
"E2","V2CUR",20110,"40-80 cm",3,250,0.012
"E2","V2CUR",20110,"80-120 cm",4,250,0.016
"E2","V2CUR",20110,"120-160 cm",4,250,0.016
"E2","V2CUR",20110,"160-200 cm",0,250,0
"E2","V2CUR",20110,">200 cm",62,250,0.248
"E2","V2CUR",21101,"<40 cm",183,250,0.732
"E2","V2CUR",21101,"40-80 cm",14,250,0.056
"E2","V2CUR",21101,"80-120 cm",3,250,0.012
"E2","V2CUR",21101,"120-160 cm",5,250,0.02
"E2","V2CUR",21101,"160-200 cm",4,250,0.016
"E2","V2CUR",21101,">200 cm",41,250,0.164
"E2","V2CUR",21102,"<40 cm",172,250,0.688
"E2","V2CUR",21102,"40-80 cm",8,250,0.032
"E2","V2CUR",21102,"80-120 cm",6,250,0.024
"E2","V2CUR",21102,"120-160 cm",4,250,0.016
"E2","V2CUR",21102,"160-200 cm",3,250,0.012
"E2","V2CUR",21102,">200 cm",57,250,0.228
"E2","V2CUR",21103,"<40 cm",183,250,0.732
"E2","V2CUR",21103,"40-80 cm",11,250,0.044
"E2","V2CUR",21103,"80-120 cm",4,250,0.016
"E2","V2CUR",21103,"120-160 cm",7,250,0.028
"E2","V2CUR",21103,"160-200 cm",5,250,0.02
"E2","V2CUR",21103,">200 cm",40,250,0.16
"E2","V2CUR",21104,"<40 cm",173,250,0.692
"E2","V2CUR",21104,"40-80 cm",16,250,0.064
"E2","V2CUR",21104,"80-120 cm",6,250,0.024
"E2","V2CUR",21104,"120-160 cm",4,250,0.016
"E2","V2CUR",21104,"160-200 cm",4,250,0.016
"E2","V2CUR",21104,">200 cm",47,250,0.188
"E2","V2CUR",21105,"<40 cm",180,250,0.72
"E2","V2CUR",21105,"40-80 cm",12,250,0.048
"E2","V2CUR",21105,"80-120 cm",2,250,0.008
"E2","V2CUR",21105,"120-160 cm",3,250,0.012
"E2","V2CUR",21105,"160-200 cm",2,250,0.008
"E2","V2CUR",21105,">200 cm",51,250,0.204
"E2","V2CUR",21106,"<40 cm",172,250,0.688
"E2","V2CUR",21106,"40-80 cm",12,250,0.048
"E2","V2CUR",21106,"80-120 cm",6,250,0.024
"E2","V2CUR",21106,"120-160 cm",4,250,0.016
"E2","V2CUR",21106,"160-200 cm",6,250,0.024
"E2","V2CUR",21106,">200 cm",50,250,0.2
"E2","V2CUR",21107,"<40 cm",184,250,0.736
"E2","V2CUR",21107,"40-80 cm",11,250,0.044
"E2","V2CUR",21107,"80-120 cm",1,250,0.004
"E2","V2CUR",21107,"120-160 cm",2,250,0.008
"E2","V2CUR",21107,"160-200 cm",5,250,0.02
"E2","V2CUR",21107,">200 cm",47,250,0.188
"E2","V2CUR",21108,"<40 cm",194,250,0.776
"E2","V2CUR",21108,"40-80 cm",8,250,0.032
"E2","V2CUR",21108,"80-120 cm",1,250,0.004
"E2","V2CUR",21108,"120-160 cm",6,250,0.024
"E2","V2CUR",21108,"160-200 cm",3,250,0.012
"E2","V2CUR",21108,">200 cm",38,250,0.152
"E2","V2CUR",21109,"<40 cm",183,250,0.732
"E2","V2CUR",21109,"40-80 cm",14,250,0.056
"E2","V2CUR",21109,"80-120 cm",5,250,0.02
"E2","V2CUR",21109,"120-160 cm",4,250,0.016
"E2","V2CUR",21109,"160-200 cm",4,250,0.016
"E2","V2CUR",21109,">200 cm",40,250,0.16
"E2","V2CUR",21110,"<40 cm",175,250,0.7
"E2","V2CUR",21110,"40-80 cm",9,250,0.036
"E2","V2CUR",21110,"80-120 cm",4,250,0.016
"E2","V2CUR",21110,"120-160 cm",4,250,0.016
"E2","V2CUR",21110,"160-200 cm",0,250,0
"E2","V2CUR",21110,">200 cm",58,250,0.232
"E2","V2CUR",22101,"<40 cm",190,250,0.76
"E2","V2CUR",22101,"40-80 cm",6,250,0.024
"E2","V2CUR",22101,"80-120 cm",5,250,0.02
"E2","V2CUR",22101,"120-160 cm",8,250,0.032
"E2","V2CUR",22101,"160-200 cm",7,250,0.028
"E2","V2CUR",22101,">200 cm",34,250,0.136
"E2","V2CUR",22102,"<40 cm",171,250,0.684
"E2","V2CUR",22102,"40-80 cm",5,250,0.02
"E2","V2CUR",22102,"80-120 cm",7,250,0.028
"E2","V2CUR",22102,"120-160 cm",7,250,0.028
"E2","V2CUR",22102,"160-200 cm",9,250,0.036
"E2","V2CUR",22102,">200 cm",51,250,0.204
"E2","V2CUR",22103,"<40 cm",179,250,0.716
"E2","V2CUR",22103,"40-80 cm",9,250,0.036
"E2","V2CUR",22103,"80-120 cm",7,250,0.028
"E2","V2CUR",22103,"120-160 cm",10,250,0.04
"E2","V2CUR",22103,"160-200 cm",6,250,0.024
"E2","V2CUR",22103,">200 cm",39,250,0.156
"E2","V2CUR",22104,"<40 cm",178,250,0.712
"E2","V2CUR",22104,"40-80 cm",14,250,0.056
"E2","V2CUR",22104,"80-120 cm",3,250,0.012
"E2","V2CUR",22104,"120-160 cm",4,250,0.016
"E2","V2CUR",22104,"160-200 cm",10,250,0.04
"E2","V2CUR",22104,">200 cm",41,250,0.164
"E2","V2CUR",22105,"<40 cm",178,250,0.712
"E2","V2CUR",22105,"40-80 cm",14,250,0.056
"E2","V2CUR",22105,"80-120 cm",2,250,0.008
"E2","V2CUR",22105,"120-160 cm",7,250,0.028
"E2","V2CUR",22105,"160-200 cm",7,250,0.028
"E2","V2CUR",22105,">200 cm",42,250,0.168
"E2","V2CUR",22106,"<40 cm",171,250,0.684
"E2","V2CUR",22106,"40-80 cm",11,250,0.044
"E2","V2CUR",22106,"80-120 cm",7,250,0.028
"E2","V2CUR",22106,"120-160 cm",6,250,0.024
"E2","V2CUR",22106,"160-200 cm",13,250,0.052
"E2","V2CUR",22106,">200 cm",42,250,0.168
"E2","V2CUR",22107,"<40 cm",184,250,0.736
"E2","V2CUR",22107,"40-80 cm",10,250,0.04
"E2","V2CUR",22107,"80-120 cm",2,250,0.008
"E2","V2CUR",22107,"120-160 cm",2,250,0.008
"E2","V2CUR",22107,"160-200 cm",6,250,0.024
"E2","V2CUR",22107,">200 cm",46,250,0.184
"E2","V2CUR",22108,"<40 cm",186,250,0.744
"E2","V2CUR",22108,"40-80 cm",13,250,0.052
"E2","V2CUR",22108,"80-120 cm",3,250,0.012
"E2","V2CUR",22108,"120-160 cm",7,250,0.028
"E2","V2CUR",22108,"160-200 cm",6,250,0.024
"E2","V2CUR",22108,">200 cm",35,250,0.14
"E2","V2CUR",22109,"<40 cm",187,250,0.748
"E2","V2CUR",22109,"40-80 cm",9,250,0.036
"E2","V2CUR",22109,"80-120 cm",5,250,0.02
"E2","V2CUR",22109,"120-160 cm",7,250,0.028
"E2","V2CUR",22109,"160-200 cm",7,250,0.028
"E2","V2CUR",22109,">200 cm",35,250,0.14
"E2","V2CUR",22110,"<40 cm",170,250,0.68
"E2","V2CUR",22110,"40-80 cm",12,250,0.048
"E2","V2CUR",22110,"80-120 cm",3,250,0.012
"E2","V2CUR",22110,"120-160 cm",7,250,0.028
"E2","V2CUR",22110,"160-200 cm",3,250,0.012
"E2","V2CUR",22110,">200 cm",55,250,0.22
"E2","V2CUR",23101,"<40 cm",190,250,0.76
"E2","V2CUR",23101,"40-80 cm",4,250,0.016
"E2","V2CUR",23101,"80-120 cm",4,250,0.016
"E2","V2CUR",23101,"120-160 cm",6,250,0.024
"E2","V2CUR",23101,"160-200 cm",3,250,0.012
"E2","V2CUR",23101,">200 cm",43,250,0.172
"E2","V2CUR",23102,"<40 cm",179,250,0.716
"E2","V2CUR",23102,"40-80 cm",2,250,0.008
"E2","V2CUR",23102,"80-120 cm",5,250,0.02
"E2","V2CUR",23102,"120-160 cm",6,250,0.024
"E2","V2CUR",23102,"160-200 cm",2,250,0.008
"E2","V2CUR",23102,">200 cm",56,250,0.224
"E2","V2CUR",23103,"<40 cm",185,250,0.74
"E2","V2CUR",23103,"40-80 cm",7,250,0.028
"E2","V2CUR",23103,"80-120 cm",4,250,0.016
"E2","V2CUR",23103,"120-160 cm",7,250,0.028
"E2","V2CUR",23103,"160-200 cm",6,250,0.024
"E2","V2CUR",23103,">200 cm",41,250,0.164
"E2","V2CUR",23104,"<40 cm",180,250,0.72
"E2","V2CUR",23104,"40-80 cm",7,250,0.028
"E2","V2CUR",23104,"80-120 cm",7,250,0.028
"E2","V2CUR",23104,"120-160 cm",7,250,0.028
"E2","V2CUR",23104,"160-200 cm",3,250,0.012
"E2","V2CUR",23104,">200 cm",46,250,0.184
"E2","V2CUR",23105,"<40 cm",186,250,0.744
"E2","V2CUR",23105,"40-80 cm",5,250,0.02
"E2","V2CUR",23105,"80-120 cm",3,250,0.012
"E2","V2CUR",23105,"120-160 cm",4,250,0.016
"E2","V2CUR",23105,"160-200 cm",2,250,0.008
"E2","V2CUR",23105,">200 cm",50,250,0.2
"E2","V2CUR",23106,"<40 cm",174,250,0.696
"E2","V2CUR",23106,"40-80 cm",9,250,0.036
"E2","V2CUR",23106,"80-120 cm",5,250,0.02
"E2","V2CUR",23106,"120-160 cm",4,250,0.016
"E2","V2CUR",23106,"160-200 cm",5,250,0.02
"E2","V2CUR",23106,">200 cm",53,250,0.212
"E2","V2CUR",23107,"<40 cm",189,250,0.756
"E2","V2CUR",23107,"40-80 cm",4,250,0.016
"E2","V2CUR",23107,"80-120 cm",1,250,0.004
"E2","V2CUR",23107,"120-160 cm",3,250,0.012
"E2","V2CUR",23107,"160-200 cm",2,250,0.008
"E2","V2CUR",23107,">200 cm",51,250,0.204
"E2","V2CUR",23108,"<40 cm",198,250,0.792
"E2","V2CUR",23108,"40-80 cm",1,250,0.004
"E2","V2CUR",23108,"80-120 cm",2,250,0.008
"E2","V2CUR",23108,"120-160 cm",5,250,0.02
"E2","V2CUR",23108,"160-200 cm",5,250,0.02
"E2","V2CUR",23108,">200 cm",39,250,0.156
"E2","V2CUR",23109,"<40 cm",191,250,0.764
"E2","V2CUR",23109,"40-80 cm",5,250,0.02
"E2","V2CUR",23109,"80-120 cm",5,250,0.02
"E2","V2CUR",23109,"120-160 cm",5,250,0.02
"E2","V2CUR",23109,"160-200 cm",3,250,0.012
"E2","V2CUR",23109,">200 cm",41,250,0.164
"E2","V2CUR",23110,"<40 cm",177,250,0.708
"E2","V2CUR",23110,"40-80 cm",4,250,0.016
"E2","V2CUR",23110,"80-120 cm",4,250,0.016
"E2","V2CUR",23110,"120-160 cm",5,250,0.02
"E2","V2CUR",23110,"160-200 cm",1,250,0.004
"E2","V2CUR",23110,">200 cm",59,250,0.236
"E2","V2CUR",24101,"<40 cm",181,250,0.724
"E2","V2CUR",24101,"40-80 cm",18,250,0.072
"E2","V2CUR",24101,"80-120 cm",3,250,0.012
"E2","V2CUR",24101,"120-160 cm",5,250,0.02
"E2","V2CUR",24101,"160-200 cm",7,250,0.028
"E2","V2CUR",24101,">200 cm",36,250,0.144
"E2","V2CUR",24102,"<40 cm",160,250,0.64
"E2","V2CUR",24102,"40-80 cm",21,250,0.084
"E2","V2CUR",24102,"80-120 cm",6,250,0.024
"E2","V2CUR",24102,"120-160 cm",5,250,0.02
"E2","V2CUR",24102,"160-200 cm",5,250,0.02
"E2","V2CUR",24102,">200 cm",53,250,0.212
"E2","V2CUR",24103,"<40 cm",167,250,0.668
"E2","V2CUR",24103,"40-80 cm",27,250,0.108
"E2","V2CUR",24103,"80-120 cm",4,250,0.016
"E2","V2CUR",24103,"120-160 cm",11,250,0.044
"E2","V2CUR",24103,"160-200 cm",6,250,0.024
"E2","V2CUR",24103,">200 cm",35,250,0.14
"E2","V2CUR",24104,"<40 cm",170,250,0.68
"E2","V2CUR",24104,"40-80 cm",20,250,0.08
"E2","V2CUR",24104,"80-120 cm",6,250,0.024
"E2","V2CUR",24104,"120-160 cm",9,250,0.036
"E2","V2CUR",24104,"160-200 cm",7,250,0.028
"E2","V2CUR",24104,">200 cm",38,250,0.152
"E2","V2CUR",24105,"<40 cm",169,250,0.676
"E2","V2CUR",24105,"40-80 cm",23,250,0.092
"E2","V2CUR",24105,"80-120 cm",1,250,0.004
"E2","V2CUR",24105,"120-160 cm",4,250,0.016
"E2","V2CUR",24105,"160-200 cm",9,250,0.036
"E2","V2CUR",24105,">200 cm",44,250,0.176
"E2","V2CUR",24106,"<40 cm",167,250,0.668
"E2","V2CUR",24106,"40-80 cm",19,250,0.076
"E2","V2CUR",24106,"80-120 cm",6,250,0.024
"E2","V2CUR",24106,"120-160 cm",6,250,0.024
"E2","V2CUR",24106,"160-200 cm",10,250,0.04
"E2","V2CUR",24106,">200 cm",42,250,0.168
"E2","V2CUR",24107,"<40 cm",181,250,0.724
"E2","V2CUR",24107,"40-80 cm",15,250,0.06
"E2","V2CUR",24107,"80-120 cm",3,250,0.012
"E2","V2CUR",24107,"120-160 cm",6,250,0.024
"E2","V2CUR",24107,"160-200 cm",9,250,0.036
"E2","V2CUR",24107,">200 cm",36,250,0.144
"E2","V2CUR",24108,"<40 cm",177,250,0.708
"E2","V2CUR",24108,"40-80 cm",25,250,0.1
"E2","V2CUR",24108,"80-120 cm",4,250,0.016
"E2","V2CUR",24108,"120-160 cm",5,250,0.02
"E2","V2CUR",24108,"160-200 cm",6,250,0.024
"E2","V2CUR",24108,">200 cm",33,250,0.132
"E2","V2CUR",24109,"<40 cm",178,250,0.712
"E2","V2CUR",24109,"40-80 cm",20,250,0.08
"E2","V2CUR",24109,"80-120 cm",6,250,0.024
"E2","V2CUR",24109,"120-160 cm",5,250,0.02
"E2","V2CUR",24109,"160-200 cm",8,250,0.032
"E2","V2CUR",24109,">200 cm",33,250,0.132
"E2","V2CUR",24110,"<40 cm",163,250,0.652
"E2","V2CUR",24110,"40-80 cm",21,250,0.084
"E2","V2CUR",24110,"80-120 cm",7,250,0.028
"E2","V2CUR",24110,"120-160 cm",7,250,0.028
"E2","V2CUR",24110,"160-200 cm",8,250,0.032
"E2","V2CUR",24110,">200 cm",44,250,0.176
"E2","V2CUR",25101,"<40 cm",190,250,0.76
"E2","V2CUR",25101,"40-80 cm",8,250,0.032
"E2","V2CUR",25101,"80-120 cm",4,250,0.016
"E2","V2CUR",25101,"120-160 cm",5,250,0.02
"E2","V2CUR",25101,"160-200 cm",4,250,0.016
"E2","V2CUR",25101,">200 cm",39,250,0.156
"E2","V2CUR",25102,"<40 cm",175,250,0.7
"E2","V2CUR",25102,"40-80 cm",4,250,0.016
"E2","V2CUR",25102,"80-120 cm",6,250,0.024
"E2","V2CUR",25102,"120-160 cm",5,250,0.02
"E2","V2CUR",25102,"160-200 cm",4,250,0.016
"E2","V2CUR",25102,">200 cm",56,250,0.224
"E2","V2CUR",25103,"<40 cm",181,250,0.724
"E2","V2CUR",25103,"40-80 cm",9,250,0.036
"E2","V2CUR",25103,"80-120 cm",4,250,0.016
"E2","V2CUR",25103,"120-160 cm",8,250,0.032
"E2","V2CUR",25103,"160-200 cm",7,250,0.028
"E2","V2CUR",25103,">200 cm",41,250,0.164
"E2","V2CUR",25104,"<40 cm",176,250,0.704
"E2","V2CUR",25104,"40-80 cm",9,250,0.036
"E2","V2CUR",25104,"80-120 cm",6,250,0.024
"E2","V2CUR",25104,"120-160 cm",6,250,0.024
"E2","V2CUR",25104,"160-200 cm",3,250,0.012
"E2","V2CUR",25104,">200 cm",50,250,0.2
"E2","V2CUR",25105,"<40 cm",183,250,0.732
"E2","V2CUR",25105,"40-80 cm",6,250,0.024
"E2","V2CUR",25105,"80-120 cm",3,250,0.012
"E2","V2CUR",25105,"120-160 cm",5,250,0.02
"E2","V2CUR",25105,"160-200 cm",2,250,0.008
"E2","V2CUR",25105,">200 cm",51,250,0.204
"E2","V2CUR",25106,"<40 cm",175,250,0.7
"E2","V2CUR",25106,"40-80 cm",4,250,0.016
"E2","V2CUR",25106,"80-120 cm",6,250,0.024
"E2","V2CUR",25106,"120-160 cm",9,250,0.036
"E2","V2CUR",25106,"160-200 cm",6,250,0.024
"E2","V2CUR",25106,">200 cm",50,250,0.2
"E2","V2CUR",25107,"<40 cm",190,250,0.76
"E2","V2CUR",25107,"40-80 cm",4,250,0.016
"E2","V2CUR",25107,"80-120 cm",1,250,0.004
"E2","V2CUR",25107,"120-160 cm",2,250,0.008
"E2","V2CUR",25107,"160-200 cm",5,250,0.02
"E2","V2CUR",25107,">200 cm",48,250,0.192
"E2","V2CUR",25108,"<40 cm",193,250,0.772
"E2","V2CUR",25108,"40-80 cm",4,250,0.016
"E2","V2CUR",25108,"80-120 cm",2,250,0.008
"E2","V2CUR",25108,"120-160 cm",7,250,0.028
"E2","V2CUR",25108,"160-200 cm",5,250,0.02
"E2","V2CUR",25108,">200 cm",39,250,0.156
"E2","V2CUR",25109,"<40 cm",186,250,0.744
"E2","V2CUR",25109,"40-80 cm",7,250,0.028
"E2","V2CUR",25109,"80-120 cm",6,250,0.024
"E2","V2CUR",25109,"120-160 cm",6,250,0.024
"E2","V2CUR",25109,"160-200 cm",5,250,0.02
"E2","V2CUR",25109,">200 cm",40,250,0.16
"E2","V2CUR",25110,"<40 cm",179,250,0.716
"E2","V2CUR",25110,"40-80 cm",3,250,0.012
"E2","V2CUR",25110,"80-120 cm",4,250,0.016
"E2","V2CUR",25110,"120-160 cm",5,250,0.02
"E2","V2CUR",25110,"160-200 cm",1,250,0.004
"E2","V2CUR",25110,">200 cm",58,250,0.232
"E2","V2CUR",26101,"<40 cm",127,250,0.508
"E2","V2CUR",26101,"40-80 cm",53,250,0.212
"E2","V2CUR",26101,"80-120 cm",5,250,0.02
"E2","V2CUR",26101,"120-160 cm",13,250,0.052
"E2","V2CUR",26101,"160-200 cm",11,250,0.044
"E2","V2CUR",26101,">200 cm",41,250,0.164
"E2","V2CUR",26102,"<40 cm",125,250,0.5
"E2","V2CUR",26102,"40-80 cm",38,250,0.152
"E2","V2CUR",26102,"80-120 cm",4,250,0.016
"E2","V2CUR",26102,"120-160 cm",13,250,0.052
"E2","V2CUR",26102,"160-200 cm",14,250,0.056
"E2","V2CUR",26102,">200 cm",56,250,0.224
"E2","V2CUR",26103,"<40 cm",119,250,0.476
"E2","V2CUR",26103,"40-80 cm",52,250,0.208
"E2","V2CUR",26103,"80-120 cm",6,250,0.024
"E2","V2CUR",26103,"120-160 cm",21,250,0.084
"E2","V2CUR",26103,"160-200 cm",12,250,0.048
"E2","V2CUR",26103,">200 cm",40,250,0.16
"E2","V2CUR",26104,"<40 cm",124,250,0.496
"E2","V2CUR",26104,"40-80 cm",54,250,0.216
"E2","V2CUR",26104,"80-120 cm",7,250,0.028
"E2","V2CUR",26104,"120-160 cm",9,250,0.036
"E2","V2CUR",26104,"160-200 cm",11,250,0.044
"E2","V2CUR",26104,">200 cm",45,250,0.18
"E2","V2CUR",26105,"<40 cm",125,250,0.5
"E2","V2CUR",26105,"40-80 cm",48,250,0.192
"E2","V2CUR",26105,"80-120 cm",2,250,0.008
"E2","V2CUR",26105,"120-160 cm",14,250,0.056
"E2","V2CUR",26105,"160-200 cm",9,250,0.036
"E2","V2CUR",26105,">200 cm",52,250,0.208
"E2","V2CUR",26106,"<40 cm",118,250,0.472
"E2","V2CUR",26106,"40-80 cm",49,250,0.196
"E2","V2CUR",26106,"80-120 cm",7,250,0.028
"E2","V2CUR",26106,"120-160 cm",17,250,0.068
"E2","V2CUR",26106,"160-200 cm",11,250,0.044
"E2","V2CUR",26106,">200 cm",48,250,0.192
"E2","V2CUR",26107,"<40 cm",131,250,0.524
"E2","V2CUR",26107,"40-80 cm",48,250,0.192
"E2","V2CUR",26107,"80-120 cm",3,250,0.012
"E2","V2CUR",26107,"120-160 cm",9,250,0.036
"E2","V2CUR",26107,"160-200 cm",8,250,0.032
"E2","V2CUR",26107,">200 cm",51,250,0.204
"E2","V2CUR",26108,"<40 cm",134,250,0.536
"E2","V2CUR",26108,"40-80 cm",50,250,0.2
"E2","V2CUR",26108,"80-120 cm",2,250,0.008
"E2","V2CUR",26108,"120-160 cm",17,250,0.068
"E2","V2CUR",26108,"160-200 cm",10,250,0.04
"E2","V2CUR",26108,">200 cm",37,250,0.148
"E2","V2CUR",26109,"<40 cm",129,250,0.516
"E2","V2CUR",26109,"40-80 cm",52,250,0.208
"E2","V2CUR",26109,"80-120 cm",5,250,0.02
"E2","V2CUR",26109,"120-160 cm",7,250,0.028
"E2","V2CUR",26109,"160-200 cm",10,250,0.04
"E2","V2CUR",26109,">200 cm",47,250,0.188
"E2","V2CUR",26110,"<40 cm",121,250,0.484
"E2","V2CUR",26110,"40-80 cm",43,250,0.172
"E2","V2CUR",26110,"80-120 cm",6,250,0.024
"E2","V2CUR",26110,"120-160 cm",15,250,0.06
"E2","V2CUR",26110,"160-200 cm",12,250,0.048
"E2","V2CUR",26110,">200 cm",53,250,0.212
"E2","V2CUR",27101,"<40 cm",185,250,0.74
"E2","V2CUR",27101,"40-80 cm",6,250,0.024
"E2","V2CUR",27101,"80-120 cm",6,250,0.024
"E2","V2CUR",27101,"120-160 cm",7,250,0.028
"E2","V2CUR",27101,"160-200 cm",4,250,0.016
"E2","V2CUR",27101,">200 cm",42,250,0.168
"E2","V2CUR",27102,"<40 cm",172,250,0.688
"E2","V2CUR",27102,"40-80 cm",0,250,0
"E2","V2CUR",27102,"80-120 cm",9,250,0.036
"E2","V2CUR",27102,"120-160 cm",6,250,0.024
"E2","V2CUR",27102,"160-200 cm",5,250,0.02
"E2","V2CUR",27102,">200 cm",58,250,0.232
"E2","V2CUR",27103,"<40 cm",181,250,0.724
"E2","V2CUR",27103,"40-80 cm",5,250,0.02
"E2","V2CUR",27103,"80-120 cm",7,250,0.028
"E2","V2CUR",27103,"120-160 cm",9,250,0.036
"E2","V2CUR",27103,"160-200 cm",5,250,0.02
"E2","V2CUR",27103,">200 cm",43,250,0.172
"E2","V2CUR",27104,"<40 cm",179,250,0.716
"E2","V2CUR",27104,"40-80 cm",8,250,0.032
"E2","V2CUR",27104,"80-120 cm",5,250,0.02
"E2","V2CUR",27104,"120-160 cm",5,250,0.02
"E2","V2CUR",27104,"160-200 cm",4,250,0.016
"E2","V2CUR",27104,">200 cm",49,250,0.196
"E2","V2CUR",27105,"<40 cm",183,250,0.732
"E2","V2CUR",27105,"40-80 cm",4,250,0.016
"E2","V2CUR",27105,"80-120 cm",5,250,0.02
"E2","V2CUR",27105,"120-160 cm",3,250,0.012
"E2","V2CUR",27105,"160-200 cm",4,250,0.016
"E2","V2CUR",27105,">200 cm",51,250,0.204
"E2","V2CUR",27106,"<40 cm",174,250,0.696
"E2","V2CUR",27106,"40-80 cm",5,250,0.02
"E2","V2CUR",27106,"80-120 cm",10,250,0.04
"E2","V2CUR",27106,"120-160 cm",5,250,0.02
"E2","V2CUR",27106,"160-200 cm",6,250,0.024
"E2","V2CUR",27106,">200 cm",50,250,0.2
"E2","V2CUR",27107,"<40 cm",186,250,0.744
"E2","V2CUR",27107,"40-80 cm",2,250,0.008
"E2","V2CUR",27107,"80-120 cm",4,250,0.016
"E2","V2CUR",27107,"120-160 cm",4,250,0.016
"E2","V2CUR",27107,"160-200 cm",5,250,0.02
"E2","V2CUR",27107,">200 cm",49,250,0.196
"E2","V2CUR",27108,"<40 cm",196,250,0.784
"E2","V2CUR",27108,"40-80 cm",1,250,0.004
"E2","V2CUR",27108,"80-120 cm",5,250,0.02
"E2","V2CUR",27108,"120-160 cm",6,250,0.024
"E2","V2CUR",27108,"160-200 cm",5,250,0.02
"E2","V2CUR",27108,">200 cm",37,250,0.148
"E2","V2CUR",27109,"<40 cm",186,250,0.744
"E2","V2CUR",27109,"40-80 cm",4,250,0.016
"E2","V2CUR",27109,"80-120 cm",9,250,0.036
"E2","V2CUR",27109,"120-160 cm",4,250,0.016
"E2","V2CUR",27109,"160-200 cm",5,250,0.02
"E2","V2CUR",27109,">200 cm",42,250,0.168
"E2","V2CUR",27110,"<40 cm",171,250,0.684
"E2","V2CUR",27110,"40-80 cm",3,250,0.012
"E2","V2CUR",27110,"80-120 cm",9,250,0.036
"E2","V2CUR",27110,"120-160 cm",3,250,0.012
"E2","V2CUR",27110,"160-200 cm",3,250,0.012
"E2","V2CUR",27110,">200 cm",61,250,0.244
"E2","V2CUR",28101,"<40 cm",186,250,0.744
"E2","V2CUR",28101,"40-80 cm",12,250,0.048
"E2","V2CUR",28101,"80-120 cm",3,250,0.012
"E2","V2CUR",28101,"120-160 cm",5,250,0.02
"E2","V2CUR",28101,"160-200 cm",1,250,0.004
"E2","V2CUR",28101,">200 cm",43,250,0.172
"E2","V2CUR",28102,"<40 cm",168,250,0.672
"E2","V2CUR",28102,"40-80 cm",10,250,0.04
"E2","V2CUR",28102,"80-120 cm",5,250,0.02
"E2","V2CUR",28102,"120-160 cm",5,250,0.02
"E2","V2CUR",28102,"160-200 cm",7,250,0.028
"E2","V2CUR",28102,">200 cm",55,250,0.22
"E2","V2CUR",28103,"<40 cm",178,250,0.712
"E2","V2CUR",28103,"40-80 cm",11,250,0.044
"E2","V2CUR",28103,"80-120 cm",6,250,0.024
"E2","V2CUR",28103,"120-160 cm",8,250,0.032
"E2","V2CUR",28103,"160-200 cm",6,250,0.024
"E2","V2CUR",28103,">200 cm",41,250,0.164
"E2","V2CUR",28104,"<40 cm",177,250,0.708
"E2","V2CUR",28104,"40-80 cm",14,250,0.056
"E2","V2CUR",28104,"80-120 cm",4,250,0.016
"E2","V2CUR",28104,"120-160 cm",6,250,0.024
"E2","V2CUR",28104,"160-200 cm",3,250,0.012
"E2","V2CUR",28104,">200 cm",46,250,0.184
"E2","V2CUR",28105,"<40 cm",179,250,0.716
"E2","V2CUR",28105,"40-80 cm",12,250,0.048
"E2","V2CUR",28105,"80-120 cm",2,250,0.008
"E2","V2CUR",28105,"120-160 cm",3,250,0.012
"E2","V2CUR",28105,"160-200 cm",3,250,0.012
"E2","V2CUR",28105,">200 cm",51,250,0.204
"E2","V2CUR",28106,"<40 cm",178,250,0.712
"E2","V2CUR",28106,"40-80 cm",10,250,0.04
"E2","V2CUR",28106,"80-120 cm",5,250,0.02
"E2","V2CUR",28106,"120-160 cm",4,250,0.016
"E2","V2CUR",28106,"160-200 cm",5,250,0.02
"E2","V2CUR",28106,">200 cm",48,250,0.192
"E2","V2CUR",28107,"<40 cm",183,250,0.732
"E2","V2CUR",28107,"40-80 cm",13,250,0.052
"E2","V2CUR",28107,"80-120 cm",2,250,0.008
"E2","V2CUR",28107,"120-160 cm",4,250,0.016
"E2","V2CUR",28107,"160-200 cm",2,250,0.008
"E2","V2CUR",28107,">200 cm",46,250,0.184
"E2","V2CUR",28108,"<40 cm",191,250,0.764
"E2","V2CUR",28108,"40-80 cm",11,250,0.044
"E2","V2CUR",28108,"80-120 cm",1,250,0.004
"E2","V2CUR",28108,"120-160 cm",5,250,0.02
"E2","V2CUR",28108,"160-200 cm",4,250,0.016
"E2","V2CUR",28108,">200 cm",38,250,0.152
"E2","V2CUR",28109,"<40 cm",192,250,0.768
"E2","V2CUR",28109,"40-80 cm",10,250,0.04
"E2","V2CUR",28109,"80-120 cm",3,250,0.012
"E2","V2CUR",28109,"120-160 cm",4,250,0.016
"E2","V2CUR",28109,"160-200 cm",4,250,0.016
"E2","V2CUR",28109,">200 cm",37,250,0.148
"E2","V2CUR",28110,"<40 cm",170,250,0.68
"E2","V2CUR",28110,"40-80 cm",9,250,0.036
"E2","V2CUR",28110,"80-120 cm",5,250,0.02
"E2","V2CUR",28110,"120-160 cm",5,250,0.02
"E2","V2CUR",28110,"160-200 cm",1,250,0.004
"E2","V2CUR",28110,">200 cm",60,250,0.24
"E2","V2CUR",29101,"<40 cm",185,250,0.74
"E2","V2CUR",29101,"40-80 cm",5,250,0.02
"E2","V2CUR",29101,"80-120 cm",3,250,0.012
"E2","V2CUR",29101,"120-160 cm",5,250,0.02
"E2","V2CUR",29101,"160-200 cm",2,250,0.008
"E2","V2CUR",29101,">200 cm",50,250,0.2
"E2","V2CUR",29102,"<40 cm",171,250,0.684
"E2","V2CUR",29102,"40-80 cm",1,250,0.004
"E2","V2CUR",29102,"80-120 cm",5,250,0.02
"E2","V2CUR",29102,"120-160 cm",4,250,0.016
"E2","V2CUR",29102,"160-200 cm",6,250,0.024
"E2","V2CUR",29102,">200 cm",63,250,0.252
"E2","V2CUR",29103,"<40 cm",185,250,0.74
"E2","V2CUR",29103,"40-80 cm",3,250,0.012
"E2","V2CUR",29103,"80-120 cm",3,250,0.012
"E2","V2CUR",29103,"120-160 cm",8,250,0.032
"E2","V2CUR",29103,"160-200 cm",5,250,0.02
"E2","V2CUR",29103,">200 cm",46,250,0.184
"E2","V2CUR",29104,"<40 cm",176,250,0.704
"E2","V2CUR",29104,"40-80 cm",6,250,0.024
"E2","V2CUR",29104,"80-120 cm",5,250,0.02
"E2","V2CUR",29104,"120-160 cm",5,250,0.02
"E2","V2CUR",29104,"160-200 cm",2,250,0.008
"E2","V2CUR",29104,">200 cm",56,250,0.224
"E2","V2CUR",29105,"<40 cm",184,250,0.736
"E2","V2CUR",29105,"40-80 cm",3,250,0.012
"E2","V2CUR",29105,"80-120 cm",2,250,0.008
"E2","V2CUR",29105,"120-160 cm",3,250,0.012
"E2","V2CUR",29105,"160-200 cm",2,250,0.008
"E2","V2CUR",29105,">200 cm",56,250,0.224
"E2","V2CUR",29106,"<40 cm",175,250,0.7
"E2","V2CUR",29106,"40-80 cm",4,250,0.016
"E2","V2CUR",29106,"80-120 cm",7,250,0.028
"E2","V2CUR",29106,"120-160 cm",3,250,0.012
"E2","V2CUR",29106,"160-200 cm",5,250,0.02
"E2","V2CUR",29106,">200 cm",56,250,0.224
"E2","V2CUR",29107,"<40 cm",184,250,0.736
"E2","V2CUR",29107,"40-80 cm",4,250,0.016
"E2","V2CUR",29107,"80-120 cm",1,250,0.004
"E2","V2CUR",29107,"120-160 cm",1,250,0.004
"E2","V2CUR",29107,"160-200 cm",3,250,0.012
"E2","V2CUR",29107,">200 cm",57,250,0.228
"E2","V2CUR",29108,"<40 cm",191,250,0.764
"E2","V2CUR",29108,"40-80 cm",1,250,0.004
"E2","V2CUR",29108,"80-120 cm",1,250,0.004
"E2","V2CUR",29108,"120-160 cm",7,250,0.028
"E2","V2CUR",29108,"160-200 cm",4,250,0.016
"E2","V2CUR",29108,">200 cm",46,250,0.184
"E2","V2CUR",29109,"<40 cm",187,250,0.748
"E2","V2CUR",29109,"40-80 cm",4,250,0.016
"E2","V2CUR",29109,"80-120 cm",5,250,0.02
"E2","V2CUR",29109,"120-160 cm",4,250,0.016
"E2","V2CUR",29109,"160-200 cm",3,250,0.012
"E2","V2CUR",29109,">200 cm",47,250,0.188
"E2","V2CUR",29110,"<40 cm",172,250,0.688
"E2","V2CUR",29110,"40-80 cm",3,250,0.012
"E2","V2CUR",29110,"80-120 cm",4,250,0.016
"E2","V2CUR",29110,"120-160 cm",4,250,0.016
"E2","V2CUR",29110,"160-200 cm",1,250,0.004
"E2","V2CUR",29110,">200 cm",66,250,0.264
"E2","V2CUR",30101,"<40 cm",190,250,0.76
"E2","V2CUR",30101,"40-80 cm",11,250,0.044
"E2","V2CUR",30101,"80-120 cm",5,250,0.02
"E2","V2CUR",30101,"120-160 cm",3,250,0.012
"E2","V2CUR",30101,"160-200 cm",9,250,0.036
"E2","V2CUR",30101,">200 cm",32,250,0.128
"E2","V2CUR",30102,"<40 cm",192,250,0.768
"E2","V2CUR",30102,"40-80 cm",3,250,0.012
"E2","V2CUR",30102,"80-120 cm",3,250,0.012
"E2","V2CUR",30102,"120-160 cm",4,250,0.016
"E2","V2CUR",30102,"160-200 cm",11,250,0.044
"E2","V2CUR",30102,">200 cm",37,250,0.148
"E2","V2CUR",30103,"<40 cm",197,250,0.788
"E2","V2CUR",30103,"40-80 cm",7,250,0.028
"E2","V2CUR",30103,"80-120 cm",6,250,0.024
"E2","V2CUR",30103,"120-160 cm",4,250,0.016
"E2","V2CUR",30103,"160-200 cm",8,250,0.032
"E2","V2CUR",30103,">200 cm",28,250,0.112
"E2","V2CUR",30104,"<40 cm",189,250,0.756
"E2","V2CUR",30104,"40-80 cm",10,250,0.04
"E2","V2CUR",30104,"80-120 cm",3,250,0.012
"E2","V2CUR",30104,"120-160 cm",3,250,0.012
"E2","V2CUR",30104,"160-200 cm",12,250,0.048
"E2","V2CUR",30104,">200 cm",33,250,0.132
"E2","V2CUR",30105,"<40 cm",193,250,0.772
"E2","V2CUR",30105,"40-80 cm",6,250,0.024
"E2","V2CUR",30105,"80-120 cm",2,250,0.008
"E2","V2CUR",30105,"120-160 cm",4,250,0.016
"E2","V2CUR",30105,"160-200 cm",8,250,0.032
"E2","V2CUR",30105,">200 cm",37,250,0.148
"E2","V2CUR",30106,"<40 cm",189,250,0.756
"E2","V2CUR",30106,"40-80 cm",7,250,0.028
"E2","V2CUR",30106,"80-120 cm",4,250,0.016
"E2","V2CUR",30106,"120-160 cm",5,250,0.02
"E2","V2CUR",30106,"160-200 cm",11,250,0.044
"E2","V2CUR",30106,">200 cm",34,250,0.136
"E2","V2CUR",30107,"<40 cm",196,250,0.784
"E2","V2CUR",30107,"40-80 cm",8,250,0.032
"E2","V2CUR",30107,"80-120 cm",1,250,0.004
"E2","V2CUR",30107,"120-160 cm",2,250,0.008
"E2","V2CUR",30107,"160-200 cm",7,250,0.028
"E2","V2CUR",30107,">200 cm",36,250,0.144
"E2","V2CUR",30108,"<40 cm",205,250,0.82
"E2","V2CUR",30108,"40-80 cm",5,250,0.02
"E2","V2CUR",30108,"80-120 cm",5,250,0.02
"E2","V2CUR",30108,"120-160 cm",6,250,0.024
"E2","V2CUR",30108,"160-200 cm",4,250,0.016
"E2","V2CUR",30108,">200 cm",25,250,0.1
"E2","V2CUR",30109,"<40 cm",198,250,0.792
"E2","V2CUR",30109,"40-80 cm",6,250,0.024
"E2","V2CUR",30109,"80-120 cm",7,250,0.028
"E2","V2CUR",30109,"120-160 cm",4,250,0.016
"E2","V2CUR",30109,"160-200 cm",8,250,0.032
"E2","V2CUR",30109,">200 cm",27,250,0.108
"E2","V2CUR",30110,"<40 cm",188,250,0.752
"E2","V2CUR",30110,"40-80 cm",7,250,0.028
"E2","V2CUR",30110,"80-120 cm",2,250,0.008
"E2","V2CUR",30110,"120-160 cm",3,250,0.012
"E2","V2CUR",30110,"160-200 cm",8,250,0.032
"E2","V2CUR",30110,">200 cm",42,250,0.168
"E2","V2D",1101,"<40 cm",90,125,0.72
"E2","V2D",1101,"40-80 cm",8,125,0.064
"E2","V2D",1101,"80-120 cm",1,125,0.008
"E2","V2D",1101,"120-160 cm",4,125,0.032
"E2","V2D",1101,"160-200 cm",2,125,0.016
"E2","V2D",1101,">200 cm",20,125,0.16
"E2","V2D",1102,"<40 cm",87,125,0.696
"E2","V2D",1102,"40-80 cm",4,125,0.032
"E2","V2D",1102,"80-120 cm",1,125,0.008
"E2","V2D",1102,"120-160 cm",3,125,0.024
"E2","V2D",1102,"160-200 cm",2,125,0.016
"E2","V2D",1102,">200 cm",28,125,0.224
"E2","V2D",1103,"<40 cm",85,125,0.68
"E2","V2D",1103,"40-80 cm",10,125,0.08
"E2","V2D",1103,"80-120 cm",2,125,0.016
"E2","V2D",1103,"120-160 cm",7,125,0.056
"E2","V2D",1103,"160-200 cm",4,125,0.032
"E2","V2D",1103,">200 cm",17,125,0.136
"E2","V2D",1104,"<40 cm",0,0,NA
"E2","V2D",1104,"40-80 cm",0,0,NA
"E2","V2D",1104,"80-120 cm",0,0,NA
"E2","V2D",1104,"120-160 cm",0,0,NA
"E2","V2D",1104,"160-200 cm",0,0,NA
"E2","V2D",1104,">200 cm",0,0,NA
"E2","V2D",1105,"<40 cm",0,0,NA
"E2","V2D",1105,"40-80 cm",0,0,NA
"E2","V2D",1105,"80-120 cm",0,0,NA
"E2","V2D",1105,"120-160 cm",0,0,NA
"E2","V2D",1105,"160-200 cm",0,0,NA
"E2","V2D",1105,">200 cm",0,0,NA
"E2","V2D",1106,"<40 cm",0,0,NA
"E2","V2D",1106,"40-80 cm",0,0,NA
"E2","V2D",1106,"80-120 cm",0,0,NA
"E2","V2D",1106,"120-160 cm",0,0,NA
"E2","V2D",1106,"160-200 cm",0,0,NA
"E2","V2D",1106,">200 cm",0,0,NA
"E2","V2D",1107,"<40 cm",0,0,NA
"E2","V2D",1107,"40-80 cm",0,0,NA
"E2","V2D",1107,"80-120 cm",0,0,NA
"E2","V2D",1107,"120-160 cm",0,0,NA
"E2","V2D",1107,"160-200 cm",0,0,NA
"E2","V2D",1107,">200 cm",0,0,NA
"E2","V2D",1108,"<40 cm",0,0,NA
"E2","V2D",1108,"40-80 cm",0,0,NA
"E2","V2D",1108,"80-120 cm",0,0,NA
"E2","V2D",1108,"120-160 cm",0,0,NA
"E2","V2D",1108,"160-200 cm",0,0,NA
"E2","V2D",1108,">200 cm",0,0,NA
"E2","V2D",1109,"<40 cm",0,0,NA
"E2","V2D",1109,"40-80 cm",0,0,NA
"E2","V2D",1109,"80-120 cm",0,0,NA
"E2","V2D",1109,"120-160 cm",0,0,NA
"E2","V2D",1109,"160-200 cm",0,0,NA
"E2","V2D",1109,">200 cm",0,0,NA
"E2","V2D",1110,"<40 cm",0,0,NA
"E2","V2D",1110,"40-80 cm",0,0,NA
"E2","V2D",1110,"80-120 cm",0,0,NA
"E2","V2D",1110,"120-160 cm",0,0,NA
"E2","V2D",1110,"160-200 cm",0,0,NA
"E2","V2D",1110,">200 cm",0,0,NA
"E2","V2D",2101,"<40 cm",104,125,0.832
"E2","V2D",2101,"40-80 cm",2,125,0.016
"E2","V2D",2101,"80-120 cm",0,125,0
"E2","V2D",2101,"120-160 cm",3,125,0.024
"E2","V2D",2101,"160-200 cm",5,125,0.04
"E2","V2D",2101,">200 cm",11,125,0.088
"E2","V2D",2102,"<40 cm",94,125,0.752
"E2","V2D",2102,"40-80 cm",0,125,0
"E2","V2D",2102,"80-120 cm",3,125,0.024
"E2","V2D",2102,"120-160 cm",4,125,0.032
"E2","V2D",2102,"160-200 cm",5,125,0.04
"E2","V2D",2102,">200 cm",19,125,0.152
"E2","V2D",2103,"<40 cm",98,125,0.784
"E2","V2D",2103,"40-80 cm",2,125,0.016
"E2","V2D",2103,"80-120 cm",3,125,0.024
"E2","V2D",2103,"120-160 cm",6,125,0.048
"E2","V2D",2103,"160-200 cm",3,125,0.024
"E2","V2D",2103,">200 cm",13,125,0.104
"E2","V2D",2104,"<40 cm",0,0,NA
"E2","V2D",2104,"40-80 cm",0,0,NA
"E2","V2D",2104,"80-120 cm",0,0,NA
"E2","V2D",2104,"120-160 cm",0,0,NA
"E2","V2D",2104,"160-200 cm",0,0,NA
"E2","V2D",2104,">200 cm",0,0,NA
"E2","V2D",2105,"<40 cm",0,0,NA
"E2","V2D",2105,"40-80 cm",0,0,NA
"E2","V2D",2105,"80-120 cm",0,0,NA
"E2","V2D",2105,"120-160 cm",0,0,NA
"E2","V2D",2105,"160-200 cm",0,0,NA
"E2","V2D",2105,">200 cm",0,0,NA
"E2","V2D",2106,"<40 cm",0,0,NA
"E2","V2D",2106,"40-80 cm",0,0,NA
"E2","V2D",2106,"80-120 cm",0,0,NA
"E2","V2D",2106,"120-160 cm",0,0,NA
"E2","V2D",2106,"160-200 cm",0,0,NA
"E2","V2D",2106,">200 cm",0,0,NA
"E2","V2D",2107,"<40 cm",0,0,NA
"E2","V2D",2107,"40-80 cm",0,0,NA
"E2","V2D",2107,"80-120 cm",0,0,NA
"E2","V2D",2107,"120-160 cm",0,0,NA
"E2","V2D",2107,"160-200 cm",0,0,NA
"E2","V2D",2107,">200 cm",0,0,NA
"E2","V2D",2108,"<40 cm",0,0,NA
"E2","V2D",2108,"40-80 cm",0,0,NA
"E2","V2D",2108,"80-120 cm",0,0,NA
"E2","V2D",2108,"120-160 cm",0,0,NA
"E2","V2D",2108,"160-200 cm",0,0,NA
"E2","V2D",2108,">200 cm",0,0,NA
"E2","V2D",2109,"<40 cm",0,0,NA
"E2","V2D",2109,"40-80 cm",0,0,NA
"E2","V2D",2109,"80-120 cm",0,0,NA
"E2","V2D",2109,"120-160 cm",0,0,NA
"E2","V2D",2109,"160-200 cm",0,0,NA
"E2","V2D",2109,">200 cm",0,0,NA
"E2","V2D",2110,"<40 cm",0,0,NA
"E2","V2D",2110,"40-80 cm",0,0,NA
"E2","V2D",2110,"80-120 cm",0,0,NA
"E2","V2D",2110,"120-160 cm",0,0,NA
"E2","V2D",2110,"160-200 cm",0,0,NA
"E2","V2D",2110,">200 cm",0,0,NA
"E2","V2D",3101,"<40 cm",92,125,0.736
"E2","V2D",3101,"40-80 cm",4,125,0.032
"E2","V2D",3101,"80-120 cm",3,125,0.024
"E2","V2D",3101,"120-160 cm",4,125,0.032
"E2","V2D",3101,"160-200 cm",2,125,0.016
"E2","V2D",3101,">200 cm",20,125,0.16
"E2","V2D",3102,"<40 cm",91,125,0.728
"E2","V2D",3102,"40-80 cm",2,125,0.016
"E2","V2D",3102,"80-120 cm",1,125,0.008
"E2","V2D",3102,"120-160 cm",2,125,0.016
"E2","V2D",3102,"160-200 cm",3,125,0.024
"E2","V2D",3102,">200 cm",26,125,0.208
"E2","V2D",3103,"<40 cm",91,125,0.728
"E2","V2D",3103,"40-80 cm",5,125,0.04
"E2","V2D",3103,"80-120 cm",1,125,0.008
"E2","V2D",3103,"120-160 cm",6,125,0.048
"E2","V2D",3103,"160-200 cm",4,125,0.032
"E2","V2D",3103,">200 cm",18,125,0.144
"E2","V2D",3104,"<40 cm",0,0,NA
"E2","V2D",3104,"40-80 cm",0,0,NA
"E2","V2D",3104,"80-120 cm",0,0,NA
"E2","V2D",3104,"120-160 cm",0,0,NA
"E2","V2D",3104,"160-200 cm",0,0,NA
"E2","V2D",3104,">200 cm",0,0,NA
"E2","V2D",3105,"<40 cm",0,0,NA
"E2","V2D",3105,"40-80 cm",0,0,NA
"E2","V2D",3105,"80-120 cm",0,0,NA
"E2","V2D",3105,"120-160 cm",0,0,NA
"E2","V2D",3105,"160-200 cm",0,0,NA
"E2","V2D",3105,">200 cm",0,0,NA
"E2","V2D",3106,"<40 cm",0,0,NA
"E2","V2D",3106,"40-80 cm",0,0,NA
"E2","V2D",3106,"80-120 cm",0,0,NA
"E2","V2D",3106,"120-160 cm",0,0,NA
"E2","V2D",3106,"160-200 cm",0,0,NA
"E2","V2D",3106,">200 cm",0,0,NA
"E2","V2D",3107,"<40 cm",0,0,NA
"E2","V2D",3107,"40-80 cm",0,0,NA
"E2","V2D",3107,"80-120 cm",0,0,NA
"E2","V2D",3107,"120-160 cm",0,0,NA
"E2","V2D",3107,"160-200 cm",0,0,NA
"E2","V2D",3107,">200 cm",0,0,NA
"E2","V2D",3108,"<40 cm",0,0,NA
"E2","V2D",3108,"40-80 cm",0,0,NA
"E2","V2D",3108,"80-120 cm",0,0,NA
"E2","V2D",3108,"120-160 cm",0,0,NA
"E2","V2D",3108,"160-200 cm",0,0,NA
"E2","V2D",3108,">200 cm",0,0,NA
"E2","V2D",3109,"<40 cm",0,0,NA
"E2","V2D",3109,"40-80 cm",0,0,NA
"E2","V2D",3109,"80-120 cm",0,0,NA
"E2","V2D",3109,"120-160 cm",0,0,NA
"E2","V2D",3109,"160-200 cm",0,0,NA
"E2","V2D",3109,">200 cm",0,0,NA
"E2","V2D",3110,"<40 cm",0,0,NA
"E2","V2D",3110,"40-80 cm",0,0,NA
"E2","V2D",3110,"80-120 cm",0,0,NA
"E2","V2D",3110,"120-160 cm",0,0,NA
"E2","V2D",3110,"160-200 cm",0,0,NA
"E2","V2D",3110,">200 cm",0,0,NA
"E2","V2D",4101,"<40 cm",97,125,0.776
"E2","V2D",4101,"40-80 cm",2,125,0.016
"E2","V2D",4101,"80-120 cm",2,125,0.016
"E2","V2D",4101,"120-160 cm",6,125,0.048
"E2","V2D",4101,"160-200 cm",6,125,0.048
"E2","V2D",4101,">200 cm",12,125,0.096
"E2","V2D",4102,"<40 cm",93,125,0.744
"E2","V2D",4102,"40-80 cm",2,125,0.016
"E2","V2D",4102,"80-120 cm",0,125,0
"E2","V2D",4102,"120-160 cm",4,125,0.032
"E2","V2D",4102,"160-200 cm",6,125,0.048
"E2","V2D",4102,">200 cm",20,125,0.16
"E2","V2D",4103,"<40 cm",92,125,0.736
"E2","V2D",4103,"40-80 cm",5,125,0.04
"E2","V2D",4103,"80-120 cm",1,125,0.008
"E2","V2D",4103,"120-160 cm",8,125,0.064
"E2","V2D",4103,"160-200 cm",6,125,0.048
"E2","V2D",4103,">200 cm",13,125,0.104
"E2","V2D",4104,"<40 cm",0,0,NA
"E2","V2D",4104,"40-80 cm",0,0,NA
"E2","V2D",4104,"80-120 cm",0,0,NA
"E2","V2D",4104,"120-160 cm",0,0,NA
"E2","V2D",4104,"160-200 cm",0,0,NA
"E2","V2D",4104,">200 cm",0,0,NA
"E2","V2D",4105,"<40 cm",0,0,NA
"E2","V2D",4105,"40-80 cm",0,0,NA
"E2","V2D",4105,"80-120 cm",0,0,NA
"E2","V2D",4105,"120-160 cm",0,0,NA
"E2","V2D",4105,"160-200 cm",0,0,NA
"E2","V2D",4105,">200 cm",0,0,NA
"E2","V2D",4106,"<40 cm",0,0,NA
"E2","V2D",4106,"40-80 cm",0,0,NA
"E2","V2D",4106,"80-120 cm",0,0,NA
"E2","V2D",4106,"120-160 cm",0,0,NA
"E2","V2D",4106,"160-200 cm",0,0,NA
"E2","V2D",4106,">200 cm",0,0,NA
"E2","V2D",4107,"<40 cm",0,0,NA
"E2","V2D",4107,"40-80 cm",0,0,NA
"E2","V2D",4107,"80-120 cm",0,0,NA
"E2","V2D",4107,"120-160 cm",0,0,NA
"E2","V2D",4107,"160-200 cm",0,0,NA
"E2","V2D",4107,">200 cm",0,0,NA
"E2","V2D",4108,"<40 cm",0,0,NA
"E2","V2D",4108,"40-80 cm",0,0,NA
"E2","V2D",4108,"80-120 cm",0,0,NA
"E2","V2D",4108,"120-160 cm",0,0,NA
"E2","V2D",4108,"160-200 cm",0,0,NA
"E2","V2D",4108,">200 cm",0,0,NA
"E2","V2D",4109,"<40 cm",0,0,NA
"E2","V2D",4109,"40-80 cm",0,0,NA
"E2","V2D",4109,"80-120 cm",0,0,NA
"E2","V2D",4109,"120-160 cm",0,0,NA
"E2","V2D",4109,"160-200 cm",0,0,NA
"E2","V2D",4109,">200 cm",0,0,NA
"E2","V2D",4110,"<40 cm",0,0,NA
"E2","V2D",4110,"40-80 cm",0,0,NA
"E2","V2D",4110,"80-120 cm",0,0,NA
"E2","V2D",4110,"120-160 cm",0,0,NA
"E2","V2D",4110,"160-200 cm",0,0,NA
"E2","V2D",4110,">200 cm",0,0,NA
"E2","V2D",5101,"<40 cm",94,125,0.752
"E2","V2D",5101,"40-80 cm",3,125,0.024
"E2","V2D",5101,"80-120 cm",2,125,0.016
"E2","V2D",5101,"120-160 cm",6,125,0.048
"E2","V2D",5101,"160-200 cm",3,125,0.024
"E2","V2D",5101,">200 cm",17,125,0.136
"E2","V2D",5102,"<40 cm",96,125,0.768
"E2","V2D",5102,"40-80 cm",0,125,0
"E2","V2D",5102,"80-120 cm",2,125,0.016
"E2","V2D",5102,"120-160 cm",3,125,0.024
"E2","V2D",5102,"160-200 cm",4,125,0.032
"E2","V2D",5102,">200 cm",20,125,0.16
"E2","V2D",5103,"<40 cm",92,125,0.736
"E2","V2D",5103,"40-80 cm",2,125,0.016
"E2","V2D",5103,"80-120 cm",3,125,0.024
"E2","V2D",5103,"120-160 cm",6,125,0.048
"E2","V2D",5103,"160-200 cm",7,125,0.056
"E2","V2D",5103,">200 cm",15,125,0.12
"E2","V2D",5104,"<40 cm",0,0,NA
"E2","V2D",5104,"40-80 cm",0,0,NA
"E2","V2D",5104,"80-120 cm",0,0,NA
"E2","V2D",5104,"120-160 cm",0,0,NA
"E2","V2D",5104,"160-200 cm",0,0,NA
"E2","V2D",5104,">200 cm",0,0,NA
"E2","V2D",5105,"<40 cm",0,0,NA
"E2","V2D",5105,"40-80 cm",0,0,NA
"E2","V2D",5105,"80-120 cm",0,0,NA
"E2","V2D",5105,"120-160 cm",0,0,NA
"E2","V2D",5105,"160-200 cm",0,0,NA
"E2","V2D",5105,">200 cm",0,0,NA
"E2","V2D",5106,"<40 cm",0,0,NA
"E2","V2D",5106,"40-80 cm",0,0,NA
"E2","V2D",5106,"80-120 cm",0,0,NA
"E2","V2D",5106,"120-160 cm",0,0,NA
"E2","V2D",5106,"160-200 cm",0,0,NA
"E2","V2D",5106,">200 cm",0,0,NA
"E2","V2D",5107,"<40 cm",0,0,NA
"E2","V2D",5107,"40-80 cm",0,0,NA
"E2","V2D",5107,"80-120 cm",0,0,NA
"E2","V2D",5107,"120-160 cm",0,0,NA
"E2","V2D",5107,"160-200 cm",0,0,NA
"E2","V2D",5107,">200 cm",0,0,NA
"E2","V2D",5108,"<40 cm",0,0,NA
"E2","V2D",5108,"40-80 cm",0,0,NA
"E2","V2D",5108,"80-120 cm",0,0,NA
"E2","V2D",5108,"120-160 cm",0,0,NA
"E2","V2D",5108,"160-200 cm",0,0,NA
"E2","V2D",5108,">200 cm",0,0,NA
"E2","V2D",5109,"<40 cm",0,0,NA
"E2","V2D",5109,"40-80 cm",0,0,NA
"E2","V2D",5109,"80-120 cm",0,0,NA
"E2","V2D",5109,"120-160 cm",0,0,NA
"E2","V2D",5109,"160-200 cm",0,0,NA
"E2","V2D",5109,">200 cm",0,0,NA
"E2","V2D",5110,"<40 cm",0,0,NA
"E2","V2D",5110,"40-80 cm",0,0,NA
"E2","V2D",5110,"80-120 cm",0,0,NA
"E2","V2D",5110,"120-160 cm",0,0,NA
"E2","V2D",5110,"160-200 cm",0,0,NA
"E2","V2D",5110,">200 cm",0,0,NA
"E2","V2D",6101,"<40 cm",98,125,0.784
"E2","V2D",6101,"40-80 cm",2,125,0.016
"E2","V2D",6101,"80-120 cm",2,125,0.016
"E2","V2D",6101,"120-160 cm",3,125,0.024
"E2","V2D",6101,"160-200 cm",4,125,0.032
"E2","V2D",6101,">200 cm",16,125,0.128
"E2","V2D",6102,"<40 cm",93,125,0.744
"E2","V2D",6102,"40-80 cm",0,125,0
"E2","V2D",6102,"80-120 cm",2,125,0.016
"E2","V2D",6102,"120-160 cm",2,125,0.016
"E2","V2D",6102,"160-200 cm",4,125,0.032
"E2","V2D",6102,">200 cm",24,125,0.192
"E2","V2D",6103,"<40 cm",95,125,0.76
"E2","V2D",6103,"40-80 cm",2,125,0.016
"E2","V2D",6103,"80-120 cm",3,125,0.024
"E2","V2D",6103,"120-160 cm",7,125,0.056
"E2","V2D",6103,"160-200 cm",5,125,0.04
"E2","V2D",6103,">200 cm",13,125,0.104
"E2","V2D",6104,"<40 cm",0,0,NA
"E2","V2D",6104,"40-80 cm",0,0,NA
"E2","V2D",6104,"80-120 cm",0,0,NA
"E2","V2D",6104,"120-160 cm",0,0,NA
"E2","V2D",6104,"160-200 cm",0,0,NA
"E2","V2D",6104,">200 cm",0,0,NA
"E2","V2D",6105,"<40 cm",0,0,NA
"E2","V2D",6105,"40-80 cm",0,0,NA
"E2","V2D",6105,"80-120 cm",0,0,NA
"E2","V2D",6105,"120-160 cm",0,0,NA
"E2","V2D",6105,"160-200 cm",0,0,NA
"E2","V2D",6105,">200 cm",0,0,NA
"E2","V2D",6106,"<40 cm",0,0,NA
"E2","V2D",6106,"40-80 cm",0,0,NA
"E2","V2D",6106,"80-120 cm",0,0,NA
"E2","V2D",6106,"120-160 cm",0,0,NA
"E2","V2D",6106,"160-200 cm",0,0,NA
"E2","V2D",6106,">200 cm",0,0,NA
"E2","V2D",6107,"<40 cm",0,0,NA
"E2","V2D",6107,"40-80 cm",0,0,NA
"E2","V2D",6107,"80-120 cm",0,0,NA
"E2","V2D",6107,"120-160 cm",0,0,NA
"E2","V2D",6107,"160-200 cm",0,0,NA
"E2","V2D",6107,">200 cm",0,0,NA
"E2","V2D",6108,"<40 cm",0,0,NA
"E2","V2D",6108,"40-80 cm",0,0,NA
"E2","V2D",6108,"80-120 cm",0,0,NA
"E2","V2D",6108,"120-160 cm",0,0,NA
"E2","V2D",6108,"160-200 cm",0,0,NA
"E2","V2D",6108,">200 cm",0,0,NA
"E2","V2D",6109,"<40 cm",0,0,NA
"E2","V2D",6109,"40-80 cm",0,0,NA
"E2","V2D",6109,"80-120 cm",0,0,NA
"E2","V2D",6109,"120-160 cm",0,0,NA
"E2","V2D",6109,"160-200 cm",0,0,NA
"E2","V2D",6109,">200 cm",0,0,NA
"E2","V2D",6110,"<40 cm",0,0,NA
"E2","V2D",6110,"40-80 cm",0,0,NA
"E2","V2D",6110,"80-120 cm",0,0,NA
"E2","V2D",6110,"120-160 cm",0,0,NA
"E2","V2D",6110,"160-200 cm",0,0,NA
"E2","V2D",6110,">200 cm",0,0,NA
"E2","V2D",7101,"<40 cm",95,125,0.76
"E2","V2D",7101,"40-80 cm",5,125,0.04
"E2","V2D",7101,"80-120 cm",1,125,0.008
"E2","V2D",7101,"120-160 cm",4,125,0.032
"E2","V2D",7101,"160-200 cm",2,125,0.016
"E2","V2D",7101,">200 cm",18,125,0.144
"E2","V2D",7102,"<40 cm",91,125,0.728
"E2","V2D",7102,"40-80 cm",2,125,0.016
"E2","V2D",7102,"80-120 cm",1,125,0.008
"E2","V2D",7102,"120-160 cm",4,125,0.032
"E2","V2D",7102,"160-200 cm",2,125,0.016
"E2","V2D",7102,">200 cm",25,125,0.2
"E2","V2D",7103,"<40 cm",89,125,0.712
"E2","V2D",7103,"40-80 cm",6,125,0.048
"E2","V2D",7103,"80-120 cm",2,125,0.016
"E2","V2D",7103,"120-160 cm",6,125,0.048
"E2","V2D",7103,"160-200 cm",4,125,0.032
"E2","V2D",7103,">200 cm",18,125,0.144
"E2","V2D",7104,"<40 cm",0,0,NA
"E2","V2D",7104,"40-80 cm",0,0,NA
"E2","V2D",7104,"80-120 cm",0,0,NA
"E2","V2D",7104,"120-160 cm",0,0,NA
"E2","V2D",7104,"160-200 cm",0,0,NA
"E2","V2D",7104,">200 cm",0,0,NA
"E2","V2D",7105,"<40 cm",0,0,NA
"E2","V2D",7105,"40-80 cm",0,0,NA
"E2","V2D",7105,"80-120 cm",0,0,NA
"E2","V2D",7105,"120-160 cm",0,0,NA
"E2","V2D",7105,"160-200 cm",0,0,NA
"E2","V2D",7105,">200 cm",0,0,NA
"E2","V2D",7106,"<40 cm",0,0,NA
"E2","V2D",7106,"40-80 cm",0,0,NA
"E2","V2D",7106,"80-120 cm",0,0,NA
"E2","V2D",7106,"120-160 cm",0,0,NA
"E2","V2D",7106,"160-200 cm",0,0,NA
"E2","V2D",7106,">200 cm",0,0,NA
"E2","V2D",7107,"<40 cm",0,0,NA
"E2","V2D",7107,"40-80 cm",0,0,NA
"E2","V2D",7107,"80-120 cm",0,0,NA
"E2","V2D",7107,"120-160 cm",0,0,NA
"E2","V2D",7107,"160-200 cm",0,0,NA
"E2","V2D",7107,">200 cm",0,0,NA
"E2","V2D",7108,"<40 cm",0,0,NA
"E2","V2D",7108,"40-80 cm",0,0,NA
"E2","V2D",7108,"80-120 cm",0,0,NA
"E2","V2D",7108,"120-160 cm",0,0,NA
"E2","V2D",7108,"160-200 cm",0,0,NA
"E2","V2D",7108,">200 cm",0,0,NA
"E2","V2D",7109,"<40 cm",0,0,NA
"E2","V2D",7109,"40-80 cm",0,0,NA
"E2","V2D",7109,"80-120 cm",0,0,NA
"E2","V2D",7109,"120-160 cm",0,0,NA
"E2","V2D",7109,"160-200 cm",0,0,NA
"E2","V2D",7109,">200 cm",0,0,NA
"E2","V2D",7110,"<40 cm",0,0,NA
"E2","V2D",7110,"40-80 cm",0,0,NA
"E2","V2D",7110,"80-120 cm",0,0,NA
"E2","V2D",7110,"120-160 cm",0,0,NA
"E2","V2D",7110,"160-200 cm",0,0,NA
"E2","V2D",7110,">200 cm",0,0,NA
"E2","V2D",8101,"<40 cm",86,125,0.688
"E2","V2D",8101,"40-80 cm",13,125,0.104
"E2","V2D",8101,"80-120 cm",1,125,0.008
"E2","V2D",8101,"120-160 cm",4,125,0.032
"E2","V2D",8101,"160-200 cm",3,125,0.024
"E2","V2D",8101,">200 cm",18,125,0.144
"E2","V2D",8102,"<40 cm",83,125,0.664
"E2","V2D",8102,"40-80 cm",8,125,0.064
"E2","V2D",8102,"80-120 cm",4,125,0.032
"E2","V2D",8102,"120-160 cm",3,125,0.024
"E2","V2D",8102,"160-200 cm",3,125,0.024
"E2","V2D",8102,">200 cm",24,125,0.192
"E2","V2D",8103,"<40 cm",83,125,0.664
"E2","V2D",8103,"40-80 cm",9,125,0.072
"E2","V2D",8103,"80-120 cm",4,125,0.032
"E2","V2D",8103,"120-160 cm",5,125,0.04
"E2","V2D",8103,"160-200 cm",5,125,0.04
"E2","V2D",8103,">200 cm",19,125,0.152
"E2","V2D",8104,"<40 cm",0,0,NA
"E2","V2D",8104,"40-80 cm",0,0,NA
"E2","V2D",8104,"80-120 cm",0,0,NA
"E2","V2D",8104,"120-160 cm",0,0,NA
"E2","V2D",8104,"160-200 cm",0,0,NA
"E2","V2D",8104,">200 cm",0,0,NA
"E2","V2D",8105,"<40 cm",0,0,NA
"E2","V2D",8105,"40-80 cm",0,0,NA
"E2","V2D",8105,"80-120 cm",0,0,NA
"E2","V2D",8105,"120-160 cm",0,0,NA
"E2","V2D",8105,"160-200 cm",0,0,NA
"E2","V2D",8105,">200 cm",0,0,NA
"E2","V2D",8106,"<40 cm",0,0,NA
"E2","V2D",8106,"40-80 cm",0,0,NA
"E2","V2D",8106,"80-120 cm",0,0,NA
"E2","V2D",8106,"120-160 cm",0,0,NA
"E2","V2D",8106,"160-200 cm",0,0,NA
"E2","V2D",8106,">200 cm",0,0,NA
"E2","V2D",8107,"<40 cm",0,0,NA
"E2","V2D",8107,"40-80 cm",0,0,NA
"E2","V2D",8107,"80-120 cm",0,0,NA
"E2","V2D",8107,"120-160 cm",0,0,NA
"E2","V2D",8107,"160-200 cm",0,0,NA
"E2","V2D",8107,">200 cm",0,0,NA
"E2","V2D",8108,"<40 cm",0,0,NA
"E2","V2D",8108,"40-80 cm",0,0,NA
"E2","V2D",8108,"80-120 cm",0,0,NA
"E2","V2D",8108,"120-160 cm",0,0,NA
"E2","V2D",8108,"160-200 cm",0,0,NA
"E2","V2D",8108,">200 cm",0,0,NA
"E2","V2D",8109,"<40 cm",0,0,NA
"E2","V2D",8109,"40-80 cm",0,0,NA
"E2","V2D",8109,"80-120 cm",0,0,NA
"E2","V2D",8109,"120-160 cm",0,0,NA
"E2","V2D",8109,"160-200 cm",0,0,NA
"E2","V2D",8109,">200 cm",0,0,NA
"E2","V2D",8110,"<40 cm",0,0,NA
"E2","V2D",8110,"40-80 cm",0,0,NA
"E2","V2D",8110,"80-120 cm",0,0,NA
"E2","V2D",8110,"120-160 cm",0,0,NA
"E2","V2D",8110,"160-200 cm",0,0,NA
"E2","V2D",8110,">200 cm",0,0,NA
"E2","V2D",9101,"<40 cm",96,125,0.768
"E2","V2D",9101,"40-80 cm",3,125,0.024
"E2","V2D",9101,"80-120 cm",1,125,0.008
"E2","V2D",9101,"120-160 cm",5,125,0.04
"E2","V2D",9101,"160-200 cm",8,125,0.064
"E2","V2D",9101,">200 cm",12,125,0.096
"E2","V2D",9102,"<40 cm",92,125,0.736
"E2","V2D",9102,"40-80 cm",1,125,0.008
"E2","V2D",9102,"80-120 cm",1,125,0.008
"E2","V2D",9102,"120-160 cm",2,125,0.016
"E2","V2D",9102,"160-200 cm",10,125,0.08
"E2","V2D",9102,">200 cm",19,125,0.152
"E2","V2D",9103,"<40 cm",92,125,0.736
"E2","V2D",9103,"40-80 cm",3,125,0.024
"E2","V2D",9103,"80-120 cm",4,125,0.032
"E2","V2D",9103,"120-160 cm",6,125,0.048
"E2","V2D",9103,"160-200 cm",7,125,0.056
"E2","V2D",9103,">200 cm",13,125,0.104
"E2","V2D",9104,"<40 cm",0,0,NA
"E2","V2D",9104,"40-80 cm",0,0,NA
"E2","V2D",9104,"80-120 cm",0,0,NA
"E2","V2D",9104,"120-160 cm",0,0,NA
"E2","V2D",9104,"160-200 cm",0,0,NA
"E2","V2D",9104,">200 cm",0,0,NA
"E2","V2D",9105,"<40 cm",0,0,NA
"E2","V2D",9105,"40-80 cm",0,0,NA
"E2","V2D",9105,"80-120 cm",0,0,NA
"E2","V2D",9105,"120-160 cm",0,0,NA
"E2","V2D",9105,"160-200 cm",0,0,NA
"E2","V2D",9105,">200 cm",0,0,NA
"E2","V2D",9106,"<40 cm",0,0,NA
"E2","V2D",9106,"40-80 cm",0,0,NA
"E2","V2D",9106,"80-120 cm",0,0,NA
"E2","V2D",9106,"120-160 cm",0,0,NA
"E2","V2D",9106,"160-200 cm",0,0,NA
"E2","V2D",9106,">200 cm",0,0,NA
"E2","V2D",9107,"<40 cm",0,0,NA
"E2","V2D",9107,"40-80 cm",0,0,NA
"E2","V2D",9107,"80-120 cm",0,0,NA
"E2","V2D",9107,"120-160 cm",0,0,NA
"E2","V2D",9107,"160-200 cm",0,0,NA
"E2","V2D",9107,">200 cm",0,0,NA
"E2","V2D",9108,"<40 cm",0,0,NA
"E2","V2D",9108,"40-80 cm",0,0,NA
"E2","V2D",9108,"80-120 cm",0,0,NA
"E2","V2D",9108,"120-160 cm",0,0,NA
"E2","V2D",9108,"160-200 cm",0,0,NA
"E2","V2D",9108,">200 cm",0,0,NA
"E2","V2D",9109,"<40 cm",0,0,NA
"E2","V2D",9109,"40-80 cm",0,0,NA
"E2","V2D",9109,"80-120 cm",0,0,NA
"E2","V2D",9109,"120-160 cm",0,0,NA
"E2","V2D",9109,"160-200 cm",0,0,NA
"E2","V2D",9109,">200 cm",0,0,NA
"E2","V2D",9110,"<40 cm",0,0,NA
"E2","V2D",9110,"40-80 cm",0,0,NA
"E2","V2D",9110,"80-120 cm",0,0,NA
"E2","V2D",9110,"120-160 cm",0,0,NA
"E2","V2D",9110,"160-200 cm",0,0,NA
"E2","V2D",9110,">200 cm",0,0,NA
"E2","V2D",10101,"<40 cm",92,125,0.736
"E2","V2D",10101,"40-80 cm",4,125,0.032
"E2","V2D",10101,"80-120 cm",2,125,0.016
"E2","V2D",10101,"120-160 cm",6,125,0.048
"E2","V2D",10101,"160-200 cm",1,125,0.008
"E2","V2D",10101,">200 cm",20,125,0.16
"E2","V2D",10102,"<40 cm",88,125,0.704
"E2","V2D",10102,"40-80 cm",4,125,0.032
"E2","V2D",10102,"80-120 cm",1,125,0.008
"E2","V2D",10102,"120-160 cm",3,125,0.024
"E2","V2D",10102,"160-200 cm",1,125,0.008
"E2","V2D",10102,">200 cm",28,125,0.224
"E2","V2D",10103,"<40 cm",89,125,0.712
"E2","V2D",10103,"40-80 cm",5,125,0.04
"E2","V2D",10103,"80-120 cm",2,125,0.016
"E2","V2D",10103,"120-160 cm",6,125,0.048
"E2","V2D",10103,"160-200 cm",5,125,0.04
"E2","V2D",10103,">200 cm",18,125,0.144
"E2","V2D",10104,"<40 cm",0,0,NA
"E2","V2D",10104,"40-80 cm",0,0,NA
"E2","V2D",10104,"80-120 cm",0,0,NA
"E2","V2D",10104,"120-160 cm",0,0,NA
"E2","V2D",10104,"160-200 cm",0,0,NA
"E2","V2D",10104,">200 cm",0,0,NA
"E2","V2D",10105,"<40 cm",0,0,NA
"E2","V2D",10105,"40-80 cm",0,0,NA
"E2","V2D",10105,"80-120 cm",0,0,NA
"E2","V2D",10105,"120-160 cm",0,0,NA
"E2","V2D",10105,"160-200 cm",0,0,NA
"E2","V2D",10105,">200 cm",0,0,NA
"E2","V2D",10106,"<40 cm",0,0,NA
"E2","V2D",10106,"40-80 cm",0,0,NA
"E2","V2D",10106,"80-120 cm",0,0,NA
"E2","V2D",10106,"120-160 cm",0,0,NA
"E2","V2D",10106,"160-200 cm",0,0,NA
"E2","V2D",10106,">200 cm",0,0,NA
"E2","V2D",10107,"<40 cm",0,0,NA
"E2","V2D",10107,"40-80 cm",0,0,NA
"E2","V2D",10107,"80-120 cm",0,0,NA
"E2","V2D",10107,"120-160 cm",0,0,NA
"E2","V2D",10107,"160-200 cm",0,0,NA
"E2","V2D",10107,">200 cm",0,0,NA
"E2","V2D",10108,"<40 cm",0,0,NA
"E2","V2D",10108,"40-80 cm",0,0,NA
"E2","V2D",10108,"80-120 cm",0,0,NA
"E2","V2D",10108,"120-160 cm",0,0,NA
"E2","V2D",10108,"160-200 cm",0,0,NA
"E2","V2D",10108,">200 cm",0,0,NA
"E2","V2D",10109,"<40 cm",0,0,NA
"E2","V2D",10109,"40-80 cm",0,0,NA
"E2","V2D",10109,"80-120 cm",0,0,NA
"E2","V2D",10109,"120-160 cm",0,0,NA
"E2","V2D",10109,"160-200 cm",0,0,NA
"E2","V2D",10109,">200 cm",0,0,NA
"E2","V2D",10110,"<40 cm",0,0,NA
"E2","V2D",10110,"40-80 cm",0,0,NA
"E2","V2D",10110,"80-120 cm",0,0,NA
"E2","V2D",10110,"120-160 cm",0,0,NA
"E2","V2D",10110,"160-200 cm",0,0,NA
"E2","V2D",10110,">200 cm",0,0,NA
"E2","V2D",11101,"<40 cm",92,125,0.736
"E2","V2D",11101,"40-80 cm",4,125,0.032
"E2","V2D",11101,"80-120 cm",2,125,0.016
"E2","V2D",11101,"120-160 cm",5,125,0.04
"E2","V2D",11101,"160-200 cm",5,125,0.04
"E2","V2D",11101,">200 cm",17,125,0.136
"E2","V2D",11102,"<40 cm",90,125,0.72
"E2","V2D",11102,"40-80 cm",4,125,0.032
"E2","V2D",11102,"80-120 cm",1,125,0.008
"E2","V2D",11102,"120-160 cm",2,125,0.016
"E2","V2D",11102,"160-200 cm",6,125,0.048
"E2","V2D",11102,">200 cm",22,125,0.176
"E2","V2D",11103,"<40 cm",87,125,0.696
"E2","V2D",11103,"40-80 cm",7,125,0.056
"E2","V2D",11103,"80-120 cm",4,125,0.032
"E2","V2D",11103,"120-160 cm",7,125,0.056
"E2","V2D",11103,"160-200 cm",3,125,0.024
"E2","V2D",11103,">200 cm",17,125,0.136
"E2","V2D",11104,"<40 cm",0,0,NA
"E2","V2D",11104,"40-80 cm",0,0,NA
"E2","V2D",11104,"80-120 cm",0,0,NA
"E2","V2D",11104,"120-160 cm",0,0,NA
"E2","V2D",11104,"160-200 cm",0,0,NA
"E2","V2D",11104,">200 cm",0,0,NA
"E2","V2D",11105,"<40 cm",0,0,NA
"E2","V2D",11105,"40-80 cm",0,0,NA
"E2","V2D",11105,"80-120 cm",0,0,NA
"E2","V2D",11105,"120-160 cm",0,0,NA
"E2","V2D",11105,"160-200 cm",0,0,NA
"E2","V2D",11105,">200 cm",0,0,NA
"E2","V2D",11106,"<40 cm",0,0,NA
"E2","V2D",11106,"40-80 cm",0,0,NA
"E2","V2D",11106,"80-120 cm",0,0,NA
"E2","V2D",11106,"120-160 cm",0,0,NA
"E2","V2D",11106,"160-200 cm",0,0,NA
"E2","V2D",11106,">200 cm",0,0,NA
"E2","V2D",11107,"<40 cm",0,0,NA
"E2","V2D",11107,"40-80 cm",0,0,NA
"E2","V2D",11107,"80-120 cm",0,0,NA
"E2","V2D",11107,"120-160 cm",0,0,NA
"E2","V2D",11107,"160-200 cm",0,0,NA
"E2","V2D",11107,">200 cm",0,0,NA
"E2","V2D",11108,"<40 cm",0,0,NA
"E2","V2D",11108,"40-80 cm",0,0,NA
"E2","V2D",11108,"80-120 cm",0,0,NA
"E2","V2D",11108,"120-160 cm",0,0,NA
"E2","V2D",11108,"160-200 cm",0,0,NA
"E2","V2D",11108,">200 cm",0,0,NA
"E2","V2D",11109,"<40 cm",0,0,NA
"E2","V2D",11109,"40-80 cm",0,0,NA
"E2","V2D",11109,"80-120 cm",0,0,NA
"E2","V2D",11109,"120-160 cm",0,0,NA
"E2","V2D",11109,"160-200 cm",0,0,NA
"E2","V2D",11109,">200 cm",0,0,NA
"E2","V2D",11110,"<40 cm",0,0,NA
"E2","V2D",11110,"40-80 cm",0,0,NA
"E2","V2D",11110,"80-120 cm",0,0,NA
"E2","V2D",11110,"120-160 cm",0,0,NA
"E2","V2D",11110,"160-200 cm",0,0,NA
"E2","V2D",11110,">200 cm",0,0,NA
"E2","V2D",12101,"<40 cm",93,125,0.744
"E2","V2D",12101,"40-80 cm",4,125,0.032
"E2","V2D",12101,"80-120 cm",2,125,0.016
"E2","V2D",12101,"120-160 cm",5,125,0.04
"E2","V2D",12101,"160-200 cm",5,125,0.04
"E2","V2D",12101,">200 cm",16,125,0.128
"E2","V2D",12102,"<40 cm",90,125,0.72
"E2","V2D",12102,"40-80 cm",0,125,0
"E2","V2D",12102,"80-120 cm",1,125,0.008
"E2","V2D",12102,"120-160 cm",5,125,0.04
"E2","V2D",12102,"160-200 cm",4,125,0.032
"E2","V2D",12102,">200 cm",25,125,0.2
"E2","V2D",12103,"<40 cm",93,125,0.744
"E2","V2D",12103,"40-80 cm",2,125,0.016
"E2","V2D",12103,"80-120 cm",1,125,0.008
"E2","V2D",12103,"120-160 cm",7,125,0.056
"E2","V2D",12103,"160-200 cm",5,125,0.04
"E2","V2D",12103,">200 cm",17,125,0.136
"E2","V2D",12104,"<40 cm",0,0,NA
"E2","V2D",12104,"40-80 cm",0,0,NA
"E2","V2D",12104,"80-120 cm",0,0,NA
"E2","V2D",12104,"120-160 cm",0,0,NA
"E2","V2D",12104,"160-200 cm",0,0,NA
"E2","V2D",12104,">200 cm",0,0,NA
"E2","V2D",12105,"<40 cm",0,0,NA
"E2","V2D",12105,"40-80 cm",0,0,NA
"E2","V2D",12105,"80-120 cm",0,0,NA
"E2","V2D",12105,"120-160 cm",0,0,NA
"E2","V2D",12105,"160-200 cm",0,0,NA
"E2","V2D",12105,">200 cm",0,0,NA
"E2","V2D",12106,"<40 cm",0,0,NA
"E2","V2D",12106,"40-80 cm",0,0,NA
"E2","V2D",12106,"80-120 cm",0,0,NA
"E2","V2D",12106,"120-160 cm",0,0,NA
"E2","V2D",12106,"160-200 cm",0,0,NA
"E2","V2D",12106,">200 cm",0,0,NA
"E2","V2D",12107,"<40 cm",0,0,NA
"E2","V2D",12107,"40-80 cm",0,0,NA
"E2","V2D",12107,"80-120 cm",0,0,NA
"E2","V2D",12107,"120-160 cm",0,0,NA
"E2","V2D",12107,"160-200 cm",0,0,NA
"E2","V2D",12107,">200 cm",0,0,NA
"E2","V2D",12108,"<40 cm",0,0,NA
"E2","V2D",12108,"40-80 cm",0,0,NA
"E2","V2D",12108,"80-120 cm",0,0,NA
"E2","V2D",12108,"120-160 cm",0,0,NA
"E2","V2D",12108,"160-200 cm",0,0,NA
"E2","V2D",12108,">200 cm",0,0,NA
"E2","V2D",12109,"<40 cm",0,0,NA
"E2","V2D",12109,"40-80 cm",0,0,NA
"E2","V2D",12109,"80-120 cm",0,0,NA
"E2","V2D",12109,"120-160 cm",0,0,NA
"E2","V2D",12109,"160-200 cm",0,0,NA
"E2","V2D",12109,">200 cm",0,0,NA
"E2","V2D",12110,"<40 cm",0,0,NA
"E2","V2D",12110,"40-80 cm",0,0,NA
"E2","V2D",12110,"80-120 cm",0,0,NA
"E2","V2D",12110,"120-160 cm",0,0,NA
"E2","V2D",12110,"160-200 cm",0,0,NA
"E2","V2D",12110,">200 cm",0,0,NA
"E2","V2D",13101,"<40 cm",96,125,0.768
"E2","V2D",13101,"40-80 cm",3,125,0.024
"E2","V2D",13101,"80-120 cm",2,125,0.016
"E2","V2D",13101,"120-160 cm",4,125,0.032
"E2","V2D",13101,"160-200 cm",4,125,0.032
"E2","V2D",13101,">200 cm",16,125,0.128
"E2","V2D",13102,"<40 cm",93,125,0.744
"E2","V2D",13102,"40-80 cm",0,125,0
"E2","V2D",13102,"80-120 cm",2,125,0.016
"E2","V2D",13102,"120-160 cm",3,125,0.024
"E2","V2D",13102,"160-200 cm",2,125,0.016
"E2","V2D",13102,">200 cm",25,125,0.2
"E2","V2D",13103,"<40 cm",93,125,0.744
"E2","V2D",13103,"40-80 cm",3,125,0.024
"E2","V2D",13103,"80-120 cm",3,125,0.024
"E2","V2D",13103,"120-160 cm",7,125,0.056
"E2","V2D",13103,"160-200 cm",4,125,0.032
"E2","V2D",13103,">200 cm",15,125,0.12
"E2","V2D",13104,"<40 cm",0,0,NA
"E2","V2D",13104,"40-80 cm",0,0,NA
"E2","V2D",13104,"80-120 cm",0,0,NA
"E2","V2D",13104,"120-160 cm",0,0,NA
"E2","V2D",13104,"160-200 cm",0,0,NA
"E2","V2D",13104,">200 cm",0,0,NA
"E2","V2D",13105,"<40 cm",0,0,NA
"E2","V2D",13105,"40-80 cm",0,0,NA
"E2","V2D",13105,"80-120 cm",0,0,NA
"E2","V2D",13105,"120-160 cm",0,0,NA
"E2","V2D",13105,"160-200 cm",0,0,NA
"E2","V2D",13105,">200 cm",0,0,NA
"E2","V2D",13106,"<40 cm",0,0,NA
"E2","V2D",13106,"40-80 cm",0,0,NA
"E2","V2D",13106,"80-120 cm",0,0,NA
"E2","V2D",13106,"120-160 cm",0,0,NA
"E2","V2D",13106,"160-200 cm",0,0,NA
"E2","V2D",13106,">200 cm",0,0,NA
"E2","V2D",13107,"<40 cm",0,0,NA
"E2","V2D",13107,"40-80 cm",0,0,NA
"E2","V2D",13107,"80-120 cm",0,0,NA
"E2","V2D",13107,"120-160 cm",0,0,NA
"E2","V2D",13107,"160-200 cm",0,0,NA
"E2","V2D",13107,">200 cm",0,0,NA
"E2","V2D",13108,"<40 cm",0,0,NA
"E2","V2D",13108,"40-80 cm",0,0,NA
"E2","V2D",13108,"80-120 cm",0,0,NA
"E2","V2D",13108,"120-160 cm",0,0,NA
"E2","V2D",13108,"160-200 cm",0,0,NA
"E2","V2D",13108,">200 cm",0,0,NA
"E2","V2D",13109,"<40 cm",0,0,NA
"E2","V2D",13109,"40-80 cm",0,0,NA
"E2","V2D",13109,"80-120 cm",0,0,NA
"E2","V2D",13109,"120-160 cm",0,0,NA
"E2","V2D",13109,"160-200 cm",0,0,NA
"E2","V2D",13109,">200 cm",0,0,NA
"E2","V2D",13110,"<40 cm",0,0,NA
"E2","V2D",13110,"40-80 cm",0,0,NA
"E2","V2D",13110,"80-120 cm",0,0,NA
"E2","V2D",13110,"120-160 cm",0,0,NA
"E2","V2D",13110,"160-200 cm",0,0,NA
"E2","V2D",13110,">200 cm",0,0,NA
"E2","V2D",14101,"<40 cm",91,125,0.728
"E2","V2D",14101,"40-80 cm",5,125,0.04
"E2","V2D",14101,"80-120 cm",3,125,0.024
"E2","V2D",14101,"120-160 cm",2,125,0.016
"E2","V2D",14101,"160-200 cm",4,125,0.032
"E2","V2D",14101,">200 cm",20,125,0.16
"E2","V2D",14102,"<40 cm",88,125,0.704
"E2","V2D",14102,"40-80 cm",0,125,0
"E2","V2D",14102,"80-120 cm",1,125,0.008
"E2","V2D",14102,"120-160 cm",1,125,0.008
"E2","V2D",14102,"160-200 cm",3,125,0.024
"E2","V2D",14102,">200 cm",32,125,0.256
"E2","V2D",14103,"<40 cm",86,125,0.688
"E2","V2D",14103,"40-80 cm",3,125,0.024
"E2","V2D",14103,"80-120 cm",3,125,0.024
"E2","V2D",14103,"120-160 cm",6,125,0.048
"E2","V2D",14103,"160-200 cm",6,125,0.048
"E2","V2D",14103,">200 cm",21,125,0.168
"E2","V2D",14104,"<40 cm",0,0,NA
"E2","V2D",14104,"40-80 cm",0,0,NA
"E2","V2D",14104,"80-120 cm",0,0,NA
"E2","V2D",14104,"120-160 cm",0,0,NA
"E2","V2D",14104,"160-200 cm",0,0,NA
"E2","V2D",14104,">200 cm",0,0,NA
"E2","V2D",14105,"<40 cm",0,0,NA
"E2","V2D",14105,"40-80 cm",0,0,NA
"E2","V2D",14105,"80-120 cm",0,0,NA
"E2","V2D",14105,"120-160 cm",0,0,NA
"E2","V2D",14105,"160-200 cm",0,0,NA
"E2","V2D",14105,">200 cm",0,0,NA
"E2","V2D",14106,"<40 cm",0,0,NA
"E2","V2D",14106,"40-80 cm",0,0,NA
"E2","V2D",14106,"80-120 cm",0,0,NA
"E2","V2D",14106,"120-160 cm",0,0,NA
"E2","V2D",14106,"160-200 cm",0,0,NA
"E2","V2D",14106,">200 cm",0,0,NA
"E2","V2D",14107,"<40 cm",0,0,NA
"E2","V2D",14107,"40-80 cm",0,0,NA
"E2","V2D",14107,"80-120 cm",0,0,NA
"E2","V2D",14107,"120-160 cm",0,0,NA
"E2","V2D",14107,"160-200 cm",0,0,NA
"E2","V2D",14107,">200 cm",0,0,NA
"E2","V2D",14108,"<40 cm",0,0,NA
"E2","V2D",14108,"40-80 cm",0,0,NA
"E2","V2D",14108,"80-120 cm",0,0,NA
"E2","V2D",14108,"120-160 cm",0,0,NA
"E2","V2D",14108,"160-200 cm",0,0,NA
"E2","V2D",14108,">200 cm",0,0,NA
"E2","V2D",14109,"<40 cm",0,0,NA
"E2","V2D",14109,"40-80 cm",0,0,NA
"E2","V2D",14109,"80-120 cm",0,0,NA
"E2","V2D",14109,"120-160 cm",0,0,NA
"E2","V2D",14109,"160-200 cm",0,0,NA
"E2","V2D",14109,">200 cm",0,0,NA
"E2","V2D",14110,"<40 cm",0,0,NA
"E2","V2D",14110,"40-80 cm",0,0,NA
"E2","V2D",14110,"80-120 cm",0,0,NA
"E2","V2D",14110,"120-160 cm",0,0,NA
"E2","V2D",14110,"160-200 cm",0,0,NA
"E2","V2D",14110,">200 cm",0,0,NA
"E2","V2D",15101,"<40 cm",92,125,0.736
"E2","V2D",15101,"40-80 cm",6,125,0.048
"E2","V2D",15101,"80-120 cm",1,125,0.008
"E2","V2D",15101,"120-160 cm",5,125,0.04
"E2","V2D",15101,"160-200 cm",2,125,0.016
"E2","V2D",15101,">200 cm",19,125,0.152
"E2","V2D",15102,"<40 cm",88,125,0.704
"E2","V2D",15102,"40-80 cm",3,125,0.024
"E2","V2D",15102,"80-120 cm",1,125,0.008
"E2","V2D",15102,"120-160 cm",3,125,0.024
"E2","V2D",15102,"160-200 cm",3,125,0.024
"E2","V2D",15102,">200 cm",27,125,0.216
"E2","V2D",15103,"<40 cm",90,125,0.72
"E2","V2D",15103,"40-80 cm",5,125,0.04
"E2","V2D",15103,"80-120 cm",2,125,0.016
"E2","V2D",15103,"120-160 cm",6,125,0.048
"E2","V2D",15103,"160-200 cm",4,125,0.032
"E2","V2D",15103,">200 cm",18,125,0.144
"E2","V2D",15104,"<40 cm",0,0,NA
"E2","V2D",15104,"40-80 cm",0,0,NA
"E2","V2D",15104,"80-120 cm",0,0,NA
"E2","V2D",15104,"120-160 cm",0,0,NA
"E2","V2D",15104,"160-200 cm",0,0,NA
"E2","V2D",15104,">200 cm",0,0,NA
"E2","V2D",15105,"<40 cm",0,0,NA
"E2","V2D",15105,"40-80 cm",0,0,NA
"E2","V2D",15105,"80-120 cm",0,0,NA
"E2","V2D",15105,"120-160 cm",0,0,NA
"E2","V2D",15105,"160-200 cm",0,0,NA
"E2","V2D",15105,">200 cm",0,0,NA
"E2","V2D",15106,"<40 cm",0,0,NA
"E2","V2D",15106,"40-80 cm",0,0,NA
"E2","V2D",15106,"80-120 cm",0,0,NA
"E2","V2D",15106,"120-160 cm",0,0,NA
"E2","V2D",15106,"160-200 cm",0,0,NA
"E2","V2D",15106,">200 cm",0,0,NA
"E2","V2D",15107,"<40 cm",0,0,NA
"E2","V2D",15107,"40-80 cm",0,0,NA
"E2","V2D",15107,"80-120 cm",0,0,NA
"E2","V2D",15107,"120-160 cm",0,0,NA
"E2","V2D",15107,"160-200 cm",0,0,NA
"E2","V2D",15107,">200 cm",0,0,NA
"E2","V2D",15108,"<40 cm",0,0,NA
"E2","V2D",15108,"40-80 cm",0,0,NA
"E2","V2D",15108,"80-120 cm",0,0,NA
"E2","V2D",15108,"120-160 cm",0,0,NA
"E2","V2D",15108,"160-200 cm",0,0,NA
"E2","V2D",15108,">200 cm",0,0,NA
"E2","V2D",15109,"<40 cm",0,0,NA
"E2","V2D",15109,"40-80 cm",0,0,NA
"E2","V2D",15109,"80-120 cm",0,0,NA
"E2","V2D",15109,"120-160 cm",0,0,NA
"E2","V2D",15109,"160-200 cm",0,0,NA
"E2","V2D",15109,">200 cm",0,0,NA
"E2","V2D",15110,"<40 cm",0,0,NA
"E2","V2D",15110,"40-80 cm",0,0,NA
"E2","V2D",15110,"80-120 cm",0,0,NA
"E2","V2D",15110,"120-160 cm",0,0,NA
"E2","V2D",15110,"160-200 cm",0,0,NA
"E2","V2D",15110,">200 cm",0,0,NA
"E2","V2D",16101,"<40 cm",96,125,0.768
"E2","V2D",16101,"40-80 cm",4,125,0.032
"E2","V2D",16101,"80-120 cm",1,125,0.008
"E2","V2D",16101,"120-160 cm",4,125,0.032
"E2","V2D",16101,"160-200 cm",3,125,0.024
"E2","V2D",16101,">200 cm",17,125,0.136
"E2","V2D",16102,"<40 cm",93,125,0.744
"E2","V2D",16102,"40-80 cm",0,125,0
"E2","V2D",16102,"80-120 cm",1,125,0.008
"E2","V2D",16102,"120-160 cm",3,125,0.024
"E2","V2D",16102,"160-200 cm",2,125,0.016
"E2","V2D",16102,">200 cm",26,125,0.208
"E2","V2D",16103,"<40 cm",93,125,0.744
"E2","V2D",16103,"40-80 cm",3,125,0.024
"E2","V2D",16103,"80-120 cm",3,125,0.024
"E2","V2D",16103,"120-160 cm",7,125,0.056
"E2","V2D",16103,"160-200 cm",3,125,0.024
"E2","V2D",16103,">200 cm",16,125,0.128
"E2","V2D",16104,"<40 cm",0,0,NA
"E2","V2D",16104,"40-80 cm",0,0,NA
"E2","V2D",16104,"80-120 cm",0,0,NA
"E2","V2D",16104,"120-160 cm",0,0,NA
"E2","V2D",16104,"160-200 cm",0,0,NA
"E2","V2D",16104,">200 cm",0,0,NA
"E2","V2D",16105,"<40 cm",0,0,NA
"E2","V2D",16105,"40-80 cm",0,0,NA
"E2","V2D",16105,"80-120 cm",0,0,NA
"E2","V2D",16105,"120-160 cm",0,0,NA
"E2","V2D",16105,"160-200 cm",0,0,NA
"E2","V2D",16105,">200 cm",0,0,NA
"E2","V2D",16106,"<40 cm",0,0,NA
"E2","V2D",16106,"40-80 cm",0,0,NA
"E2","V2D",16106,"80-120 cm",0,0,NA
"E2","V2D",16106,"120-160 cm",0,0,NA
"E2","V2D",16106,"160-200 cm",0,0,NA
"E2","V2D",16106,">200 cm",0,0,NA
"E2","V2D",16107,"<40 cm",0,0,NA
"E2","V2D",16107,"40-80 cm",0,0,NA
"E2","V2D",16107,"80-120 cm",0,0,NA
"E2","V2D",16107,"120-160 cm",0,0,NA
"E2","V2D",16107,"160-200 cm",0,0,NA
"E2","V2D",16107,">200 cm",0,0,NA
"E2","V2D",16108,"<40 cm",0,0,NA
"E2","V2D",16108,"40-80 cm",0,0,NA
"E2","V2D",16108,"80-120 cm",0,0,NA
"E2","V2D",16108,"120-160 cm",0,0,NA
"E2","V2D",16108,"160-200 cm",0,0,NA
"E2","V2D",16108,">200 cm",0,0,NA
"E2","V2D",16109,"<40 cm",0,0,NA
"E2","V2D",16109,"40-80 cm",0,0,NA
"E2","V2D",16109,"80-120 cm",0,0,NA
"E2","V2D",16109,"120-160 cm",0,0,NA
"E2","V2D",16109,"160-200 cm",0,0,NA
"E2","V2D",16109,">200 cm",0,0,NA
"E2","V2D",16110,"<40 cm",0,0,NA
"E2","V2D",16110,"40-80 cm",0,0,NA
"E2","V2D",16110,"80-120 cm",0,0,NA
"E2","V2D",16110,"120-160 cm",0,0,NA
"E2","V2D",16110,"160-200 cm",0,0,NA
"E2","V2D",16110,">200 cm",0,0,NA
"E2","V2D",17101,"<40 cm",91,125,0.728
"E2","V2D",17101,"40-80 cm",8,125,0.064
"E2","V2D",17101,"80-120 cm",1,125,0.008
"E2","V2D",17101,"120-160 cm",4,125,0.032
"E2","V2D",17101,"160-200 cm",6,125,0.048
"E2","V2D",17101,">200 cm",15,125,0.12
"E2","V2D",17102,"<40 cm",89,125,0.712
"E2","V2D",17102,"40-80 cm",3,125,0.024
"E2","V2D",17102,"80-120 cm",2,125,0.016
"E2","V2D",17102,"120-160 cm",2,125,0.016
"E2","V2D",17102,"160-200 cm",3,125,0.024
"E2","V2D",17102,">200 cm",26,125,0.208
"E2","V2D",17103,"<40 cm",91,125,0.728
"E2","V2D",17103,"40-80 cm",5,125,0.04
"E2","V2D",17103,"80-120 cm",2,125,0.016
"E2","V2D",17103,"120-160 cm",5,125,0.04
"E2","V2D",17103,"160-200 cm",4,125,0.032
"E2","V2D",17103,">200 cm",18,125,0.144
"E2","V2D",17104,"<40 cm",0,0,NA
"E2","V2D",17104,"40-80 cm",0,0,NA
"E2","V2D",17104,"80-120 cm",0,0,NA
"E2","V2D",17104,"120-160 cm",0,0,NA
"E2","V2D",17104,"160-200 cm",0,0,NA
"E2","V2D",17104,">200 cm",0,0,NA
"E2","V2D",17105,"<40 cm",0,0,NA
"E2","V2D",17105,"40-80 cm",0,0,NA
"E2","V2D",17105,"80-120 cm",0,0,NA
"E2","V2D",17105,"120-160 cm",0,0,NA
"E2","V2D",17105,"160-200 cm",0,0,NA
"E2","V2D",17105,">200 cm",0,0,NA
"E2","V2D",17106,"<40 cm",0,0,NA
"E2","V2D",17106,"40-80 cm",0,0,NA
"E2","V2D",17106,"80-120 cm",0,0,NA
"E2","V2D",17106,"120-160 cm",0,0,NA
"E2","V2D",17106,"160-200 cm",0,0,NA
"E2","V2D",17106,">200 cm",0,0,NA
"E2","V2D",17107,"<40 cm",0,0,NA
"E2","V2D",17107,"40-80 cm",0,0,NA
"E2","V2D",17107,"80-120 cm",0,0,NA
"E2","V2D",17107,"120-160 cm",0,0,NA
"E2","V2D",17107,"160-200 cm",0,0,NA
"E2","V2D",17107,">200 cm",0,0,NA
"E2","V2D",17108,"<40 cm",0,0,NA
"E2","V2D",17108,"40-80 cm",0,0,NA
"E2","V2D",17108,"80-120 cm",0,0,NA
"E2","V2D",17108,"120-160 cm",0,0,NA
"E2","V2D",17108,"160-200 cm",0,0,NA
"E2","V2D",17108,">200 cm",0,0,NA
"E2","V2D",17109,"<40 cm",0,0,NA
"E2","V2D",17109,"40-80 cm",0,0,NA
"E2","V2D",17109,"80-120 cm",0,0,NA
"E2","V2D",17109,"120-160 cm",0,0,NA
"E2","V2D",17109,"160-200 cm",0,0,NA
"E2","V2D",17109,">200 cm",0,0,NA
"E2","V2D",17110,"<40 cm",0,0,NA
"E2","V2D",17110,"40-80 cm",0,0,NA
"E2","V2D",17110,"80-120 cm",0,0,NA
"E2","V2D",17110,"120-160 cm",0,0,NA
"E2","V2D",17110,"160-200 cm",0,0,NA
"E2","V2D",17110,">200 cm",0,0,NA
"E2","V2D",18101,"<40 cm",96,125,0.768
"E2","V2D",18101,"40-80 cm",3,125,0.024
"E2","V2D",18101,"80-120 cm",1,125,0.008
"E2","V2D",18101,"120-160 cm",5,125,0.04
"E2","V2D",18101,"160-200 cm",2,125,0.016
"E2","V2D",18101,">200 cm",18,125,0.144
"E2","V2D",18102,"<40 cm",93,125,0.744
"E2","V2D",18102,"40-80 cm",0,125,0
"E2","V2D",18102,"80-120 cm",1,125,0.008
"E2","V2D",18102,"120-160 cm",2,125,0.016
"E2","V2D",18102,"160-200 cm",3,125,0.024
"E2","V2D",18102,">200 cm",26,125,0.208
"E2","V2D",18103,"<40 cm",93,125,0.744
"E2","V2D",18103,"40-80 cm",3,125,0.024
"E2","V2D",18103,"80-120 cm",2,125,0.016
"E2","V2D",18103,"120-160 cm",6,125,0.048
"E2","V2D",18103,"160-200 cm",4,125,0.032
"E2","V2D",18103,">200 cm",17,125,0.136
"E2","V2D",18104,"<40 cm",0,0,NA
"E2","V2D",18104,"40-80 cm",0,0,NA
"E2","V2D",18104,"80-120 cm",0,0,NA
"E2","V2D",18104,"120-160 cm",0,0,NA
"E2","V2D",18104,"160-200 cm",0,0,NA
"E2","V2D",18104,">200 cm",0,0,NA
"E2","V2D",18105,"<40 cm",0,0,NA
"E2","V2D",18105,"40-80 cm",0,0,NA
"E2","V2D",18105,"80-120 cm",0,0,NA
"E2","V2D",18105,"120-160 cm",0,0,NA
"E2","V2D",18105,"160-200 cm",0,0,NA
"E2","V2D",18105,">200 cm",0,0,NA
"E2","V2D",18106,"<40 cm",0,0,NA
"E2","V2D",18106,"40-80 cm",0,0,NA
"E2","V2D",18106,"80-120 cm",0,0,NA
"E2","V2D",18106,"120-160 cm",0,0,NA
"E2","V2D",18106,"160-200 cm",0,0,NA
"E2","V2D",18106,">200 cm",0,0,NA
"E2","V2D",18107,"<40 cm",0,0,NA
"E2","V2D",18107,"40-80 cm",0,0,NA
"E2","V2D",18107,"80-120 cm",0,0,NA
"E2","V2D",18107,"120-160 cm",0,0,NA
"E2","V2D",18107,"160-200 cm",0,0,NA
"E2","V2D",18107,">200 cm",0,0,NA
"E2","V2D",18108,"<40 cm",0,0,NA
"E2","V2D",18108,"40-80 cm",0,0,NA
"E2","V2D",18108,"80-120 cm",0,0,NA
"E2","V2D",18108,"120-160 cm",0,0,NA
"E2","V2D",18108,"160-200 cm",0,0,NA
"E2","V2D",18108,">200 cm",0,0,NA
"E2","V2D",18109,"<40 cm",0,0,NA
"E2","V2D",18109,"40-80 cm",0,0,NA
"E2","V2D",18109,"80-120 cm",0,0,NA
"E2","V2D",18109,"120-160 cm",0,0,NA
"E2","V2D",18109,"160-200 cm",0,0,NA
"E2","V2D",18109,">200 cm",0,0,NA
"E2","V2D",18110,"<40 cm",0,0,NA
"E2","V2D",18110,"40-80 cm",0,0,NA
"E2","V2D",18110,"80-120 cm",0,0,NA
"E2","V2D",18110,"120-160 cm",0,0,NA
"E2","V2D",18110,"160-200 cm",0,0,NA
"E2","V2D",18110,">200 cm",0,0,NA
"E2","V2D",19101,"<40 cm",91,125,0.728
"E2","V2D",19101,"40-80 cm",3,125,0.024
"E2","V2D",19101,"80-120 cm",3,125,0.024
"E2","V2D",19101,"120-160 cm",7,125,0.056
"E2","V2D",19101,"160-200 cm",4,125,0.032
"E2","V2D",19101,">200 cm",17,125,0.136
"E2","V2D",19102,"<40 cm",86,125,0.688
"E2","V2D",19102,"40-80 cm",4,125,0.032
"E2","V2D",19102,"80-120 cm",2,125,0.016
"E2","V2D",19102,"120-160 cm",5,125,0.04
"E2","V2D",19102,"160-200 cm",2,125,0.016
"E2","V2D",19102,">200 cm",26,125,0.208
"E2","V2D",19103,"<40 cm",84,125,0.672
"E2","V2D",19103,"40-80 cm",6,125,0.048
"E2","V2D",19103,"80-120 cm",4,125,0.032
"E2","V2D",19103,"120-160 cm",10,125,0.08
"E2","V2D",19103,"160-200 cm",3,125,0.024
"E2","V2D",19103,">200 cm",18,125,0.144
"E2","V2D",19104,"<40 cm",0,0,NA
"E2","V2D",19104,"40-80 cm",0,0,NA
"E2","V2D",19104,"80-120 cm",0,0,NA
"E2","V2D",19104,"120-160 cm",0,0,NA
"E2","V2D",19104,"160-200 cm",0,0,NA
"E2","V2D",19104,">200 cm",0,0,NA
"E2","V2D",19105,"<40 cm",0,0,NA
"E2","V2D",19105,"40-80 cm",0,0,NA
"E2","V2D",19105,"80-120 cm",0,0,NA
"E2","V2D",19105,"120-160 cm",0,0,NA
"E2","V2D",19105,"160-200 cm",0,0,NA
"E2","V2D",19105,">200 cm",0,0,NA
"E2","V2D",19106,"<40 cm",0,0,NA
"E2","V2D",19106,"40-80 cm",0,0,NA
"E2","V2D",19106,"80-120 cm",0,0,NA
"E2","V2D",19106,"120-160 cm",0,0,NA
"E2","V2D",19106,"160-200 cm",0,0,NA
"E2","V2D",19106,">200 cm",0,0,NA
"E2","V2D",19107,"<40 cm",0,0,NA
"E2","V2D",19107,"40-80 cm",0,0,NA
"E2","V2D",19107,"80-120 cm",0,0,NA
"E2","V2D",19107,"120-160 cm",0,0,NA
"E2","V2D",19107,"160-200 cm",0,0,NA
"E2","V2D",19107,">200 cm",0,0,NA
"E2","V2D",19108,"<40 cm",0,0,NA
"E2","V2D",19108,"40-80 cm",0,0,NA
"E2","V2D",19108,"80-120 cm",0,0,NA
"E2","V2D",19108,"120-160 cm",0,0,NA
"E2","V2D",19108,"160-200 cm",0,0,NA
"E2","V2D",19108,">200 cm",0,0,NA
"E2","V2D",19109,"<40 cm",0,0,NA
"E2","V2D",19109,"40-80 cm",0,0,NA
"E2","V2D",19109,"80-120 cm",0,0,NA
"E2","V2D",19109,"120-160 cm",0,0,NA
"E2","V2D",19109,"160-200 cm",0,0,NA
"E2","V2D",19109,">200 cm",0,0,NA
"E2","V2D",19110,"<40 cm",0,0,NA
"E2","V2D",19110,"40-80 cm",0,0,NA
"E2","V2D",19110,"80-120 cm",0,0,NA
"E2","V2D",19110,"120-160 cm",0,0,NA
"E2","V2D",19110,"160-200 cm",0,0,NA
"E2","V2D",19110,">200 cm",0,0,NA
"E2","V2D",20101,"<40 cm",94,125,0.752
"E2","V2D",20101,"40-80 cm",3,125,0.024
"E2","V2D",20101,"80-120 cm",1,125,0.008
"E2","V2D",20101,"120-160 cm",5,125,0.04
"E2","V2D",20101,"160-200 cm",3,125,0.024
"E2","V2D",20101,">200 cm",19,125,0.152
"E2","V2D",20102,"<40 cm",91,125,0.728
"E2","V2D",20102,"40-80 cm",0,125,0
"E2","V2D",20102,"80-120 cm",1,125,0.008
"E2","V2D",20102,"120-160 cm",3,125,0.024
"E2","V2D",20102,"160-200 cm",2,125,0.016
"E2","V2D",20102,">200 cm",28,125,0.224
"E2","V2D",20103,"<40 cm",92,125,0.736
"E2","V2D",20103,"40-80 cm",2,125,0.016
"E2","V2D",20103,"80-120 cm",2,125,0.016
"E2","V2D",20103,"120-160 cm",6,125,0.048
"E2","V2D",20103,"160-200 cm",4,125,0.032
"E2","V2D",20103,">200 cm",19,125,0.152
"E2","V2D",20104,"<40 cm",0,0,NA
"E2","V2D",20104,"40-80 cm",0,0,NA
"E2","V2D",20104,"80-120 cm",0,0,NA
"E2","V2D",20104,"120-160 cm",0,0,NA
"E2","V2D",20104,"160-200 cm",0,0,NA
"E2","V2D",20104,">200 cm",0,0,NA
"E2","V2D",20105,"<40 cm",0,0,NA
"E2","V2D",20105,"40-80 cm",0,0,NA
"E2","V2D",20105,"80-120 cm",0,0,NA
"E2","V2D",20105,"120-160 cm",0,0,NA
"E2","V2D",20105,"160-200 cm",0,0,NA
"E2","V2D",20105,">200 cm",0,0,NA
"E2","V2D",20106,"<40 cm",0,0,NA
"E2","V2D",20106,"40-80 cm",0,0,NA
"E2","V2D",20106,"80-120 cm",0,0,NA
"E2","V2D",20106,"120-160 cm",0,0,NA
"E2","V2D",20106,"160-200 cm",0,0,NA
"E2","V2D",20106,">200 cm",0,0,NA
"E2","V2D",20107,"<40 cm",0,0,NA
"E2","V2D",20107,"40-80 cm",0,0,NA
"E2","V2D",20107,"80-120 cm",0,0,NA
"E2","V2D",20107,"120-160 cm",0,0,NA
"E2","V2D",20107,"160-200 cm",0,0,NA
"E2","V2D",20107,">200 cm",0,0,NA
"E2","V2D",20108,"<40 cm",0,0,NA
"E2","V2D",20108,"40-80 cm",0,0,NA
"E2","V2D",20108,"80-120 cm",0,0,NA
"E2","V2D",20108,"120-160 cm",0,0,NA
"E2","V2D",20108,"160-200 cm",0,0,NA
"E2","V2D",20108,">200 cm",0,0,NA
"E2","V2D",20109,"<40 cm",0,0,NA
"E2","V2D",20109,"40-80 cm",0,0,NA
"E2","V2D",20109,"80-120 cm",0,0,NA
"E2","V2D",20109,"120-160 cm",0,0,NA
"E2","V2D",20109,"160-200 cm",0,0,NA
"E2","V2D",20109,">200 cm",0,0,NA
"E2","V2D",20110,"<40 cm",0,0,NA
"E2","V2D",20110,"40-80 cm",0,0,NA
"E2","V2D",20110,"80-120 cm",0,0,NA
"E2","V2D",20110,"120-160 cm",0,0,NA
"E2","V2D",20110,"160-200 cm",0,0,NA
"E2","V2D",20110,">200 cm",0,0,NA
"E2","V2D",21101,"<40 cm",91,125,0.728
"E2","V2D",21101,"40-80 cm",8,125,0.064
"E2","V2D",21101,"80-120 cm",1,125,0.008
"E2","V2D",21101,"120-160 cm",5,125,0.04
"E2","V2D",21101,"160-200 cm",3,125,0.024
"E2","V2D",21101,">200 cm",17,125,0.136
"E2","V2D",21102,"<40 cm",90,125,0.72
"E2","V2D",21102,"40-80 cm",3,125,0.024
"E2","V2D",21102,"80-120 cm",1,125,0.008
"E2","V2D",21102,"120-160 cm",3,125,0.024
"E2","V2D",21102,"160-200 cm",2,125,0.016
"E2","V2D",21102,">200 cm",26,125,0.208
"E2","V2D",21103,"<40 cm",90,125,0.72
"E2","V2D",21103,"40-80 cm",6,125,0.048
"E2","V2D",21103,"80-120 cm",2,125,0.016
"E2","V2D",21103,"120-160 cm",6,125,0.048
"E2","V2D",21103,"160-200 cm",4,125,0.032
"E2","V2D",21103,">200 cm",17,125,0.136
"E2","V2D",21104,"<40 cm",0,0,NA
"E2","V2D",21104,"40-80 cm",0,0,NA
"E2","V2D",21104,"80-120 cm",0,0,NA
"E2","V2D",21104,"120-160 cm",0,0,NA
"E2","V2D",21104,"160-200 cm",0,0,NA
"E2","V2D",21104,">200 cm",0,0,NA
"E2","V2D",21105,"<40 cm",0,0,NA
"E2","V2D",21105,"40-80 cm",0,0,NA
"E2","V2D",21105,"80-120 cm",0,0,NA
"E2","V2D",21105,"120-160 cm",0,0,NA
"E2","V2D",21105,"160-200 cm",0,0,NA
"E2","V2D",21105,">200 cm",0,0,NA
"E2","V2D",21106,"<40 cm",0,0,NA
"E2","V2D",21106,"40-80 cm",0,0,NA
"E2","V2D",21106,"80-120 cm",0,0,NA
"E2","V2D",21106,"120-160 cm",0,0,NA
"E2","V2D",21106,"160-200 cm",0,0,NA
"E2","V2D",21106,">200 cm",0,0,NA
"E2","V2D",21107,"<40 cm",0,0,NA
"E2","V2D",21107,"40-80 cm",0,0,NA
"E2","V2D",21107,"80-120 cm",0,0,NA
"E2","V2D",21107,"120-160 cm",0,0,NA
"E2","V2D",21107,"160-200 cm",0,0,NA
"E2","V2D",21107,">200 cm",0,0,NA
"E2","V2D",21108,"<40 cm",0,0,NA
"E2","V2D",21108,"40-80 cm",0,0,NA
"E2","V2D",21108,"80-120 cm",0,0,NA
"E2","V2D",21108,"120-160 cm",0,0,NA
"E2","V2D",21108,"160-200 cm",0,0,NA
"E2","V2D",21108,">200 cm",0,0,NA
"E2","V2D",21109,"<40 cm",0,0,NA
"E2","V2D",21109,"40-80 cm",0,0,NA
"E2","V2D",21109,"80-120 cm",0,0,NA
"E2","V2D",21109,"120-160 cm",0,0,NA
"E2","V2D",21109,"160-200 cm",0,0,NA
"E2","V2D",21109,">200 cm",0,0,NA
"E2","V2D",21110,"<40 cm",0,0,NA
"E2","V2D",21110,"40-80 cm",0,0,NA
"E2","V2D",21110,"80-120 cm",0,0,NA
"E2","V2D",21110,"120-160 cm",0,0,NA
"E2","V2D",21110,"160-200 cm",0,0,NA
"E2","V2D",21110,">200 cm",0,0,NA
"E2","V2D",22101,"<40 cm",99,125,0.792
"E2","V2D",22101,"40-80 cm",2,125,0.016
"E2","V2D",22101,"80-120 cm",2,125,0.016
"E2","V2D",22101,"120-160 cm",5,125,0.04
"E2","V2D",22101,"160-200 cm",4,125,0.032
"E2","V2D",22101,">200 cm",13,125,0.104
"E2","V2D",22102,"<40 cm",89,125,0.712
"E2","V2D",22102,"40-80 cm",1,125,0.008
"E2","V2D",22102,"80-120 cm",2,125,0.016
"E2","V2D",22102,"120-160 cm",1,125,0.008
"E2","V2D",22102,"160-200 cm",4,125,0.032
"E2","V2D",22102,">200 cm",28,125,0.224
"E2","V2D",22103,"<40 cm",91,125,0.728
"E2","V2D",22103,"40-80 cm",4,125,0.032
"E2","V2D",22103,"80-120 cm",5,125,0.04
"E2","V2D",22103,"120-160 cm",5,125,0.04
"E2","V2D",22103,"160-200 cm",3,125,0.024
"E2","V2D",22103,">200 cm",17,125,0.136
"E2","V2D",22104,"<40 cm",0,0,NA
"E2","V2D",22104,"40-80 cm",0,0,NA
"E2","V2D",22104,"80-120 cm",0,0,NA
"E2","V2D",22104,"120-160 cm",0,0,NA
"E2","V2D",22104,"160-200 cm",0,0,NA
"E2","V2D",22104,">200 cm",0,0,NA
"E2","V2D",22105,"<40 cm",0,0,NA
"E2","V2D",22105,"40-80 cm",0,0,NA
"E2","V2D",22105,"80-120 cm",0,0,NA
"E2","V2D",22105,"120-160 cm",0,0,NA
"E2","V2D",22105,"160-200 cm",0,0,NA
"E2","V2D",22105,">200 cm",0,0,NA
"E2","V2D",22106,"<40 cm",0,0,NA
"E2","V2D",22106,"40-80 cm",0,0,NA
"E2","V2D",22106,"80-120 cm",0,0,NA
"E2","V2D",22106,"120-160 cm",0,0,NA
"E2","V2D",22106,"160-200 cm",0,0,NA
"E2","V2D",22106,">200 cm",0,0,NA
"E2","V2D",22107,"<40 cm",0,0,NA
"E2","V2D",22107,"40-80 cm",0,0,NA
"E2","V2D",22107,"80-120 cm",0,0,NA
"E2","V2D",22107,"120-160 cm",0,0,NA
"E2","V2D",22107,"160-200 cm",0,0,NA
"E2","V2D",22107,">200 cm",0,0,NA
"E2","V2D",22108,"<40 cm",0,0,NA
"E2","V2D",22108,"40-80 cm",0,0,NA
"E2","V2D",22108,"80-120 cm",0,0,NA
"E2","V2D",22108,"120-160 cm",0,0,NA
"E2","V2D",22108,"160-200 cm",0,0,NA
"E2","V2D",22108,">200 cm",0,0,NA
"E2","V2D",22109,"<40 cm",0,0,NA
"E2","V2D",22109,"40-80 cm",0,0,NA
"E2","V2D",22109,"80-120 cm",0,0,NA
"E2","V2D",22109,"120-160 cm",0,0,NA
"E2","V2D",22109,"160-200 cm",0,0,NA
"E2","V2D",22109,">200 cm",0,0,NA
"E2","V2D",22110,"<40 cm",0,0,NA
"E2","V2D",22110,"40-80 cm",0,0,NA
"E2","V2D",22110,"80-120 cm",0,0,NA
"E2","V2D",22110,"120-160 cm",0,0,NA
"E2","V2D",22110,"160-200 cm",0,0,NA
"E2","V2D",22110,">200 cm",0,0,NA
"E2","V2D",23101,"<40 cm",95,125,0.76
"E2","V2D",23101,"40-80 cm",3,125,0.024
"E2","V2D",23101,"80-120 cm",1,125,0.008
"E2","V2D",23101,"120-160 cm",6,125,0.048
"E2","V2D",23101,"160-200 cm",2,125,0.016
"E2","V2D",23101,">200 cm",18,125,0.144
"E2","V2D",23102,"<40 cm",93,125,0.744
"E2","V2D",23102,"40-80 cm",1,125,0.008
"E2","V2D",23102,"80-120 cm",1,125,0.008
"E2","V2D",23102,"120-160 cm",4,125,0.032
"E2","V2D",23102,"160-200 cm",1,125,0.008
"E2","V2D",23102,">200 cm",25,125,0.2
"E2","V2D",23103,"<40 cm",90,125,0.72
"E2","V2D",23103,"40-80 cm",6,125,0.048
"E2","V2D",23103,"80-120 cm",2,125,0.016
"E2","V2D",23103,"120-160 cm",6,125,0.048
"E2","V2D",23103,"160-200 cm",4,125,0.032
"E2","V2D",23103,">200 cm",17,125,0.136
"E2","V2D",23104,"<40 cm",0,0,NA
"E2","V2D",23104,"40-80 cm",0,0,NA
"E2","V2D",23104,"80-120 cm",0,0,NA
"E2","V2D",23104,"120-160 cm",0,0,NA
"E2","V2D",23104,"160-200 cm",0,0,NA
"E2","V2D",23104,">200 cm",0,0,NA
"E2","V2D",23105,"<40 cm",0,0,NA
"E2","V2D",23105,"40-80 cm",0,0,NA
"E2","V2D",23105,"80-120 cm",0,0,NA
"E2","V2D",23105,"120-160 cm",0,0,NA
"E2","V2D",23105,"160-200 cm",0,0,NA
"E2","V2D",23105,">200 cm",0,0,NA
"E2","V2D",23106,"<40 cm",0,0,NA
"E2","V2D",23106,"40-80 cm",0,0,NA
"E2","V2D",23106,"80-120 cm",0,0,NA
"E2","V2D",23106,"120-160 cm",0,0,NA
"E2","V2D",23106,"160-200 cm",0,0,NA
"E2","V2D",23106,">200 cm",0,0,NA
"E2","V2D",23107,"<40 cm",0,0,NA
"E2","V2D",23107,"40-80 cm",0,0,NA
"E2","V2D",23107,"80-120 cm",0,0,NA
"E2","V2D",23107,"120-160 cm",0,0,NA
"E2","V2D",23107,"160-200 cm",0,0,NA
"E2","V2D",23107,">200 cm",0,0,NA
"E2","V2D",23108,"<40 cm",0,0,NA
"E2","V2D",23108,"40-80 cm",0,0,NA
"E2","V2D",23108,"80-120 cm",0,0,NA
"E2","V2D",23108,"120-160 cm",0,0,NA
"E2","V2D",23108,"160-200 cm",0,0,NA
"E2","V2D",23108,">200 cm",0,0,NA
"E2","V2D",23109,"<40 cm",0,0,NA
"E2","V2D",23109,"40-80 cm",0,0,NA
"E2","V2D",23109,"80-120 cm",0,0,NA
"E2","V2D",23109,"120-160 cm",0,0,NA
"E2","V2D",23109,"160-200 cm",0,0,NA
"E2","V2D",23109,">200 cm",0,0,NA
"E2","V2D",23110,"<40 cm",0,0,NA
"E2","V2D",23110,"40-80 cm",0,0,NA
"E2","V2D",23110,"80-120 cm",0,0,NA
"E2","V2D",23110,"120-160 cm",0,0,NA
"E2","V2D",23110,"160-200 cm",0,0,NA
"E2","V2D",23110,">200 cm",0,0,NA
"E2","V2D",24101,"<40 cm",88,125,0.704
"E2","V2D",24101,"40-80 cm",12,125,0.096
"E2","V2D",24101,"80-120 cm",1,125,0.008
"E2","V2D",24101,"120-160 cm",4,125,0.032
"E2","V2D",24101,"160-200 cm",6,125,0.048
"E2","V2D",24101,">200 cm",14,125,0.112
"E2","V2D",24102,"<40 cm",82,125,0.656
"E2","V2D",24102,"40-80 cm",11,125,0.088
"E2","V2D",24102,"80-120 cm",3,125,0.024
"E2","V2D",24102,"120-160 cm",2,125,0.016
"E2","V2D",24102,"160-200 cm",3,125,0.024
"E2","V2D",24102,">200 cm",24,125,0.192
"E2","V2D",24103,"<40 cm",83,125,0.664
"E2","V2D",24103,"40-80 cm",14,125,0.112
"E2","V2D",24103,"80-120 cm",2,125,0.016
"E2","V2D",24103,"120-160 cm",7,125,0.056
"E2","V2D",24103,"160-200 cm",5,125,0.04
"E2","V2D",24103,">200 cm",14,125,0.112
"E2","V2D",24104,"<40 cm",0,0,NA
"E2","V2D",24104,"40-80 cm",0,0,NA
"E2","V2D",24104,"80-120 cm",0,0,NA
"E2","V2D",24104,"120-160 cm",0,0,NA
"E2","V2D",24104,"160-200 cm",0,0,NA
"E2","V2D",24104,">200 cm",0,0,NA
"E2","V2D",24105,"<40 cm",0,0,NA
"E2","V2D",24105,"40-80 cm",0,0,NA
"E2","V2D",24105,"80-120 cm",0,0,NA
"E2","V2D",24105,"120-160 cm",0,0,NA
"E2","V2D",24105,"160-200 cm",0,0,NA
"E2","V2D",24105,">200 cm",0,0,NA
"E2","V2D",24106,"<40 cm",0,0,NA
"E2","V2D",24106,"40-80 cm",0,0,NA
"E2","V2D",24106,"80-120 cm",0,0,NA
"E2","V2D",24106,"120-160 cm",0,0,NA
"E2","V2D",24106,"160-200 cm",0,0,NA
"E2","V2D",24106,">200 cm",0,0,NA
"E2","V2D",24107,"<40 cm",0,0,NA
"E2","V2D",24107,"40-80 cm",0,0,NA
"E2","V2D",24107,"80-120 cm",0,0,NA
"E2","V2D",24107,"120-160 cm",0,0,NA
"E2","V2D",24107,"160-200 cm",0,0,NA
"E2","V2D",24107,">200 cm",0,0,NA
"E2","V2D",24108,"<40 cm",0,0,NA
"E2","V2D",24108,"40-80 cm",0,0,NA
"E2","V2D",24108,"80-120 cm",0,0,NA
"E2","V2D",24108,"120-160 cm",0,0,NA
"E2","V2D",24108,"160-200 cm",0,0,NA
"E2","V2D",24108,">200 cm",0,0,NA
"E2","V2D",24109,"<40 cm",0,0,NA
"E2","V2D",24109,"40-80 cm",0,0,NA
"E2","V2D",24109,"80-120 cm",0,0,NA
"E2","V2D",24109,"120-160 cm",0,0,NA
"E2","V2D",24109,"160-200 cm",0,0,NA
"E2","V2D",24109,">200 cm",0,0,NA
"E2","V2D",24110,"<40 cm",0,0,NA
"E2","V2D",24110,"40-80 cm",0,0,NA
"E2","V2D",24110,"80-120 cm",0,0,NA
"E2","V2D",24110,"120-160 cm",0,0,NA
"E2","V2D",24110,"160-200 cm",0,0,NA
"E2","V2D",24110,">200 cm",0,0,NA
"E2","V2D",25101,"<40 cm",95,125,0.76
"E2","V2D",25101,"40-80 cm",4,125,0.032
"E2","V2D",25101,"80-120 cm",1,125,0.008
"E2","V2D",25101,"120-160 cm",5,125,0.04
"E2","V2D",25101,"160-200 cm",3,125,0.024
"E2","V2D",25101,">200 cm",17,125,0.136
"E2","V2D",25102,"<40 cm",92,125,0.736
"E2","V2D",25102,"40-80 cm",1,125,0.008
"E2","V2D",25102,"80-120 cm",1,125,0.008
"E2","V2D",25102,"120-160 cm",3,125,0.024
"E2","V2D",25102,"160-200 cm",2,125,0.016
"E2","V2D",25102,">200 cm",26,125,0.208
"E2","V2D",25103,"<40 cm",90,125,0.72
"E2","V2D",25103,"40-80 cm",5,125,0.04
"E2","V2D",25103,"80-120 cm",2,125,0.016
"E2","V2D",25103,"120-160 cm",5,125,0.04
"E2","V2D",25103,"160-200 cm",6,125,0.048
"E2","V2D",25103,">200 cm",17,125,0.136
"E2","V2D",25104,"<40 cm",0,0,NA
"E2","V2D",25104,"40-80 cm",0,0,NA
"E2","V2D",25104,"80-120 cm",0,0,NA
"E2","V2D",25104,"120-160 cm",0,0,NA
"E2","V2D",25104,"160-200 cm",0,0,NA
"E2","V2D",25104,">200 cm",0,0,NA
"E2","V2D",25105,"<40 cm",0,0,NA
"E2","V2D",25105,"40-80 cm",0,0,NA
"E2","V2D",25105,"80-120 cm",0,0,NA
"E2","V2D",25105,"120-160 cm",0,0,NA
"E2","V2D",25105,"160-200 cm",0,0,NA
"E2","V2D",25105,">200 cm",0,0,NA
"E2","V2D",25106,"<40 cm",0,0,NA
"E2","V2D",25106,"40-80 cm",0,0,NA
"E2","V2D",25106,"80-120 cm",0,0,NA
"E2","V2D",25106,"120-160 cm",0,0,NA
"E2","V2D",25106,"160-200 cm",0,0,NA
"E2","V2D",25106,">200 cm",0,0,NA
"E2","V2D",25107,"<40 cm",0,0,NA
"E2","V2D",25107,"40-80 cm",0,0,NA
"E2","V2D",25107,"80-120 cm",0,0,NA
"E2","V2D",25107,"120-160 cm",0,0,NA
"E2","V2D",25107,"160-200 cm",0,0,NA
"E2","V2D",25107,">200 cm",0,0,NA
"E2","V2D",25108,"<40 cm",0,0,NA
"E2","V2D",25108,"40-80 cm",0,0,NA
"E2","V2D",25108,"80-120 cm",0,0,NA
"E2","V2D",25108,"120-160 cm",0,0,NA
"E2","V2D",25108,"160-200 cm",0,0,NA
"E2","V2D",25108,">200 cm",0,0,NA
"E2","V2D",25109,"<40 cm",0,0,NA
"E2","V2D",25109,"40-80 cm",0,0,NA
"E2","V2D",25109,"80-120 cm",0,0,NA
"E2","V2D",25109,"120-160 cm",0,0,NA
"E2","V2D",25109,"160-200 cm",0,0,NA
"E2","V2D",25109,">200 cm",0,0,NA
"E2","V2D",25110,"<40 cm",0,0,NA
"E2","V2D",25110,"40-80 cm",0,0,NA
"E2","V2D",25110,"80-120 cm",0,0,NA
"E2","V2D",25110,"120-160 cm",0,0,NA
"E2","V2D",25110,"160-200 cm",0,0,NA
"E2","V2D",25110,">200 cm",0,0,NA
"E2","V2D",26101,"<40 cm",64,125,0.512
"E2","V2D",26101,"40-80 cm",26,125,0.208
"E2","V2D",26101,"80-120 cm",3,125,0.024
"E2","V2D",26101,"120-160 cm",6,125,0.048
"E2","V2D",26101,"160-200 cm",4,125,0.032
"E2","V2D",26101,">200 cm",22,125,0.176
"E2","V2D",26102,"<40 cm",65,125,0.52
"E2","V2D",26102,"40-80 cm",18,125,0.144
"E2","V2D",26102,"80-120 cm",1,125,0.008
"E2","V2D",26102,"120-160 cm",6,125,0.048
"E2","V2D",26102,"160-200 cm",9,125,0.072
"E2","V2D",26102,">200 cm",26,125,0.208
"E2","V2D",26103,"<40 cm",56,125,0.448
"E2","V2D",26103,"40-80 cm",27,125,0.216
"E2","V2D",26103,"80-120 cm",2,125,0.016
"E2","V2D",26103,"120-160 cm",15,125,0.12
"E2","V2D",26103,"160-200 cm",8,125,0.064
"E2","V2D",26103,">200 cm",17,125,0.136
"E2","V2D",26104,"<40 cm",0,0,NA
"E2","V2D",26104,"40-80 cm",0,0,NA
"E2","V2D",26104,"80-120 cm",0,0,NA
"E2","V2D",26104,"120-160 cm",0,0,NA
"E2","V2D",26104,"160-200 cm",0,0,NA
"E2","V2D",26104,">200 cm",0,0,NA
"E2","V2D",26105,"<40 cm",0,0,NA
"E2","V2D",26105,"40-80 cm",0,0,NA
"E2","V2D",26105,"80-120 cm",0,0,NA
"E2","V2D",26105,"120-160 cm",0,0,NA
"E2","V2D",26105,"160-200 cm",0,0,NA
"E2","V2D",26105,">200 cm",0,0,NA
"E2","V2D",26106,"<40 cm",0,0,NA
"E2","V2D",26106,"40-80 cm",0,0,NA
"E2","V2D",26106,"80-120 cm",0,0,NA
"E2","V2D",26106,"120-160 cm",0,0,NA
"E2","V2D",26106,"160-200 cm",0,0,NA
"E2","V2D",26106,">200 cm",0,0,NA
"E2","V2D",26107,"<40 cm",0,0,NA
"E2","V2D",26107,"40-80 cm",0,0,NA
"E2","V2D",26107,"80-120 cm",0,0,NA
"E2","V2D",26107,"120-160 cm",0,0,NA
"E2","V2D",26107,"160-200 cm",0,0,NA
"E2","V2D",26107,">200 cm",0,0,NA
"E2","V2D",26108,"<40 cm",0,0,NA
"E2","V2D",26108,"40-80 cm",0,0,NA
"E2","V2D",26108,"80-120 cm",0,0,NA
"E2","V2D",26108,"120-160 cm",0,0,NA
"E2","V2D",26108,"160-200 cm",0,0,NA
"E2","V2D",26108,">200 cm",0,0,NA
"E2","V2D",26109,"<40 cm",0,0,NA
"E2","V2D",26109,"40-80 cm",0,0,NA
"E2","V2D",26109,"80-120 cm",0,0,NA
"E2","V2D",26109,"120-160 cm",0,0,NA
"E2","V2D",26109,"160-200 cm",0,0,NA
"E2","V2D",26109,">200 cm",0,0,NA
"E2","V2D",26110,"<40 cm",0,0,NA
"E2","V2D",26110,"40-80 cm",0,0,NA
"E2","V2D",26110,"80-120 cm",0,0,NA
"E2","V2D",26110,"120-160 cm",0,0,NA
"E2","V2D",26110,"160-200 cm",0,0,NA
"E2","V2D",26110,">200 cm",0,0,NA
"E2","V2D",27101,"<40 cm",91,125,0.728
"E2","V2D",27101,"40-80 cm",3,125,0.024
"E2","V2D",27101,"80-120 cm",3,125,0.024
"E2","V2D",27101,"120-160 cm",5,125,0.04
"E2","V2D",27101,"160-200 cm",2,125,0.016
"E2","V2D",27101,">200 cm",21,125,0.168
"E2","V2D",27102,"<40 cm",88,125,0.704
"E2","V2D",27102,"40-80 cm",0,125,0
"E2","V2D",27102,"80-120 cm",3,125,0.024
"E2","V2D",27102,"120-160 cm",3,125,0.024
"E2","V2D",27102,"160-200 cm",3,125,0.024
"E2","V2D",27102,">200 cm",28,125,0.224
"E2","V2D",27103,"<40 cm",86,125,0.688
"E2","V2D",27103,"40-80 cm",5,125,0.04
"E2","V2D",27103,"80-120 cm",4,125,0.032
"E2","V2D",27103,"120-160 cm",8,125,0.064
"E2","V2D",27103,"160-200 cm",4,125,0.032
"E2","V2D",27103,">200 cm",18,125,0.144
"E2","V2D",27104,"<40 cm",0,0,NA
"E2","V2D",27104,"40-80 cm",0,0,NA
"E2","V2D",27104,"80-120 cm",0,0,NA
"E2","V2D",27104,"120-160 cm",0,0,NA
"E2","V2D",27104,"160-200 cm",0,0,NA
"E2","V2D",27104,">200 cm",0,0,NA
"E2","V2D",27105,"<40 cm",0,0,NA
"E2","V2D",27105,"40-80 cm",0,0,NA
"E2","V2D",27105,"80-120 cm",0,0,NA
"E2","V2D",27105,"120-160 cm",0,0,NA
"E2","V2D",27105,"160-200 cm",0,0,NA
"E2","V2D",27105,">200 cm",0,0,NA
"E2","V2D",27106,"<40 cm",0,0,NA
"E2","V2D",27106,"40-80 cm",0,0,NA
"E2","V2D",27106,"80-120 cm",0,0,NA
"E2","V2D",27106,"120-160 cm",0,0,NA
"E2","V2D",27106,"160-200 cm",0,0,NA
"E2","V2D",27106,">200 cm",0,0,NA
"E2","V2D",27107,"<40 cm",0,0,NA
"E2","V2D",27107,"40-80 cm",0,0,NA
"E2","V2D",27107,"80-120 cm",0,0,NA
"E2","V2D",27107,"120-160 cm",0,0,NA
"E2","V2D",27107,"160-200 cm",0,0,NA
"E2","V2D",27107,">200 cm",0,0,NA
"E2","V2D",27108,"<40 cm",0,0,NA
"E2","V2D",27108,"40-80 cm",0,0,NA
"E2","V2D",27108,"80-120 cm",0,0,NA
"E2","V2D",27108,"120-160 cm",0,0,NA
"E2","V2D",27108,"160-200 cm",0,0,NA
"E2","V2D",27108,">200 cm",0,0,NA
"E2","V2D",27109,"<40 cm",0,0,NA
"E2","V2D",27109,"40-80 cm",0,0,NA
"E2","V2D",27109,"80-120 cm",0,0,NA
"E2","V2D",27109,"120-160 cm",0,0,NA
"E2","V2D",27109,"160-200 cm",0,0,NA
"E2","V2D",27109,">200 cm",0,0,NA
"E2","V2D",27110,"<40 cm",0,0,NA
"E2","V2D",27110,"40-80 cm",0,0,NA
"E2","V2D",27110,"80-120 cm",0,0,NA
"E2","V2D",27110,"120-160 cm",0,0,NA
"E2","V2D",27110,"160-200 cm",0,0,NA
"E2","V2D",27110,">200 cm",0,0,NA
"E2","V2D",28101,"<40 cm",95,125,0.76
"E2","V2D",28101,"40-80 cm",6,125,0.048
"E2","V2D",28101,"80-120 cm",1,125,0.008
"E2","V2D",28101,"120-160 cm",4,125,0.032
"E2","V2D",28101,"160-200 cm",2,125,0.016
"E2","V2D",28101,">200 cm",17,125,0.136
"E2","V2D",28102,"<40 cm",87,125,0.696
"E2","V2D",28102,"40-80 cm",5,125,0.04
"E2","V2D",28102,"80-120 cm",1,125,0.008
"E2","V2D",28102,"120-160 cm",3,125,0.024
"E2","V2D",28102,"160-200 cm",4,125,0.032
"E2","V2D",28102,">200 cm",25,125,0.2
"E2","V2D",28103,"<40 cm",89,125,0.712
"E2","V2D",28103,"40-80 cm",5,125,0.04
"E2","V2D",28103,"80-120 cm",3,125,0.024
"E2","V2D",28103,"120-160 cm",6,125,0.048
"E2","V2D",28103,"160-200 cm",4,125,0.032
"E2","V2D",28103,">200 cm",18,125,0.144
"E2","V2D",28104,"<40 cm",0,0,NA
"E2","V2D",28104,"40-80 cm",0,0,NA
"E2","V2D",28104,"80-120 cm",0,0,NA
"E2","V2D",28104,"120-160 cm",0,0,NA
"E2","V2D",28104,"160-200 cm",0,0,NA
"E2","V2D",28104,">200 cm",0,0,NA
"E2","V2D",28105,"<40 cm",0,0,NA
"E2","V2D",28105,"40-80 cm",0,0,NA
"E2","V2D",28105,"80-120 cm",0,0,NA
"E2","V2D",28105,"120-160 cm",0,0,NA
"E2","V2D",28105,"160-200 cm",0,0,NA
"E2","V2D",28105,">200 cm",0,0,NA
"E2","V2D",28106,"<40 cm",0,0,NA
"E2","V2D",28106,"40-80 cm",0,0,NA
"E2","V2D",28106,"80-120 cm",0,0,NA
"E2","V2D",28106,"120-160 cm",0,0,NA
"E2","V2D",28106,"160-200 cm",0,0,NA
"E2","V2D",28106,">200 cm",0,0,NA
"E2","V2D",28107,"<40 cm",0,0,NA
"E2","V2D",28107,"40-80 cm",0,0,NA
"E2","V2D",28107,"80-120 cm",0,0,NA
"E2","V2D",28107,"120-160 cm",0,0,NA
"E2","V2D",28107,"160-200 cm",0,0,NA
"E2","V2D",28107,">200 cm",0,0,NA
"E2","V2D",28108,"<40 cm",0,0,NA
"E2","V2D",28108,"40-80 cm",0,0,NA
"E2","V2D",28108,"80-120 cm",0,0,NA
"E2","V2D",28108,"120-160 cm",0,0,NA
"E2","V2D",28108,"160-200 cm",0,0,NA
"E2","V2D",28108,">200 cm",0,0,NA
"E2","V2D",28109,"<40 cm",0,0,NA
"E2","V2D",28109,"40-80 cm",0,0,NA
"E2","V2D",28109,"80-120 cm",0,0,NA
"E2","V2D",28109,"120-160 cm",0,0,NA
"E2","V2D",28109,"160-200 cm",0,0,NA
"E2","V2D",28109,">200 cm",0,0,NA
"E2","V2D",28110,"<40 cm",0,0,NA
"E2","V2D",28110,"40-80 cm",0,0,NA
"E2","V2D",28110,"80-120 cm",0,0,NA
"E2","V2D",28110,"120-160 cm",0,0,NA
"E2","V2D",28110,"160-200 cm",0,0,NA
"E2","V2D",28110,">200 cm",0,0,NA
"E2","V2D",29101,"<40 cm",92,125,0.736
"E2","V2D",29101,"40-80 cm",3,125,0.024
"E2","V2D",29101,"80-120 cm",1,125,0.008
"E2","V2D",29101,"120-160 cm",5,125,0.04
"E2","V2D",29101,"160-200 cm",1,125,0.008
"E2","V2D",29101,">200 cm",23,125,0.184
"E2","V2D",29102,"<40 cm",89,125,0.712
"E2","V2D",29102,"40-80 cm",0,125,0
"E2","V2D",29102,"80-120 cm",1,125,0.008
"E2","V2D",29102,"120-160 cm",2,125,0.016
"E2","V2D",29102,"160-200 cm",2,125,0.016
"E2","V2D",29102,">200 cm",31,125,0.248
"E2","V2D",29103,"<40 cm",90,125,0.72
"E2","V2D",29103,"40-80 cm",2,125,0.016
"E2","V2D",29103,"80-120 cm",2,125,0.016
"E2","V2D",29103,"120-160 cm",6,125,0.048
"E2","V2D",29103,"160-200 cm",4,125,0.032
"E2","V2D",29103,">200 cm",21,125,0.168
"E2","V2D",29104,"<40 cm",0,0,NA
"E2","V2D",29104,"40-80 cm",0,0,NA
"E2","V2D",29104,"80-120 cm",0,0,NA
"E2","V2D",29104,"120-160 cm",0,0,NA
"E2","V2D",29104,"160-200 cm",0,0,NA
"E2","V2D",29104,">200 cm",0,0,NA
"E2","V2D",29105,"<40 cm",0,0,NA
"E2","V2D",29105,"40-80 cm",0,0,NA
"E2","V2D",29105,"80-120 cm",0,0,NA
"E2","V2D",29105,"120-160 cm",0,0,NA
"E2","V2D",29105,"160-200 cm",0,0,NA
"E2","V2D",29105,">200 cm",0,0,NA
"E2","V2D",29106,"<40 cm",0,0,NA
"E2","V2D",29106,"40-80 cm",0,0,NA
"E2","V2D",29106,"80-120 cm",0,0,NA
"E2","V2D",29106,"120-160 cm",0,0,NA
"E2","V2D",29106,"160-200 cm",0,0,NA
"E2","V2D",29106,">200 cm",0,0,NA
"E2","V2D",29107,"<40 cm",0,0,NA
"E2","V2D",29107,"40-80 cm",0,0,NA
"E2","V2D",29107,"80-120 cm",0,0,NA
"E2","V2D",29107,"120-160 cm",0,0,NA
"E2","V2D",29107,"160-200 cm",0,0,NA
"E2","V2D",29107,">200 cm",0,0,NA
"E2","V2D",29108,"<40 cm",0,0,NA
"E2","V2D",29108,"40-80 cm",0,0,NA
"E2","V2D",29108,"80-120 cm",0,0,NA
"E2","V2D",29108,"120-160 cm",0,0,NA
"E2","V2D",29108,"160-200 cm",0,0,NA
"E2","V2D",29108,">200 cm",0,0,NA
"E2","V2D",29109,"<40 cm",0,0,NA
"E2","V2D",29109,"40-80 cm",0,0,NA
"E2","V2D",29109,"80-120 cm",0,0,NA
"E2","V2D",29109,"120-160 cm",0,0,NA
"E2","V2D",29109,"160-200 cm",0,0,NA
"E2","V2D",29109,">200 cm",0,0,NA
"E2","V2D",29110,"<40 cm",0,0,NA
"E2","V2D",29110,"40-80 cm",0,0,NA
"E2","V2D",29110,"80-120 cm",0,0,NA
"E2","V2D",29110,"120-160 cm",0,0,NA
"E2","V2D",29110,"160-200 cm",0,0,NA
"E2","V2D",29110,">200 cm",0,0,NA
"E2","V2D",30101,"<40 cm",95,125,0.76
"E2","V2D",30101,"40-80 cm",8,125,0.064
"E2","V2D",30101,"80-120 cm",3,125,0.024
"E2","V2D",30101,"120-160 cm",3,125,0.024
"E2","V2D",30101,"160-200 cm",5,125,0.04
"E2","V2D",30101,">200 cm",11,125,0.088
"E2","V2D",30102,"<40 cm",101,125,0.808
"E2","V2D",30102,"40-80 cm",1,125,0.008
"E2","V2D",30102,"80-120 cm",1,125,0.008
"E2","V2D",30102,"120-160 cm",2,125,0.016
"E2","V2D",30102,"160-200 cm",6,125,0.048
"E2","V2D",30102,">200 cm",14,125,0.112
"E2","V2D",30103,"<40 cm",99,125,0.792
"E2","V2D",30103,"40-80 cm",4,125,0.032
"E2","V2D",30103,"80-120 cm",4,125,0.032
"E2","V2D",30103,"120-160 cm",3,125,0.024
"E2","V2D",30103,"160-200 cm",3,125,0.024
"E2","V2D",30103,">200 cm",12,125,0.096
"E2","V2D",30104,"<40 cm",0,0,NA
"E2","V2D",30104,"40-80 cm",0,0,NA
"E2","V2D",30104,"80-120 cm",0,0,NA
"E2","V2D",30104,"120-160 cm",0,0,NA
"E2","V2D",30104,"160-200 cm",0,0,NA
"E2","V2D",30104,">200 cm",0,0,NA
"E2","V2D",30105,"<40 cm",0,0,NA
"E2","V2D",30105,"40-80 cm",0,0,NA
"E2","V2D",30105,"80-120 cm",0,0,NA
"E2","V2D",30105,"120-160 cm",0,0,NA
"E2","V2D",30105,"160-200 cm",0,0,NA
"E2","V2D",30105,">200 cm",0,0,NA
"E2","V2D",30106,"<40 cm",0,0,NA
"E2","V2D",30106,"40-80 cm",0,0,NA
"E2","V2D",30106,"80-120 cm",0,0,NA
"E2","V2D",30106,"120-160 cm",0,0,NA
"E2","V2D",30106,"160-200 cm",0,0,NA
"E2","V2D",30106,">200 cm",0,0,NA
"E2","V2D",30107,"<40 cm",0,0,NA
"E2","V2D",30107,"40-80 cm",0,0,NA
"E2","V2D",30107,"80-120 cm",0,0,NA
"E2","V2D",30107,"120-160 cm",0,0,NA
"E2","V2D",30107,"160-200 cm",0,0,NA
"E2","V2D",30107,">200 cm",0,0,NA
"E2","V2D",30108,"<40 cm",0,0,NA
"E2","V2D",30108,"40-80 cm",0,0,NA
"E2","V2D",30108,"80-120 cm",0,0,NA
"E2","V2D",30108,"120-160 cm",0,0,NA
"E2","V2D",30108,"160-200 cm",0,0,NA
"E2","V2D",30108,">200 cm",0,0,NA
"E2","V2D",30109,"<40 cm",0,0,NA
"E2","V2D",30109,"40-80 cm",0,0,NA
"E2","V2D",30109,"80-120 cm",0,0,NA
"E2","V2D",30109,"120-160 cm",0,0,NA
"E2","V2D",30109,"160-200 cm",0,0,NA
"E2","V2D",30109,">200 cm",0,0,NA
"E2","V2D",30110,"<40 cm",0,0,NA
"E2","V2D",30110,"40-80 cm",0,0,NA
"E2","V2D",30110,"80-120 cm",0,0,NA
"E2","V2D",30110,"120-160 cm",0,0,NA
"E2","V2D",30110,"160-200 cm",0,0,NA
"E2","V2D",30110,">200 cm",0,0,NA
"E2","V2M1",1101,"<40 cm",185,250,0.74
"E2","V2M1",1101,"40-80 cm",9,250,0.036
"E2","V2M1",1101,"80-120 cm",3,250,0.012
"E2","V2M1",1101,"120-160 cm",4,250,0.016
"E2","V2M1",1101,"160-200 cm",3,250,0.012
"E2","V2M1",1101,">200 cm",46,250,0.184
"E2","V2M1",1102,"<40 cm",176,250,0.704
"E2","V2M1",1102,"40-80 cm",3,250,0.012
"E2","V2M1",1102,"80-120 cm",5,250,0.02
"E2","V2M1",1102,"120-160 cm",5,250,0.02
"E2","V2M1",1102,"160-200 cm",3,250,0.012
"E2","V2M1",1102,">200 cm",58,250,0.232
"E2","V2M1",1103,"<40 cm",185,250,0.74
"E2","V2M1",1103,"40-80 cm",6,250,0.024
"E2","V2M1",1103,"80-120 cm",4,250,0.016
"E2","V2M1",1103,"120-160 cm",7,250,0.028
"E2","V2M1",1103,"160-200 cm",6,250,0.024
"E2","V2M1",1103,">200 cm",42,250,0.168
"E2","V2M1",1104,"<40 cm",0,0,NA
"E2","V2M1",1104,"40-80 cm",0,0,NA
"E2","V2M1",1104,"80-120 cm",0,0,NA
"E2","V2M1",1104,"120-160 cm",0,0,NA
"E2","V2M1",1104,"160-200 cm",0,0,NA
"E2","V2M1",1104,">200 cm",0,0,NA
"E2","V2M1",1105,"<40 cm",0,0,NA
"E2","V2M1",1105,"40-80 cm",0,0,NA
"E2","V2M1",1105,"80-120 cm",0,0,NA
"E2","V2M1",1105,"120-160 cm",0,0,NA
"E2","V2M1",1105,"160-200 cm",0,0,NA
"E2","V2M1",1105,">200 cm",0,0,NA
"E2","V2M1",1106,"<40 cm",0,0,NA
"E2","V2M1",1106,"40-80 cm",0,0,NA
"E2","V2M1",1106,"80-120 cm",0,0,NA
"E2","V2M1",1106,"120-160 cm",0,0,NA
"E2","V2M1",1106,"160-200 cm",0,0,NA
"E2","V2M1",1106,">200 cm",0,0,NA
"E2","V2M1",1107,"<40 cm",0,0,NA
"E2","V2M1",1107,"40-80 cm",0,0,NA
"E2","V2M1",1107,"80-120 cm",0,0,NA
"E2","V2M1",1107,"120-160 cm",0,0,NA
"E2","V2M1",1107,"160-200 cm",0,0,NA
"E2","V2M1",1107,">200 cm",0,0,NA
"E2","V2M1",1108,"<40 cm",0,0,NA
"E2","V2M1",1108,"40-80 cm",0,0,NA
"E2","V2M1",1108,"80-120 cm",0,0,NA
"E2","V2M1",1108,"120-160 cm",0,0,NA
"E2","V2M1",1108,"160-200 cm",0,0,NA
"E2","V2M1",1108,">200 cm",0,0,NA
"E2","V2M1",1109,"<40 cm",0,0,NA
"E2","V2M1",1109,"40-80 cm",0,0,NA
"E2","V2M1",1109,"80-120 cm",0,0,NA
"E2","V2M1",1109,"120-160 cm",0,0,NA
"E2","V2M1",1109,"160-200 cm",0,0,NA
"E2","V2M1",1109,">200 cm",0,0,NA
"E2","V2M1",1110,"<40 cm",0,0,NA
"E2","V2M1",1110,"40-80 cm",0,0,NA
"E2","V2M1",1110,"80-120 cm",0,0,NA
"E2","V2M1",1110,"120-160 cm",0,0,NA
"E2","V2M1",1110,"160-200 cm",0,0,NA
"E2","V2M1",1110,">200 cm",0,0,NA
"E2","V2M1",2101,"<40 cm",200,250,0.8
"E2","V2M1",2101,"40-80 cm",7,250,0.028
"E2","V2M1",2101,"80-120 cm",2,250,0.008
"E2","V2M1",2101,"120-160 cm",7,250,0.028
"E2","V2M1",2101,"160-200 cm",8,250,0.032
"E2","V2M1",2101,">200 cm",26,250,0.104
"E2","V2M1",2102,"<40 cm",182,250,0.728
"E2","V2M1",2102,"40-80 cm",4,250,0.016
"E2","V2M1",2102,"80-120 cm",8,250,0.032
"E2","V2M1",2102,"120-160 cm",7,250,0.028
"E2","V2M1",2102,"160-200 cm",10,250,0.04
"E2","V2M1",2102,">200 cm",39,250,0.156
"E2","V2M1",2103,"<40 cm",196,250,0.784
"E2","V2M1",2103,"40-80 cm",2,250,0.008
"E2","V2M1",2103,"80-120 cm",5,250,0.02
"E2","V2M1",2103,"120-160 cm",9,250,0.036
"E2","V2M1",2103,"160-200 cm",6,250,0.024
"E2","V2M1",2103,">200 cm",32,250,0.128
"E2","V2M1",2104,"<40 cm",0,0,NA
"E2","V2M1",2104,"40-80 cm",0,0,NA
"E2","V2M1",2104,"80-120 cm",0,0,NA
"E2","V2M1",2104,"120-160 cm",0,0,NA
"E2","V2M1",2104,"160-200 cm",0,0,NA
"E2","V2M1",2104,">200 cm",0,0,NA
"E2","V2M1",2105,"<40 cm",0,0,NA
"E2","V2M1",2105,"40-80 cm",0,0,NA
"E2","V2M1",2105,"80-120 cm",0,0,NA
"E2","V2M1",2105,"120-160 cm",0,0,NA
"E2","V2M1",2105,"160-200 cm",0,0,NA
"E2","V2M1",2105,">200 cm",0,0,NA
"E2","V2M1",2106,"<40 cm",0,0,NA
"E2","V2M1",2106,"40-80 cm",0,0,NA
"E2","V2M1",2106,"80-120 cm",0,0,NA
"E2","V2M1",2106,"120-160 cm",0,0,NA
"E2","V2M1",2106,"160-200 cm",0,0,NA
"E2","V2M1",2106,">200 cm",0,0,NA
"E2","V2M1",2107,"<40 cm",0,0,NA
"E2","V2M1",2107,"40-80 cm",0,0,NA
"E2","V2M1",2107,"80-120 cm",0,0,NA
"E2","V2M1",2107,"120-160 cm",0,0,NA
"E2","V2M1",2107,"160-200 cm",0,0,NA
"E2","V2M1",2107,">200 cm",0,0,NA
"E2","V2M1",2108,"<40 cm",0,0,NA
"E2","V2M1",2108,"40-80 cm",0,0,NA
"E2","V2M1",2108,"80-120 cm",0,0,NA
"E2","V2M1",2108,"120-160 cm",0,0,NA
"E2","V2M1",2108,"160-200 cm",0,0,NA
"E2","V2M1",2108,">200 cm",0,0,NA
"E2","V2M1",2109,"<40 cm",0,0,NA
"E2","V2M1",2109,"40-80 cm",0,0,NA
"E2","V2M1",2109,"80-120 cm",0,0,NA
"E2","V2M1",2109,"120-160 cm",0,0,NA
"E2","V2M1",2109,"160-200 cm",0,0,NA
"E2","V2M1",2109,">200 cm",0,0,NA
"E2","V2M1",2110,"<40 cm",0,0,NA
"E2","V2M1",2110,"40-80 cm",0,0,NA
"E2","V2M1",2110,"80-120 cm",0,0,NA
"E2","V2M1",2110,"120-160 cm",0,0,NA
"E2","V2M1",2110,"160-200 cm",0,0,NA
"E2","V2M1",2110,">200 cm",0,0,NA
"E2","V2M1",3101,"<40 cm",192,250,0.768
"E2","V2M1",3101,"40-80 cm",5,250,0.02
"E2","V2M1",3101,"80-120 cm",4,250,0.016
"E2","V2M1",3101,"120-160 cm",4,250,0.016
"E2","V2M1",3101,"160-200 cm",3,250,0.012
"E2","V2M1",3101,">200 cm",42,250,0.168
"E2","V2M1",3102,"<40 cm",177,250,0.708
"E2","V2M1",3102,"40-80 cm",2,250,0.008
"E2","V2M1",3102,"80-120 cm",6,250,0.024
"E2","V2M1",3102,"120-160 cm",7,250,0.028
"E2","V2M1",3102,"160-200 cm",4,250,0.016
"E2","V2M1",3102,">200 cm",54,250,0.216
"E2","V2M1",3103,"<40 cm",188,250,0.752
"E2","V2M1",3103,"40-80 cm",6,250,0.024
"E2","V2M1",3103,"80-120 cm",3,250,0.012
"E2","V2M1",3103,"120-160 cm",8,250,0.032
"E2","V2M1",3103,"160-200 cm",4,250,0.016
"E2","V2M1",3103,">200 cm",41,250,0.164
"E2","V2M1",3104,"<40 cm",0,0,NA
"E2","V2M1",3104,"40-80 cm",0,0,NA
"E2","V2M1",3104,"80-120 cm",0,0,NA
"E2","V2M1",3104,"120-160 cm",0,0,NA
"E2","V2M1",3104,"160-200 cm",0,0,NA
"E2","V2M1",3104,">200 cm",0,0,NA
"E2","V2M1",3105,"<40 cm",0,0,NA
"E2","V2M1",3105,"40-80 cm",0,0,NA
"E2","V2M1",3105,"80-120 cm",0,0,NA
"E2","V2M1",3105,"120-160 cm",0,0,NA
"E2","V2M1",3105,"160-200 cm",0,0,NA
"E2","V2M1",3105,">200 cm",0,0,NA
"E2","V2M1",3106,"<40 cm",0,0,NA
"E2","V2M1",3106,"40-80 cm",0,0,NA
"E2","V2M1",3106,"80-120 cm",0,0,NA
"E2","V2M1",3106,"120-160 cm",0,0,NA
"E2","V2M1",3106,"160-200 cm",0,0,NA
"E2","V2M1",3106,">200 cm",0,0,NA
"E2","V2M1",3107,"<40 cm",0,0,NA
"E2","V2M1",3107,"40-80 cm",0,0,NA
"E2","V2M1",3107,"80-120 cm",0,0,NA
"E2","V2M1",3107,"120-160 cm",0,0,NA
"E2","V2M1",3107,"160-200 cm",0,0,NA
"E2","V2M1",3107,">200 cm",0,0,NA
"E2","V2M1",3108,"<40 cm",0,0,NA
"E2","V2M1",3108,"40-80 cm",0,0,NA
"E2","V2M1",3108,"80-120 cm",0,0,NA
"E2","V2M1",3108,"120-160 cm",0,0,NA
"E2","V2M1",3108,"160-200 cm",0,0,NA
"E2","V2M1",3108,">200 cm",0,0,NA
"E2","V2M1",3109,"<40 cm",0,0,NA
"E2","V2M1",3109,"40-80 cm",0,0,NA
"E2","V2M1",3109,"80-120 cm",0,0,NA
"E2","V2M1",3109,"120-160 cm",0,0,NA
"E2","V2M1",3109,"160-200 cm",0,0,NA
"E2","V2M1",3109,">200 cm",0,0,NA
"E2","V2M1",3110,"<40 cm",0,0,NA
"E2","V2M1",3110,"40-80 cm",0,0,NA
"E2","V2M1",3110,"80-120 cm",0,0,NA
"E2","V2M1",3110,"120-160 cm",0,0,NA
"E2","V2M1",3110,"160-200 cm",0,0,NA
"E2","V2M1",3110,">200 cm",0,0,NA
"E2","V2M1",4101,"<40 cm",192,250,0.768
"E2","V2M1",4101,"40-80 cm",4,250,0.016
"E2","V2M1",4101,"80-120 cm",5,250,0.02
"E2","V2M1",4101,"120-160 cm",6,250,0.024
"E2","V2M1",4101,"160-200 cm",9,250,0.036
"E2","V2M1",4101,">200 cm",34,250,0.136
"E2","V2M1",4102,"<40 cm",177,250,0.708
"E2","V2M1",4102,"40-80 cm",3,250,0.012
"E2","V2M1",4102,"80-120 cm",4,250,0.016
"E2","V2M1",4102,"120-160 cm",6,250,0.024
"E2","V2M1",4102,"160-200 cm",8,250,0.032
"E2","V2M1",4102,">200 cm",52,250,0.208
"E2","V2M1",4103,"<40 cm",188,250,0.752
"E2","V2M1",4103,"40-80 cm",4,250,0.016
"E2","V2M1",4103,"80-120 cm",7,250,0.028
"E2","V2M1",4103,"120-160 cm",9,250,0.036
"E2","V2M1",4103,"160-200 cm",7,250,0.028
"E2","V2M1",4103,">200 cm",35,250,0.14
"E2","V2M1",4104,"<40 cm",0,0,NA
"E2","V2M1",4104,"40-80 cm",0,0,NA
"E2","V2M1",4104,"80-120 cm",0,0,NA
"E2","V2M1",4104,"120-160 cm",0,0,NA
"E2","V2M1",4104,"160-200 cm",0,0,NA
"E2","V2M1",4104,">200 cm",0,0,NA
"E2","V2M1",4105,"<40 cm",0,0,NA
"E2","V2M1",4105,"40-80 cm",0,0,NA
"E2","V2M1",4105,"80-120 cm",0,0,NA
"E2","V2M1",4105,"120-160 cm",0,0,NA
"E2","V2M1",4105,"160-200 cm",0,0,NA
"E2","V2M1",4105,">200 cm",0,0,NA
"E2","V2M1",4106,"<40 cm",0,0,NA
"E2","V2M1",4106,"40-80 cm",0,0,NA
"E2","V2M1",4106,"80-120 cm",0,0,NA
"E2","V2M1",4106,"120-160 cm",0,0,NA
"E2","V2M1",4106,"160-200 cm",0,0,NA
"E2","V2M1",4106,">200 cm",0,0,NA
"E2","V2M1",4107,"<40 cm",0,0,NA
"E2","V2M1",4107,"40-80 cm",0,0,NA
"E2","V2M1",4107,"80-120 cm",0,0,NA
"E2","V2M1",4107,"120-160 cm",0,0,NA
"E2","V2M1",4107,"160-200 cm",0,0,NA
"E2","V2M1",4107,">200 cm",0,0,NA
"E2","V2M1",4108,"<40 cm",0,0,NA
"E2","V2M1",4108,"40-80 cm",0,0,NA
"E2","V2M1",4108,"80-120 cm",0,0,NA
"E2","V2M1",4108,"120-160 cm",0,0,NA
"E2","V2M1",4108,"160-200 cm",0,0,NA
"E2","V2M1",4108,">200 cm",0,0,NA
"E2","V2M1",4109,"<40 cm",0,0,NA
"E2","V2M1",4109,"40-80 cm",0,0,NA
"E2","V2M1",4109,"80-120 cm",0,0,NA
"E2","V2M1",4109,"120-160 cm",0,0,NA
"E2","V2M1",4109,"160-200 cm",0,0,NA
"E2","V2M1",4109,">200 cm",0,0,NA
"E2","V2M1",4110,"<40 cm",0,0,NA
"E2","V2M1",4110,"40-80 cm",0,0,NA
"E2","V2M1",4110,"80-120 cm",0,0,NA
"E2","V2M1",4110,"120-160 cm",0,0,NA
"E2","V2M1",4110,"160-200 cm",0,0,NA
"E2","V2M1",4110,">200 cm",0,0,NA
"E2","V2M1",5101,"<40 cm",191,250,0.764
"E2","V2M1",5101,"40-80 cm",5,250,0.02
"E2","V2M1",5101,"80-120 cm",4,250,0.016
"E2","V2M1",5101,"120-160 cm",5,250,0.02
"E2","V2M1",5101,"160-200 cm",6,250,0.024
"E2","V2M1",5101,">200 cm",39,250,0.156
"E2","V2M1",5102,"<40 cm",179,250,0.716
"E2","V2M1",5102,"40-80 cm",7,250,0.028
"E2","V2M1",5102,"80-120 cm",6,250,0.024
"E2","V2M1",5102,"120-160 cm",3,250,0.012
"E2","V2M1",5102,"160-200 cm",5,250,0.02
"E2","V2M1",5102,">200 cm",50,250,0.2
"E2","V2M1",5103,"<40 cm",188,250,0.752
"E2","V2M1",5103,"40-80 cm",4,250,0.016
"E2","V2M1",5103,"80-120 cm",8,250,0.032
"E2","V2M1",5103,"120-160 cm",7,250,0.028
"E2","V2M1",5103,"160-200 cm",7,250,0.028
"E2","V2M1",5103,">200 cm",36,250,0.144
"E2","V2M1",5104,"<40 cm",0,0,NA
"E2","V2M1",5104,"40-80 cm",0,0,NA
"E2","V2M1",5104,"80-120 cm",0,0,NA
"E2","V2M1",5104,"120-160 cm",0,0,NA
"E2","V2M1",5104,"160-200 cm",0,0,NA
"E2","V2M1",5104,">200 cm",0,0,NA
"E2","V2M1",5105,"<40 cm",0,0,NA
"E2","V2M1",5105,"40-80 cm",0,0,NA
"E2","V2M1",5105,"80-120 cm",0,0,NA
"E2","V2M1",5105,"120-160 cm",0,0,NA
"E2","V2M1",5105,"160-200 cm",0,0,NA
"E2","V2M1",5105,">200 cm",0,0,NA
"E2","V2M1",5106,"<40 cm",0,0,NA
"E2","V2M1",5106,"40-80 cm",0,0,NA
"E2","V2M1",5106,"80-120 cm",0,0,NA
"E2","V2M1",5106,"120-160 cm",0,0,NA
"E2","V2M1",5106,"160-200 cm",0,0,NA
"E2","V2M1",5106,">200 cm",0,0,NA
"E2","V2M1",5107,"<40 cm",0,0,NA
"E2","V2M1",5107,"40-80 cm",0,0,NA
"E2","V2M1",5107,"80-120 cm",0,0,NA
"E2","V2M1",5107,"120-160 cm",0,0,NA
"E2","V2M1",5107,"160-200 cm",0,0,NA
"E2","V2M1",5107,">200 cm",0,0,NA
"E2","V2M1",5108,"<40 cm",0,0,NA
"E2","V2M1",5108,"40-80 cm",0,0,NA
"E2","V2M1",5108,"80-120 cm",0,0,NA
"E2","V2M1",5108,"120-160 cm",0,0,NA
"E2","V2M1",5108,"160-200 cm",0,0,NA
"E2","V2M1",5108,">200 cm",0,0,NA
"E2","V2M1",5109,"<40 cm",0,0,NA
"E2","V2M1",5109,"40-80 cm",0,0,NA
"E2","V2M1",5109,"80-120 cm",0,0,NA
"E2","V2M1",5109,"120-160 cm",0,0,NA
"E2","V2M1",5109,"160-200 cm",0,0,NA
"E2","V2M1",5109,">200 cm",0,0,NA
"E2","V2M1",5110,"<40 cm",0,0,NA
"E2","V2M1",5110,"40-80 cm",0,0,NA
"E2","V2M1",5110,"80-120 cm",0,0,NA
"E2","V2M1",5110,"120-160 cm",0,0,NA
"E2","V2M1",5110,"160-200 cm",0,0,NA
"E2","V2M1",5110,">200 cm",0,0,NA
"E2","V2M1",6101,"<40 cm",192,250,0.768
"E2","V2M1",6101,"40-80 cm",4,250,0.016
"E2","V2M1",6101,"80-120 cm",4,250,0.016
"E2","V2M1",6101,"120-160 cm",4,250,0.016
"E2","V2M1",6101,"160-200 cm",6,250,0.024
"E2","V2M1",6101,">200 cm",40,250,0.16
"E2","V2M1",6102,"<40 cm",178,250,0.712
"E2","V2M1",6102,"40-80 cm",2,250,0.008
"E2","V2M1",6102,"80-120 cm",4,250,0.016
"E2","V2M1",6102,"120-160 cm",5,250,0.02
"E2","V2M1",6102,"160-200 cm",6,250,0.024
"E2","V2M1",6102,">200 cm",55,250,0.22
"E2","V2M1",6103,"<40 cm",192,250,0.768
"E2","V2M1",6103,"40-80 cm",4,250,0.016
"E2","V2M1",6103,"80-120 cm",3,250,0.012
"E2","V2M1",6103,"120-160 cm",7,250,0.028
"E2","V2M1",6103,"160-200 cm",12,250,0.048
"E2","V2M1",6103,">200 cm",32,250,0.128
"E2","V2M1",6104,"<40 cm",0,0,NA
"E2","V2M1",6104,"40-80 cm",0,0,NA
"E2","V2M1",6104,"80-120 cm",0,0,NA
"E2","V2M1",6104,"120-160 cm",0,0,NA
"E2","V2M1",6104,"160-200 cm",0,0,NA
"E2","V2M1",6104,">200 cm",0,0,NA
"E2","V2M1",6105,"<40 cm",0,0,NA
"E2","V2M1",6105,"40-80 cm",0,0,NA
"E2","V2M1",6105,"80-120 cm",0,0,NA
"E2","V2M1",6105,"120-160 cm",0,0,NA
"E2","V2M1",6105,"160-200 cm",0,0,NA
"E2","V2M1",6105,">200 cm",0,0,NA
"E2","V2M1",6106,"<40 cm",0,0,NA
"E2","V2M1",6106,"40-80 cm",0,0,NA
"E2","V2M1",6106,"80-120 cm",0,0,NA
"E2","V2M1",6106,"120-160 cm",0,0,NA
"E2","V2M1",6106,"160-200 cm",0,0,NA
"E2","V2M1",6106,">200 cm",0,0,NA
"E2","V2M1",6107,"<40 cm",0,0,NA
"E2","V2M1",6107,"40-80 cm",0,0,NA
"E2","V2M1",6107,"80-120 cm",0,0,NA
"E2","V2M1",6107,"120-160 cm",0,0,NA
"E2","V2M1",6107,"160-200 cm",0,0,NA
"E2","V2M1",6107,">200 cm",0,0,NA
"E2","V2M1",6108,"<40 cm",0,0,NA
"E2","V2M1",6108,"40-80 cm",0,0,NA
"E2","V2M1",6108,"80-120 cm",0,0,NA
"E2","V2M1",6108,"120-160 cm",0,0,NA
"E2","V2M1",6108,"160-200 cm",0,0,NA
"E2","V2M1",6108,">200 cm",0,0,NA
"E2","V2M1",6109,"<40 cm",0,0,NA
"E2","V2M1",6109,"40-80 cm",0,0,NA
"E2","V2M1",6109,"80-120 cm",0,0,NA
"E2","V2M1",6109,"120-160 cm",0,0,NA
"E2","V2M1",6109,"160-200 cm",0,0,NA
"E2","V2M1",6109,">200 cm",0,0,NA
"E2","V2M1",6110,"<40 cm",0,0,NA
"E2","V2M1",6110,"40-80 cm",0,0,NA
"E2","V2M1",6110,"80-120 cm",0,0,NA
"E2","V2M1",6110,"120-160 cm",0,0,NA
"E2","V2M1",6110,"160-200 cm",0,0,NA
"E2","V2M1",6110,">200 cm",0,0,NA
"E2","V2M1",7101,"<40 cm",190,250,0.76
"E2","V2M1",7101,"40-80 cm",5,250,0.02
"E2","V2M1",7101,"80-120 cm",4,250,0.016
"E2","V2M1",7101,"120-160 cm",4,250,0.016
"E2","V2M1",7101,"160-200 cm",4,250,0.016
"E2","V2M1",7101,">200 cm",43,250,0.172
"E2","V2M1",7102,"<40 cm",177,250,0.708
"E2","V2M1",7102,"40-80 cm",1,250,0.004
"E2","V2M1",7102,"80-120 cm",5,250,0.02
"E2","V2M1",7102,"120-160 cm",6,250,0.024
"E2","V2M1",7102,"160-200 cm",3,250,0.012
"E2","V2M1",7102,">200 cm",58,250,0.232
"E2","V2M1",7103,"<40 cm",183,250,0.732
"E2","V2M1",7103,"40-80 cm",8,250,0.032
"E2","V2M1",7103,"80-120 cm",3,250,0.012
"E2","V2M1",7103,"120-160 cm",8,250,0.032
"E2","V2M1",7103,"160-200 cm",6,250,0.024
"E2","V2M1",7103,">200 cm",42,250,0.168
"E2","V2M1",7104,"<40 cm",0,0,NA
"E2","V2M1",7104,"40-80 cm",0,0,NA
"E2","V2M1",7104,"80-120 cm",0,0,NA
"E2","V2M1",7104,"120-160 cm",0,0,NA
"E2","V2M1",7104,"160-200 cm",0,0,NA
"E2","V2M1",7104,">200 cm",0,0,NA
"E2","V2M1",7105,"<40 cm",0,0,NA
"E2","V2M1",7105,"40-80 cm",0,0,NA
"E2","V2M1",7105,"80-120 cm",0,0,NA
"E2","V2M1",7105,"120-160 cm",0,0,NA
"E2","V2M1",7105,"160-200 cm",0,0,NA
"E2","V2M1",7105,">200 cm",0,0,NA
"E2","V2M1",7106,"<40 cm",0,0,NA
"E2","V2M1",7106,"40-80 cm",0,0,NA
"E2","V2M1",7106,"80-120 cm",0,0,NA
"E2","V2M1",7106,"120-160 cm",0,0,NA
"E2","V2M1",7106,"160-200 cm",0,0,NA
"E2","V2M1",7106,">200 cm",0,0,NA
"E2","V2M1",7107,"<40 cm",0,0,NA
"E2","V2M1",7107,"40-80 cm",0,0,NA
"E2","V2M1",7107,"80-120 cm",0,0,NA
"E2","V2M1",7107,"120-160 cm",0,0,NA
"E2","V2M1",7107,"160-200 cm",0,0,NA
"E2","V2M1",7107,">200 cm",0,0,NA
"E2","V2M1",7108,"<40 cm",0,0,NA
"E2","V2M1",7108,"40-80 cm",0,0,NA
"E2","V2M1",7108,"80-120 cm",0,0,NA
"E2","V2M1",7108,"120-160 cm",0,0,NA
"E2","V2M1",7108,"160-200 cm",0,0,NA
"E2","V2M1",7108,">200 cm",0,0,NA
"E2","V2M1",7109,"<40 cm",0,0,NA
"E2","V2M1",7109,"40-80 cm",0,0,NA
"E2","V2M1",7109,"80-120 cm",0,0,NA
"E2","V2M1",7109,"120-160 cm",0,0,NA
"E2","V2M1",7109,"160-200 cm",0,0,NA
"E2","V2M1",7109,">200 cm",0,0,NA
"E2","V2M1",7110,"<40 cm",0,0,NA
"E2","V2M1",7110,"40-80 cm",0,0,NA
"E2","V2M1",7110,"80-120 cm",0,0,NA
"E2","V2M1",7110,"120-160 cm",0,0,NA
"E2","V2M1",7110,"160-200 cm",0,0,NA
"E2","V2M1",7110,">200 cm",0,0,NA
"E2","V2M1",8101,"<40 cm",181,250,0.724
"E2","V2M1",8101,"40-80 cm",15,250,0.06
"E2","V2M1",8101,"80-120 cm",3,250,0.012
"E2","V2M1",8101,"120-160 cm",4,250,0.016
"E2","V2M1",8101,"160-200 cm",6,250,0.024
"E2","V2M1",8101,">200 cm",41,250,0.164
"E2","V2M1",8102,"<40 cm",171,250,0.684
"E2","V2M1",8102,"40-80 cm",9,250,0.036
"E2","V2M1",8102,"80-120 cm",6,250,0.024
"E2","V2M1",8102,"120-160 cm",7,250,0.028
"E2","V2M1",8102,"160-200 cm",4,250,0.016
"E2","V2M1",8102,">200 cm",53,250,0.212
"E2","V2M1",8103,"<40 cm",180,250,0.72
"E2","V2M1",8103,"40-80 cm",14,250,0.056
"E2","V2M1",8103,"80-120 cm",6,250,0.024
"E2","V2M1",8103,"120-160 cm",6,250,0.024
"E2","V2M1",8103,"160-200 cm",5,250,0.02
"E2","V2M1",8103,">200 cm",39,250,0.156
"E2","V2M1",8104,"<40 cm",0,0,NA
"E2","V2M1",8104,"40-80 cm",0,0,NA
"E2","V2M1",8104,"80-120 cm",0,0,NA
"E2","V2M1",8104,"120-160 cm",0,0,NA
"E2","V2M1",8104,"160-200 cm",0,0,NA
"E2","V2M1",8104,">200 cm",0,0,NA
"E2","V2M1",8105,"<40 cm",0,0,NA
"E2","V2M1",8105,"40-80 cm",0,0,NA
"E2","V2M1",8105,"80-120 cm",0,0,NA
"E2","V2M1",8105,"120-160 cm",0,0,NA
"E2","V2M1",8105,"160-200 cm",0,0,NA
"E2","V2M1",8105,">200 cm",0,0,NA
"E2","V2M1",8106,"<40 cm",0,0,NA
"E2","V2M1",8106,"40-80 cm",0,0,NA
"E2","V2M1",8106,"80-120 cm",0,0,NA
"E2","V2M1",8106,"120-160 cm",0,0,NA
"E2","V2M1",8106,"160-200 cm",0,0,NA
"E2","V2M1",8106,">200 cm",0,0,NA
"E2","V2M1",8107,"<40 cm",0,0,NA
"E2","V2M1",8107,"40-80 cm",0,0,NA
"E2","V2M1",8107,"80-120 cm",0,0,NA
"E2","V2M1",8107,"120-160 cm",0,0,NA
"E2","V2M1",8107,"160-200 cm",0,0,NA
"E2","V2M1",8107,">200 cm",0,0,NA
"E2","V2M1",8108,"<40 cm",0,0,NA
"E2","V2M1",8108,"40-80 cm",0,0,NA
"E2","V2M1",8108,"80-120 cm",0,0,NA
"E2","V2M1",8108,"120-160 cm",0,0,NA
"E2","V2M1",8108,"160-200 cm",0,0,NA
"E2","V2M1",8108,">200 cm",0,0,NA
"E2","V2M1",8109,"<40 cm",0,0,NA
"E2","V2M1",8109,"40-80 cm",0,0,NA
"E2","V2M1",8109,"80-120 cm",0,0,NA
"E2","V2M1",8109,"120-160 cm",0,0,NA
"E2","V2M1",8109,"160-200 cm",0,0,NA
"E2","V2M1",8109,">200 cm",0,0,NA
"E2","V2M1",8110,"<40 cm",0,0,NA
"E2","V2M1",8110,"40-80 cm",0,0,NA
"E2","V2M1",8110,"80-120 cm",0,0,NA
"E2","V2M1",8110,"120-160 cm",0,0,NA
"E2","V2M1",8110,"160-200 cm",0,0,NA
"E2","V2M1",8110,">200 cm",0,0,NA
"E2","V2M1",9101,"<40 cm",193,250,0.772
"E2","V2M1",9101,"40-80 cm",4,250,0.016
"E2","V2M1",9101,"80-120 cm",3,250,0.012
"E2","V2M1",9101,"120-160 cm",5,250,0.02
"E2","V2M1",9101,"160-200 cm",21,250,0.084
"E2","V2M1",9101,">200 cm",24,250,0.096
"E2","V2M1",9102,"<40 cm",179,250,0.716
"E2","V2M1",9102,"40-80 cm",0,250,0
"E2","V2M1",9102,"80-120 cm",5,250,0.02
"E2","V2M1",9102,"120-160 cm",4,250,0.016
"E2","V2M1",9102,"160-200 cm",26,250,0.104
"E2","V2M1",9102,">200 cm",36,250,0.144
"E2","V2M1",9103,"<40 cm",187,250,0.748
"E2","V2M1",9103,"40-80 cm",5,250,0.02
"E2","V2M1",9103,"80-120 cm",7,250,0.028
"E2","V2M1",9103,"120-160 cm",6,250,0.024
"E2","V2M1",9103,"160-200 cm",22,250,0.088
"E2","V2M1",9103,">200 cm",23,250,0.092
"E2","V2M1",9104,"<40 cm",0,0,NA
"E2","V2M1",9104,"40-80 cm",0,0,NA
"E2","V2M1",9104,"80-120 cm",0,0,NA
"E2","V2M1",9104,"120-160 cm",0,0,NA
"E2","V2M1",9104,"160-200 cm",0,0,NA
"E2","V2M1",9104,">200 cm",0,0,NA
"E2","V2M1",9105,"<40 cm",0,0,NA
"E2","V2M1",9105,"40-80 cm",0,0,NA
"E2","V2M1",9105,"80-120 cm",0,0,NA
"E2","V2M1",9105,"120-160 cm",0,0,NA
"E2","V2M1",9105,"160-200 cm",0,0,NA
"E2","V2M1",9105,">200 cm",0,0,NA
"E2","V2M1",9106,"<40 cm",0,0,NA
"E2","V2M1",9106,"40-80 cm",0,0,NA
"E2","V2M1",9106,"80-120 cm",0,0,NA
"E2","V2M1",9106,"120-160 cm",0,0,NA
"E2","V2M1",9106,"160-200 cm",0,0,NA
"E2","V2M1",9106,">200 cm",0,0,NA
"E2","V2M1",9107,"<40 cm",0,0,NA
"E2","V2M1",9107,"40-80 cm",0,0,NA
"E2","V2M1",9107,"80-120 cm",0,0,NA
"E2","V2M1",9107,"120-160 cm",0,0,NA
"E2","V2M1",9107,"160-200 cm",0,0,NA
"E2","V2M1",9107,">200 cm",0,0,NA
"E2","V2M1",9108,"<40 cm",0,0,NA
"E2","V2M1",9108,"40-80 cm",0,0,NA
"E2","V2M1",9108,"80-120 cm",0,0,NA
"E2","V2M1",9108,"120-160 cm",0,0,NA
"E2","V2M1",9108,"160-200 cm",0,0,NA
"E2","V2M1",9108,">200 cm",0,0,NA
"E2","V2M1",9109,"<40 cm",0,0,NA
"E2","V2M1",9109,"40-80 cm",0,0,NA
"E2","V2M1",9109,"80-120 cm",0,0,NA
"E2","V2M1",9109,"120-160 cm",0,0,NA
"E2","V2M1",9109,"160-200 cm",0,0,NA
"E2","V2M1",9109,">200 cm",0,0,NA
"E2","V2M1",9110,"<40 cm",0,0,NA
"E2","V2M1",9110,"40-80 cm",0,0,NA
"E2","V2M1",9110,"80-120 cm",0,0,NA
"E2","V2M1",9110,"120-160 cm",0,0,NA
"E2","V2M1",9110,"160-200 cm",0,0,NA
"E2","V2M1",9110,">200 cm",0,0,NA
"E2","V2M1",10101,"<40 cm",188,250,0.752
"E2","V2M1",10101,"40-80 cm",6,250,0.024
"E2","V2M1",10101,"80-120 cm",2,250,0.008
"E2","V2M1",10101,"120-160 cm",6,250,0.024
"E2","V2M1",10101,"160-200 cm",3,250,0.012
"E2","V2M1",10101,">200 cm",45,250,0.18
"E2","V2M1",10102,"<40 cm",174,250,0.696
"E2","V2M1",10102,"40-80 cm",5,250,0.02
"E2","V2M1",10102,"80-120 cm",5,250,0.02
"E2","V2M1",10102,"120-160 cm",4,250,0.016
"E2","V2M1",10102,"160-200 cm",2,250,0.008
"E2","V2M1",10102,">200 cm",60,250,0.24
"E2","V2M1",10103,"<40 cm",182,250,0.728
"E2","V2M1",10103,"40-80 cm",5,250,0.02
"E2","V2M1",10103,"80-120 cm",6,250,0.024
"E2","V2M1",10103,"120-160 cm",7,250,0.028
"E2","V2M1",10103,"160-200 cm",6,250,0.024
"E2","V2M1",10103,">200 cm",44,250,0.176
"E2","V2M1",10104,"<40 cm",0,0,NA
"E2","V2M1",10104,"40-80 cm",0,0,NA
"E2","V2M1",10104,"80-120 cm",0,0,NA
"E2","V2M1",10104,"120-160 cm",0,0,NA
"E2","V2M1",10104,"160-200 cm",0,0,NA
"E2","V2M1",10104,">200 cm",0,0,NA
"E2","V2M1",10105,"<40 cm",0,0,NA
"E2","V2M1",10105,"40-80 cm",0,0,NA
"E2","V2M1",10105,"80-120 cm",0,0,NA
"E2","V2M1",10105,"120-160 cm",0,0,NA
"E2","V2M1",10105,"160-200 cm",0,0,NA
"E2","V2M1",10105,">200 cm",0,0,NA
"E2","V2M1",10106,"<40 cm",0,0,NA
"E2","V2M1",10106,"40-80 cm",0,0,NA
"E2","V2M1",10106,"80-120 cm",0,0,NA
"E2","V2M1",10106,"120-160 cm",0,0,NA
"E2","V2M1",10106,"160-200 cm",0,0,NA
"E2","V2M1",10106,">200 cm",0,0,NA
"E2","V2M1",10107,"<40 cm",0,0,NA
"E2","V2M1",10107,"40-80 cm",0,0,NA
"E2","V2M1",10107,"80-120 cm",0,0,NA
"E2","V2M1",10107,"120-160 cm",0,0,NA
"E2","V2M1",10107,"160-200 cm",0,0,NA
"E2","V2M1",10107,">200 cm",0,0,NA
"E2","V2M1",10108,"<40 cm",0,0,NA
"E2","V2M1",10108,"40-80 cm",0,0,NA
"E2","V2M1",10108,"80-120 cm",0,0,NA
"E2","V2M1",10108,"120-160 cm",0,0,NA
"E2","V2M1",10108,"160-200 cm",0,0,NA
"E2","V2M1",10108,">200 cm",0,0,NA
"E2","V2M1",10109,"<40 cm",0,0,NA
"E2","V2M1",10109,"40-80 cm",0,0,NA
"E2","V2M1",10109,"80-120 cm",0,0,NA
"E2","V2M1",10109,"120-160 cm",0,0,NA
"E2","V2M1",10109,"160-200 cm",0,0,NA
"E2","V2M1",10109,">200 cm",0,0,NA
"E2","V2M1",10110,"<40 cm",0,0,NA
"E2","V2M1",10110,"40-80 cm",0,0,NA
"E2","V2M1",10110,"80-120 cm",0,0,NA
"E2","V2M1",10110,"120-160 cm",0,0,NA
"E2","V2M1",10110,"160-200 cm",0,0,NA
"E2","V2M1",10110,">200 cm",0,0,NA
"E2","V2M1",11101,"<40 cm",0,0,NA
"E2","V2M1",11101,"40-80 cm",0,0,NA
"E2","V2M1",11101,"80-120 cm",0,0,NA
"E2","V2M1",11101,"120-160 cm",0,0,NA
"E2","V2M1",11101,"160-200 cm",0,0,NA
"E2","V2M1",11101,">200 cm",0,0,NA
"E2","V2M1",11102,"<40 cm",0,0,NA
"E2","V2M1",11102,"40-80 cm",0,0,NA
"E2","V2M1",11102,"80-120 cm",0,0,NA
"E2","V2M1",11102,"120-160 cm",0,0,NA
"E2","V2M1",11102,"160-200 cm",0,0,NA
"E2","V2M1",11102,">200 cm",0,0,NA
"E2","V2M1",11103,"<40 cm",0,0,NA
"E2","V2M1",11103,"40-80 cm",0,0,NA
"E2","V2M1",11103,"80-120 cm",0,0,NA
"E2","V2M1",11103,"120-160 cm",0,0,NA
"E2","V2M1",11103,"160-200 cm",0,0,NA
"E2","V2M1",11103,">200 cm",0,0,NA
"E2","V2M1",11104,"<40 cm",0,0,NA
"E2","V2M1",11104,"40-80 cm",0,0,NA
"E2","V2M1",11104,"80-120 cm",0,0,NA
"E2","V2M1",11104,"120-160 cm",0,0,NA
"E2","V2M1",11104,"160-200 cm",0,0,NA
"E2","V2M1",11104,">200 cm",0,0,NA
"E2","V2M1",11105,"<40 cm",0,0,NA
"E2","V2M1",11105,"40-80 cm",0,0,NA
"E2","V2M1",11105,"80-120 cm",0,0,NA
"E2","V2M1",11105,"120-160 cm",0,0,NA
"E2","V2M1",11105,"160-200 cm",0,0,NA
"E2","V2M1",11105,">200 cm",0,0,NA
"E2","V2M1",11106,"<40 cm",0,0,NA
"E2","V2M1",11106,"40-80 cm",0,0,NA
"E2","V2M1",11106,"80-120 cm",0,0,NA
"E2","V2M1",11106,"120-160 cm",0,0,NA
"E2","V2M1",11106,"160-200 cm",0,0,NA
"E2","V2M1",11106,">200 cm",0,0,NA
"E2","V2M1",11107,"<40 cm",0,0,NA
"E2","V2M1",11107,"40-80 cm",0,0,NA
"E2","V2M1",11107,"80-120 cm",0,0,NA
"E2","V2M1",11107,"120-160 cm",0,0,NA
"E2","V2M1",11107,"160-200 cm",0,0,NA
"E2","V2M1",11107,">200 cm",0,0,NA
"E2","V2M1",11108,"<40 cm",0,0,NA
"E2","V2M1",11108,"40-80 cm",0,0,NA
"E2","V2M1",11108,"80-120 cm",0,0,NA
"E2","V2M1",11108,"120-160 cm",0,0,NA
"E2","V2M1",11108,"160-200 cm",0,0,NA
"E2","V2M1",11108,">200 cm",0,0,NA
"E2","V2M1",11109,"<40 cm",0,0,NA
"E2","V2M1",11109,"40-80 cm",0,0,NA
"E2","V2M1",11109,"80-120 cm",0,0,NA
"E2","V2M1",11109,"120-160 cm",0,0,NA
"E2","V2M1",11109,"160-200 cm",0,0,NA
"E2","V2M1",11109,">200 cm",0,0,NA
"E2","V2M1",11110,"<40 cm",0,0,NA
"E2","V2M1",11110,"40-80 cm",0,0,NA
"E2","V2M1",11110,"80-120 cm",0,0,NA
"E2","V2M1",11110,"120-160 cm",0,0,NA
"E2","V2M1",11110,"160-200 cm",0,0,NA
"E2","V2M1",11110,">200 cm",0,0,NA
"E2","V2M1",12101,"<40 cm",0,0,NA
"E2","V2M1",12101,"40-80 cm",0,0,NA
"E2","V2M1",12101,"80-120 cm",0,0,NA
"E2","V2M1",12101,"120-160 cm",0,0,NA
"E2","V2M1",12101,"160-200 cm",0,0,NA
"E2","V2M1",12101,">200 cm",0,0,NA
"E2","V2M1",12102,"<40 cm",0,0,NA
"E2","V2M1",12102,"40-80 cm",0,0,NA
"E2","V2M1",12102,"80-120 cm",0,0,NA
"E2","V2M1",12102,"120-160 cm",0,0,NA
"E2","V2M1",12102,"160-200 cm",0,0,NA
"E2","V2M1",12102,">200 cm",0,0,NA
"E2","V2M1",12103,"<40 cm",0,0,NA
"E2","V2M1",12103,"40-80 cm",0,0,NA
"E2","V2M1",12103,"80-120 cm",0,0,NA
"E2","V2M1",12103,"120-160 cm",0,0,NA
"E2","V2M1",12103,"160-200 cm",0,0,NA
"E2","V2M1",12103,">200 cm",0,0,NA
"E2","V2M1",12104,"<40 cm",0,0,NA
"E2","V2M1",12104,"40-80 cm",0,0,NA
"E2","V2M1",12104,"80-120 cm",0,0,NA
"E2","V2M1",12104,"120-160 cm",0,0,NA
"E2","V2M1",12104,"160-200 cm",0,0,NA
"E2","V2M1",12104,">200 cm",0,0,NA
"E2","V2M1",12105,"<40 cm",0,0,NA
"E2","V2M1",12105,"40-80 cm",0,0,NA
"E2","V2M1",12105,"80-120 cm",0,0,NA
"E2","V2M1",12105,"120-160 cm",0,0,NA
"E2","V2M1",12105,"160-200 cm",0,0,NA
"E2","V2M1",12105,">200 cm",0,0,NA
"E2","V2M1",12106,"<40 cm",0,0,NA
"E2","V2M1",12106,"40-80 cm",0,0,NA
"E2","V2M1",12106,"80-120 cm",0,0,NA
"E2","V2M1",12106,"120-160 cm",0,0,NA
"E2","V2M1",12106,"160-200 cm",0,0,NA
"E2","V2M1",12106,">200 cm",0,0,NA
"E2","V2M1",12107,"<40 cm",0,0,NA
"E2","V2M1",12107,"40-80 cm",0,0,NA
"E2","V2M1",12107,"80-120 cm",0,0,NA
"E2","V2M1",12107,"120-160 cm",0,0,NA
"E2","V2M1",12107,"160-200 cm",0,0,NA
"E2","V2M1",12107,">200 cm",0,0,NA
"E2","V2M1",12108,"<40 cm",0,0,NA
"E2","V2M1",12108,"40-80 cm",0,0,NA
"E2","V2M1",12108,"80-120 cm",0,0,NA
"E2","V2M1",12108,"120-160 cm",0,0,NA
"E2","V2M1",12108,"160-200 cm",0,0,NA
"E2","V2M1",12108,">200 cm",0,0,NA
"E2","V2M1",12109,"<40 cm",0,0,NA
"E2","V2M1",12109,"40-80 cm",0,0,NA
"E2","V2M1",12109,"80-120 cm",0,0,NA
"E2","V2M1",12109,"120-160 cm",0,0,NA
"E2","V2M1",12109,"160-200 cm",0,0,NA
"E2","V2M1",12109,">200 cm",0,0,NA
"E2","V2M1",12110,"<40 cm",0,0,NA
"E2","V2M1",12110,"40-80 cm",0,0,NA
"E2","V2M1",12110,"80-120 cm",0,0,NA
"E2","V2M1",12110,"120-160 cm",0,0,NA
"E2","V2M1",12110,"160-200 cm",0,0,NA
"E2","V2M1",12110,">200 cm",0,0,NA
"E2","V2M1",13101,"<40 cm",0,0,NA
"E2","V2M1",13101,"40-80 cm",0,0,NA
"E2","V2M1",13101,"80-120 cm",0,0,NA
"E2","V2M1",13101,"120-160 cm",0,0,NA
"E2","V2M1",13101,"160-200 cm",0,0,NA
"E2","V2M1",13101,">200 cm",0,0,NA
"E2","V2M1",13102,"<40 cm",0,0,NA
"E2","V2M1",13102,"40-80 cm",0,0,NA
"E2","V2M1",13102,"80-120 cm",0,0,NA
"E2","V2M1",13102,"120-160 cm",0,0,NA
"E2","V2M1",13102,"160-200 cm",0,0,NA
"E2","V2M1",13102,">200 cm",0,0,NA
"E2","V2M1",13103,"<40 cm",0,0,NA
"E2","V2M1",13103,"40-80 cm",0,0,NA
"E2","V2M1",13103,"80-120 cm",0,0,NA
"E2","V2M1",13103,"120-160 cm",0,0,NA
"E2","V2M1",13103,"160-200 cm",0,0,NA
"E2","V2M1",13103,">200 cm",0,0,NA
"E2","V2M1",13104,"<40 cm",0,0,NA
"E2","V2M1",13104,"40-80 cm",0,0,NA
"E2","V2M1",13104,"80-120 cm",0,0,NA
"E2","V2M1",13104,"120-160 cm",0,0,NA
"E2","V2M1",13104,"160-200 cm",0,0,NA
"E2","V2M1",13104,">200 cm",0,0,NA
"E2","V2M1",13105,"<40 cm",0,0,NA
"E2","V2M1",13105,"40-80 cm",0,0,NA
"E2","V2M1",13105,"80-120 cm",0,0,NA
"E2","V2M1",13105,"120-160 cm",0,0,NA
"E2","V2M1",13105,"160-200 cm",0,0,NA
"E2","V2M1",13105,">200 cm",0,0,NA
"E2","V2M1",13106,"<40 cm",0,0,NA
"E2","V2M1",13106,"40-80 cm",0,0,NA
"E2","V2M1",13106,"80-120 cm",0,0,NA
"E2","V2M1",13106,"120-160 cm",0,0,NA
"E2","V2M1",13106,"160-200 cm",0,0,NA
"E2","V2M1",13106,">200 cm",0,0,NA
"E2","V2M1",13107,"<40 cm",0,0,NA
"E2","V2M1",13107,"40-80 cm",0,0,NA
"E2","V2M1",13107,"80-120 cm",0,0,NA
"E2","V2M1",13107,"120-160 cm",0,0,NA
"E2","V2M1",13107,"160-200 cm",0,0,NA
"E2","V2M1",13107,">200 cm",0,0,NA
"E2","V2M1",13108,"<40 cm",0,0,NA
"E2","V2M1",13108,"40-80 cm",0,0,NA
"E2","V2M1",13108,"80-120 cm",0,0,NA
"E2","V2M1",13108,"120-160 cm",0,0,NA
"E2","V2M1",13108,"160-200 cm",0,0,NA
"E2","V2M1",13108,">200 cm",0,0,NA
"E2","V2M1",13109,"<40 cm",0,0,NA
"E2","V2M1",13109,"40-80 cm",0,0,NA
"E2","V2M1",13109,"80-120 cm",0,0,NA
"E2","V2M1",13109,"120-160 cm",0,0,NA
"E2","V2M1",13109,"160-200 cm",0,0,NA
"E2","V2M1",13109,">200 cm",0,0,NA
"E2","V2M1",13110,"<40 cm",0,0,NA
"E2","V2M1",13110,"40-80 cm",0,0,NA
"E2","V2M1",13110,"80-120 cm",0,0,NA
"E2","V2M1",13110,"120-160 cm",0,0,NA
"E2","V2M1",13110,"160-200 cm",0,0,NA
"E2","V2M1",13110,">200 cm",0,0,NA
"E2","V2M1",14101,"<40 cm",0,0,NA
"E2","V2M1",14101,"40-80 cm",0,0,NA
"E2","V2M1",14101,"80-120 cm",0,0,NA
"E2","V2M1",14101,"120-160 cm",0,0,NA
"E2","V2M1",14101,"160-200 cm",0,0,NA
"E2","V2M1",14101,">200 cm",0,0,NA
"E2","V2M1",14102,"<40 cm",0,0,NA
"E2","V2M1",14102,"40-80 cm",0,0,NA
"E2","V2M1",14102,"80-120 cm",0,0,NA
"E2","V2M1",14102,"120-160 cm",0,0,NA
"E2","V2M1",14102,"160-200 cm",0,0,NA
"E2","V2M1",14102,">200 cm",0,0,NA
"E2","V2M1",14103,"<40 cm",0,0,NA
"E2","V2M1",14103,"40-80 cm",0,0,NA
"E2","V2M1",14103,"80-120 cm",0,0,NA
"E2","V2M1",14103,"120-160 cm",0,0,NA
"E2","V2M1",14103,"160-200 cm",0,0,NA
"E2","V2M1",14103,">200 cm",0,0,NA
"E2","V2M1",14104,"<40 cm",0,0,NA
"E2","V2M1",14104,"40-80 cm",0,0,NA
"E2","V2M1",14104,"80-120 cm",0,0,NA
"E2","V2M1",14104,"120-160 cm",0,0,NA
"E2","V2M1",14104,"160-200 cm",0,0,NA
"E2","V2M1",14104,">200 cm",0,0,NA
"E2","V2M1",14105,"<40 cm",0,0,NA
"E2","V2M1",14105,"40-80 cm",0,0,NA
"E2","V2M1",14105,"80-120 cm",0,0,NA
"E2","V2M1",14105,"120-160 cm",0,0,NA
"E2","V2M1",14105,"160-200 cm",0,0,NA
"E2","V2M1",14105,">200 cm",0,0,NA
"E2","V2M1",14106,"<40 cm",0,0,NA
"E2","V2M1",14106,"40-80 cm",0,0,NA
"E2","V2M1",14106,"80-120 cm",0,0,NA
"E2","V2M1",14106,"120-160 cm",0,0,NA
"E2","V2M1",14106,"160-200 cm",0,0,NA
"E2","V2M1",14106,">200 cm",0,0,NA
"E2","V2M1",14107,"<40 cm",0,0,NA
"E2","V2M1",14107,"40-80 cm",0,0,NA
"E2","V2M1",14107,"80-120 cm",0,0,NA
"E2","V2M1",14107,"120-160 cm",0,0,NA
"E2","V2M1",14107,"160-200 cm",0,0,NA
"E2","V2M1",14107,">200 cm",0,0,NA
"E2","V2M1",14108,"<40 cm",0,0,NA
"E2","V2M1",14108,"40-80 cm",0,0,NA
"E2","V2M1",14108,"80-120 cm",0,0,NA
"E2","V2M1",14108,"120-160 cm",0,0,NA
"E2","V2M1",14108,"160-200 cm",0,0,NA
"E2","V2M1",14108,">200 cm",0,0,NA
"E2","V2M1",14109,"<40 cm",0,0,NA
"E2","V2M1",14109,"40-80 cm",0,0,NA
"E2","V2M1",14109,"80-120 cm",0,0,NA
"E2","V2M1",14109,"120-160 cm",0,0,NA
"E2","V2M1",14109,"160-200 cm",0,0,NA
"E2","V2M1",14109,">200 cm",0,0,NA
"E2","V2M1",14110,"<40 cm",0,0,NA
"E2","V2M1",14110,"40-80 cm",0,0,NA
"E2","V2M1",14110,"80-120 cm",0,0,NA
"E2","V2M1",14110,"120-160 cm",0,0,NA
"E2","V2M1",14110,"160-200 cm",0,0,NA
"E2","V2M1",14110,">200 cm",0,0,NA
"E2","V2M1",15101,"<40 cm",0,0,NA
"E2","V2M1",15101,"40-80 cm",0,0,NA
"E2","V2M1",15101,"80-120 cm",0,0,NA
"E2","V2M1",15101,"120-160 cm",0,0,NA
"E2","V2M1",15101,"160-200 cm",0,0,NA
"E2","V2M1",15101,">200 cm",0,0,NA
"E2","V2M1",15102,"<40 cm",0,0,NA
"E2","V2M1",15102,"40-80 cm",0,0,NA
"E2","V2M1",15102,"80-120 cm",0,0,NA
"E2","V2M1",15102,"120-160 cm",0,0,NA
"E2","V2M1",15102,"160-200 cm",0,0,NA
"E2","V2M1",15102,">200 cm",0,0,NA
"E2","V2M1",15103,"<40 cm",0,0,NA
"E2","V2M1",15103,"40-80 cm",0,0,NA
"E2","V2M1",15103,"80-120 cm",0,0,NA
"E2","V2M1",15103,"120-160 cm",0,0,NA
"E2","V2M1",15103,"160-200 cm",0,0,NA
"E2","V2M1",15103,">200 cm",0,0,NA
"E2","V2M1",15104,"<40 cm",0,0,NA
"E2","V2M1",15104,"40-80 cm",0,0,NA
"E2","V2M1",15104,"80-120 cm",0,0,NA
"E2","V2M1",15104,"120-160 cm",0,0,NA
"E2","V2M1",15104,"160-200 cm",0,0,NA
"E2","V2M1",15104,">200 cm",0,0,NA
"E2","V2M1",15105,"<40 cm",0,0,NA
"E2","V2M1",15105,"40-80 cm",0,0,NA
"E2","V2M1",15105,"80-120 cm",0,0,NA
"E2","V2M1",15105,"120-160 cm",0,0,NA
"E2","V2M1",15105,"160-200 cm",0,0,NA
"E2","V2M1",15105,">200 cm",0,0,NA
"E2","V2M1",15106,"<40 cm",0,0,NA
"E2","V2M1",15106,"40-80 cm",0,0,NA
"E2","V2M1",15106,"80-120 cm",0,0,NA
"E2","V2M1",15106,"120-160 cm",0,0,NA
"E2","V2M1",15106,"160-200 cm",0,0,NA
"E2","V2M1",15106,">200 cm",0,0,NA
"E2","V2M1",15107,"<40 cm",0,0,NA
"E2","V2M1",15107,"40-80 cm",0,0,NA
"E2","V2M1",15107,"80-120 cm",0,0,NA
"E2","V2M1",15107,"120-160 cm",0,0,NA
"E2","V2M1",15107,"160-200 cm",0,0,NA
"E2","V2M1",15107,">200 cm",0,0,NA
"E2","V2M1",15108,"<40 cm",0,0,NA
"E2","V2M1",15108,"40-80 cm",0,0,NA
"E2","V2M1",15108,"80-120 cm",0,0,NA
"E2","V2M1",15108,"120-160 cm",0,0,NA
"E2","V2M1",15108,"160-200 cm",0,0,NA
"E2","V2M1",15108,">200 cm",0,0,NA
"E2","V2M1",15109,"<40 cm",0,0,NA
"E2","V2M1",15109,"40-80 cm",0,0,NA
"E2","V2M1",15109,"80-120 cm",0,0,NA
"E2","V2M1",15109,"120-160 cm",0,0,NA
"E2","V2M1",15109,"160-200 cm",0,0,NA
"E2","V2M1",15109,">200 cm",0,0,NA
"E2","V2M1",15110,"<40 cm",0,0,NA
"E2","V2M1",15110,"40-80 cm",0,0,NA
"E2","V2M1",15110,"80-120 cm",0,0,NA
"E2","V2M1",15110,"120-160 cm",0,0,NA
"E2","V2M1",15110,"160-200 cm",0,0,NA
"E2","V2M1",15110,">200 cm",0,0,NA
"E2","V2M1",16101,"<40 cm",0,0,NA
"E2","V2M1",16101,"40-80 cm",0,0,NA
"E2","V2M1",16101,"80-120 cm",0,0,NA
"E2","V2M1",16101,"120-160 cm",0,0,NA
"E2","V2M1",16101,"160-200 cm",0,0,NA
"E2","V2M1",16101,">200 cm",0,0,NA
"E2","V2M1",16102,"<40 cm",0,0,NA
"E2","V2M1",16102,"40-80 cm",0,0,NA
"E2","V2M1",16102,"80-120 cm",0,0,NA
"E2","V2M1",16102,"120-160 cm",0,0,NA
"E2","V2M1",16102,"160-200 cm",0,0,NA
"E2","V2M1",16102,">200 cm",0,0,NA
"E2","V2M1",16103,"<40 cm",0,0,NA
"E2","V2M1",16103,"40-80 cm",0,0,NA
"E2","V2M1",16103,"80-120 cm",0,0,NA
"E2","V2M1",16103,"120-160 cm",0,0,NA
"E2","V2M1",16103,"160-200 cm",0,0,NA
"E2","V2M1",16103,">200 cm",0,0,NA
"E2","V2M1",16104,"<40 cm",0,0,NA
"E2","V2M1",16104,"40-80 cm",0,0,NA
"E2","V2M1",16104,"80-120 cm",0,0,NA
"E2","V2M1",16104,"120-160 cm",0,0,NA
"E2","V2M1",16104,"160-200 cm",0,0,NA
"E2","V2M1",16104,">200 cm",0,0,NA
"E2","V2M1",16105,"<40 cm",0,0,NA
"E2","V2M1",16105,"40-80 cm",0,0,NA
"E2","V2M1",16105,"80-120 cm",0,0,NA
"E2","V2M1",16105,"120-160 cm",0,0,NA
"E2","V2M1",16105,"160-200 cm",0,0,NA
"E2","V2M1",16105,">200 cm",0,0,NA
"E2","V2M1",16106,"<40 cm",0,0,NA
"E2","V2M1",16106,"40-80 cm",0,0,NA
"E2","V2M1",16106,"80-120 cm",0,0,NA
"E2","V2M1",16106,"120-160 cm",0,0,NA
"E2","V2M1",16106,"160-200 cm",0,0,NA
"E2","V2M1",16106,">200 cm",0,0,NA
"E2","V2M1",16107,"<40 cm",0,0,NA
"E2","V2M1",16107,"40-80 cm",0,0,NA
"E2","V2M1",16107,"80-120 cm",0,0,NA
"E2","V2M1",16107,"120-160 cm",0,0,NA
"E2","V2M1",16107,"160-200 cm",0,0,NA
"E2","V2M1",16107,">200 cm",0,0,NA
"E2","V2M1",16108,"<40 cm",0,0,NA
"E2","V2M1",16108,"40-80 cm",0,0,NA
"E2","V2M1",16108,"80-120 cm",0,0,NA
"E2","V2M1",16108,"120-160 cm",0,0,NA
"E2","V2M1",16108,"160-200 cm",0,0,NA
"E2","V2M1",16108,">200 cm",0,0,NA
"E2","V2M1",16109,"<40 cm",0,0,NA
"E2","V2M1",16109,"40-80 cm",0,0,NA
"E2","V2M1",16109,"80-120 cm",0,0,NA
"E2","V2M1",16109,"120-160 cm",0,0,NA
"E2","V2M1",16109,"160-200 cm",0,0,NA
"E2","V2M1",16109,">200 cm",0,0,NA
"E2","V2M1",16110,"<40 cm",0,0,NA
"E2","V2M1",16110,"40-80 cm",0,0,NA
"E2","V2M1",16110,"80-120 cm",0,0,NA
"E2","V2M1",16110,"120-160 cm",0,0,NA
"E2","V2M1",16110,"160-200 cm",0,0,NA
"E2","V2M1",16110,">200 cm",0,0,NA
"E2","V2M1",17101,"<40 cm",0,0,NA
"E2","V2M1",17101,"40-80 cm",0,0,NA
"E2","V2M1",17101,"80-120 cm",0,0,NA
"E2","V2M1",17101,"120-160 cm",0,0,NA
"E2","V2M1",17101,"160-200 cm",0,0,NA
"E2","V2M1",17101,">200 cm",0,0,NA
"E2","V2M1",17102,"<40 cm",0,0,NA
"E2","V2M1",17102,"40-80 cm",0,0,NA
"E2","V2M1",17102,"80-120 cm",0,0,NA
"E2","V2M1",17102,"120-160 cm",0,0,NA
"E2","V2M1",17102,"160-200 cm",0,0,NA
"E2","V2M1",17102,">200 cm",0,0,NA
"E2","V2M1",17103,"<40 cm",0,0,NA
"E2","V2M1",17103,"40-80 cm",0,0,NA
"E2","V2M1",17103,"80-120 cm",0,0,NA
"E2","V2M1",17103,"120-160 cm",0,0,NA
"E2","V2M1",17103,"160-200 cm",0,0,NA
"E2","V2M1",17103,">200 cm",0,0,NA
"E2","V2M1",17104,"<40 cm",0,0,NA
"E2","V2M1",17104,"40-80 cm",0,0,NA
"E2","V2M1",17104,"80-120 cm",0,0,NA
"E2","V2M1",17104,"120-160 cm",0,0,NA
"E2","V2M1",17104,"160-200 cm",0,0,NA
"E2","V2M1",17104,">200 cm",0,0,NA
"E2","V2M1",17105,"<40 cm",0,0,NA
"E2","V2M1",17105,"40-80 cm",0,0,NA
"E2","V2M1",17105,"80-120 cm",0,0,NA
"E2","V2M1",17105,"120-160 cm",0,0,NA
"E2","V2M1",17105,"160-200 cm",0,0,NA
"E2","V2M1",17105,">200 cm",0,0,NA
"E2","V2M1",17106,"<40 cm",0,0,NA
"E2","V2M1",17106,"40-80 cm",0,0,NA
"E2","V2M1",17106,"80-120 cm",0,0,NA
"E2","V2M1",17106,"120-160 cm",0,0,NA
"E2","V2M1",17106,"160-200 cm",0,0,NA
"E2","V2M1",17106,">200 cm",0,0,NA
"E2","V2M1",17107,"<40 cm",0,0,NA
"E2","V2M1",17107,"40-80 cm",0,0,NA
"E2","V2M1",17107,"80-120 cm",0,0,NA
"E2","V2M1",17107,"120-160 cm",0,0,NA
"E2","V2M1",17107,"160-200 cm",0,0,NA
"E2","V2M1",17107,">200 cm",0,0,NA
"E2","V2M1",17108,"<40 cm",0,0,NA
"E2","V2M1",17108,"40-80 cm",0,0,NA
"E2","V2M1",17108,"80-120 cm",0,0,NA
"E2","V2M1",17108,"120-160 cm",0,0,NA
"E2","V2M1",17108,"160-200 cm",0,0,NA
"E2","V2M1",17108,">200 cm",0,0,NA
"E2","V2M1",17109,"<40 cm",0,0,NA
"E2","V2M1",17109,"40-80 cm",0,0,NA
"E2","V2M1",17109,"80-120 cm",0,0,NA
"E2","V2M1",17109,"120-160 cm",0,0,NA
"E2","V2M1",17109,"160-200 cm",0,0,NA
"E2","V2M1",17109,">200 cm",0,0,NA
"E2","V2M1",17110,"<40 cm",0,0,NA
"E2","V2M1",17110,"40-80 cm",0,0,NA
"E2","V2M1",17110,"80-120 cm",0,0,NA
"E2","V2M1",17110,"120-160 cm",0,0,NA
"E2","V2M1",17110,"160-200 cm",0,0,NA
"E2","V2M1",17110,">200 cm",0,0,NA
"E2","V2M1",18101,"<40 cm",0,0,NA
"E2","V2M1",18101,"40-80 cm",0,0,NA
"E2","V2M1",18101,"80-120 cm",0,0,NA
"E2","V2M1",18101,"120-160 cm",0,0,NA
"E2","V2M1",18101,"160-200 cm",0,0,NA
"E2","V2M1",18101,">200 cm",0,0,NA
"E2","V2M1",18102,"<40 cm",0,0,NA
"E2","V2M1",18102,"40-80 cm",0,0,NA
"E2","V2M1",18102,"80-120 cm",0,0,NA
"E2","V2M1",18102,"120-160 cm",0,0,NA
"E2","V2M1",18102,"160-200 cm",0,0,NA
"E2","V2M1",18102,">200 cm",0,0,NA
"E2","V2M1",18103,"<40 cm",0,0,NA
"E2","V2M1",18103,"40-80 cm",0,0,NA
"E2","V2M1",18103,"80-120 cm",0,0,NA
"E2","V2M1",18103,"120-160 cm",0,0,NA
"E2","V2M1",18103,"160-200 cm",0,0,NA
"E2","V2M1",18103,">200 cm",0,0,NA
"E2","V2M1",18104,"<40 cm",0,0,NA
"E2","V2M1",18104,"40-80 cm",0,0,NA
"E2","V2M1",18104,"80-120 cm",0,0,NA
"E2","V2M1",18104,"120-160 cm",0,0,NA
"E2","V2M1",18104,"160-200 cm",0,0,NA
"E2","V2M1",18104,">200 cm",0,0,NA
"E2","V2M1",18105,"<40 cm",0,0,NA
"E2","V2M1",18105,"40-80 cm",0,0,NA
"E2","V2M1",18105,"80-120 cm",0,0,NA
"E2","V2M1",18105,"120-160 cm",0,0,NA
"E2","V2M1",18105,"160-200 cm",0,0,NA
"E2","V2M1",18105,">200 cm",0,0,NA
"E2","V2M1",18106,"<40 cm",0,0,NA
"E2","V2M1",18106,"40-80 cm",0,0,NA
"E2","V2M1",18106,"80-120 cm",0,0,NA
"E2","V2M1",18106,"120-160 cm",0,0,NA
"E2","V2M1",18106,"160-200 cm",0,0,NA
"E2","V2M1",18106,">200 cm",0,0,NA
"E2","V2M1",18107,"<40 cm",0,0,NA
"E2","V2M1",18107,"40-80 cm",0,0,NA
"E2","V2M1",18107,"80-120 cm",0,0,NA
"E2","V2M1",18107,"120-160 cm",0,0,NA
"E2","V2M1",18107,"160-200 cm",0,0,NA
"E2","V2M1",18107,">200 cm",0,0,NA
"E2","V2M1",18108,"<40 cm",0,0,NA
"E2","V2M1",18108,"40-80 cm",0,0,NA
"E2","V2M1",18108,"80-120 cm",0,0,NA
"E2","V2M1",18108,"120-160 cm",0,0,NA
"E2","V2M1",18108,"160-200 cm",0,0,NA
"E2","V2M1",18108,">200 cm",0,0,NA
"E2","V2M1",18109,"<40 cm",0,0,NA
"E2","V2M1",18109,"40-80 cm",0,0,NA
"E2","V2M1",18109,"80-120 cm",0,0,NA
"E2","V2M1",18109,"120-160 cm",0,0,NA
"E2","V2M1",18109,"160-200 cm",0,0,NA
"E2","V2M1",18109,">200 cm",0,0,NA
"E2","V2M1",18110,"<40 cm",0,0,NA
"E2","V2M1",18110,"40-80 cm",0,0,NA
"E2","V2M1",18110,"80-120 cm",0,0,NA
"E2","V2M1",18110,"120-160 cm",0,0,NA
"E2","V2M1",18110,"160-200 cm",0,0,NA
"E2","V2M1",18110,">200 cm",0,0,NA
"E2","V2M1",19101,"<40 cm",0,0,NA
"E2","V2M1",19101,"40-80 cm",0,0,NA
"E2","V2M1",19101,"80-120 cm",0,0,NA
"E2","V2M1",19101,"120-160 cm",0,0,NA
"E2","V2M1",19101,"160-200 cm",0,0,NA
"E2","V2M1",19101,">200 cm",0,0,NA
"E2","V2M1",19102,"<40 cm",0,0,NA
"E2","V2M1",19102,"40-80 cm",0,0,NA
"E2","V2M1",19102,"80-120 cm",0,0,NA
"E2","V2M1",19102,"120-160 cm",0,0,NA
"E2","V2M1",19102,"160-200 cm",0,0,NA
"E2","V2M1",19102,">200 cm",0,0,NA
"E2","V2M1",19103,"<40 cm",0,0,NA
"E2","V2M1",19103,"40-80 cm",0,0,NA
"E2","V2M1",19103,"80-120 cm",0,0,NA
"E2","V2M1",19103,"120-160 cm",0,0,NA
"E2","V2M1",19103,"160-200 cm",0,0,NA
"E2","V2M1",19103,">200 cm",0,0,NA
"E2","V2M1",19104,"<40 cm",0,0,NA
"E2","V2M1",19104,"40-80 cm",0,0,NA
"E2","V2M1",19104,"80-120 cm",0,0,NA
"E2","V2M1",19104,"120-160 cm",0,0,NA
"E2","V2M1",19104,"160-200 cm",0,0,NA
"E2","V2M1",19104,">200 cm",0,0,NA
"E2","V2M1",19105,"<40 cm",0,0,NA
"E2","V2M1",19105,"40-80 cm",0,0,NA
"E2","V2M1",19105,"80-120 cm",0,0,NA
"E2","V2M1",19105,"120-160 cm",0,0,NA
"E2","V2M1",19105,"160-200 cm",0,0,NA
"E2","V2M1",19105,">200 cm",0,0,NA
"E2","V2M1",19106,"<40 cm",0,0,NA
"E2","V2M1",19106,"40-80 cm",0,0,NA
"E2","V2M1",19106,"80-120 cm",0,0,NA
"E2","V2M1",19106,"120-160 cm",0,0,NA
"E2","V2M1",19106,"160-200 cm",0,0,NA
"E2","V2M1",19106,">200 cm",0,0,NA
"E2","V2M1",19107,"<40 cm",0,0,NA
"E2","V2M1",19107,"40-80 cm",0,0,NA
"E2","V2M1",19107,"80-120 cm",0,0,NA
"E2","V2M1",19107,"120-160 cm",0,0,NA
"E2","V2M1",19107,"160-200 cm",0,0,NA
"E2","V2M1",19107,">200 cm",0,0,NA
"E2","V2M1",19108,"<40 cm",0,0,NA
"E2","V2M1",19108,"40-80 cm",0,0,NA
"E2","V2M1",19108,"80-120 cm",0,0,NA
"E2","V2M1",19108,"120-160 cm",0,0,NA
"E2","V2M1",19108,"160-200 cm",0,0,NA
"E2","V2M1",19108,">200 cm",0,0,NA
"E2","V2M1",19109,"<40 cm",0,0,NA
"E2","V2M1",19109,"40-80 cm",0,0,NA
"E2","V2M1",19109,"80-120 cm",0,0,NA
"E2","V2M1",19109,"120-160 cm",0,0,NA
"E2","V2M1",19109,"160-200 cm",0,0,NA
"E2","V2M1",19109,">200 cm",0,0,NA
"E2","V2M1",19110,"<40 cm",0,0,NA
"E2","V2M1",19110,"40-80 cm",0,0,NA
"E2","V2M1",19110,"80-120 cm",0,0,NA
"E2","V2M1",19110,"120-160 cm",0,0,NA
"E2","V2M1",19110,"160-200 cm",0,0,NA
"E2","V2M1",19110,">200 cm",0,0,NA
"E2","V2M1",20101,"<40 cm",0,0,NA
"E2","V2M1",20101,"40-80 cm",0,0,NA
"E2","V2M1",20101,"80-120 cm",0,0,NA
"E2","V2M1",20101,"120-160 cm",0,0,NA
"E2","V2M1",20101,"160-200 cm",0,0,NA
"E2","V2M1",20101,">200 cm",0,0,NA
"E2","V2M1",20102,"<40 cm",0,0,NA
"E2","V2M1",20102,"40-80 cm",0,0,NA
"E2","V2M1",20102,"80-120 cm",0,0,NA
"E2","V2M1",20102,"120-160 cm",0,0,NA
"E2","V2M1",20102,"160-200 cm",0,0,NA
"E2","V2M1",20102,">200 cm",0,0,NA
"E2","V2M1",20103,"<40 cm",0,0,NA
"E2","V2M1",20103,"40-80 cm",0,0,NA
"E2","V2M1",20103,"80-120 cm",0,0,NA
"E2","V2M1",20103,"120-160 cm",0,0,NA
"E2","V2M1",20103,"160-200 cm",0,0,NA
"E2","V2M1",20103,">200 cm",0,0,NA
"E2","V2M1",20104,"<40 cm",0,0,NA
"E2","V2M1",20104,"40-80 cm",0,0,NA
"E2","V2M1",20104,"80-120 cm",0,0,NA
"E2","V2M1",20104,"120-160 cm",0,0,NA
"E2","V2M1",20104,"160-200 cm",0,0,NA
"E2","V2M1",20104,">200 cm",0,0,NA
"E2","V2M1",20105,"<40 cm",0,0,NA
"E2","V2M1",20105,"40-80 cm",0,0,NA
"E2","V2M1",20105,"80-120 cm",0,0,NA
"E2","V2M1",20105,"120-160 cm",0,0,NA
"E2","V2M1",20105,"160-200 cm",0,0,NA
"E2","V2M1",20105,">200 cm",0,0,NA
"E2","V2M1",20106,"<40 cm",0,0,NA
"E2","V2M1",20106,"40-80 cm",0,0,NA
"E2","V2M1",20106,"80-120 cm",0,0,NA
"E2","V2M1",20106,"120-160 cm",0,0,NA
"E2","V2M1",20106,"160-200 cm",0,0,NA
"E2","V2M1",20106,">200 cm",0,0,NA
"E2","V2M1",20107,"<40 cm",0,0,NA
"E2","V2M1",20107,"40-80 cm",0,0,NA
"E2","V2M1",20107,"80-120 cm",0,0,NA
"E2","V2M1",20107,"120-160 cm",0,0,NA
"E2","V2M1",20107,"160-200 cm",0,0,NA
"E2","V2M1",20107,">200 cm",0,0,NA
"E2","V2M1",20108,"<40 cm",0,0,NA
"E2","V2M1",20108,"40-80 cm",0,0,NA
"E2","V2M1",20108,"80-120 cm",0,0,NA
"E2","V2M1",20108,"120-160 cm",0,0,NA
"E2","V2M1",20108,"160-200 cm",0,0,NA
"E2","V2M1",20108,">200 cm",0,0,NA
"E2","V2M1",20109,"<40 cm",0,0,NA
"E2","V2M1",20109,"40-80 cm",0,0,NA
"E2","V2M1",20109,"80-120 cm",0,0,NA
"E2","V2M1",20109,"120-160 cm",0,0,NA
"E2","V2M1",20109,"160-200 cm",0,0,NA
"E2","V2M1",20109,">200 cm",0,0,NA
"E2","V2M1",20110,"<40 cm",0,0,NA
"E2","V2M1",20110,"40-80 cm",0,0,NA
"E2","V2M1",20110,"80-120 cm",0,0,NA
"E2","V2M1",20110,"120-160 cm",0,0,NA
"E2","V2M1",20110,"160-200 cm",0,0,NA
"E2","V2M1",20110,">200 cm",0,0,NA
"E2","V2M1",21101,"<40 cm",0,0,NA
"E2","V2M1",21101,"40-80 cm",0,0,NA
"E2","V2M1",21101,"80-120 cm",0,0,NA
"E2","V2M1",21101,"120-160 cm",0,0,NA
"E2","V2M1",21101,"160-200 cm",0,0,NA
"E2","V2M1",21101,">200 cm",0,0,NA
"E2","V2M1",21102,"<40 cm",0,0,NA
"E2","V2M1",21102,"40-80 cm",0,0,NA
"E2","V2M1",21102,"80-120 cm",0,0,NA
"E2","V2M1",21102,"120-160 cm",0,0,NA
"E2","V2M1",21102,"160-200 cm",0,0,NA
"E2","V2M1",21102,">200 cm",0,0,NA
"E2","V2M1",21103,"<40 cm",0,0,NA
"E2","V2M1",21103,"40-80 cm",0,0,NA
"E2","V2M1",21103,"80-120 cm",0,0,NA
"E2","V2M1",21103,"120-160 cm",0,0,NA
"E2","V2M1",21103,"160-200 cm",0,0,NA
"E2","V2M1",21103,">200 cm",0,0,NA
"E2","V2M1",21104,"<40 cm",0,0,NA
"E2","V2M1",21104,"40-80 cm",0,0,NA
"E2","V2M1",21104,"80-120 cm",0,0,NA
"E2","V2M1",21104,"120-160 cm",0,0,NA
"E2","V2M1",21104,"160-200 cm",0,0,NA
"E2","V2M1",21104,">200 cm",0,0,NA
"E2","V2M1",21105,"<40 cm",0,0,NA
"E2","V2M1",21105,"40-80 cm",0,0,NA
"E2","V2M1",21105,"80-120 cm",0,0,NA
"E2","V2M1",21105,"120-160 cm",0,0,NA
"E2","V2M1",21105,"160-200 cm",0,0,NA
"E2","V2M1",21105,">200 cm",0,0,NA
"E2","V2M1",21106,"<40 cm",0,0,NA
"E2","V2M1",21106,"40-80 cm",0,0,NA
"E2","V2M1",21106,"80-120 cm",0,0,NA
"E2","V2M1",21106,"120-160 cm",0,0,NA
"E2","V2M1",21106,"160-200 cm",0,0,NA
"E2","V2M1",21106,">200 cm",0,0,NA
"E2","V2M1",21107,"<40 cm",0,0,NA
"E2","V2M1",21107,"40-80 cm",0,0,NA
"E2","V2M1",21107,"80-120 cm",0,0,NA
"E2","V2M1",21107,"120-160 cm",0,0,NA
"E2","V2M1",21107,"160-200 cm",0,0,NA
"E2","V2M1",21107,">200 cm",0,0,NA
"E2","V2M1",21108,"<40 cm",0,0,NA
"E2","V2M1",21108,"40-80 cm",0,0,NA
"E2","V2M1",21108,"80-120 cm",0,0,NA
"E2","V2M1",21108,"120-160 cm",0,0,NA
"E2","V2M1",21108,"160-200 cm",0,0,NA
"E2","V2M1",21108,">200 cm",0,0,NA
"E2","V2M1",21109,"<40 cm",0,0,NA
"E2","V2M1",21109,"40-80 cm",0,0,NA
"E2","V2M1",21109,"80-120 cm",0,0,NA
"E2","V2M1",21109,"120-160 cm",0,0,NA
"E2","V2M1",21109,"160-200 cm",0,0,NA
"E2","V2M1",21109,">200 cm",0,0,NA
"E2","V2M1",21110,"<40 cm",0,0,NA
"E2","V2M1",21110,"40-80 cm",0,0,NA
"E2","V2M1",21110,"80-120 cm",0,0,NA
"E2","V2M1",21110,"120-160 cm",0,0,NA
"E2","V2M1",21110,"160-200 cm",0,0,NA
"E2","V2M1",21110,">200 cm",0,0,NA
"E2","V2M1",22101,"<40 cm",0,0,NA
"E2","V2M1",22101,"40-80 cm",0,0,NA
"E2","V2M1",22101,"80-120 cm",0,0,NA
"E2","V2M1",22101,"120-160 cm",0,0,NA
"E2","V2M1",22101,"160-200 cm",0,0,NA
"E2","V2M1",22101,">200 cm",0,0,NA
"E2","V2M1",22102,"<40 cm",0,0,NA
"E2","V2M1",22102,"40-80 cm",0,0,NA
"E2","V2M1",22102,"80-120 cm",0,0,NA
"E2","V2M1",22102,"120-160 cm",0,0,NA
"E2","V2M1",22102,"160-200 cm",0,0,NA
"E2","V2M1",22102,">200 cm",0,0,NA
"E2","V2M1",22103,"<40 cm",0,0,NA
"E2","V2M1",22103,"40-80 cm",0,0,NA
"E2","V2M1",22103,"80-120 cm",0,0,NA
"E2","V2M1",22103,"120-160 cm",0,0,NA
"E2","V2M1",22103,"160-200 cm",0,0,NA
"E2","V2M1",22103,">200 cm",0,0,NA
"E2","V2M1",22104,"<40 cm",0,0,NA
"E2","V2M1",22104,"40-80 cm",0,0,NA
"E2","V2M1",22104,"80-120 cm",0,0,NA
"E2","V2M1",22104,"120-160 cm",0,0,NA
"E2","V2M1",22104,"160-200 cm",0,0,NA
"E2","V2M1",22104,">200 cm",0,0,NA
"E2","V2M1",22105,"<40 cm",0,0,NA
"E2","V2M1",22105,"40-80 cm",0,0,NA
"E2","V2M1",22105,"80-120 cm",0,0,NA
"E2","V2M1",22105,"120-160 cm",0,0,NA
"E2","V2M1",22105,"160-200 cm",0,0,NA
"E2","V2M1",22105,">200 cm",0,0,NA
"E2","V2M1",22106,"<40 cm",0,0,NA
"E2","V2M1",22106,"40-80 cm",0,0,NA
"E2","V2M1",22106,"80-120 cm",0,0,NA
"E2","V2M1",22106,"120-160 cm",0,0,NA
"E2","V2M1",22106,"160-200 cm",0,0,NA
"E2","V2M1",22106,">200 cm",0,0,NA
"E2","V2M1",22107,"<40 cm",0,0,NA
"E2","V2M1",22107,"40-80 cm",0,0,NA
"E2","V2M1",22107,"80-120 cm",0,0,NA
"E2","V2M1",22107,"120-160 cm",0,0,NA
"E2","V2M1",22107,"160-200 cm",0,0,NA
"E2","V2M1",22107,">200 cm",0,0,NA
"E2","V2M1",22108,"<40 cm",0,0,NA
"E2","V2M1",22108,"40-80 cm",0,0,NA
"E2","V2M1",22108,"80-120 cm",0,0,NA
"E2","V2M1",22108,"120-160 cm",0,0,NA
"E2","V2M1",22108,"160-200 cm",0,0,NA
"E2","V2M1",22108,">200 cm",0,0,NA
"E2","V2M1",22109,"<40 cm",0,0,NA
"E2","V2M1",22109,"40-80 cm",0,0,NA
"E2","V2M1",22109,"80-120 cm",0,0,NA
"E2","V2M1",22109,"120-160 cm",0,0,NA
"E2","V2M1",22109,"160-200 cm",0,0,NA
"E2","V2M1",22109,">200 cm",0,0,NA
"E2","V2M1",22110,"<40 cm",0,0,NA
"E2","V2M1",22110,"40-80 cm",0,0,NA
"E2","V2M1",22110,"80-120 cm",0,0,NA
"E2","V2M1",22110,"120-160 cm",0,0,NA
"E2","V2M1",22110,"160-200 cm",0,0,NA
"E2","V2M1",22110,">200 cm",0,0,NA
"E2","V2M1",23101,"<40 cm",0,0,NA
"E2","V2M1",23101,"40-80 cm",0,0,NA
"E2","V2M1",23101,"80-120 cm",0,0,NA
"E2","V2M1",23101,"120-160 cm",0,0,NA
"E2","V2M1",23101,"160-200 cm",0,0,NA
"E2","V2M1",23101,">200 cm",0,0,NA
"E2","V2M1",23102,"<40 cm",0,0,NA
"E2","V2M1",23102,"40-80 cm",0,0,NA
"E2","V2M1",23102,"80-120 cm",0,0,NA
"E2","V2M1",23102,"120-160 cm",0,0,NA
"E2","V2M1",23102,"160-200 cm",0,0,NA
"E2","V2M1",23102,">200 cm",0,0,NA
"E2","V2M1",23103,"<40 cm",0,0,NA
"E2","V2M1",23103,"40-80 cm",0,0,NA
"E2","V2M1",23103,"80-120 cm",0,0,NA
"E2","V2M1",23103,"120-160 cm",0,0,NA
"E2","V2M1",23103,"160-200 cm",0,0,NA
"E2","V2M1",23103,">200 cm",0,0,NA
"E2","V2M1",23104,"<40 cm",0,0,NA
"E2","V2M1",23104,"40-80 cm",0,0,NA
"E2","V2M1",23104,"80-120 cm",0,0,NA
"E2","V2M1",23104,"120-160 cm",0,0,NA
"E2","V2M1",23104,"160-200 cm",0,0,NA
"E2","V2M1",23104,">200 cm",0,0,NA
"E2","V2M1",23105,"<40 cm",0,0,NA
"E2","V2M1",23105,"40-80 cm",0,0,NA
"E2","V2M1",23105,"80-120 cm",0,0,NA
"E2","V2M1",23105,"120-160 cm",0,0,NA
"E2","V2M1",23105,"160-200 cm",0,0,NA
"E2","V2M1",23105,">200 cm",0,0,NA
"E2","V2M1",23106,"<40 cm",0,0,NA
"E2","V2M1",23106,"40-80 cm",0,0,NA
"E2","V2M1",23106,"80-120 cm",0,0,NA
"E2","V2M1",23106,"120-160 cm",0,0,NA
"E2","V2M1",23106,"160-200 cm",0,0,NA
"E2","V2M1",23106,">200 cm",0,0,NA
"E2","V2M1",23107,"<40 cm",0,0,NA
"E2","V2M1",23107,"40-80 cm",0,0,NA
"E2","V2M1",23107,"80-120 cm",0,0,NA
"E2","V2M1",23107,"120-160 cm",0,0,NA
"E2","V2M1",23107,"160-200 cm",0,0,NA
"E2","V2M1",23107,">200 cm",0,0,NA
"E2","V2M1",23108,"<40 cm",0,0,NA
"E2","V2M1",23108,"40-80 cm",0,0,NA
"E2","V2M1",23108,"80-120 cm",0,0,NA
"E2","V2M1",23108,"120-160 cm",0,0,NA
"E2","V2M1",23108,"160-200 cm",0,0,NA
"E2","V2M1",23108,">200 cm",0,0,NA
"E2","V2M1",23109,"<40 cm",0,0,NA
"E2","V2M1",23109,"40-80 cm",0,0,NA
"E2","V2M1",23109,"80-120 cm",0,0,NA
"E2","V2M1",23109,"120-160 cm",0,0,NA
"E2","V2M1",23109,"160-200 cm",0,0,NA
"E2","V2M1",23109,">200 cm",0,0,NA
"E2","V2M1",23110,"<40 cm",0,0,NA
"E2","V2M1",23110,"40-80 cm",0,0,NA
"E2","V2M1",23110,"80-120 cm",0,0,NA
"E2","V2M1",23110,"120-160 cm",0,0,NA
"E2","V2M1",23110,"160-200 cm",0,0,NA
"E2","V2M1",23110,">200 cm",0,0,NA
"E2","V2M1",24101,"<40 cm",0,0,NA
"E2","V2M1",24101,"40-80 cm",0,0,NA
"E2","V2M1",24101,"80-120 cm",0,0,NA
"E2","V2M1",24101,"120-160 cm",0,0,NA
"E2","V2M1",24101,"160-200 cm",0,0,NA
"E2","V2M1",24101,">200 cm",0,0,NA
"E2","V2M1",24102,"<40 cm",0,0,NA
"E2","V2M1",24102,"40-80 cm",0,0,NA
"E2","V2M1",24102,"80-120 cm",0,0,NA
"E2","V2M1",24102,"120-160 cm",0,0,NA
"E2","V2M1",24102,"160-200 cm",0,0,NA
"E2","V2M1",24102,">200 cm",0,0,NA
"E2","V2M1",24103,"<40 cm",0,0,NA
"E2","V2M1",24103,"40-80 cm",0,0,NA
"E2","V2M1",24103,"80-120 cm",0,0,NA
"E2","V2M1",24103,"120-160 cm",0,0,NA
"E2","V2M1",24103,"160-200 cm",0,0,NA
"E2","V2M1",24103,">200 cm",0,0,NA
"E2","V2M1",24104,"<40 cm",0,0,NA
"E2","V2M1",24104,"40-80 cm",0,0,NA
"E2","V2M1",24104,"80-120 cm",0,0,NA
"E2","V2M1",24104,"120-160 cm",0,0,NA
"E2","V2M1",24104,"160-200 cm",0,0,NA
"E2","V2M1",24104,">200 cm",0,0,NA
"E2","V2M1",24105,"<40 cm",0,0,NA
"E2","V2M1",24105,"40-80 cm",0,0,NA
"E2","V2M1",24105,"80-120 cm",0,0,NA
"E2","V2M1",24105,"120-160 cm",0,0,NA
"E2","V2M1",24105,"160-200 cm",0,0,NA
"E2","V2M1",24105,">200 cm",0,0,NA
"E2","V2M1",24106,"<40 cm",0,0,NA
"E2","V2M1",24106,"40-80 cm",0,0,NA
"E2","V2M1",24106,"80-120 cm",0,0,NA
"E2","V2M1",24106,"120-160 cm",0,0,NA
"E2","V2M1",24106,"160-200 cm",0,0,NA
"E2","V2M1",24106,">200 cm",0,0,NA
"E2","V2M1",24107,"<40 cm",0,0,NA
"E2","V2M1",24107,"40-80 cm",0,0,NA
"E2","V2M1",24107,"80-120 cm",0,0,NA
"E2","V2M1",24107,"120-160 cm",0,0,NA
"E2","V2M1",24107,"160-200 cm",0,0,NA
"E2","V2M1",24107,">200 cm",0,0,NA
"E2","V2M1",24108,"<40 cm",0,0,NA
"E2","V2M1",24108,"40-80 cm",0,0,NA
"E2","V2M1",24108,"80-120 cm",0,0,NA
"E2","V2M1",24108,"120-160 cm",0,0,NA
"E2","V2M1",24108,"160-200 cm",0,0,NA
"E2","V2M1",24108,">200 cm",0,0,NA
"E2","V2M1",24109,"<40 cm",0,0,NA
"E2","V2M1",24109,"40-80 cm",0,0,NA
"E2","V2M1",24109,"80-120 cm",0,0,NA
"E2","V2M1",24109,"120-160 cm",0,0,NA
"E2","V2M1",24109,"160-200 cm",0,0,NA
"E2","V2M1",24109,">200 cm",0,0,NA
"E2","V2M1",24110,"<40 cm",0,0,NA
"E2","V2M1",24110,"40-80 cm",0,0,NA
"E2","V2M1",24110,"80-120 cm",0,0,NA
"E2","V2M1",24110,"120-160 cm",0,0,NA
"E2","V2M1",24110,"160-200 cm",0,0,NA
"E2","V2M1",24110,">200 cm",0,0,NA
"E2","V2M1",25101,"<40 cm",0,0,NA
"E2","V2M1",25101,"40-80 cm",0,0,NA
"E2","V2M1",25101,"80-120 cm",0,0,NA
"E2","V2M1",25101,"120-160 cm",0,0,NA
"E2","V2M1",25101,"160-200 cm",0,0,NA
"E2","V2M1",25101,">200 cm",0,0,NA
"E2","V2M1",25102,"<40 cm",0,0,NA
"E2","V2M1",25102,"40-80 cm",0,0,NA
"E2","V2M1",25102,"80-120 cm",0,0,NA
"E2","V2M1",25102,"120-160 cm",0,0,NA
"E2","V2M1",25102,"160-200 cm",0,0,NA
"E2","V2M1",25102,">200 cm",0,0,NA
"E2","V2M1",25103,"<40 cm",0,0,NA
"E2","V2M1",25103,"40-80 cm",0,0,NA
"E2","V2M1",25103,"80-120 cm",0,0,NA
"E2","V2M1",25103,"120-160 cm",0,0,NA
"E2","V2M1",25103,"160-200 cm",0,0,NA
"E2","V2M1",25103,">200 cm",0,0,NA
"E2","V2M1",25104,"<40 cm",0,0,NA
"E2","V2M1",25104,"40-80 cm",0,0,NA
"E2","V2M1",25104,"80-120 cm",0,0,NA
"E2","V2M1",25104,"120-160 cm",0,0,NA
"E2","V2M1",25104,"160-200 cm",0,0,NA
"E2","V2M1",25104,">200 cm",0,0,NA
"E2","V2M1",25105,"<40 cm",0,0,NA
"E2","V2M1",25105,"40-80 cm",0,0,NA
"E2","V2M1",25105,"80-120 cm",0,0,NA
"E2","V2M1",25105,"120-160 cm",0,0,NA
"E2","V2M1",25105,"160-200 cm",0,0,NA
"E2","V2M1",25105,">200 cm",0,0,NA
"E2","V2M1",25106,"<40 cm",0,0,NA
"E2","V2M1",25106,"40-80 cm",0,0,NA
"E2","V2M1",25106,"80-120 cm",0,0,NA
"E2","V2M1",25106,"120-160 cm",0,0,NA
"E2","V2M1",25106,"160-200 cm",0,0,NA
"E2","V2M1",25106,">200 cm",0,0,NA
"E2","V2M1",25107,"<40 cm",0,0,NA
"E2","V2M1",25107,"40-80 cm",0,0,NA
"E2","V2M1",25107,"80-120 cm",0,0,NA
"E2","V2M1",25107,"120-160 cm",0,0,NA
"E2","V2M1",25107,"160-200 cm",0,0,NA
"E2","V2M1",25107,">200 cm",0,0,NA
"E2","V2M1",25108,"<40 cm",0,0,NA
"E2","V2M1",25108,"40-80 cm",0,0,NA
"E2","V2M1",25108,"80-120 cm",0,0,NA
"E2","V2M1",25108,"120-160 cm",0,0,NA
"E2","V2M1",25108,"160-200 cm",0,0,NA
"E2","V2M1",25108,">200 cm",0,0,NA
"E2","V2M1",25109,"<40 cm",0,0,NA
"E2","V2M1",25109,"40-80 cm",0,0,NA
"E2","V2M1",25109,"80-120 cm",0,0,NA
"E2","V2M1",25109,"120-160 cm",0,0,NA
"E2","V2M1",25109,"160-200 cm",0,0,NA
"E2","V2M1",25109,">200 cm",0,0,NA
"E2","V2M1",25110,"<40 cm",0,0,NA
"E2","V2M1",25110,"40-80 cm",0,0,NA
"E2","V2M1",25110,"80-120 cm",0,0,NA
"E2","V2M1",25110,"120-160 cm",0,0,NA
"E2","V2M1",25110,"160-200 cm",0,0,NA
"E2","V2M1",25110,">200 cm",0,0,NA
"E2","V2M1",26101,"<40 cm",0,0,NA
"E2","V2M1",26101,"40-80 cm",0,0,NA
"E2","V2M1",26101,"80-120 cm",0,0,NA
"E2","V2M1",26101,"120-160 cm",0,0,NA
"E2","V2M1",26101,"160-200 cm",0,0,NA
"E2","V2M1",26101,">200 cm",0,0,NA
"E2","V2M1",26102,"<40 cm",0,0,NA
"E2","V2M1",26102,"40-80 cm",0,0,NA
"E2","V2M1",26102,"80-120 cm",0,0,NA
"E2","V2M1",26102,"120-160 cm",0,0,NA
"E2","V2M1",26102,"160-200 cm",0,0,NA
"E2","V2M1",26102,">200 cm",0,0,NA
"E2","V2M1",26103,"<40 cm",0,0,NA
"E2","V2M1",26103,"40-80 cm",0,0,NA
"E2","V2M1",26103,"80-120 cm",0,0,NA
"E2","V2M1",26103,"120-160 cm",0,0,NA
"E2","V2M1",26103,"160-200 cm",0,0,NA
"E2","V2M1",26103,">200 cm",0,0,NA
"E2","V2M1",26104,"<40 cm",0,0,NA
"E2","V2M1",26104,"40-80 cm",0,0,NA
"E2","V2M1",26104,"80-120 cm",0,0,NA
"E2","V2M1",26104,"120-160 cm",0,0,NA
"E2","V2M1",26104,"160-200 cm",0,0,NA
"E2","V2M1",26104,">200 cm",0,0,NA
"E2","V2M1",26105,"<40 cm",0,0,NA
"E2","V2M1",26105,"40-80 cm",0,0,NA
"E2","V2M1",26105,"80-120 cm",0,0,NA
"E2","V2M1",26105,"120-160 cm",0,0,NA
"E2","V2M1",26105,"160-200 cm",0,0,NA
"E2","V2M1",26105,">200 cm",0,0,NA
"E2","V2M1",26106,"<40 cm",0,0,NA
"E2","V2M1",26106,"40-80 cm",0,0,NA
"E2","V2M1",26106,"80-120 cm",0,0,NA
"E2","V2M1",26106,"120-160 cm",0,0,NA
"E2","V2M1",26106,"160-200 cm",0,0,NA
"E2","V2M1",26106,">200 cm",0,0,NA
"E2","V2M1",26107,"<40 cm",0,0,NA
"E2","V2M1",26107,"40-80 cm",0,0,NA
"E2","V2M1",26107,"80-120 cm",0,0,NA
"E2","V2M1",26107,"120-160 cm",0,0,NA
"E2","V2M1",26107,"160-200 cm",0,0,NA
"E2","V2M1",26107,">200 cm",0,0,NA
"E2","V2M1",26108,"<40 cm",0,0,NA
"E2","V2M1",26108,"40-80 cm",0,0,NA
"E2","V2M1",26108,"80-120 cm",0,0,NA
"E2","V2M1",26108,"120-160 cm",0,0,NA
"E2","V2M1",26108,"160-200 cm",0,0,NA
"E2","V2M1",26108,">200 cm",0,0,NA
"E2","V2M1",26109,"<40 cm",0,0,NA
"E2","V2M1",26109,"40-80 cm",0,0,NA
"E2","V2M1",26109,"80-120 cm",0,0,NA
"E2","V2M1",26109,"120-160 cm",0,0,NA
"E2","V2M1",26109,"160-200 cm",0,0,NA
"E2","V2M1",26109,">200 cm",0,0,NA
"E2","V2M1",26110,"<40 cm",0,0,NA
"E2","V2M1",26110,"40-80 cm",0,0,NA
"E2","V2M1",26110,"80-120 cm",0,0,NA
"E2","V2M1",26110,"120-160 cm",0,0,NA
"E2","V2M1",26110,"160-200 cm",0,0,NA
"E2","V2M1",26110,">200 cm",0,0,NA
"E2","V2M1",27101,"<40 cm",0,0,NA
"E2","V2M1",27101,"40-80 cm",0,0,NA
"E2","V2M1",27101,"80-120 cm",0,0,NA
"E2","V2M1",27101,"120-160 cm",0,0,NA
"E2","V2M1",27101,"160-200 cm",0,0,NA
"E2","V2M1",27101,">200 cm",0,0,NA
"E2","V2M1",27102,"<40 cm",0,0,NA
"E2","V2M1",27102,"40-80 cm",0,0,NA
"E2","V2M1",27102,"80-120 cm",0,0,NA
"E2","V2M1",27102,"120-160 cm",0,0,NA
"E2","V2M1",27102,"160-200 cm",0,0,NA
"E2","V2M1",27102,">200 cm",0,0,NA
"E2","V2M1",27103,"<40 cm",0,0,NA
"E2","V2M1",27103,"40-80 cm",0,0,NA
"E2","V2M1",27103,"80-120 cm",0,0,NA
"E2","V2M1",27103,"120-160 cm",0,0,NA
"E2","V2M1",27103,"160-200 cm",0,0,NA
"E2","V2M1",27103,">200 cm",0,0,NA
"E2","V2M1",27104,"<40 cm",0,0,NA
"E2","V2M1",27104,"40-80 cm",0,0,NA
"E2","V2M1",27104,"80-120 cm",0,0,NA
"E2","V2M1",27104,"120-160 cm",0,0,NA
"E2","V2M1",27104,"160-200 cm",0,0,NA
"E2","V2M1",27104,">200 cm",0,0,NA
"E2","V2M1",27105,"<40 cm",0,0,NA
"E2","V2M1",27105,"40-80 cm",0,0,NA
"E2","V2M1",27105,"80-120 cm",0,0,NA
"E2","V2M1",27105,"120-160 cm",0,0,NA
"E2","V2M1",27105,"160-200 cm",0,0,NA
"E2","V2M1",27105,">200 cm",0,0,NA
"E2","V2M1",27106,"<40 cm",0,0,NA
"E2","V2M1",27106,"40-80 cm",0,0,NA
"E2","V2M1",27106,"80-120 cm",0,0,NA
"E2","V2M1",27106,"120-160 cm",0,0,NA
"E2","V2M1",27106,"160-200 cm",0,0,NA
"E2","V2M1",27106,">200 cm",0,0,NA
"E2","V2M1",27107,"<40 cm",0,0,NA
"E2","V2M1",27107,"40-80 cm",0,0,NA
"E2","V2M1",27107,"80-120 cm",0,0,NA
"E2","V2M1",27107,"120-160 cm",0,0,NA
"E2","V2M1",27107,"160-200 cm",0,0,NA
"E2","V2M1",27107,">200 cm",0,0,NA
"E2","V2M1",27108,"<40 cm",0,0,NA
"E2","V2M1",27108,"40-80 cm",0,0,NA
"E2","V2M1",27108,"80-120 cm",0,0,NA
"E2","V2M1",27108,"120-160 cm",0,0,NA
"E2","V2M1",27108,"160-200 cm",0,0,NA
"E2","V2M1",27108,">200 cm",0,0,NA
"E2","V2M1",27109,"<40 cm",0,0,NA
"E2","V2M1",27109,"40-80 cm",0,0,NA
"E2","V2M1",27109,"80-120 cm",0,0,NA
"E2","V2M1",27109,"120-160 cm",0,0,NA
"E2","V2M1",27109,"160-200 cm",0,0,NA
"E2","V2M1",27109,">200 cm",0,0,NA
"E2","V2M1",27110,"<40 cm",0,0,NA
"E2","V2M1",27110,"40-80 cm",0,0,NA
"E2","V2M1",27110,"80-120 cm",0,0,NA
"E2","V2M1",27110,"120-160 cm",0,0,NA
"E2","V2M1",27110,"160-200 cm",0,0,NA
"E2","V2M1",27110,">200 cm",0,0,NA
"E2","V2M1",28101,"<40 cm",0,0,NA
"E2","V2M1",28101,"40-80 cm",0,0,NA
"E2","V2M1",28101,"80-120 cm",0,0,NA
"E2","V2M1",28101,"120-160 cm",0,0,NA
"E2","V2M1",28101,"160-200 cm",0,0,NA
"E2","V2M1",28101,">200 cm",0,0,NA
"E2","V2M1",28102,"<40 cm",0,0,NA
"E2","V2M1",28102,"40-80 cm",0,0,NA
"E2","V2M1",28102,"80-120 cm",0,0,NA
"E2","V2M1",28102,"120-160 cm",0,0,NA
"E2","V2M1",28102,"160-200 cm",0,0,NA
"E2","V2M1",28102,">200 cm",0,0,NA
"E2","V2M1",28103,"<40 cm",0,0,NA
"E2","V2M1",28103,"40-80 cm",0,0,NA
"E2","V2M1",28103,"80-120 cm",0,0,NA
"E2","V2M1",28103,"120-160 cm",0,0,NA
"E2","V2M1",28103,"160-200 cm",0,0,NA
"E2","V2M1",28103,">200 cm",0,0,NA
"E2","V2M1",28104,"<40 cm",0,0,NA
"E2","V2M1",28104,"40-80 cm",0,0,NA
"E2","V2M1",28104,"80-120 cm",0,0,NA
"E2","V2M1",28104,"120-160 cm",0,0,NA
"E2","V2M1",28104,"160-200 cm",0,0,NA
"E2","V2M1",28104,">200 cm",0,0,NA
"E2","V2M1",28105,"<40 cm",0,0,NA
"E2","V2M1",28105,"40-80 cm",0,0,NA
"E2","V2M1",28105,"80-120 cm",0,0,NA
"E2","V2M1",28105,"120-160 cm",0,0,NA
"E2","V2M1",28105,"160-200 cm",0,0,NA
"E2","V2M1",28105,">200 cm",0,0,NA
"E2","V2M1",28106,"<40 cm",0,0,NA
"E2","V2M1",28106,"40-80 cm",0,0,NA
"E2","V2M1",28106,"80-120 cm",0,0,NA
"E2","V2M1",28106,"120-160 cm",0,0,NA
"E2","V2M1",28106,"160-200 cm",0,0,NA
"E2","V2M1",28106,">200 cm",0,0,NA
"E2","V2M1",28107,"<40 cm",0,0,NA
"E2","V2M1",28107,"40-80 cm",0,0,NA
"E2","V2M1",28107,"80-120 cm",0,0,NA
"E2","V2M1",28107,"120-160 cm",0,0,NA
"E2","V2M1",28107,"160-200 cm",0,0,NA
"E2","V2M1",28107,">200 cm",0,0,NA
"E2","V2M1",28108,"<40 cm",0,0,NA
"E2","V2M1",28108,"40-80 cm",0,0,NA
"E2","V2M1",28108,"80-120 cm",0,0,NA
"E2","V2M1",28108,"120-160 cm",0,0,NA
"E2","V2M1",28108,"160-200 cm",0,0,NA
"E2","V2M1",28108,">200 cm",0,0,NA
"E2","V2M1",28109,"<40 cm",0,0,NA
"E2","V2M1",28109,"40-80 cm",0,0,NA
"E2","V2M1",28109,"80-120 cm",0,0,NA
"E2","V2M1",28109,"120-160 cm",0,0,NA
"E2","V2M1",28109,"160-200 cm",0,0,NA
"E2","V2M1",28109,">200 cm",0,0,NA
"E2","V2M1",28110,"<40 cm",0,0,NA
"E2","V2M1",28110,"40-80 cm",0,0,NA
"E2","V2M1",28110,"80-120 cm",0,0,NA
"E2","V2M1",28110,"120-160 cm",0,0,NA
"E2","V2M1",28110,"160-200 cm",0,0,NA
"E2","V2M1",28110,">200 cm",0,0,NA
"E2","V2M1",29101,"<40 cm",0,0,NA
"E2","V2M1",29101,"40-80 cm",0,0,NA
"E2","V2M1",29101,"80-120 cm",0,0,NA
"E2","V2M1",29101,"120-160 cm",0,0,NA
"E2","V2M1",29101,"160-200 cm",0,0,NA
"E2","V2M1",29101,">200 cm",0,0,NA
"E2","V2M1",29102,"<40 cm",0,0,NA
"E2","V2M1",29102,"40-80 cm",0,0,NA
"E2","V2M1",29102,"80-120 cm",0,0,NA
"E2","V2M1",29102,"120-160 cm",0,0,NA
"E2","V2M1",29102,"160-200 cm",0,0,NA
"E2","V2M1",29102,">200 cm",0,0,NA
"E2","V2M1",29103,"<40 cm",0,0,NA
"E2","V2M1",29103,"40-80 cm",0,0,NA
"E2","V2M1",29103,"80-120 cm",0,0,NA
"E2","V2M1",29103,"120-160 cm",0,0,NA
"E2","V2M1",29103,"160-200 cm",0,0,NA
"E2","V2M1",29103,">200 cm",0,0,NA
"E2","V2M1",29104,"<40 cm",0,0,NA
"E2","V2M1",29104,"40-80 cm",0,0,NA
"E2","V2M1",29104,"80-120 cm",0,0,NA
"E2","V2M1",29104,"120-160 cm",0,0,NA
"E2","V2M1",29104,"160-200 cm",0,0,NA
"E2","V2M1",29104,">200 cm",0,0,NA
"E2","V2M1",29105,"<40 cm",0,0,NA
"E2","V2M1",29105,"40-80 cm",0,0,NA
"E2","V2M1",29105,"80-120 cm",0,0,NA
"E2","V2M1",29105,"120-160 cm",0,0,NA
"E2","V2M1",29105,"160-200 cm",0,0,NA
"E2","V2M1",29105,">200 cm",0,0,NA
"E2","V2M1",29106,"<40 cm",0,0,NA
"E2","V2M1",29106,"40-80 cm",0,0,NA
"E2","V2M1",29106,"80-120 cm",0,0,NA
"E2","V2M1",29106,"120-160 cm",0,0,NA
"E2","V2M1",29106,"160-200 cm",0,0,NA
"E2","V2M1",29106,">200 cm",0,0,NA
"E2","V2M1",29107,"<40 cm",0,0,NA
"E2","V2M1",29107,"40-80 cm",0,0,NA
"E2","V2M1",29107,"80-120 cm",0,0,NA
"E2","V2M1",29107,"120-160 cm",0,0,NA
"E2","V2M1",29107,"160-200 cm",0,0,NA
"E2","V2M1",29107,">200 cm",0,0,NA
"E2","V2M1",29108,"<40 cm",0,0,NA
"E2","V2M1",29108,"40-80 cm",0,0,NA
"E2","V2M1",29108,"80-120 cm",0,0,NA
"E2","V2M1",29108,"120-160 cm",0,0,NA
"E2","V2M1",29108,"160-200 cm",0,0,NA
"E2","V2M1",29108,">200 cm",0,0,NA
"E2","V2M1",29109,"<40 cm",0,0,NA
"E2","V2M1",29109,"40-80 cm",0,0,NA
"E2","V2M1",29109,"80-120 cm",0,0,NA
"E2","V2M1",29109,"120-160 cm",0,0,NA
"E2","V2M1",29109,"160-200 cm",0,0,NA
"E2","V2M1",29109,">200 cm",0,0,NA
"E2","V2M1",29110,"<40 cm",0,0,NA
"E2","V2M1",29110,"40-80 cm",0,0,NA
"E2","V2M1",29110,"80-120 cm",0,0,NA
"E2","V2M1",29110,"120-160 cm",0,0,NA
"E2","V2M1",29110,"160-200 cm",0,0,NA
"E2","V2M1",29110,">200 cm",0,0,NA
"E2","V2M1",30101,"<40 cm",0,0,NA
"E2","V2M1",30101,"40-80 cm",0,0,NA
"E2","V2M1",30101,"80-120 cm",0,0,NA
"E2","V2M1",30101,"120-160 cm",0,0,NA
"E2","V2M1",30101,"160-200 cm",0,0,NA
"E2","V2M1",30101,">200 cm",0,0,NA
"E2","V2M1",30102,"<40 cm",0,0,NA
"E2","V2M1",30102,"40-80 cm",0,0,NA
"E2","V2M1",30102,"80-120 cm",0,0,NA
"E2","V2M1",30102,"120-160 cm",0,0,NA
"E2","V2M1",30102,"160-200 cm",0,0,NA
"E2","V2M1",30102,">200 cm",0,0,NA
"E2","V2M1",30103,"<40 cm",0,0,NA
"E2","V2M1",30103,"40-80 cm",0,0,NA
"E2","V2M1",30103,"80-120 cm",0,0,NA
"E2","V2M1",30103,"120-160 cm",0,0,NA
"E2","V2M1",30103,"160-200 cm",0,0,NA
"E2","V2M1",30103,">200 cm",0,0,NA
"E2","V2M1",30104,"<40 cm",0,0,NA
"E2","V2M1",30104,"40-80 cm",0,0,NA
"E2","V2M1",30104,"80-120 cm",0,0,NA
"E2","V2M1",30104,"120-160 cm",0,0,NA
"E2","V2M1",30104,"160-200 cm",0,0,NA
"E2","V2M1",30104,">200 cm",0,0,NA
"E2","V2M1",30105,"<40 cm",0,0,NA
"E2","V2M1",30105,"40-80 cm",0,0,NA
"E2","V2M1",30105,"80-120 cm",0,0,NA
"E2","V2M1",30105,"120-160 cm",0,0,NA
"E2","V2M1",30105,"160-200 cm",0,0,NA
"E2","V2M1",30105,">200 cm",0,0,NA
"E2","V2M1",30106,"<40 cm",0,0,NA
"E2","V2M1",30106,"40-80 cm",0,0,NA
"E2","V2M1",30106,"80-120 cm",0,0,NA
"E2","V2M1",30106,"120-160 cm",0,0,NA
"E2","V2M1",30106,"160-200 cm",0,0,NA
"E2","V2M1",30106,">200 cm",0,0,NA
"E2","V2M1",30107,"<40 cm",0,0,NA
"E2","V2M1",30107,"40-80 cm",0,0,NA
"E2","V2M1",30107,"80-120 cm",0,0,NA
"E2","V2M1",30107,"120-160 cm",0,0,NA
"E2","V2M1",30107,"160-200 cm",0,0,NA
"E2","V2M1",30107,">200 cm",0,0,NA
"E2","V2M1",30108,"<40 cm",0,0,NA
"E2","V2M1",30108,"40-80 cm",0,0,NA
"E2","V2M1",30108,"80-120 cm",0,0,NA
"E2","V2M1",30108,"120-160 cm",0,0,NA
"E2","V2M1",30108,"160-200 cm",0,0,NA
"E2","V2M1",30108,">200 cm",0,0,NA
"E2","V2M1",30109,"<40 cm",0,0,NA
"E2","V2M1",30109,"40-80 cm",0,0,NA
"E2","V2M1",30109,"80-120 cm",0,0,NA
"E2","V2M1",30109,"120-160 cm",0,0,NA
"E2","V2M1",30109,"160-200 cm",0,0,NA
"E2","V2M1",30109,">200 cm",0,0,NA
"E2","V2M1",30110,"<40 cm",0,0,NA
"E2","V2M1",30110,"40-80 cm",0,0,NA
"E2","V2M1",30110,"80-120 cm",0,0,NA
"E2","V2M1",30110,"120-160 cm",0,0,NA
"E2","V2M1",30110,"160-200 cm",0,0,NA
"E2","V2M1",30110,">200 cm",0,0,NA
"E2","V2M2",1101,"<40 cm",185,250,0.74
"E2","V2M2",1101,"40-80 cm",9,250,0.036
"E2","V2M2",1101,"80-120 cm",3,250,0.012
"E2","V2M2",1101,"120-160 cm",4,250,0.016
"E2","V2M2",1101,"160-200 cm",3,250,0.012
"E2","V2M2",1101,">200 cm",46,250,0.184
"E2","V2M2",1102,"<40 cm",176,250,0.704
"E2","V2M2",1102,"40-80 cm",3,250,0.012
"E2","V2M2",1102,"80-120 cm",5,250,0.02
"E2","V2M2",1102,"120-160 cm",5,250,0.02
"E2","V2M2",1102,"160-200 cm",3,250,0.012
"E2","V2M2",1102,">200 cm",58,250,0.232
"E2","V2M2",1103,"<40 cm",185,250,0.74
"E2","V2M2",1103,"40-80 cm",6,250,0.024
"E2","V2M2",1103,"80-120 cm",4,250,0.016
"E2","V2M2",1103,"120-160 cm",7,250,0.028
"E2","V2M2",1103,"160-200 cm",6,250,0.024
"E2","V2M2",1103,">200 cm",42,250,0.168
"E2","V2M2",1104,"<40 cm",0,0,NA
"E2","V2M2",1104,"40-80 cm",0,0,NA
"E2","V2M2",1104,"80-120 cm",0,0,NA
"E2","V2M2",1104,"120-160 cm",0,0,NA
"E2","V2M2",1104,"160-200 cm",0,0,NA
"E2","V2M2",1104,">200 cm",0,0,NA
"E2","V2M2",1105,"<40 cm",0,0,NA
"E2","V2M2",1105,"40-80 cm",0,0,NA
"E2","V2M2",1105,"80-120 cm",0,0,NA
"E2","V2M2",1105,"120-160 cm",0,0,NA
"E2","V2M2",1105,"160-200 cm",0,0,NA
"E2","V2M2",1105,">200 cm",0,0,NA
"E2","V2M2",1106,"<40 cm",0,0,NA
"E2","V2M2",1106,"40-80 cm",0,0,NA
"E2","V2M2",1106,"80-120 cm",0,0,NA
"E2","V2M2",1106,"120-160 cm",0,0,NA
"E2","V2M2",1106,"160-200 cm",0,0,NA
"E2","V2M2",1106,">200 cm",0,0,NA
"E2","V2M2",1107,"<40 cm",0,0,NA
"E2","V2M2",1107,"40-80 cm",0,0,NA
"E2","V2M2",1107,"80-120 cm",0,0,NA
"E2","V2M2",1107,"120-160 cm",0,0,NA
"E2","V2M2",1107,"160-200 cm",0,0,NA
"E2","V2M2",1107,">200 cm",0,0,NA
"E2","V2M2",1108,"<40 cm",0,0,NA
"E2","V2M2",1108,"40-80 cm",0,0,NA
"E2","V2M2",1108,"80-120 cm",0,0,NA
"E2","V2M2",1108,"120-160 cm",0,0,NA
"E2","V2M2",1108,"160-200 cm",0,0,NA
"E2","V2M2",1108,">200 cm",0,0,NA
"E2","V2M2",1109,"<40 cm",0,0,NA
"E2","V2M2",1109,"40-80 cm",0,0,NA
"E2","V2M2",1109,"80-120 cm",0,0,NA
"E2","V2M2",1109,"120-160 cm",0,0,NA
"E2","V2M2",1109,"160-200 cm",0,0,NA
"E2","V2M2",1109,">200 cm",0,0,NA
"E2","V2M2",1110,"<40 cm",0,0,NA
"E2","V2M2",1110,"40-80 cm",0,0,NA
"E2","V2M2",1110,"80-120 cm",0,0,NA
"E2","V2M2",1110,"120-160 cm",0,0,NA
"E2","V2M2",1110,"160-200 cm",0,0,NA
"E2","V2M2",1110,">200 cm",0,0,NA
"E2","V2M2",2101,"<40 cm",200,250,0.8
"E2","V2M2",2101,"40-80 cm",8,250,0.032
"E2","V2M2",2101,"80-120 cm",2,250,0.008
"E2","V2M2",2101,"120-160 cm",7,250,0.028
"E2","V2M2",2101,"160-200 cm",7,250,0.028
"E2","V2M2",2101,">200 cm",26,250,0.104
"E2","V2M2",2102,"<40 cm",184,250,0.736
"E2","V2M2",2102,"40-80 cm",4,250,0.016
"E2","V2M2",2102,"80-120 cm",8,250,0.032
"E2","V2M2",2102,"120-160 cm",7,250,0.028
"E2","V2M2",2102,"160-200 cm",9,250,0.036
"E2","V2M2",2102,">200 cm",38,250,0.152
"E2","V2M2",2103,"<40 cm",196,250,0.784
"E2","V2M2",2103,"40-80 cm",2,250,0.008
"E2","V2M2",2103,"80-120 cm",5,250,0.02
"E2","V2M2",2103,"120-160 cm",9,250,0.036
"E2","V2M2",2103,"160-200 cm",6,250,0.024
"E2","V2M2",2103,">200 cm",32,250,0.128
"E2","V2M2",2104,"<40 cm",0,0,NA
"E2","V2M2",2104,"40-80 cm",0,0,NA
"E2","V2M2",2104,"80-120 cm",0,0,NA
"E2","V2M2",2104,"120-160 cm",0,0,NA
"E2","V2M2",2104,"160-200 cm",0,0,NA
"E2","V2M2",2104,">200 cm",0,0,NA
"E2","V2M2",2105,"<40 cm",0,0,NA
"E2","V2M2",2105,"40-80 cm",0,0,NA
"E2","V2M2",2105,"80-120 cm",0,0,NA
"E2","V2M2",2105,"120-160 cm",0,0,NA
"E2","V2M2",2105,"160-200 cm",0,0,NA
"E2","V2M2",2105,">200 cm",0,0,NA
"E2","V2M2",2106,"<40 cm",0,0,NA
"E2","V2M2",2106,"40-80 cm",0,0,NA
"E2","V2M2",2106,"80-120 cm",0,0,NA
"E2","V2M2",2106,"120-160 cm",0,0,NA
"E2","V2M2",2106,"160-200 cm",0,0,NA
"E2","V2M2",2106,">200 cm",0,0,NA
"E2","V2M2",2107,"<40 cm",0,0,NA
"E2","V2M2",2107,"40-80 cm",0,0,NA
"E2","V2M2",2107,"80-120 cm",0,0,NA
"E2","V2M2",2107,"120-160 cm",0,0,NA
"E2","V2M2",2107,"160-200 cm",0,0,NA
"E2","V2M2",2107,">200 cm",0,0,NA
"E2","V2M2",2108,"<40 cm",0,0,NA
"E2","V2M2",2108,"40-80 cm",0,0,NA
"E2","V2M2",2108,"80-120 cm",0,0,NA
"E2","V2M2",2108,"120-160 cm",0,0,NA
"E2","V2M2",2108,"160-200 cm",0,0,NA
"E2","V2M2",2108,">200 cm",0,0,NA
"E2","V2M2",2109,"<40 cm",0,0,NA
"E2","V2M2",2109,"40-80 cm",0,0,NA
"E2","V2M2",2109,"80-120 cm",0,0,NA
"E2","V2M2",2109,"120-160 cm",0,0,NA
"E2","V2M2",2109,"160-200 cm",0,0,NA
"E2","V2M2",2109,">200 cm",0,0,NA
"E2","V2M2",2110,"<40 cm",0,0,NA
"E2","V2M2",2110,"40-80 cm",0,0,NA
"E2","V2M2",2110,"80-120 cm",0,0,NA
"E2","V2M2",2110,"120-160 cm",0,0,NA
"E2","V2M2",2110,"160-200 cm",0,0,NA
"E2","V2M2",2110,">200 cm",0,0,NA
"E2","V2M2",3101,"<40 cm",192,250,0.768
"E2","V2M2",3101,"40-80 cm",5,250,0.02
"E2","V2M2",3101,"80-120 cm",4,250,0.016
"E2","V2M2",3101,"120-160 cm",4,250,0.016
"E2","V2M2",3101,"160-200 cm",3,250,0.012
"E2","V2M2",3101,">200 cm",42,250,0.168
"E2","V2M2",3102,"<40 cm",177,250,0.708
"E2","V2M2",3102,"40-80 cm",2,250,0.008
"E2","V2M2",3102,"80-120 cm",6,250,0.024
"E2","V2M2",3102,"120-160 cm",7,250,0.028
"E2","V2M2",3102,"160-200 cm",4,250,0.016
"E2","V2M2",3102,">200 cm",54,250,0.216
"E2","V2M2",3103,"<40 cm",188,250,0.752
"E2","V2M2",3103,"40-80 cm",6,250,0.024
"E2","V2M2",3103,"80-120 cm",3,250,0.012
"E2","V2M2",3103,"120-160 cm",8,250,0.032
"E2","V2M2",3103,"160-200 cm",4,250,0.016
"E2","V2M2",3103,">200 cm",41,250,0.164
"E2","V2M2",3104,"<40 cm",0,0,NA
"E2","V2M2",3104,"40-80 cm",0,0,NA
"E2","V2M2",3104,"80-120 cm",0,0,NA
"E2","V2M2",3104,"120-160 cm",0,0,NA
"E2","V2M2",3104,"160-200 cm",0,0,NA
"E2","V2M2",3104,">200 cm",0,0,NA
"E2","V2M2",3105,"<40 cm",0,0,NA
"E2","V2M2",3105,"40-80 cm",0,0,NA
"E2","V2M2",3105,"80-120 cm",0,0,NA
"E2","V2M2",3105,"120-160 cm",0,0,NA
"E2","V2M2",3105,"160-200 cm",0,0,NA
"E2","V2M2",3105,">200 cm",0,0,NA
"E2","V2M2",3106,"<40 cm",0,0,NA
"E2","V2M2",3106,"40-80 cm",0,0,NA
"E2","V2M2",3106,"80-120 cm",0,0,NA
"E2","V2M2",3106,"120-160 cm",0,0,NA
"E2","V2M2",3106,"160-200 cm",0,0,NA
"E2","V2M2",3106,">200 cm",0,0,NA
"E2","V2M2",3107,"<40 cm",0,0,NA
"E2","V2M2",3107,"40-80 cm",0,0,NA
"E2","V2M2",3107,"80-120 cm",0,0,NA
"E2","V2M2",3107,"120-160 cm",0,0,NA
"E2","V2M2",3107,"160-200 cm",0,0,NA
"E2","V2M2",3107,">200 cm",0,0,NA
"E2","V2M2",3108,"<40 cm",0,0,NA
"E2","V2M2",3108,"40-80 cm",0,0,NA
"E2","V2M2",3108,"80-120 cm",0,0,NA
"E2","V2M2",3108,"120-160 cm",0,0,NA
"E2","V2M2",3108,"160-200 cm",0,0,NA
"E2","V2M2",3108,">200 cm",0,0,NA
"E2","V2M2",3109,"<40 cm",0,0,NA
"E2","V2M2",3109,"40-80 cm",0,0,NA
"E2","V2M2",3109,"80-120 cm",0,0,NA
"E2","V2M2",3109,"120-160 cm",0,0,NA
"E2","V2M2",3109,"160-200 cm",0,0,NA
"E2","V2M2",3109,">200 cm",0,0,NA
"E2","V2M2",3110,"<40 cm",0,0,NA
"E2","V2M2",3110,"40-80 cm",0,0,NA
"E2","V2M2",3110,"80-120 cm",0,0,NA
"E2","V2M2",3110,"120-160 cm",0,0,NA
"E2","V2M2",3110,"160-200 cm",0,0,NA
"E2","V2M2",3110,">200 cm",0,0,NA
"E2","V2M2",4101,"<40 cm",192,250,0.768
"E2","V2M2",4101,"40-80 cm",4,250,0.016
"E2","V2M2",4101,"80-120 cm",4,250,0.016
"E2","V2M2",4101,"120-160 cm",5,250,0.02
"E2","V2M2",4101,"160-200 cm",13,250,0.052
"E2","V2M2",4101,">200 cm",32,250,0.128
"E2","V2M2",4102,"<40 cm",177,250,0.708
"E2","V2M2",4102,"40-80 cm",1,250,0.004
"E2","V2M2",4102,"80-120 cm",6,250,0.024
"E2","V2M2",4102,"120-160 cm",7,250,0.028
"E2","V2M2",4102,"160-200 cm",8,250,0.032
"E2","V2M2",4102,">200 cm",51,250,0.204
"E2","V2M2",4103,"<40 cm",188,250,0.752
"E2","V2M2",4103,"40-80 cm",5,250,0.02
"E2","V2M2",4103,"80-120 cm",6,250,0.024
"E2","V2M2",4103,"120-160 cm",8,250,0.032
"E2","V2M2",4103,"160-200 cm",8,250,0.032
"E2","V2M2",4103,">200 cm",35,250,0.14
"E2","V2M2",4104,"<40 cm",0,0,NA
"E2","V2M2",4104,"40-80 cm",0,0,NA
"E2","V2M2",4104,"80-120 cm",0,0,NA
"E2","V2M2",4104,"120-160 cm",0,0,NA
"E2","V2M2",4104,"160-200 cm",0,0,NA
"E2","V2M2",4104,">200 cm",0,0,NA
"E2","V2M2",4105,"<40 cm",0,0,NA
"E2","V2M2",4105,"40-80 cm",0,0,NA
"E2","V2M2",4105,"80-120 cm",0,0,NA
"E2","V2M2",4105,"120-160 cm",0,0,NA
"E2","V2M2",4105,"160-200 cm",0,0,NA
"E2","V2M2",4105,">200 cm",0,0,NA
"E2","V2M2",4106,"<40 cm",0,0,NA
"E2","V2M2",4106,"40-80 cm",0,0,NA
"E2","V2M2",4106,"80-120 cm",0,0,NA
"E2","V2M2",4106,"120-160 cm",0,0,NA
"E2","V2M2",4106,"160-200 cm",0,0,NA
"E2","V2M2",4106,">200 cm",0,0,NA
"E2","V2M2",4107,"<40 cm",0,0,NA
"E2","V2M2",4107,"40-80 cm",0,0,NA
"E2","V2M2",4107,"80-120 cm",0,0,NA
"E2","V2M2",4107,"120-160 cm",0,0,NA
"E2","V2M2",4107,"160-200 cm",0,0,NA
"E2","V2M2",4107,">200 cm",0,0,NA
"E2","V2M2",4108,"<40 cm",0,0,NA
"E2","V2M2",4108,"40-80 cm",0,0,NA
"E2","V2M2",4108,"80-120 cm",0,0,NA
"E2","V2M2",4108,"120-160 cm",0,0,NA
"E2","V2M2",4108,"160-200 cm",0,0,NA
"E2","V2M2",4108,">200 cm",0,0,NA
"E2","V2M2",4109,"<40 cm",0,0,NA
"E2","V2M2",4109,"40-80 cm",0,0,NA
"E2","V2M2",4109,"80-120 cm",0,0,NA
"E2","V2M2",4109,"120-160 cm",0,0,NA
"E2","V2M2",4109,"160-200 cm",0,0,NA
"E2","V2M2",4109,">200 cm",0,0,NA
"E2","V2M2",4110,"<40 cm",0,0,NA
"E2","V2M2",4110,"40-80 cm",0,0,NA
"E2","V2M2",4110,"80-120 cm",0,0,NA
"E2","V2M2",4110,"120-160 cm",0,0,NA
"E2","V2M2",4110,"160-200 cm",0,0,NA
"E2","V2M2",4110,">200 cm",0,0,NA
"E2","V2M2",5101,"<40 cm",191,250,0.764
"E2","V2M2",5101,"40-80 cm",5,250,0.02
"E2","V2M2",5101,"80-120 cm",4,250,0.016
"E2","V2M2",5101,"120-160 cm",5,250,0.02
"E2","V2M2",5101,"160-200 cm",6,250,0.024
"E2","V2M2",5101,">200 cm",39,250,0.156
"E2","V2M2",5102,"<40 cm",179,250,0.716
"E2","V2M2",5102,"40-80 cm",7,250,0.028
"E2","V2M2",5102,"80-120 cm",6,250,0.024
"E2","V2M2",5102,"120-160 cm",3,250,0.012
"E2","V2M2",5102,"160-200 cm",5,250,0.02
"E2","V2M2",5102,">200 cm",50,250,0.2
"E2","V2M2",5103,"<40 cm",188,250,0.752
"E2","V2M2",5103,"40-80 cm",4,250,0.016
"E2","V2M2",5103,"80-120 cm",8,250,0.032
"E2","V2M2",5103,"120-160 cm",7,250,0.028
"E2","V2M2",5103,"160-200 cm",7,250,0.028
"E2","V2M2",5103,">200 cm",36,250,0.144
"E2","V2M2",5104,"<40 cm",0,0,NA
"E2","V2M2",5104,"40-80 cm",0,0,NA
"E2","V2M2",5104,"80-120 cm",0,0,NA
"E2","V2M2",5104,"120-160 cm",0,0,NA
"E2","V2M2",5104,"160-200 cm",0,0,NA
"E2","V2M2",5104,">200 cm",0,0,NA
"E2","V2M2",5105,"<40 cm",0,0,NA
"E2","V2M2",5105,"40-80 cm",0,0,NA
"E2","V2M2",5105,"80-120 cm",0,0,NA
"E2","V2M2",5105,"120-160 cm",0,0,NA
"E2","V2M2",5105,"160-200 cm",0,0,NA
"E2","V2M2",5105,">200 cm",0,0,NA
"E2","V2M2",5106,"<40 cm",0,0,NA
"E2","V2M2",5106,"40-80 cm",0,0,NA
"E2","V2M2",5106,"80-120 cm",0,0,NA
"E2","V2M2",5106,"120-160 cm",0,0,NA
"E2","V2M2",5106,"160-200 cm",0,0,NA
"E2","V2M2",5106,">200 cm",0,0,NA
"E2","V2M2",5107,"<40 cm",0,0,NA
"E2","V2M2",5107,"40-80 cm",0,0,NA
"E2","V2M2",5107,"80-120 cm",0,0,NA
"E2","V2M2",5107,"120-160 cm",0,0,NA
"E2","V2M2",5107,"160-200 cm",0,0,NA
"E2","V2M2",5107,">200 cm",0,0,NA
"E2","V2M2",5108,"<40 cm",0,0,NA
"E2","V2M2",5108,"40-80 cm",0,0,NA
"E2","V2M2",5108,"80-120 cm",0,0,NA
"E2","V2M2",5108,"120-160 cm",0,0,NA
"E2","V2M2",5108,"160-200 cm",0,0,NA
"E2","V2M2",5108,">200 cm",0,0,NA
"E2","V2M2",5109,"<40 cm",0,0,NA
"E2","V2M2",5109,"40-80 cm",0,0,NA
"E2","V2M2",5109,"80-120 cm",0,0,NA
"E2","V2M2",5109,"120-160 cm",0,0,NA
"E2","V2M2",5109,"160-200 cm",0,0,NA
"E2","V2M2",5109,">200 cm",0,0,NA
"E2","V2M2",5110,"<40 cm",0,0,NA
"E2","V2M2",5110,"40-80 cm",0,0,NA
"E2","V2M2",5110,"80-120 cm",0,0,NA
"E2","V2M2",5110,"120-160 cm",0,0,NA
"E2","V2M2",5110,"160-200 cm",0,0,NA
"E2","V2M2",5110,">200 cm",0,0,NA
"E2","V2M2",6101,"<40 cm",192,250,0.768
"E2","V2M2",6101,"40-80 cm",4,250,0.016
"E2","V2M2",6101,"80-120 cm",4,250,0.016
"E2","V2M2",6101,"120-160 cm",4,250,0.016
"E2","V2M2",6101,"160-200 cm",5,250,0.02
"E2","V2M2",6101,">200 cm",41,250,0.164
"E2","V2M2",6102,"<40 cm",178,250,0.712
"E2","V2M2",6102,"40-80 cm",2,250,0.008
"E2","V2M2",6102,"80-120 cm",4,250,0.016
"E2","V2M2",6102,"120-160 cm",5,250,0.02
"E2","V2M2",6102,"160-200 cm",6,250,0.024
"E2","V2M2",6102,">200 cm",55,250,0.22
"E2","V2M2",6103,"<40 cm",192,250,0.768
"E2","V2M2",6103,"40-80 cm",4,250,0.016
"E2","V2M2",6103,"80-120 cm",3,250,0.012
"E2","V2M2",6103,"120-160 cm",7,250,0.028
"E2","V2M2",6103,"160-200 cm",12,250,0.048
"E2","V2M2",6103,">200 cm",32,250,0.128
"E2","V2M2",6104,"<40 cm",0,0,NA
"E2","V2M2",6104,"40-80 cm",0,0,NA
"E2","V2M2",6104,"80-120 cm",0,0,NA
"E2","V2M2",6104,"120-160 cm",0,0,NA
"E2","V2M2",6104,"160-200 cm",0,0,NA
"E2","V2M2",6104,">200 cm",0,0,NA
"E2","V2M2",6105,"<40 cm",0,0,NA
"E2","V2M2",6105,"40-80 cm",0,0,NA
"E2","V2M2",6105,"80-120 cm",0,0,NA
"E2","V2M2",6105,"120-160 cm",0,0,NA
"E2","V2M2",6105,"160-200 cm",0,0,NA
"E2","V2M2",6105,">200 cm",0,0,NA
"E2","V2M2",6106,"<40 cm",0,0,NA
"E2","V2M2",6106,"40-80 cm",0,0,NA
"E2","V2M2",6106,"80-120 cm",0,0,NA
"E2","V2M2",6106,"120-160 cm",0,0,NA
"E2","V2M2",6106,"160-200 cm",0,0,NA
"E2","V2M2",6106,">200 cm",0,0,NA
"E2","V2M2",6107,"<40 cm",0,0,NA
"E2","V2M2",6107,"40-80 cm",0,0,NA
"E2","V2M2",6107,"80-120 cm",0,0,NA
"E2","V2M2",6107,"120-160 cm",0,0,NA
"E2","V2M2",6107,"160-200 cm",0,0,NA
"E2","V2M2",6107,">200 cm",0,0,NA
"E2","V2M2",6108,"<40 cm",0,0,NA
"E2","V2M2",6108,"40-80 cm",0,0,NA
"E2","V2M2",6108,"80-120 cm",0,0,NA
"E2","V2M2",6108,"120-160 cm",0,0,NA
"E2","V2M2",6108,"160-200 cm",0,0,NA
"E2","V2M2",6108,">200 cm",0,0,NA
"E2","V2M2",6109,"<40 cm",0,0,NA
"E2","V2M2",6109,"40-80 cm",0,0,NA
"E2","V2M2",6109,"80-120 cm",0,0,NA
"E2","V2M2",6109,"120-160 cm",0,0,NA
"E2","V2M2",6109,"160-200 cm",0,0,NA
"E2","V2M2",6109,">200 cm",0,0,NA
"E2","V2M2",6110,"<40 cm",0,0,NA
"E2","V2M2",6110,"40-80 cm",0,0,NA
"E2","V2M2",6110,"80-120 cm",0,0,NA
"E2","V2M2",6110,"120-160 cm",0,0,NA
"E2","V2M2",6110,"160-200 cm",0,0,NA
"E2","V2M2",6110,">200 cm",0,0,NA
"E2","V2M2",7101,"<40 cm",190,250,0.76
"E2","V2M2",7101,"40-80 cm",5,250,0.02
"E2","V2M2",7101,"80-120 cm",4,250,0.016
"E2","V2M2",7101,"120-160 cm",4,250,0.016
"E2","V2M2",7101,"160-200 cm",4,250,0.016
"E2","V2M2",7101,">200 cm",43,250,0.172
"E2","V2M2",7102,"<40 cm",177,250,0.708
"E2","V2M2",7102,"40-80 cm",1,250,0.004
"E2","V2M2",7102,"80-120 cm",5,250,0.02
"E2","V2M2",7102,"120-160 cm",6,250,0.024
"E2","V2M2",7102,"160-200 cm",3,250,0.012
"E2","V2M2",7102,">200 cm",58,250,0.232
"E2","V2M2",7103,"<40 cm",183,250,0.732
"E2","V2M2",7103,"40-80 cm",8,250,0.032
"E2","V2M2",7103,"80-120 cm",3,250,0.012
"E2","V2M2",7103,"120-160 cm",8,250,0.032
"E2","V2M2",7103,"160-200 cm",6,250,0.024
"E2","V2M2",7103,">200 cm",42,250,0.168
"E2","V2M2",7104,"<40 cm",0,0,NA
"E2","V2M2",7104,"40-80 cm",0,0,NA
"E2","V2M2",7104,"80-120 cm",0,0,NA
"E2","V2M2",7104,"120-160 cm",0,0,NA
"E2","V2M2",7104,"160-200 cm",0,0,NA
"E2","V2M2",7104,">200 cm",0,0,NA
"E2","V2M2",7105,"<40 cm",0,0,NA
"E2","V2M2",7105,"40-80 cm",0,0,NA
"E2","V2M2",7105,"80-120 cm",0,0,NA
"E2","V2M2",7105,"120-160 cm",0,0,NA
"E2","V2M2",7105,"160-200 cm",0,0,NA
"E2","V2M2",7105,">200 cm",0,0,NA
"E2","V2M2",7106,"<40 cm",0,0,NA
"E2","V2M2",7106,"40-80 cm",0,0,NA
"E2","V2M2",7106,"80-120 cm",0,0,NA
"E2","V2M2",7106,"120-160 cm",0,0,NA
"E2","V2M2",7106,"160-200 cm",0,0,NA
"E2","V2M2",7106,">200 cm",0,0,NA
"E2","V2M2",7107,"<40 cm",0,0,NA
"E2","V2M2",7107,"40-80 cm",0,0,NA
"E2","V2M2",7107,"80-120 cm",0,0,NA
"E2","V2M2",7107,"120-160 cm",0,0,NA
"E2","V2M2",7107,"160-200 cm",0,0,NA
"E2","V2M2",7107,">200 cm",0,0,NA
"E2","V2M2",7108,"<40 cm",0,0,NA
"E2","V2M2",7108,"40-80 cm",0,0,NA
"E2","V2M2",7108,"80-120 cm",0,0,NA
"E2","V2M2",7108,"120-160 cm",0,0,NA
"E2","V2M2",7108,"160-200 cm",0,0,NA
"E2","V2M2",7108,">200 cm",0,0,NA
"E2","V2M2",7109,"<40 cm",0,0,NA
"E2","V2M2",7109,"40-80 cm",0,0,NA
"E2","V2M2",7109,"80-120 cm",0,0,NA
"E2","V2M2",7109,"120-160 cm",0,0,NA
"E2","V2M2",7109,"160-200 cm",0,0,NA
"E2","V2M2",7109,">200 cm",0,0,NA
"E2","V2M2",7110,"<40 cm",0,0,NA
"E2","V2M2",7110,"40-80 cm",0,0,NA
"E2","V2M2",7110,"80-120 cm",0,0,NA
"E2","V2M2",7110,"120-160 cm",0,0,NA
"E2","V2M2",7110,"160-200 cm",0,0,NA
"E2","V2M2",7110,">200 cm",0,0,NA
"E2","V2M2",8101,"<40 cm",177,250,0.708
"E2","V2M2",8101,"40-80 cm",19,250,0.076
"E2","V2M2",8101,"80-120 cm",3,250,0.012
"E2","V2M2",8101,"120-160 cm",5,250,0.02
"E2","V2M2",8101,"160-200 cm",6,250,0.024
"E2","V2M2",8101,">200 cm",40,250,0.16
"E2","V2M2",8102,"<40 cm",172,250,0.688
"E2","V2M2",8102,"40-80 cm",8,250,0.032
"E2","V2M2",8102,"80-120 cm",5,250,0.02
"E2","V2M2",8102,"120-160 cm",6,250,0.024
"E2","V2M2",8102,"160-200 cm",5,250,0.02
"E2","V2M2",8102,">200 cm",54,250,0.216
"E2","V2M2",8103,"<40 cm",182,250,0.728
"E2","V2M2",8103,"40-80 cm",9,250,0.036
"E2","V2M2",8103,"80-120 cm",7,250,0.028
"E2","V2M2",8103,"120-160 cm",5,250,0.02
"E2","V2M2",8103,"160-200 cm",7,250,0.028
"E2","V2M2",8103,">200 cm",40,250,0.16
"E2","V2M2",8104,"<40 cm",0,0,NA
"E2","V2M2",8104,"40-80 cm",0,0,NA
"E2","V2M2",8104,"80-120 cm",0,0,NA
"E2","V2M2",8104,"120-160 cm",0,0,NA
"E2","V2M2",8104,"160-200 cm",0,0,NA
"E2","V2M2",8104,">200 cm",0,0,NA
"E2","V2M2",8105,"<40 cm",0,0,NA
"E2","V2M2",8105,"40-80 cm",0,0,NA
"E2","V2M2",8105,"80-120 cm",0,0,NA
"E2","V2M2",8105,"120-160 cm",0,0,NA
"E2","V2M2",8105,"160-200 cm",0,0,NA
"E2","V2M2",8105,">200 cm",0,0,NA
"E2","V2M2",8106,"<40 cm",0,0,NA
"E2","V2M2",8106,"40-80 cm",0,0,NA
"E2","V2M2",8106,"80-120 cm",0,0,NA
"E2","V2M2",8106,"120-160 cm",0,0,NA
"E2","V2M2",8106,"160-200 cm",0,0,NA
"E2","V2M2",8106,">200 cm",0,0,NA
"E2","V2M2",8107,"<40 cm",0,0,NA
"E2","V2M2",8107,"40-80 cm",0,0,NA
"E2","V2M2",8107,"80-120 cm",0,0,NA
"E2","V2M2",8107,"120-160 cm",0,0,NA
"E2","V2M2",8107,"160-200 cm",0,0,NA
"E2","V2M2",8107,">200 cm",0,0,NA
"E2","V2M2",8108,"<40 cm",0,0,NA
"E2","V2M2",8108,"40-80 cm",0,0,NA
"E2","V2M2",8108,"80-120 cm",0,0,NA
"E2","V2M2",8108,"120-160 cm",0,0,NA
"E2","V2M2",8108,"160-200 cm",0,0,NA
"E2","V2M2",8108,">200 cm",0,0,NA
"E2","V2M2",8109,"<40 cm",0,0,NA
"E2","V2M2",8109,"40-80 cm",0,0,NA
"E2","V2M2",8109,"80-120 cm",0,0,NA
"E2","V2M2",8109,"120-160 cm",0,0,NA
"E2","V2M2",8109,"160-200 cm",0,0,NA
"E2","V2M2",8109,">200 cm",0,0,NA
"E2","V2M2",8110,"<40 cm",0,0,NA
"E2","V2M2",8110,"40-80 cm",0,0,NA
"E2","V2M2",8110,"80-120 cm",0,0,NA
"E2","V2M2",8110,"120-160 cm",0,0,NA
"E2","V2M2",8110,"160-200 cm",0,0,NA
"E2","V2M2",8110,">200 cm",0,0,NA
"E2","V2M2",9101,"<40 cm",193,250,0.772
"E2","V2M2",9101,"40-80 cm",4,250,0.016
"E2","V2M2",9101,"80-120 cm",3,250,0.012
"E2","V2M2",9101,"120-160 cm",5,250,0.02
"E2","V2M2",9101,"160-200 cm",21,250,0.084
"E2","V2M2",9101,">200 cm",24,250,0.096
"E2","V2M2",9102,"<40 cm",179,250,0.716
"E2","V2M2",9102,"40-80 cm",0,250,0
"E2","V2M2",9102,"80-120 cm",5,250,0.02
"E2","V2M2",9102,"120-160 cm",4,250,0.016
"E2","V2M2",9102,"160-200 cm",26,250,0.104
"E2","V2M2",9102,">200 cm",36,250,0.144
"E2","V2M2",9103,"<40 cm",187,250,0.748
"E2","V2M2",9103,"40-80 cm",5,250,0.02
"E2","V2M2",9103,"80-120 cm",7,250,0.028
"E2","V2M2",9103,"120-160 cm",6,250,0.024
"E2","V2M2",9103,"160-200 cm",22,250,0.088
"E2","V2M2",9103,">200 cm",23,250,0.092
"E2","V2M2",9104,"<40 cm",0,0,NA
"E2","V2M2",9104,"40-80 cm",0,0,NA
"E2","V2M2",9104,"80-120 cm",0,0,NA
"E2","V2M2",9104,"120-160 cm",0,0,NA
"E2","V2M2",9104,"160-200 cm",0,0,NA
"E2","V2M2",9104,">200 cm",0,0,NA
"E2","V2M2",9105,"<40 cm",0,0,NA
"E2","V2M2",9105,"40-80 cm",0,0,NA
"E2","V2M2",9105,"80-120 cm",0,0,NA
"E2","V2M2",9105,"120-160 cm",0,0,NA
"E2","V2M2",9105,"160-200 cm",0,0,NA
"E2","V2M2",9105,">200 cm",0,0,NA
"E2","V2M2",9106,"<40 cm",0,0,NA
"E2","V2M2",9106,"40-80 cm",0,0,NA
"E2","V2M2",9106,"80-120 cm",0,0,NA
"E2","V2M2",9106,"120-160 cm",0,0,NA
"E2","V2M2",9106,"160-200 cm",0,0,NA
"E2","V2M2",9106,">200 cm",0,0,NA
"E2","V2M2",9107,"<40 cm",0,0,NA
"E2","V2M2",9107,"40-80 cm",0,0,NA
"E2","V2M2",9107,"80-120 cm",0,0,NA
"E2","V2M2",9107,"120-160 cm",0,0,NA
"E2","V2M2",9107,"160-200 cm",0,0,NA
"E2","V2M2",9107,">200 cm",0,0,NA
"E2","V2M2",9108,"<40 cm",0,0,NA
"E2","V2M2",9108,"40-80 cm",0,0,NA
"E2","V2M2",9108,"80-120 cm",0,0,NA
"E2","V2M2",9108,"120-160 cm",0,0,NA
"E2","V2M2",9108,"160-200 cm",0,0,NA
"E2","V2M2",9108,">200 cm",0,0,NA
"E2","V2M2",9109,"<40 cm",0,0,NA
"E2","V2M2",9109,"40-80 cm",0,0,NA
"E2","V2M2",9109,"80-120 cm",0,0,NA
"E2","V2M2",9109,"120-160 cm",0,0,NA
"E2","V2M2",9109,"160-200 cm",0,0,NA
"E2","V2M2",9109,">200 cm",0,0,NA
"E2","V2M2",9110,"<40 cm",0,0,NA
"E2","V2M2",9110,"40-80 cm",0,0,NA
"E2","V2M2",9110,"80-120 cm",0,0,NA
"E2","V2M2",9110,"120-160 cm",0,0,NA
"E2","V2M2",9110,"160-200 cm",0,0,NA
"E2","V2M2",9110,">200 cm",0,0,NA
"E2","V2M2",10101,"<40 cm",189,250,0.756
"E2","V2M2",10101,"40-80 cm",5,250,0.02
"E2","V2M2",10101,"80-120 cm",2,250,0.008
"E2","V2M2",10101,"120-160 cm",6,250,0.024
"E2","V2M2",10101,"160-200 cm",3,250,0.012
"E2","V2M2",10101,">200 cm",45,250,0.18
"E2","V2M2",10102,"<40 cm",175,250,0.7
"E2","V2M2",10102,"40-80 cm",3,250,0.012
"E2","V2M2",10102,"80-120 cm",6,250,0.024
"E2","V2M2",10102,"120-160 cm",4,250,0.016
"E2","V2M2",10102,"160-200 cm",2,250,0.008
"E2","V2M2",10102,">200 cm",60,250,0.24
"E2","V2M2",10103,"<40 cm",182,250,0.728
"E2","V2M2",10103,"40-80 cm",5,250,0.02
"E2","V2M2",10103,"80-120 cm",6,250,0.024
"E2","V2M2",10103,"120-160 cm",7,250,0.028
"E2","V2M2",10103,"160-200 cm",6,250,0.024
"E2","V2M2",10103,">200 cm",44,250,0.176
"E2","V2M2",10104,"<40 cm",0,0,NA
"E2","V2M2",10104,"40-80 cm",0,0,NA
"E2","V2M2",10104,"80-120 cm",0,0,NA
"E2","V2M2",10104,"120-160 cm",0,0,NA
"E2","V2M2",10104,"160-200 cm",0,0,NA
"E2","V2M2",10104,">200 cm",0,0,NA
"E2","V2M2",10105,"<40 cm",0,0,NA
"E2","V2M2",10105,"40-80 cm",0,0,NA
"E2","V2M2",10105,"80-120 cm",0,0,NA
"E2","V2M2",10105,"120-160 cm",0,0,NA
"E2","V2M2",10105,"160-200 cm",0,0,NA
"E2","V2M2",10105,">200 cm",0,0,NA
"E2","V2M2",10106,"<40 cm",0,0,NA
"E2","V2M2",10106,"40-80 cm",0,0,NA
"E2","V2M2",10106,"80-120 cm",0,0,NA
"E2","V2M2",10106,"120-160 cm",0,0,NA
"E2","V2M2",10106,"160-200 cm",0,0,NA
"E2","V2M2",10106,">200 cm",0,0,NA
"E2","V2M2",10107,"<40 cm",0,0,NA
"E2","V2M2",10107,"40-80 cm",0,0,NA
"E2","V2M2",10107,"80-120 cm",0,0,NA
"E2","V2M2",10107,"120-160 cm",0,0,NA
"E2","V2M2",10107,"160-200 cm",0,0,NA
"E2","V2M2",10107,">200 cm",0,0,NA
"E2","V2M2",10108,"<40 cm",0,0,NA
"E2","V2M2",10108,"40-80 cm",0,0,NA
"E2","V2M2",10108,"80-120 cm",0,0,NA
"E2","V2M2",10108,"120-160 cm",0,0,NA
"E2","V2M2",10108,"160-200 cm",0,0,NA
"E2","V2M2",10108,">200 cm",0,0,NA
"E2","V2M2",10109,"<40 cm",0,0,NA
"E2","V2M2",10109,"40-80 cm",0,0,NA
"E2","V2M2",10109,"80-120 cm",0,0,NA
"E2","V2M2",10109,"120-160 cm",0,0,NA
"E2","V2M2",10109,"160-200 cm",0,0,NA
"E2","V2M2",10109,">200 cm",0,0,NA
"E2","V2M2",10110,"<40 cm",0,0,NA
"E2","V2M2",10110,"40-80 cm",0,0,NA
"E2","V2M2",10110,"80-120 cm",0,0,NA
"E2","V2M2",10110,"120-160 cm",0,0,NA
"E2","V2M2",10110,"160-200 cm",0,0,NA
"E2","V2M2",10110,">200 cm",0,0,NA
"E2","V2M2",11101,"<40 cm",0,0,NA
"E2","V2M2",11101,"40-80 cm",0,0,NA
"E2","V2M2",11101,"80-120 cm",0,0,NA
"E2","V2M2",11101,"120-160 cm",0,0,NA
"E2","V2M2",11101,"160-200 cm",0,0,NA
"E2","V2M2",11101,">200 cm",0,0,NA
"E2","V2M2",11102,"<40 cm",0,0,NA
"E2","V2M2",11102,"40-80 cm",0,0,NA
"E2","V2M2",11102,"80-120 cm",0,0,NA
"E2","V2M2",11102,"120-160 cm",0,0,NA
"E2","V2M2",11102,"160-200 cm",0,0,NA
"E2","V2M2",11102,">200 cm",0,0,NA
"E2","V2M2",11103,"<40 cm",0,0,NA
"E2","V2M2",11103,"40-80 cm",0,0,NA
"E2","V2M2",11103,"80-120 cm",0,0,NA
"E2","V2M2",11103,"120-160 cm",0,0,NA
"E2","V2M2",11103,"160-200 cm",0,0,NA
"E2","V2M2",11103,">200 cm",0,0,NA
"E2","V2M2",11104,"<40 cm",0,0,NA
"E2","V2M2",11104,"40-80 cm",0,0,NA
"E2","V2M2",11104,"80-120 cm",0,0,NA
"E2","V2M2",11104,"120-160 cm",0,0,NA
"E2","V2M2",11104,"160-200 cm",0,0,NA
"E2","V2M2",11104,">200 cm",0,0,NA
"E2","V2M2",11105,"<40 cm",0,0,NA
"E2","V2M2",11105,"40-80 cm",0,0,NA
"E2","V2M2",11105,"80-120 cm",0,0,NA
"E2","V2M2",11105,"120-160 cm",0,0,NA
"E2","V2M2",11105,"160-200 cm",0,0,NA
"E2","V2M2",11105,">200 cm",0,0,NA
"E2","V2M2",11106,"<40 cm",0,0,NA
"E2","V2M2",11106,"40-80 cm",0,0,NA
"E2","V2M2",11106,"80-120 cm",0,0,NA
"E2","V2M2",11106,"120-160 cm",0,0,NA
"E2","V2M2",11106,"160-200 cm",0,0,NA
"E2","V2M2",11106,">200 cm",0,0,NA
"E2","V2M2",11107,"<40 cm",0,0,NA
"E2","V2M2",11107,"40-80 cm",0,0,NA
"E2","V2M2",11107,"80-120 cm",0,0,NA
"E2","V2M2",11107,"120-160 cm",0,0,NA
"E2","V2M2",11107,"160-200 cm",0,0,NA
"E2","V2M2",11107,">200 cm",0,0,NA
"E2","V2M2",11108,"<40 cm",0,0,NA
"E2","V2M2",11108,"40-80 cm",0,0,NA
"E2","V2M2",11108,"80-120 cm",0,0,NA
"E2","V2M2",11108,"120-160 cm",0,0,NA
"E2","V2M2",11108,"160-200 cm",0,0,NA
"E2","V2M2",11108,">200 cm",0,0,NA
"E2","V2M2",11109,"<40 cm",0,0,NA
"E2","V2M2",11109,"40-80 cm",0,0,NA
"E2","V2M2",11109,"80-120 cm",0,0,NA
"E2","V2M2",11109,"120-160 cm",0,0,NA
"E2","V2M2",11109,"160-200 cm",0,0,NA
"E2","V2M2",11109,">200 cm",0,0,NA
"E2","V2M2",11110,"<40 cm",0,0,NA
"E2","V2M2",11110,"40-80 cm",0,0,NA
"E2","V2M2",11110,"80-120 cm",0,0,NA
"E2","V2M2",11110,"120-160 cm",0,0,NA
"E2","V2M2",11110,"160-200 cm",0,0,NA
"E2","V2M2",11110,">200 cm",0,0,NA
"E2","V2M2",12101,"<40 cm",0,0,NA
"E2","V2M2",12101,"40-80 cm",0,0,NA
"E2","V2M2",12101,"80-120 cm",0,0,NA
"E2","V2M2",12101,"120-160 cm",0,0,NA
"E2","V2M2",12101,"160-200 cm",0,0,NA
"E2","V2M2",12101,">200 cm",0,0,NA
"E2","V2M2",12102,"<40 cm",0,0,NA
"E2","V2M2",12102,"40-80 cm",0,0,NA
"E2","V2M2",12102,"80-120 cm",0,0,NA
"E2","V2M2",12102,"120-160 cm",0,0,NA
"E2","V2M2",12102,"160-200 cm",0,0,NA
"E2","V2M2",12102,">200 cm",0,0,NA
"E2","V2M2",12103,"<40 cm",0,0,NA
"E2","V2M2",12103,"40-80 cm",0,0,NA
"E2","V2M2",12103,"80-120 cm",0,0,NA
"E2","V2M2",12103,"120-160 cm",0,0,NA
"E2","V2M2",12103,"160-200 cm",0,0,NA
"E2","V2M2",12103,">200 cm",0,0,NA
"E2","V2M2",12104,"<40 cm",0,0,NA
"E2","V2M2",12104,"40-80 cm",0,0,NA
"E2","V2M2",12104,"80-120 cm",0,0,NA
"E2","V2M2",12104,"120-160 cm",0,0,NA
"E2","V2M2",12104,"160-200 cm",0,0,NA
"E2","V2M2",12104,">200 cm",0,0,NA
"E2","V2M2",12105,"<40 cm",0,0,NA
"E2","V2M2",12105,"40-80 cm",0,0,NA
"E2","V2M2",12105,"80-120 cm",0,0,NA
"E2","V2M2",12105,"120-160 cm",0,0,NA
"E2","V2M2",12105,"160-200 cm",0,0,NA
"E2","V2M2",12105,">200 cm",0,0,NA
"E2","V2M2",12106,"<40 cm",0,0,NA
"E2","V2M2",12106,"40-80 cm",0,0,NA
"E2","V2M2",12106,"80-120 cm",0,0,NA
"E2","V2M2",12106,"120-160 cm",0,0,NA
"E2","V2M2",12106,"160-200 cm",0,0,NA
"E2","V2M2",12106,">200 cm",0,0,NA
"E2","V2M2",12107,"<40 cm",0,0,NA
"E2","V2M2",12107,"40-80 cm",0,0,NA
"E2","V2M2",12107,"80-120 cm",0,0,NA
"E2","V2M2",12107,"120-160 cm",0,0,NA
"E2","V2M2",12107,"160-200 cm",0,0,NA
"E2","V2M2",12107,">200 cm",0,0,NA
"E2","V2M2",12108,"<40 cm",0,0,NA
"E2","V2M2",12108,"40-80 cm",0,0,NA
"E2","V2M2",12108,"80-120 cm",0,0,NA
"E2","V2M2",12108,"120-160 cm",0,0,NA
"E2","V2M2",12108,"160-200 cm",0,0,NA
"E2","V2M2",12108,">200 cm",0,0,NA
"E2","V2M2",12109,"<40 cm",0,0,NA
"E2","V2M2",12109,"40-80 cm",0,0,NA
"E2","V2M2",12109,"80-120 cm",0,0,NA
"E2","V2M2",12109,"120-160 cm",0,0,NA
"E2","V2M2",12109,"160-200 cm",0,0,NA
"E2","V2M2",12109,">200 cm",0,0,NA
"E2","V2M2",12110,"<40 cm",0,0,NA
"E2","V2M2",12110,"40-80 cm",0,0,NA
"E2","V2M2",12110,"80-120 cm",0,0,NA
"E2","V2M2",12110,"120-160 cm",0,0,NA
"E2","V2M2",12110,"160-200 cm",0,0,NA
"E2","V2M2",12110,">200 cm",0,0,NA
"E2","V2M2",13101,"<40 cm",0,0,NA
"E2","V2M2",13101,"40-80 cm",0,0,NA
"E2","V2M2",13101,"80-120 cm",0,0,NA
"E2","V2M2",13101,"120-160 cm",0,0,NA
"E2","V2M2",13101,"160-200 cm",0,0,NA
"E2","V2M2",13101,">200 cm",0,0,NA
"E2","V2M2",13102,"<40 cm",0,0,NA
"E2","V2M2",13102,"40-80 cm",0,0,NA
"E2","V2M2",13102,"80-120 cm",0,0,NA
"E2","V2M2",13102,"120-160 cm",0,0,NA
"E2","V2M2",13102,"160-200 cm",0,0,NA
"E2","V2M2",13102,">200 cm",0,0,NA
"E2","V2M2",13103,"<40 cm",0,0,NA
"E2","V2M2",13103,"40-80 cm",0,0,NA
"E2","V2M2",13103,"80-120 cm",0,0,NA
"E2","V2M2",13103,"120-160 cm",0,0,NA
"E2","V2M2",13103,"160-200 cm",0,0,NA
"E2","V2M2",13103,">200 cm",0,0,NA
"E2","V2M2",13104,"<40 cm",0,0,NA
"E2","V2M2",13104,"40-80 cm",0,0,NA
"E2","V2M2",13104,"80-120 cm",0,0,NA
"E2","V2M2",13104,"120-160 cm",0,0,NA
"E2","V2M2",13104,"160-200 cm",0,0,NA
"E2","V2M2",13104,">200 cm",0,0,NA
"E2","V2M2",13105,"<40 cm",0,0,NA
"E2","V2M2",13105,"40-80 cm",0,0,NA
"E2","V2M2",13105,"80-120 cm",0,0,NA
"E2","V2M2",13105,"120-160 cm",0,0,NA
"E2","V2M2",13105,"160-200 cm",0,0,NA
"E2","V2M2",13105,">200 cm",0,0,NA
"E2","V2M2",13106,"<40 cm",0,0,NA
"E2","V2M2",13106,"40-80 cm",0,0,NA
"E2","V2M2",13106,"80-120 cm",0,0,NA
"E2","V2M2",13106,"120-160 cm",0,0,NA
"E2","V2M2",13106,"160-200 cm",0,0,NA
"E2","V2M2",13106,">200 cm",0,0,NA
"E2","V2M2",13107,"<40 cm",0,0,NA
"E2","V2M2",13107,"40-80 cm",0,0,NA
"E2","V2M2",13107,"80-120 cm",0,0,NA
"E2","V2M2",13107,"120-160 cm",0,0,NA
"E2","V2M2",13107,"160-200 cm",0,0,NA
"E2","V2M2",13107,">200 cm",0,0,NA
"E2","V2M2",13108,"<40 cm",0,0,NA
"E2","V2M2",13108,"40-80 cm",0,0,NA
"E2","V2M2",13108,"80-120 cm",0,0,NA
"E2","V2M2",13108,"120-160 cm",0,0,NA
"E2","V2M2",13108,"160-200 cm",0,0,NA
"E2","V2M2",13108,">200 cm",0,0,NA
"E2","V2M2",13109,"<40 cm",0,0,NA
"E2","V2M2",13109,"40-80 cm",0,0,NA
"E2","V2M2",13109,"80-120 cm",0,0,NA
"E2","V2M2",13109,"120-160 cm",0,0,NA
"E2","V2M2",13109,"160-200 cm",0,0,NA
"E2","V2M2",13109,">200 cm",0,0,NA
"E2","V2M2",13110,"<40 cm",0,0,NA
"E2","V2M2",13110,"40-80 cm",0,0,NA
"E2","V2M2",13110,"80-120 cm",0,0,NA
"E2","V2M2",13110,"120-160 cm",0,0,NA
"E2","V2M2",13110,"160-200 cm",0,0,NA
"E2","V2M2",13110,">200 cm",0,0,NA
"E2","V2M2",14101,"<40 cm",0,0,NA
"E2","V2M2",14101,"40-80 cm",0,0,NA
"E2","V2M2",14101,"80-120 cm",0,0,NA
"E2","V2M2",14101,"120-160 cm",0,0,NA
"E2","V2M2",14101,"160-200 cm",0,0,NA
"E2","V2M2",14101,">200 cm",0,0,NA
"E2","V2M2",14102,"<40 cm",0,0,NA
"E2","V2M2",14102,"40-80 cm",0,0,NA
"E2","V2M2",14102,"80-120 cm",0,0,NA
"E2","V2M2",14102,"120-160 cm",0,0,NA
"E2","V2M2",14102,"160-200 cm",0,0,NA
"E2","V2M2",14102,">200 cm",0,0,NA
"E2","V2M2",14103,"<40 cm",0,0,NA
"E2","V2M2",14103,"40-80 cm",0,0,NA
"E2","V2M2",14103,"80-120 cm",0,0,NA
"E2","V2M2",14103,"120-160 cm",0,0,NA
"E2","V2M2",14103,"160-200 cm",0,0,NA
"E2","V2M2",14103,">200 cm",0,0,NA
"E2","V2M2",14104,"<40 cm",0,0,NA
"E2","V2M2",14104,"40-80 cm",0,0,NA
"E2","V2M2",14104,"80-120 cm",0,0,NA
"E2","V2M2",14104,"120-160 cm",0,0,NA
"E2","V2M2",14104,"160-200 cm",0,0,NA
"E2","V2M2",14104,">200 cm",0,0,NA
"E2","V2M2",14105,"<40 cm",0,0,NA
"E2","V2M2",14105,"40-80 cm",0,0,NA
"E2","V2M2",14105,"80-120 cm",0,0,NA
"E2","V2M2",14105,"120-160 cm",0,0,NA
"E2","V2M2",14105,"160-200 cm",0,0,NA
"E2","V2M2",14105,">200 cm",0,0,NA
"E2","V2M2",14106,"<40 cm",0,0,NA
"E2","V2M2",14106,"40-80 cm",0,0,NA
"E2","V2M2",14106,"80-120 cm",0,0,NA
"E2","V2M2",14106,"120-160 cm",0,0,NA
"E2","V2M2",14106,"160-200 cm",0,0,NA
"E2","V2M2",14106,">200 cm",0,0,NA
"E2","V2M2",14107,"<40 cm",0,0,NA
"E2","V2M2",14107,"40-80 cm",0,0,NA
"E2","V2M2",14107,"80-120 cm",0,0,NA
"E2","V2M2",14107,"120-160 cm",0,0,NA
"E2","V2M2",14107,"160-200 cm",0,0,NA
"E2","V2M2",14107,">200 cm",0,0,NA
"E2","V2M2",14108,"<40 cm",0,0,NA
"E2","V2M2",14108,"40-80 cm",0,0,NA
"E2","V2M2",14108,"80-120 cm",0,0,NA
"E2","V2M2",14108,"120-160 cm",0,0,NA
"E2","V2M2",14108,"160-200 cm",0,0,NA
"E2","V2M2",14108,">200 cm",0,0,NA
"E2","V2M2",14109,"<40 cm",0,0,NA
"E2","V2M2",14109,"40-80 cm",0,0,NA
"E2","V2M2",14109,"80-120 cm",0,0,NA
"E2","V2M2",14109,"120-160 cm",0,0,NA
"E2","V2M2",14109,"160-200 cm",0,0,NA
"E2","V2M2",14109,">200 cm",0,0,NA
"E2","V2M2",14110,"<40 cm",0,0,NA
"E2","V2M2",14110,"40-80 cm",0,0,NA
"E2","V2M2",14110,"80-120 cm",0,0,NA
"E2","V2M2",14110,"120-160 cm",0,0,NA
"E2","V2M2",14110,"160-200 cm",0,0,NA
"E2","V2M2",14110,">200 cm",0,0,NA
"E2","V2M2",15101,"<40 cm",0,0,NA
"E2","V2M2",15101,"40-80 cm",0,0,NA
"E2","V2M2",15101,"80-120 cm",0,0,NA
"E2","V2M2",15101,"120-160 cm",0,0,NA
"E2","V2M2",15101,"160-200 cm",0,0,NA
"E2","V2M2",15101,">200 cm",0,0,NA
"E2","V2M2",15102,"<40 cm",0,0,NA
"E2","V2M2",15102,"40-80 cm",0,0,NA
"E2","V2M2",15102,"80-120 cm",0,0,NA
"E2","V2M2",15102,"120-160 cm",0,0,NA
"E2","V2M2",15102,"160-200 cm",0,0,NA
"E2","V2M2",15102,">200 cm",0,0,NA
"E2","V2M2",15103,"<40 cm",0,0,NA
"E2","V2M2",15103,"40-80 cm",0,0,NA
"E2","V2M2",15103,"80-120 cm",0,0,NA
"E2","V2M2",15103,"120-160 cm",0,0,NA
"E2","V2M2",15103,"160-200 cm",0,0,NA
"E2","V2M2",15103,">200 cm",0,0,NA
"E2","V2M2",15104,"<40 cm",0,0,NA
"E2","V2M2",15104,"40-80 cm",0,0,NA
"E2","V2M2",15104,"80-120 cm",0,0,NA
"E2","V2M2",15104,"120-160 cm",0,0,NA
"E2","V2M2",15104,"160-200 cm",0,0,NA
"E2","V2M2",15104,">200 cm",0,0,NA
"E2","V2M2",15105,"<40 cm",0,0,NA
"E2","V2M2",15105,"40-80 cm",0,0,NA
"E2","V2M2",15105,"80-120 cm",0,0,NA
"E2","V2M2",15105,"120-160 cm",0,0,NA
"E2","V2M2",15105,"160-200 cm",0,0,NA
"E2","V2M2",15105,">200 cm",0,0,NA
"E2","V2M2",15106,"<40 cm",0,0,NA
"E2","V2M2",15106,"40-80 cm",0,0,NA
"E2","V2M2",15106,"80-120 cm",0,0,NA
"E2","V2M2",15106,"120-160 cm",0,0,NA
"E2","V2M2",15106,"160-200 cm",0,0,NA
"E2","V2M2",15106,">200 cm",0,0,NA
"E2","V2M2",15107,"<40 cm",0,0,NA
"E2","V2M2",15107,"40-80 cm",0,0,NA
"E2","V2M2",15107,"80-120 cm",0,0,NA
"E2","V2M2",15107,"120-160 cm",0,0,NA
"E2","V2M2",15107,"160-200 cm",0,0,NA
"E2","V2M2",15107,">200 cm",0,0,NA
"E2","V2M2",15108,"<40 cm",0,0,NA
"E2","V2M2",15108,"40-80 cm",0,0,NA
"E2","V2M2",15108,"80-120 cm",0,0,NA
"E2","V2M2",15108,"120-160 cm",0,0,NA
"E2","V2M2",15108,"160-200 cm",0,0,NA
"E2","V2M2",15108,">200 cm",0,0,NA
"E2","V2M2",15109,"<40 cm",0,0,NA
"E2","V2M2",15109,"40-80 cm",0,0,NA
"E2","V2M2",15109,"80-120 cm",0,0,NA
"E2","V2M2",15109,"120-160 cm",0,0,NA
"E2","V2M2",15109,"160-200 cm",0,0,NA
"E2","V2M2",15109,">200 cm",0,0,NA
"E2","V2M2",15110,"<40 cm",0,0,NA
"E2","V2M2",15110,"40-80 cm",0,0,NA
"E2","V2M2",15110,"80-120 cm",0,0,NA
"E2","V2M2",15110,"120-160 cm",0,0,NA
"E2","V2M2",15110,"160-200 cm",0,0,NA
"E2","V2M2",15110,">200 cm",0,0,NA
"E2","V2M2",16101,"<40 cm",0,0,NA
"E2","V2M2",16101,"40-80 cm",0,0,NA
"E2","V2M2",16101,"80-120 cm",0,0,NA
"E2","V2M2",16101,"120-160 cm",0,0,NA
"E2","V2M2",16101,"160-200 cm",0,0,NA
"E2","V2M2",16101,">200 cm",0,0,NA
"E2","V2M2",16102,"<40 cm",0,0,NA
"E2","V2M2",16102,"40-80 cm",0,0,NA
"E2","V2M2",16102,"80-120 cm",0,0,NA
"E2","V2M2",16102,"120-160 cm",0,0,NA
"E2","V2M2",16102,"160-200 cm",0,0,NA
"E2","V2M2",16102,">200 cm",0,0,NA
"E2","V2M2",16103,"<40 cm",0,0,NA
"E2","V2M2",16103,"40-80 cm",0,0,NA
"E2","V2M2",16103,"80-120 cm",0,0,NA
"E2","V2M2",16103,"120-160 cm",0,0,NA
"E2","V2M2",16103,"160-200 cm",0,0,NA
"E2","V2M2",16103,">200 cm",0,0,NA
"E2","V2M2",16104,"<40 cm",0,0,NA
"E2","V2M2",16104,"40-80 cm",0,0,NA
"E2","V2M2",16104,"80-120 cm",0,0,NA
"E2","V2M2",16104,"120-160 cm",0,0,NA
"E2","V2M2",16104,"160-200 cm",0,0,NA
"E2","V2M2",16104,">200 cm",0,0,NA
"E2","V2M2",16105,"<40 cm",0,0,NA
"E2","V2M2",16105,"40-80 cm",0,0,NA
"E2","V2M2",16105,"80-120 cm",0,0,NA
"E2","V2M2",16105,"120-160 cm",0,0,NA
"E2","V2M2",16105,"160-200 cm",0,0,NA
"E2","V2M2",16105,">200 cm",0,0,NA
"E2","V2M2",16106,"<40 cm",0,0,NA
"E2","V2M2",16106,"40-80 cm",0,0,NA
"E2","V2M2",16106,"80-120 cm",0,0,NA
"E2","V2M2",16106,"120-160 cm",0,0,NA
"E2","V2M2",16106,"160-200 cm",0,0,NA
"E2","V2M2",16106,">200 cm",0,0,NA
"E2","V2M2",16107,"<40 cm",0,0,NA
"E2","V2M2",16107,"40-80 cm",0,0,NA
"E2","V2M2",16107,"80-120 cm",0,0,NA
"E2","V2M2",16107,"120-160 cm",0,0,NA
"E2","V2M2",16107,"160-200 cm",0,0,NA
"E2","V2M2",16107,">200 cm",0,0,NA
"E2","V2M2",16108,"<40 cm",0,0,NA
"E2","V2M2",16108,"40-80 cm",0,0,NA
"E2","V2M2",16108,"80-120 cm",0,0,NA
"E2","V2M2",16108,"120-160 cm",0,0,NA
"E2","V2M2",16108,"160-200 cm",0,0,NA
"E2","V2M2",16108,">200 cm",0,0,NA
"E2","V2M2",16109,"<40 cm",0,0,NA
"E2","V2M2",16109,"40-80 cm",0,0,NA
"E2","V2M2",16109,"80-120 cm",0,0,NA
"E2","V2M2",16109,"120-160 cm",0,0,NA
"E2","V2M2",16109,"160-200 cm",0,0,NA
"E2","V2M2",16109,">200 cm",0,0,NA
"E2","V2M2",16110,"<40 cm",0,0,NA
"E2","V2M2",16110,"40-80 cm",0,0,NA
"E2","V2M2",16110,"80-120 cm",0,0,NA
"E2","V2M2",16110,"120-160 cm",0,0,NA
"E2","V2M2",16110,"160-200 cm",0,0,NA
"E2","V2M2",16110,">200 cm",0,0,NA
"E2","V2M2",17101,"<40 cm",0,0,NA
"E2","V2M2",17101,"40-80 cm",0,0,NA
"E2","V2M2",17101,"80-120 cm",0,0,NA
"E2","V2M2",17101,"120-160 cm",0,0,NA
"E2","V2M2",17101,"160-200 cm",0,0,NA
"E2","V2M2",17101,">200 cm",0,0,NA
"E2","V2M2",17102,"<40 cm",0,0,NA
"E2","V2M2",17102,"40-80 cm",0,0,NA
"E2","V2M2",17102,"80-120 cm",0,0,NA
"E2","V2M2",17102,"120-160 cm",0,0,NA
"E2","V2M2",17102,"160-200 cm",0,0,NA
"E2","V2M2",17102,">200 cm",0,0,NA
"E2","V2M2",17103,"<40 cm",0,0,NA
"E2","V2M2",17103,"40-80 cm",0,0,NA
"E2","V2M2",17103,"80-120 cm",0,0,NA
"E2","V2M2",17103,"120-160 cm",0,0,NA
"E2","V2M2",17103,"160-200 cm",0,0,NA
"E2","V2M2",17103,">200 cm",0,0,NA
"E2","V2M2",17104,"<40 cm",0,0,NA
"E2","V2M2",17104,"40-80 cm",0,0,NA
"E2","V2M2",17104,"80-120 cm",0,0,NA
"E2","V2M2",17104,"120-160 cm",0,0,NA
"E2","V2M2",17104,"160-200 cm",0,0,NA
"E2","V2M2",17104,">200 cm",0,0,NA
"E2","V2M2",17105,"<40 cm",0,0,NA
"E2","V2M2",17105,"40-80 cm",0,0,NA
"E2","V2M2",17105,"80-120 cm",0,0,NA
"E2","V2M2",17105,"120-160 cm",0,0,NA
"E2","V2M2",17105,"160-200 cm",0,0,NA
"E2","V2M2",17105,">200 cm",0,0,NA
"E2","V2M2",17106,"<40 cm",0,0,NA
"E2","V2M2",17106,"40-80 cm",0,0,NA
"E2","V2M2",17106,"80-120 cm",0,0,NA
"E2","V2M2",17106,"120-160 cm",0,0,NA
"E2","V2M2",17106,"160-200 cm",0,0,NA
"E2","V2M2",17106,">200 cm",0,0,NA
"E2","V2M2",17107,"<40 cm",0,0,NA
"E2","V2M2",17107,"40-80 cm",0,0,NA
"E2","V2M2",17107,"80-120 cm",0,0,NA
"E2","V2M2",17107,"120-160 cm",0,0,NA
"E2","V2M2",17107,"160-200 cm",0,0,NA
"E2","V2M2",17107,">200 cm",0,0,NA
"E2","V2M2",17108,"<40 cm",0,0,NA
"E2","V2M2",17108,"40-80 cm",0,0,NA
"E2","V2M2",17108,"80-120 cm",0,0,NA
"E2","V2M2",17108,"120-160 cm",0,0,NA
"E2","V2M2",17108,"160-200 cm",0,0,NA
"E2","V2M2",17108,">200 cm",0,0,NA
"E2","V2M2",17109,"<40 cm",0,0,NA
"E2","V2M2",17109,"40-80 cm",0,0,NA
"E2","V2M2",17109,"80-120 cm",0,0,NA
"E2","V2M2",17109,"120-160 cm",0,0,NA
"E2","V2M2",17109,"160-200 cm",0,0,NA
"E2","V2M2",17109,">200 cm",0,0,NA
"E2","V2M2",17110,"<40 cm",0,0,NA
"E2","V2M2",17110,"40-80 cm",0,0,NA
"E2","V2M2",17110,"80-120 cm",0,0,NA
"E2","V2M2",17110,"120-160 cm",0,0,NA
"E2","V2M2",17110,"160-200 cm",0,0,NA
"E2","V2M2",17110,">200 cm",0,0,NA
"E2","V2M2",18101,"<40 cm",0,0,NA
"E2","V2M2",18101,"40-80 cm",0,0,NA
"E2","V2M2",18101,"80-120 cm",0,0,NA
"E2","V2M2",18101,"120-160 cm",0,0,NA
"E2","V2M2",18101,"160-200 cm",0,0,NA
"E2","V2M2",18101,">200 cm",0,0,NA
"E2","V2M2",18102,"<40 cm",0,0,NA
"E2","V2M2",18102,"40-80 cm",0,0,NA
"E2","V2M2",18102,"80-120 cm",0,0,NA
"E2","V2M2",18102,"120-160 cm",0,0,NA
"E2","V2M2",18102,"160-200 cm",0,0,NA
"E2","V2M2",18102,">200 cm",0,0,NA
"E2","V2M2",18103,"<40 cm",0,0,NA
"E2","V2M2",18103,"40-80 cm",0,0,NA
"E2","V2M2",18103,"80-120 cm",0,0,NA
"E2","V2M2",18103,"120-160 cm",0,0,NA
"E2","V2M2",18103,"160-200 cm",0,0,NA
"E2","V2M2",18103,">200 cm",0,0,NA
"E2","V2M2",18104,"<40 cm",0,0,NA
"E2","V2M2",18104,"40-80 cm",0,0,NA
"E2","V2M2",18104,"80-120 cm",0,0,NA
"E2","V2M2",18104,"120-160 cm",0,0,NA
"E2","V2M2",18104,"160-200 cm",0,0,NA
"E2","V2M2",18104,">200 cm",0,0,NA
"E2","V2M2",18105,"<40 cm",0,0,NA
"E2","V2M2",18105,"40-80 cm",0,0,NA
"E2","V2M2",18105,"80-120 cm",0,0,NA
"E2","V2M2",18105,"120-160 cm",0,0,NA
"E2","V2M2",18105,"160-200 cm",0,0,NA
"E2","V2M2",18105,">200 cm",0,0,NA
"E2","V2M2",18106,"<40 cm",0,0,NA
"E2","V2M2",18106,"40-80 cm",0,0,NA
"E2","V2M2",18106,"80-120 cm",0,0,NA
"E2","V2M2",18106,"120-160 cm",0,0,NA
"E2","V2M2",18106,"160-200 cm",0,0,NA
"E2","V2M2",18106,">200 cm",0,0,NA
"E2","V2M2",18107,"<40 cm",0,0,NA
"E2","V2M2",18107,"40-80 cm",0,0,NA
"E2","V2M2",18107,"80-120 cm",0,0,NA
"E2","V2M2",18107,"120-160 cm",0,0,NA
"E2","V2M2",18107,"160-200 cm",0,0,NA
"E2","V2M2",18107,">200 cm",0,0,NA
"E2","V2M2",18108,"<40 cm",0,0,NA
"E2","V2M2",18108,"40-80 cm",0,0,NA
"E2","V2M2",18108,"80-120 cm",0,0,NA
"E2","V2M2",18108,"120-160 cm",0,0,NA
"E2","V2M2",18108,"160-200 cm",0,0,NA
"E2","V2M2",18108,">200 cm",0,0,NA
"E2","V2M2",18109,"<40 cm",0,0,NA
"E2","V2M2",18109,"40-80 cm",0,0,NA
"E2","V2M2",18109,"80-120 cm",0,0,NA
"E2","V2M2",18109,"120-160 cm",0,0,NA
"E2","V2M2",18109,"160-200 cm",0,0,NA
"E2","V2M2",18109,">200 cm",0,0,NA
"E2","V2M2",18110,"<40 cm",0,0,NA
"E2","V2M2",18110,"40-80 cm",0,0,NA
"E2","V2M2",18110,"80-120 cm",0,0,NA
"E2","V2M2",18110,"120-160 cm",0,0,NA
"E2","V2M2",18110,"160-200 cm",0,0,NA
"E2","V2M2",18110,">200 cm",0,0,NA
"E2","V2M2",19101,"<40 cm",0,0,NA
"E2","V2M2",19101,"40-80 cm",0,0,NA
"E2","V2M2",19101,"80-120 cm",0,0,NA
"E2","V2M2",19101,"120-160 cm",0,0,NA
"E2","V2M2",19101,"160-200 cm",0,0,NA
"E2","V2M2",19101,">200 cm",0,0,NA
"E2","V2M2",19102,"<40 cm",0,0,NA
"E2","V2M2",19102,"40-80 cm",0,0,NA
"E2","V2M2",19102,"80-120 cm",0,0,NA
"E2","V2M2",19102,"120-160 cm",0,0,NA
"E2","V2M2",19102,"160-200 cm",0,0,NA
"E2","V2M2",19102,">200 cm",0,0,NA
"E2","V2M2",19103,"<40 cm",0,0,NA
"E2","V2M2",19103,"40-80 cm",0,0,NA
"E2","V2M2",19103,"80-120 cm",0,0,NA
"E2","V2M2",19103,"120-160 cm",0,0,NA
"E2","V2M2",19103,"160-200 cm",0,0,NA
"E2","V2M2",19103,">200 cm",0,0,NA
"E2","V2M2",19104,"<40 cm",0,0,NA
"E2","V2M2",19104,"40-80 cm",0,0,NA
"E2","V2M2",19104,"80-120 cm",0,0,NA
"E2","V2M2",19104,"120-160 cm",0,0,NA
"E2","V2M2",19104,"160-200 cm",0,0,NA
"E2","V2M2",19104,">200 cm",0,0,NA
"E2","V2M2",19105,"<40 cm",0,0,NA
"E2","V2M2",19105,"40-80 cm",0,0,NA
"E2","V2M2",19105,"80-120 cm",0,0,NA
"E2","V2M2",19105,"120-160 cm",0,0,NA
"E2","V2M2",19105,"160-200 cm",0,0,NA
"E2","V2M2",19105,">200 cm",0,0,NA
"E2","V2M2",19106,"<40 cm",0,0,NA
"E2","V2M2",19106,"40-80 cm",0,0,NA
"E2","V2M2",19106,"80-120 cm",0,0,NA
"E2","V2M2",19106,"120-160 cm",0,0,NA
"E2","V2M2",19106,"160-200 cm",0,0,NA
"E2","V2M2",19106,">200 cm",0,0,NA
"E2","V2M2",19107,"<40 cm",0,0,NA
"E2","V2M2",19107,"40-80 cm",0,0,NA
"E2","V2M2",19107,"80-120 cm",0,0,NA
"E2","V2M2",19107,"120-160 cm",0,0,NA
"E2","V2M2",19107,"160-200 cm",0,0,NA
"E2","V2M2",19107,">200 cm",0,0,NA
"E2","V2M2",19108,"<40 cm",0,0,NA
"E2","V2M2",19108,"40-80 cm",0,0,NA
"E2","V2M2",19108,"80-120 cm",0,0,NA
"E2","V2M2",19108,"120-160 cm",0,0,NA
"E2","V2M2",19108,"160-200 cm",0,0,NA
"E2","V2M2",19108,">200 cm",0,0,NA
"E2","V2M2",19109,"<40 cm",0,0,NA
"E2","V2M2",19109,"40-80 cm",0,0,NA
"E2","V2M2",19109,"80-120 cm",0,0,NA
"E2","V2M2",19109,"120-160 cm",0,0,NA
"E2","V2M2",19109,"160-200 cm",0,0,NA
"E2","V2M2",19109,">200 cm",0,0,NA
"E2","V2M2",19110,"<40 cm",0,0,NA
"E2","V2M2",19110,"40-80 cm",0,0,NA
"E2","V2M2",19110,"80-120 cm",0,0,NA
"E2","V2M2",19110,"120-160 cm",0,0,NA
"E2","V2M2",19110,"160-200 cm",0,0,NA
"E2","V2M2",19110,">200 cm",0,0,NA
"E2","V2M2",20101,"<40 cm",0,0,NA
"E2","V2M2",20101,"40-80 cm",0,0,NA
"E2","V2M2",20101,"80-120 cm",0,0,NA
"E2","V2M2",20101,"120-160 cm",0,0,NA
"E2","V2M2",20101,"160-200 cm",0,0,NA
"E2","V2M2",20101,">200 cm",0,0,NA
"E2","V2M2",20102,"<40 cm",0,0,NA
"E2","V2M2",20102,"40-80 cm",0,0,NA
"E2","V2M2",20102,"80-120 cm",0,0,NA
"E2","V2M2",20102,"120-160 cm",0,0,NA
"E2","V2M2",20102,"160-200 cm",0,0,NA
"E2","V2M2",20102,">200 cm",0,0,NA
"E2","V2M2",20103,"<40 cm",0,0,NA
"E2","V2M2",20103,"40-80 cm",0,0,NA
"E2","V2M2",20103,"80-120 cm",0,0,NA
"E2","V2M2",20103,"120-160 cm",0,0,NA
"E2","V2M2",20103,"160-200 cm",0,0,NA
"E2","V2M2",20103,">200 cm",0,0,NA
"E2","V2M2",20104,"<40 cm",0,0,NA
"E2","V2M2",20104,"40-80 cm",0,0,NA
"E2","V2M2",20104,"80-120 cm",0,0,NA
"E2","V2M2",20104,"120-160 cm",0,0,NA
"E2","V2M2",20104,"160-200 cm",0,0,NA
"E2","V2M2",20104,">200 cm",0,0,NA
"E2","V2M2",20105,"<40 cm",0,0,NA
"E2","V2M2",20105,"40-80 cm",0,0,NA
"E2","V2M2",20105,"80-120 cm",0,0,NA
"E2","V2M2",20105,"120-160 cm",0,0,NA
"E2","V2M2",20105,"160-200 cm",0,0,NA
"E2","V2M2",20105,">200 cm",0,0,NA
"E2","V2M2",20106,"<40 cm",0,0,NA
"E2","V2M2",20106,"40-80 cm",0,0,NA
"E2","V2M2",20106,"80-120 cm",0,0,NA
"E2","V2M2",20106,"120-160 cm",0,0,NA
"E2","V2M2",20106,"160-200 cm",0,0,NA
"E2","V2M2",20106,">200 cm",0,0,NA
"E2","V2M2",20107,"<40 cm",0,0,NA
"E2","V2M2",20107,"40-80 cm",0,0,NA
"E2","V2M2",20107,"80-120 cm",0,0,NA
"E2","V2M2",20107,"120-160 cm",0,0,NA
"E2","V2M2",20107,"160-200 cm",0,0,NA
"E2","V2M2",20107,">200 cm",0,0,NA
"E2","V2M2",20108,"<40 cm",0,0,NA
"E2","V2M2",20108,"40-80 cm",0,0,NA
"E2","V2M2",20108,"80-120 cm",0,0,NA
"E2","V2M2",20108,"120-160 cm",0,0,NA
"E2","V2M2",20108,"160-200 cm",0,0,NA
"E2","V2M2",20108,">200 cm",0,0,NA
"E2","V2M2",20109,"<40 cm",0,0,NA
"E2","V2M2",20109,"40-80 cm",0,0,NA
"E2","V2M2",20109,"80-120 cm",0,0,NA
"E2","V2M2",20109,"120-160 cm",0,0,NA
"E2","V2M2",20109,"160-200 cm",0,0,NA
"E2","V2M2",20109,">200 cm",0,0,NA
"E2","V2M2",20110,"<40 cm",0,0,NA
"E2","V2M2",20110,"40-80 cm",0,0,NA
"E2","V2M2",20110,"80-120 cm",0,0,NA
"E2","V2M2",20110,"120-160 cm",0,0,NA
"E2","V2M2",20110,"160-200 cm",0,0,NA
"E2","V2M2",20110,">200 cm",0,0,NA
"E2","V2M2",21101,"<40 cm",0,0,NA
"E2","V2M2",21101,"40-80 cm",0,0,NA
"E2","V2M2",21101,"80-120 cm",0,0,NA
"E2","V2M2",21101,"120-160 cm",0,0,NA
"E2","V2M2",21101,"160-200 cm",0,0,NA
"E2","V2M2",21101,">200 cm",0,0,NA
"E2","V2M2",21102,"<40 cm",0,0,NA
"E2","V2M2",21102,"40-80 cm",0,0,NA
"E2","V2M2",21102,"80-120 cm",0,0,NA
"E2","V2M2",21102,"120-160 cm",0,0,NA
"E2","V2M2",21102,"160-200 cm",0,0,NA
"E2","V2M2",21102,">200 cm",0,0,NA
"E2","V2M2",21103,"<40 cm",0,0,NA
"E2","V2M2",21103,"40-80 cm",0,0,NA
"E2","V2M2",21103,"80-120 cm",0,0,NA
"E2","V2M2",21103,"120-160 cm",0,0,NA
"E2","V2M2",21103,"160-200 cm",0,0,NA
"E2","V2M2",21103,">200 cm",0,0,NA
"E2","V2M2",21104,"<40 cm",0,0,NA
"E2","V2M2",21104,"40-80 cm",0,0,NA
"E2","V2M2",21104,"80-120 cm",0,0,NA
"E2","V2M2",21104,"120-160 cm",0,0,NA
"E2","V2M2",21104,"160-200 cm",0,0,NA
"E2","V2M2",21104,">200 cm",0,0,NA
"E2","V2M2",21105,"<40 cm",0,0,NA
"E2","V2M2",21105,"40-80 cm",0,0,NA
"E2","V2M2",21105,"80-120 cm",0,0,NA
"E2","V2M2",21105,"120-160 cm",0,0,NA
"E2","V2M2",21105,"160-200 cm",0,0,NA
"E2","V2M2",21105,">200 cm",0,0,NA
"E2","V2M2",21106,"<40 cm",0,0,NA
"E2","V2M2",21106,"40-80 cm",0,0,NA
"E2","V2M2",21106,"80-120 cm",0,0,NA
"E2","V2M2",21106,"120-160 cm",0,0,NA
"E2","V2M2",21106,"160-200 cm",0,0,NA
"E2","V2M2",21106,">200 cm",0,0,NA
"E2","V2M2",21107,"<40 cm",0,0,NA
"E2","V2M2",21107,"40-80 cm",0,0,NA
"E2","V2M2",21107,"80-120 cm",0,0,NA
"E2","V2M2",21107,"120-160 cm",0,0,NA
"E2","V2M2",21107,"160-200 cm",0,0,NA
"E2","V2M2",21107,">200 cm",0,0,NA
"E2","V2M2",21108,"<40 cm",0,0,NA
"E2","V2M2",21108,"40-80 cm",0,0,NA
"E2","V2M2",21108,"80-120 cm",0,0,NA
"E2","V2M2",21108,"120-160 cm",0,0,NA
"E2","V2M2",21108,"160-200 cm",0,0,NA
"E2","V2M2",21108,">200 cm",0,0,NA
"E2","V2M2",21109,"<40 cm",0,0,NA
"E2","V2M2",21109,"40-80 cm",0,0,NA
"E2","V2M2",21109,"80-120 cm",0,0,NA
"E2","V2M2",21109,"120-160 cm",0,0,NA
"E2","V2M2",21109,"160-200 cm",0,0,NA
"E2","V2M2",21109,">200 cm",0,0,NA
"E2","V2M2",21110,"<40 cm",0,0,NA
"E2","V2M2",21110,"40-80 cm",0,0,NA
"E2","V2M2",21110,"80-120 cm",0,0,NA
"E2","V2M2",21110,"120-160 cm",0,0,NA
"E2","V2M2",21110,"160-200 cm",0,0,NA
"E2","V2M2",21110,">200 cm",0,0,NA
"E2","V2M2",22101,"<40 cm",0,0,NA
"E2","V2M2",22101,"40-80 cm",0,0,NA
"E2","V2M2",22101,"80-120 cm",0,0,NA
"E2","V2M2",22101,"120-160 cm",0,0,NA
"E2","V2M2",22101,"160-200 cm",0,0,NA
"E2","V2M2",22101,">200 cm",0,0,NA
"E2","V2M2",22102,"<40 cm",0,0,NA
"E2","V2M2",22102,"40-80 cm",0,0,NA
"E2","V2M2",22102,"80-120 cm",0,0,NA
"E2","V2M2",22102,"120-160 cm",0,0,NA
"E2","V2M2",22102,"160-200 cm",0,0,NA
"E2","V2M2",22102,">200 cm",0,0,NA
"E2","V2M2",22103,"<40 cm",0,0,NA
"E2","V2M2",22103,"40-80 cm",0,0,NA
"E2","V2M2",22103,"80-120 cm",0,0,NA
"E2","V2M2",22103,"120-160 cm",0,0,NA
"E2","V2M2",22103,"160-200 cm",0,0,NA
"E2","V2M2",22103,">200 cm",0,0,NA
"E2","V2M2",22104,"<40 cm",0,0,NA
"E2","V2M2",22104,"40-80 cm",0,0,NA
"E2","V2M2",22104,"80-120 cm",0,0,NA
"E2","V2M2",22104,"120-160 cm",0,0,NA
"E2","V2M2",22104,"160-200 cm",0,0,NA
"E2","V2M2",22104,">200 cm",0,0,NA
"E2","V2M2",22105,"<40 cm",0,0,NA
"E2","V2M2",22105,"40-80 cm",0,0,NA
"E2","V2M2",22105,"80-120 cm",0,0,NA
"E2","V2M2",22105,"120-160 cm",0,0,NA
"E2","V2M2",22105,"160-200 cm",0,0,NA
"E2","V2M2",22105,">200 cm",0,0,NA
"E2","V2M2",22106,"<40 cm",0,0,NA
"E2","V2M2",22106,"40-80 cm",0,0,NA
"E2","V2M2",22106,"80-120 cm",0,0,NA
"E2","V2M2",22106,"120-160 cm",0,0,NA
"E2","V2M2",22106,"160-200 cm",0,0,NA
"E2","V2M2",22106,">200 cm",0,0,NA
"E2","V2M2",22107,"<40 cm",0,0,NA
"E2","V2M2",22107,"40-80 cm",0,0,NA
"E2","V2M2",22107,"80-120 cm",0,0,NA
"E2","V2M2",22107,"120-160 cm",0,0,NA
"E2","V2M2",22107,"160-200 cm",0,0,NA
"E2","V2M2",22107,">200 cm",0,0,NA
"E2","V2M2",22108,"<40 cm",0,0,NA
"E2","V2M2",22108,"40-80 cm",0,0,NA
"E2","V2M2",22108,"80-120 cm",0,0,NA
"E2","V2M2",22108,"120-160 cm",0,0,NA
"E2","V2M2",22108,"160-200 cm",0,0,NA
"E2","V2M2",22108,">200 cm",0,0,NA
"E2","V2M2",22109,"<40 cm",0,0,NA
"E2","V2M2",22109,"40-80 cm",0,0,NA
"E2","V2M2",22109,"80-120 cm",0,0,NA
"E2","V2M2",22109,"120-160 cm",0,0,NA
"E2","V2M2",22109,"160-200 cm",0,0,NA
"E2","V2M2",22109,">200 cm",0,0,NA
"E2","V2M2",22110,"<40 cm",0,0,NA
"E2","V2M2",22110,"40-80 cm",0,0,NA
"E2","V2M2",22110,"80-120 cm",0,0,NA
"E2","V2M2",22110,"120-160 cm",0,0,NA
"E2","V2M2",22110,"160-200 cm",0,0,NA
"E2","V2M2",22110,">200 cm",0,0,NA
"E2","V2M2",23101,"<40 cm",0,0,NA
"E2","V2M2",23101,"40-80 cm",0,0,NA
"E2","V2M2",23101,"80-120 cm",0,0,NA
"E2","V2M2",23101,"120-160 cm",0,0,NA
"E2","V2M2",23101,"160-200 cm",0,0,NA
"E2","V2M2",23101,">200 cm",0,0,NA
"E2","V2M2",23102,"<40 cm",0,0,NA
"E2","V2M2",23102,"40-80 cm",0,0,NA
"E2","V2M2",23102,"80-120 cm",0,0,NA
"E2","V2M2",23102,"120-160 cm",0,0,NA
"E2","V2M2",23102,"160-200 cm",0,0,NA
"E2","V2M2",23102,">200 cm",0,0,NA
"E2","V2M2",23103,"<40 cm",0,0,NA
"E2","V2M2",23103,"40-80 cm",0,0,NA
"E2","V2M2",23103,"80-120 cm",0,0,NA
"E2","V2M2",23103,"120-160 cm",0,0,NA
"E2","V2M2",23103,"160-200 cm",0,0,NA
"E2","V2M2",23103,">200 cm",0,0,NA
"E2","V2M2",23104,"<40 cm",0,0,NA
"E2","V2M2",23104,"40-80 cm",0,0,NA
"E2","V2M2",23104,"80-120 cm",0,0,NA
"E2","V2M2",23104,"120-160 cm",0,0,NA
"E2","V2M2",23104,"160-200 cm",0,0,NA
"E2","V2M2",23104,">200 cm",0,0,NA
"E2","V2M2",23105,"<40 cm",0,0,NA
"E2","V2M2",23105,"40-80 cm",0,0,NA
"E2","V2M2",23105,"80-120 cm",0,0,NA
"E2","V2M2",23105,"120-160 cm",0,0,NA
"E2","V2M2",23105,"160-200 cm",0,0,NA
"E2","V2M2",23105,">200 cm",0,0,NA
"E2","V2M2",23106,"<40 cm",0,0,NA
"E2","V2M2",23106,"40-80 cm",0,0,NA
"E2","V2M2",23106,"80-120 cm",0,0,NA
"E2","V2M2",23106,"120-160 cm",0,0,NA
"E2","V2M2",23106,"160-200 cm",0,0,NA
"E2","V2M2",23106,">200 cm",0,0,NA
"E2","V2M2",23107,"<40 cm",0,0,NA
"E2","V2M2",23107,"40-80 cm",0,0,NA
"E2","V2M2",23107,"80-120 cm",0,0,NA
"E2","V2M2",23107,"120-160 cm",0,0,NA
"E2","V2M2",23107,"160-200 cm",0,0,NA
"E2","V2M2",23107,">200 cm",0,0,NA
"E2","V2M2",23108,"<40 cm",0,0,NA
"E2","V2M2",23108,"40-80 cm",0,0,NA
"E2","V2M2",23108,"80-120 cm",0,0,NA
"E2","V2M2",23108,"120-160 cm",0,0,NA
"E2","V2M2",23108,"160-200 cm",0,0,NA
"E2","V2M2",23108,">200 cm",0,0,NA
"E2","V2M2",23109,"<40 cm",0,0,NA
"E2","V2M2",23109,"40-80 cm",0,0,NA
"E2","V2M2",23109,"80-120 cm",0,0,NA
"E2","V2M2",23109,"120-160 cm",0,0,NA
"E2","V2M2",23109,"160-200 cm",0,0,NA
"E2","V2M2",23109,">200 cm",0,0,NA
"E2","V2M2",23110,"<40 cm",0,0,NA
"E2","V2M2",23110,"40-80 cm",0,0,NA
"E2","V2M2",23110,"80-120 cm",0,0,NA
"E2","V2M2",23110,"120-160 cm",0,0,NA
"E2","V2M2",23110,"160-200 cm",0,0,NA
"E2","V2M2",23110,">200 cm",0,0,NA
"E2","V2M2",24101,"<40 cm",0,0,NA
"E2","V2M2",24101,"40-80 cm",0,0,NA
"E2","V2M2",24101,"80-120 cm",0,0,NA
"E2","V2M2",24101,"120-160 cm",0,0,NA
"E2","V2M2",24101,"160-200 cm",0,0,NA
"E2","V2M2",24101,">200 cm",0,0,NA
"E2","V2M2",24102,"<40 cm",0,0,NA
"E2","V2M2",24102,"40-80 cm",0,0,NA
"E2","V2M2",24102,"80-120 cm",0,0,NA
"E2","V2M2",24102,"120-160 cm",0,0,NA
"E2","V2M2",24102,"160-200 cm",0,0,NA
"E2","V2M2",24102,">200 cm",0,0,NA
"E2","V2M2",24103,"<40 cm",0,0,NA
"E2","V2M2",24103,"40-80 cm",0,0,NA
"E2","V2M2",24103,"80-120 cm",0,0,NA
"E2","V2M2",24103,"120-160 cm",0,0,NA
"E2","V2M2",24103,"160-200 cm",0,0,NA
"E2","V2M2",24103,">200 cm",0,0,NA
"E2","V2M2",24104,"<40 cm",0,0,NA
"E2","V2M2",24104,"40-80 cm",0,0,NA
"E2","V2M2",24104,"80-120 cm",0,0,NA
"E2","V2M2",24104,"120-160 cm",0,0,NA
"E2","V2M2",24104,"160-200 cm",0,0,NA
"E2","V2M2",24104,">200 cm",0,0,NA
"E2","V2M2",24105,"<40 cm",0,0,NA
"E2","V2M2",24105,"40-80 cm",0,0,NA
"E2","V2M2",24105,"80-120 cm",0,0,NA
"E2","V2M2",24105,"120-160 cm",0,0,NA
"E2","V2M2",24105,"160-200 cm",0,0,NA
"E2","V2M2",24105,">200 cm",0,0,NA
"E2","V2M2",24106,"<40 cm",0,0,NA
"E2","V2M2",24106,"40-80 cm",0,0,NA
"E2","V2M2",24106,"80-120 cm",0,0,NA
"E2","V2M2",24106,"120-160 cm",0,0,NA
"E2","V2M2",24106,"160-200 cm",0,0,NA
"E2","V2M2",24106,">200 cm",0,0,NA
"E2","V2M2",24107,"<40 cm",0,0,NA
"E2","V2M2",24107,"40-80 cm",0,0,NA
"E2","V2M2",24107,"80-120 cm",0,0,NA
"E2","V2M2",24107,"120-160 cm",0,0,NA
"E2","V2M2",24107,"160-200 cm",0,0,NA
"E2","V2M2",24107,">200 cm",0,0,NA
"E2","V2M2",24108,"<40 cm",0,0,NA
"E2","V2M2",24108,"40-80 cm",0,0,NA
"E2","V2M2",24108,"80-120 cm",0,0,NA
"E2","V2M2",24108,"120-160 cm",0,0,NA
"E2","V2M2",24108,"160-200 cm",0,0,NA
"E2","V2M2",24108,">200 cm",0,0,NA
"E2","V2M2",24109,"<40 cm",0,0,NA
"E2","V2M2",24109,"40-80 cm",0,0,NA
"E2","V2M2",24109,"80-120 cm",0,0,NA
"E2","V2M2",24109,"120-160 cm",0,0,NA
"E2","V2M2",24109,"160-200 cm",0,0,NA
"E2","V2M2",24109,">200 cm",0,0,NA
"E2","V2M2",24110,"<40 cm",0,0,NA
"E2","V2M2",24110,"40-80 cm",0,0,NA
"E2","V2M2",24110,"80-120 cm",0,0,NA
"E2","V2M2",24110,"120-160 cm",0,0,NA
"E2","V2M2",24110,"160-200 cm",0,0,NA
"E2","V2M2",24110,">200 cm",0,0,NA
"E2","V2M2",25101,"<40 cm",0,0,NA
"E2","V2M2",25101,"40-80 cm",0,0,NA
"E2","V2M2",25101,"80-120 cm",0,0,NA
"E2","V2M2",25101,"120-160 cm",0,0,NA
"E2","V2M2",25101,"160-200 cm",0,0,NA
"E2","V2M2",25101,">200 cm",0,0,NA
"E2","V2M2",25102,"<40 cm",0,0,NA
"E2","V2M2",25102,"40-80 cm",0,0,NA
"E2","V2M2",25102,"80-120 cm",0,0,NA
"E2","V2M2",25102,"120-160 cm",0,0,NA
"E2","V2M2",25102,"160-200 cm",0,0,NA
"E2","V2M2",25102,">200 cm",0,0,NA
"E2","V2M2",25103,"<40 cm",0,0,NA
"E2","V2M2",25103,"40-80 cm",0,0,NA
"E2","V2M2",25103,"80-120 cm",0,0,NA
"E2","V2M2",25103,"120-160 cm",0,0,NA
"E2","V2M2",25103,"160-200 cm",0,0,NA
"E2","V2M2",25103,">200 cm",0,0,NA
"E2","V2M2",25104,"<40 cm",0,0,NA
"E2","V2M2",25104,"40-80 cm",0,0,NA
"E2","V2M2",25104,"80-120 cm",0,0,NA
"E2","V2M2",25104,"120-160 cm",0,0,NA
"E2","V2M2",25104,"160-200 cm",0,0,NA
"E2","V2M2",25104,">200 cm",0,0,NA
"E2","V2M2",25105,"<40 cm",0,0,NA
"E2","V2M2",25105,"40-80 cm",0,0,NA
"E2","V2M2",25105,"80-120 cm",0,0,NA
"E2","V2M2",25105,"120-160 cm",0,0,NA
"E2","V2M2",25105,"160-200 cm",0,0,NA
"E2","V2M2",25105,">200 cm",0,0,NA
"E2","V2M2",25106,"<40 cm",0,0,NA
"E2","V2M2",25106,"40-80 cm",0,0,NA
"E2","V2M2",25106,"80-120 cm",0,0,NA
"E2","V2M2",25106,"120-160 cm",0,0,NA
"E2","V2M2",25106,"160-200 cm",0,0,NA
"E2","V2M2",25106,">200 cm",0,0,NA
"E2","V2M2",25107,"<40 cm",0,0,NA
"E2","V2M2",25107,"40-80 cm",0,0,NA
"E2","V2M2",25107,"80-120 cm",0,0,NA
"E2","V2M2",25107,"120-160 cm",0,0,NA
"E2","V2M2",25107,"160-200 cm",0,0,NA
"E2","V2M2",25107,">200 cm",0,0,NA
"E2","V2M2",25108,"<40 cm",0,0,NA
"E2","V2M2",25108,"40-80 cm",0,0,NA
"E2","V2M2",25108,"80-120 cm",0,0,NA
"E2","V2M2",25108,"120-160 cm",0,0,NA
"E2","V2M2",25108,"160-200 cm",0,0,NA
"E2","V2M2",25108,">200 cm",0,0,NA
"E2","V2M2",25109,"<40 cm",0,0,NA
"E2","V2M2",25109,"40-80 cm",0,0,NA
"E2","V2M2",25109,"80-120 cm",0,0,NA
"E2","V2M2",25109,"120-160 cm",0,0,NA
"E2","V2M2",25109,"160-200 cm",0,0,NA
"E2","V2M2",25109,">200 cm",0,0,NA
"E2","V2M2",25110,"<40 cm",0,0,NA
"E2","V2M2",25110,"40-80 cm",0,0,NA
"E2","V2M2",25110,"80-120 cm",0,0,NA
"E2","V2M2",25110,"120-160 cm",0,0,NA
"E2","V2M2",25110,"160-200 cm",0,0,NA
"E2","V2M2",25110,">200 cm",0,0,NA
"E2","V2M2",26101,"<40 cm",0,0,NA
"E2","V2M2",26101,"40-80 cm",0,0,NA
"E2","V2M2",26101,"80-120 cm",0,0,NA
"E2","V2M2",26101,"120-160 cm",0,0,NA
"E2","V2M2",26101,"160-200 cm",0,0,NA
"E2","V2M2",26101,">200 cm",0,0,NA
"E2","V2M2",26102,"<40 cm",0,0,NA
"E2","V2M2",26102,"40-80 cm",0,0,NA
"E2","V2M2",26102,"80-120 cm",0,0,NA
"E2","V2M2",26102,"120-160 cm",0,0,NA
"E2","V2M2",26102,"160-200 cm",0,0,NA
"E2","V2M2",26102,">200 cm",0,0,NA
"E2","V2M2",26103,"<40 cm",0,0,NA
"E2","V2M2",26103,"40-80 cm",0,0,NA
"E2","V2M2",26103,"80-120 cm",0,0,NA
"E2","V2M2",26103,"120-160 cm",0,0,NA
"E2","V2M2",26103,"160-200 cm",0,0,NA
"E2","V2M2",26103,">200 cm",0,0,NA
"E2","V2M2",26104,"<40 cm",0,0,NA
"E2","V2M2",26104,"40-80 cm",0,0,NA
"E2","V2M2",26104,"80-120 cm",0,0,NA
"E2","V2M2",26104,"120-160 cm",0,0,NA
"E2","V2M2",26104,"160-200 cm",0,0,NA
"E2","V2M2",26104,">200 cm",0,0,NA
"E2","V2M2",26105,"<40 cm",0,0,NA
"E2","V2M2",26105,"40-80 cm",0,0,NA
"E2","V2M2",26105,"80-120 cm",0,0,NA
"E2","V2M2",26105,"120-160 cm",0,0,NA
"E2","V2M2",26105,"160-200 cm",0,0,NA
"E2","V2M2",26105,">200 cm",0,0,NA
"E2","V2M2",26106,"<40 cm",0,0,NA
"E2","V2M2",26106,"40-80 cm",0,0,NA
"E2","V2M2",26106,"80-120 cm",0,0,NA
"E2","V2M2",26106,"120-160 cm",0,0,NA
"E2","V2M2",26106,"160-200 cm",0,0,NA
"E2","V2M2",26106,">200 cm",0,0,NA
"E2","V2M2",26107,"<40 cm",0,0,NA
"E2","V2M2",26107,"40-80 cm",0,0,NA
"E2","V2M2",26107,"80-120 cm",0,0,NA
"E2","V2M2",26107,"120-160 cm",0,0,NA
"E2","V2M2",26107,"160-200 cm",0,0,NA
"E2","V2M2",26107,">200 cm",0,0,NA
"E2","V2M2",26108,"<40 cm",0,0,NA
"E2","V2M2",26108,"40-80 cm",0,0,NA
"E2","V2M2",26108,"80-120 cm",0,0,NA
"E2","V2M2",26108,"120-160 cm",0,0,NA
"E2","V2M2",26108,"160-200 cm",0,0,NA
"E2","V2M2",26108,">200 cm",0,0,NA
"E2","V2M2",26109,"<40 cm",0,0,NA
"E2","V2M2",26109,"40-80 cm",0,0,NA
"E2","V2M2",26109,"80-120 cm",0,0,NA
"E2","V2M2",26109,"120-160 cm",0,0,NA
"E2","V2M2",26109,"160-200 cm",0,0,NA
"E2","V2M2",26109,">200 cm",0,0,NA
"E2","V2M2",26110,"<40 cm",0,0,NA
"E2","V2M2",26110,"40-80 cm",0,0,NA
"E2","V2M2",26110,"80-120 cm",0,0,NA
"E2","V2M2",26110,"120-160 cm",0,0,NA
"E2","V2M2",26110,"160-200 cm",0,0,NA
"E2","V2M2",26110,">200 cm",0,0,NA
"E2","V2M2",27101,"<40 cm",0,0,NA
"E2","V2M2",27101,"40-80 cm",0,0,NA
"E2","V2M2",27101,"80-120 cm",0,0,NA
"E2","V2M2",27101,"120-160 cm",0,0,NA
"E2","V2M2",27101,"160-200 cm",0,0,NA
"E2","V2M2",27101,">200 cm",0,0,NA
"E2","V2M2",27102,"<40 cm",0,0,NA
"E2","V2M2",27102,"40-80 cm",0,0,NA
"E2","V2M2",27102,"80-120 cm",0,0,NA
"E2","V2M2",27102,"120-160 cm",0,0,NA
"E2","V2M2",27102,"160-200 cm",0,0,NA
"E2","V2M2",27102,">200 cm",0,0,NA
"E2","V2M2",27103,"<40 cm",0,0,NA
"E2","V2M2",27103,"40-80 cm",0,0,NA
"E2","V2M2",27103,"80-120 cm",0,0,NA
"E2","V2M2",27103,"120-160 cm",0,0,NA
"E2","V2M2",27103,"160-200 cm",0,0,NA
"E2","V2M2",27103,">200 cm",0,0,NA
"E2","V2M2",27104,"<40 cm",0,0,NA
"E2","V2M2",27104,"40-80 cm",0,0,NA
"E2","V2M2",27104,"80-120 cm",0,0,NA
"E2","V2M2",27104,"120-160 cm",0,0,NA
"E2","V2M2",27104,"160-200 cm",0,0,NA
"E2","V2M2",27104,">200 cm",0,0,NA
"E2","V2M2",27105,"<40 cm",0,0,NA
"E2","V2M2",27105,"40-80 cm",0,0,NA
"E2","V2M2",27105,"80-120 cm",0,0,NA
"E2","V2M2",27105,"120-160 cm",0,0,NA
"E2","V2M2",27105,"160-200 cm",0,0,NA
"E2","V2M2",27105,">200 cm",0,0,NA
"E2","V2M2",27106,"<40 cm",0,0,NA
"E2","V2M2",27106,"40-80 cm",0,0,NA
"E2","V2M2",27106,"80-120 cm",0,0,NA
"E2","V2M2",27106,"120-160 cm",0,0,NA
"E2","V2M2",27106,"160-200 cm",0,0,NA
"E2","V2M2",27106,">200 cm",0,0,NA
"E2","V2M2",27107,"<40 cm",0,0,NA
"E2","V2M2",27107,"40-80 cm",0,0,NA
"E2","V2M2",27107,"80-120 cm",0,0,NA
"E2","V2M2",27107,"120-160 cm",0,0,NA
"E2","V2M2",27107,"160-200 cm",0,0,NA
"E2","V2M2",27107,">200 cm",0,0,NA
"E2","V2M2",27108,"<40 cm",0,0,NA
"E2","V2M2",27108,"40-80 cm",0,0,NA
"E2","V2M2",27108,"80-120 cm",0,0,NA
"E2","V2M2",27108,"120-160 cm",0,0,NA
"E2","V2M2",27108,"160-200 cm",0,0,NA
"E2","V2M2",27108,">200 cm",0,0,NA
"E2","V2M2",27109,"<40 cm",0,0,NA
"E2","V2M2",27109,"40-80 cm",0,0,NA
"E2","V2M2",27109,"80-120 cm",0,0,NA
"E2","V2M2",27109,"120-160 cm",0,0,NA
"E2","V2M2",27109,"160-200 cm",0,0,NA
"E2","V2M2",27109,">200 cm",0,0,NA
"E2","V2M2",27110,"<40 cm",0,0,NA
"E2","V2M2",27110,"40-80 cm",0,0,NA
"E2","V2M2",27110,"80-120 cm",0,0,NA
"E2","V2M2",27110,"120-160 cm",0,0,NA
"E2","V2M2",27110,"160-200 cm",0,0,NA
"E2","V2M2",27110,">200 cm",0,0,NA
"E2","V2M2",28101,"<40 cm",0,0,NA
"E2","V2M2",28101,"40-80 cm",0,0,NA
"E2","V2M2",28101,"80-120 cm",0,0,NA
"E2","V2M2",28101,"120-160 cm",0,0,NA
"E2","V2M2",28101,"160-200 cm",0,0,NA
"E2","V2M2",28101,">200 cm",0,0,NA
"E2","V2M2",28102,"<40 cm",0,0,NA
"E2","V2M2",28102,"40-80 cm",0,0,NA
"E2","V2M2",28102,"80-120 cm",0,0,NA
"E2","V2M2",28102,"120-160 cm",0,0,NA
"E2","V2M2",28102,"160-200 cm",0,0,NA
"E2","V2M2",28102,">200 cm",0,0,NA
"E2","V2M2",28103,"<40 cm",0,0,NA
"E2","V2M2",28103,"40-80 cm",0,0,NA
"E2","V2M2",28103,"80-120 cm",0,0,NA
"E2","V2M2",28103,"120-160 cm",0,0,NA
"E2","V2M2",28103,"160-200 cm",0,0,NA
"E2","V2M2",28103,">200 cm",0,0,NA
"E2","V2M2",28104,"<40 cm",0,0,NA
"E2","V2M2",28104,"40-80 cm",0,0,NA
"E2","V2M2",28104,"80-120 cm",0,0,NA
"E2","V2M2",28104,"120-160 cm",0,0,NA
"E2","V2M2",28104,"160-200 cm",0,0,NA
"E2","V2M2",28104,">200 cm",0,0,NA
"E2","V2M2",28105,"<40 cm",0,0,NA
"E2","V2M2",28105,"40-80 cm",0,0,NA
"E2","V2M2",28105,"80-120 cm",0,0,NA
"E2","V2M2",28105,"120-160 cm",0,0,NA
"E2","V2M2",28105,"160-200 cm",0,0,NA
"E2","V2M2",28105,">200 cm",0,0,NA
"E2","V2M2",28106,"<40 cm",0,0,NA
"E2","V2M2",28106,"40-80 cm",0,0,NA
"E2","V2M2",28106,"80-120 cm",0,0,NA
"E2","V2M2",28106,"120-160 cm",0,0,NA
"E2","V2M2",28106,"160-200 cm",0,0,NA
"E2","V2M2",28106,">200 cm",0,0,NA
"E2","V2M2",28107,"<40 cm",0,0,NA
"E2","V2M2",28107,"40-80 cm",0,0,NA
"E2","V2M2",28107,"80-120 cm",0,0,NA
"E2","V2M2",28107,"120-160 cm",0,0,NA
"E2","V2M2",28107,"160-200 cm",0,0,NA
"E2","V2M2",28107,">200 cm",0,0,NA
"E2","V2M2",28108,"<40 cm",0,0,NA
"E2","V2M2",28108,"40-80 cm",0,0,NA
"E2","V2M2",28108,"80-120 cm",0,0,NA
"E2","V2M2",28108,"120-160 cm",0,0,NA
"E2","V2M2",28108,"160-200 cm",0,0,NA
"E2","V2M2",28108,">200 cm",0,0,NA
"E2","V2M2",28109,"<40 cm",0,0,NA
"E2","V2M2",28109,"40-80 cm",0,0,NA
"E2","V2M2",28109,"80-120 cm",0,0,NA
"E2","V2M2",28109,"120-160 cm",0,0,NA
"E2","V2M2",28109,"160-200 cm",0,0,NA
"E2","V2M2",28109,">200 cm",0,0,NA
"E2","V2M2",28110,"<40 cm",0,0,NA
"E2","V2M2",28110,"40-80 cm",0,0,NA
"E2","V2M2",28110,"80-120 cm",0,0,NA
"E2","V2M2",28110,"120-160 cm",0,0,NA
"E2","V2M2",28110,"160-200 cm",0,0,NA
"E2","V2M2",28110,">200 cm",0,0,NA
"E2","V2M2",29101,"<40 cm",0,0,NA
"E2","V2M2",29101,"40-80 cm",0,0,NA
"E2","V2M2",29101,"80-120 cm",0,0,NA
"E2","V2M2",29101,"120-160 cm",0,0,NA
"E2","V2M2",29101,"160-200 cm",0,0,NA
"E2","V2M2",29101,">200 cm",0,0,NA
"E2","V2M2",29102,"<40 cm",0,0,NA
"E2","V2M2",29102,"40-80 cm",0,0,NA
"E2","V2M2",29102,"80-120 cm",0,0,NA
"E2","V2M2",29102,"120-160 cm",0,0,NA
"E2","V2M2",29102,"160-200 cm",0,0,NA
"E2","V2M2",29102,">200 cm",0,0,NA
"E2","V2M2",29103,"<40 cm",0,0,NA
"E2","V2M2",29103,"40-80 cm",0,0,NA
"E2","V2M2",29103,"80-120 cm",0,0,NA
"E2","V2M2",29103,"120-160 cm",0,0,NA
"E2","V2M2",29103,"160-200 cm",0,0,NA
"E2","V2M2",29103,">200 cm",0,0,NA
"E2","V2M2",29104,"<40 cm",0,0,NA
"E2","V2M2",29104,"40-80 cm",0,0,NA
"E2","V2M2",29104,"80-120 cm",0,0,NA
"E2","V2M2",29104,"120-160 cm",0,0,NA
"E2","V2M2",29104,"160-200 cm",0,0,NA
"E2","V2M2",29104,">200 cm",0,0,NA
"E2","V2M2",29105,"<40 cm",0,0,NA
"E2","V2M2",29105,"40-80 cm",0,0,NA
"E2","V2M2",29105,"80-120 cm",0,0,NA
"E2","V2M2",29105,"120-160 cm",0,0,NA
"E2","V2M2",29105,"160-200 cm",0,0,NA
"E2","V2M2",29105,">200 cm",0,0,NA
"E2","V2M2",29106,"<40 cm",0,0,NA
"E2","V2M2",29106,"40-80 cm",0,0,NA
"E2","V2M2",29106,"80-120 cm",0,0,NA
"E2","V2M2",29106,"120-160 cm",0,0,NA
"E2","V2M2",29106,"160-200 cm",0,0,NA
"E2","V2M2",29106,">200 cm",0,0,NA
"E2","V2M2",29107,"<40 cm",0,0,NA
"E2","V2M2",29107,"40-80 cm",0,0,NA
"E2","V2M2",29107,"80-120 cm",0,0,NA
"E2","V2M2",29107,"120-160 cm",0,0,NA
"E2","V2M2",29107,"160-200 cm",0,0,NA
"E2","V2M2",29107,">200 cm",0,0,NA
"E2","V2M2",29108,"<40 cm",0,0,NA
"E2","V2M2",29108,"40-80 cm",0,0,NA
"E2","V2M2",29108,"80-120 cm",0,0,NA
"E2","V2M2",29108,"120-160 cm",0,0,NA
"E2","V2M2",29108,"160-200 cm",0,0,NA
"E2","V2M2",29108,">200 cm",0,0,NA
"E2","V2M2",29109,"<40 cm",0,0,NA
"E2","V2M2",29109,"40-80 cm",0,0,NA
"E2","V2M2",29109,"80-120 cm",0,0,NA
"E2","V2M2",29109,"120-160 cm",0,0,NA
"E2","V2M2",29109,"160-200 cm",0,0,NA
"E2","V2M2",29109,">200 cm",0,0,NA
"E2","V2M2",29110,"<40 cm",0,0,NA
"E2","V2M2",29110,"40-80 cm",0,0,NA
"E2","V2M2",29110,"80-120 cm",0,0,NA
"E2","V2M2",29110,"120-160 cm",0,0,NA
"E2","V2M2",29110,"160-200 cm",0,0,NA
"E2","V2M2",29110,">200 cm",0,0,NA
"E2","V2M2",30101,"<40 cm",0,0,NA
"E2","V2M2",30101,"40-80 cm",0,0,NA
"E2","V2M2",30101,"80-120 cm",0,0,NA
"E2","V2M2",30101,"120-160 cm",0,0,NA
"E2","V2M2",30101,"160-200 cm",0,0,NA
"E2","V2M2",30101,">200 cm",0,0,NA
"E2","V2M2",30102,"<40 cm",0,0,NA
"E2","V2M2",30102,"40-80 cm",0,0,NA
"E2","V2M2",30102,"80-120 cm",0,0,NA
"E2","V2M2",30102,"120-160 cm",0,0,NA
"E2","V2M2",30102,"160-200 cm",0,0,NA
"E2","V2M2",30102,">200 cm",0,0,NA
"E2","V2M2",30103,"<40 cm",0,0,NA
"E2","V2M2",30103,"40-80 cm",0,0,NA
"E2","V2M2",30103,"80-120 cm",0,0,NA
"E2","V2M2",30103,"120-160 cm",0,0,NA
"E2","V2M2",30103,"160-200 cm",0,0,NA
"E2","V2M2",30103,">200 cm",0,0,NA
"E2","V2M2",30104,"<40 cm",0,0,NA
"E2","V2M2",30104,"40-80 cm",0,0,NA
"E2","V2M2",30104,"80-120 cm",0,0,NA
"E2","V2M2",30104,"120-160 cm",0,0,NA
"E2","V2M2",30104,"160-200 cm",0,0,NA
"E2","V2M2",30104,">200 cm",0,0,NA
"E2","V2M2",30105,"<40 cm",0,0,NA
"E2","V2M2",30105,"40-80 cm",0,0,NA
"E2","V2M2",30105,"80-120 cm",0,0,NA
"E2","V2M2",30105,"120-160 cm",0,0,NA
"E2","V2M2",30105,"160-200 cm",0,0,NA
"E2","V2M2",30105,">200 cm",0,0,NA
"E2","V2M2",30106,"<40 cm",0,0,NA
"E2","V2M2",30106,"40-80 cm",0,0,NA
"E2","V2M2",30106,"80-120 cm",0,0,NA
"E2","V2M2",30106,"120-160 cm",0,0,NA
"E2","V2M2",30106,"160-200 cm",0,0,NA
"E2","V2M2",30106,">200 cm",0,0,NA
"E2","V2M2",30107,"<40 cm",0,0,NA
"E2","V2M2",30107,"40-80 cm",0,0,NA
"E2","V2M2",30107,"80-120 cm",0,0,NA
"E2","V2M2",30107,"120-160 cm",0,0,NA
"E2","V2M2",30107,"160-200 cm",0,0,NA
"E2","V2M2",30107,">200 cm",0,0,NA
"E2","V2M2",30108,"<40 cm",0,0,NA
"E2","V2M2",30108,"40-80 cm",0,0,NA
"E2","V2M2",30108,"80-120 cm",0,0,NA
"E2","V2M2",30108,"120-160 cm",0,0,NA
"E2","V2M2",30108,"160-200 cm",0,0,NA
"E2","V2M2",30108,">200 cm",0,0,NA
"E2","V2M2",30109,"<40 cm",0,0,NA
"E2","V2M2",30109,"40-80 cm",0,0,NA
"E2","V2M2",30109,"80-120 cm",0,0,NA
"E2","V2M2",30109,"120-160 cm",0,0,NA
"E2","V2M2",30109,"160-200 cm",0,0,NA
"E2","V2M2",30109,">200 cm",0,0,NA
"E2","V2M2",30110,"<40 cm",0,0,NA
"E2","V2M2",30110,"40-80 cm",0,0,NA
"E2","V2M2",30110,"80-120 cm",0,0,NA
"E2","V2M2",30110,"120-160 cm",0,0,NA
"E2","V2M2",30110,"160-200 cm",0,0,NA
"E2","V2M2",30110,">200 cm",0,0,NA
"E2","V2M3",1101,"<40 cm",185,250,0.74
"E2","V2M3",1101,"40-80 cm",9,250,0.036
"E2","V2M3",1101,"80-120 cm",3,250,0.012
"E2","V2M3",1101,"120-160 cm",4,250,0.016
"E2","V2M3",1101,"160-200 cm",3,250,0.012
"E2","V2M3",1101,">200 cm",46,250,0.184
"E2","V2M3",1102,"<40 cm",176,250,0.704
"E2","V2M3",1102,"40-80 cm",3,250,0.012
"E2","V2M3",1102,"80-120 cm",5,250,0.02
"E2","V2M3",1102,"120-160 cm",5,250,0.02
"E2","V2M3",1102,"160-200 cm",3,250,0.012
"E2","V2M3",1102,">200 cm",58,250,0.232
"E2","V2M3",1103,"<40 cm",185,250,0.74
"E2","V2M3",1103,"40-80 cm",6,250,0.024
"E2","V2M3",1103,"80-120 cm",4,250,0.016
"E2","V2M3",1103,"120-160 cm",7,250,0.028
"E2","V2M3",1103,"160-200 cm",6,250,0.024
"E2","V2M3",1103,">200 cm",42,250,0.168
"E2","V2M3",1104,"<40 cm",0,0,NA
"E2","V2M3",1104,"40-80 cm",0,0,NA
"E2","V2M3",1104,"80-120 cm",0,0,NA
"E2","V2M3",1104,"120-160 cm",0,0,NA
"E2","V2M3",1104,"160-200 cm",0,0,NA
"E2","V2M3",1104,">200 cm",0,0,NA
"E2","V2M3",1105,"<40 cm",0,0,NA
"E2","V2M3",1105,"40-80 cm",0,0,NA
"E2","V2M3",1105,"80-120 cm",0,0,NA
"E2","V2M3",1105,"120-160 cm",0,0,NA
"E2","V2M3",1105,"160-200 cm",0,0,NA
"E2","V2M3",1105,">200 cm",0,0,NA
"E2","V2M3",1106,"<40 cm",0,0,NA
"E2","V2M3",1106,"40-80 cm",0,0,NA
"E2","V2M3",1106,"80-120 cm",0,0,NA
"E2","V2M3",1106,"120-160 cm",0,0,NA
"E2","V2M3",1106,"160-200 cm",0,0,NA
"E2","V2M3",1106,">200 cm",0,0,NA
"E2","V2M3",1107,"<40 cm",0,0,NA
"E2","V2M3",1107,"40-80 cm",0,0,NA
"E2","V2M3",1107,"80-120 cm",0,0,NA
"E2","V2M3",1107,"120-160 cm",0,0,NA
"E2","V2M3",1107,"160-200 cm",0,0,NA
"E2","V2M3",1107,">200 cm",0,0,NA
"E2","V2M3",1108,"<40 cm",0,0,NA
"E2","V2M3",1108,"40-80 cm",0,0,NA
"E2","V2M3",1108,"80-120 cm",0,0,NA
"E2","V2M3",1108,"120-160 cm",0,0,NA
"E2","V2M3",1108,"160-200 cm",0,0,NA
"E2","V2M3",1108,">200 cm",0,0,NA
"E2","V2M3",1109,"<40 cm",0,0,NA
"E2","V2M3",1109,"40-80 cm",0,0,NA
"E2","V2M3",1109,"80-120 cm",0,0,NA
"E2","V2M3",1109,"120-160 cm",0,0,NA
"E2","V2M3",1109,"160-200 cm",0,0,NA
"E2","V2M3",1109,">200 cm",0,0,NA
"E2","V2M3",1110,"<40 cm",0,0,NA
"E2","V2M3",1110,"40-80 cm",0,0,NA
"E2","V2M3",1110,"80-120 cm",0,0,NA
"E2","V2M3",1110,"120-160 cm",0,0,NA
"E2","V2M3",1110,"160-200 cm",0,0,NA
"E2","V2M3",1110,">200 cm",0,0,NA
"E2","V2M3",2101,"<40 cm",200,250,0.8
"E2","V2M3",2101,"40-80 cm",8,250,0.032
"E2","V2M3",2101,"80-120 cm",2,250,0.008
"E2","V2M3",2101,"120-160 cm",7,250,0.028
"E2","V2M3",2101,"160-200 cm",7,250,0.028
"E2","V2M3",2101,">200 cm",26,250,0.104
"E2","V2M3",2102,"<40 cm",185,250,0.74
"E2","V2M3",2102,"40-80 cm",3,250,0.012
"E2","V2M3",2102,"80-120 cm",8,250,0.032
"E2","V2M3",2102,"120-160 cm",7,250,0.028
"E2","V2M3",2102,"160-200 cm",9,250,0.036
"E2","V2M3",2102,">200 cm",38,250,0.152
"E2","V2M3",2103,"<40 cm",197,250,0.788
"E2","V2M3",2103,"40-80 cm",2,250,0.008
"E2","V2M3",2103,"80-120 cm",5,250,0.02
"E2","V2M3",2103,"120-160 cm",9,250,0.036
"E2","V2M3",2103,"160-200 cm",5,250,0.02
"E2","V2M3",2103,">200 cm",32,250,0.128
"E2","V2M3",2104,"<40 cm",0,0,NA
"E2","V2M3",2104,"40-80 cm",0,0,NA
"E2","V2M3",2104,"80-120 cm",0,0,NA
"E2","V2M3",2104,"120-160 cm",0,0,NA
"E2","V2M3",2104,"160-200 cm",0,0,NA
"E2","V2M3",2104,">200 cm",0,0,NA
"E2","V2M3",2105,"<40 cm",0,0,NA
"E2","V2M3",2105,"40-80 cm",0,0,NA
"E2","V2M3",2105,"80-120 cm",0,0,NA
"E2","V2M3",2105,"120-160 cm",0,0,NA
"E2","V2M3",2105,"160-200 cm",0,0,NA
"E2","V2M3",2105,">200 cm",0,0,NA
"E2","V2M3",2106,"<40 cm",0,0,NA
"E2","V2M3",2106,"40-80 cm",0,0,NA
"E2","V2M3",2106,"80-120 cm",0,0,NA
"E2","V2M3",2106,"120-160 cm",0,0,NA
"E2","V2M3",2106,"160-200 cm",0,0,NA
"E2","V2M3",2106,">200 cm",0,0,NA
"E2","V2M3",2107,"<40 cm",0,0,NA
"E2","V2M3",2107,"40-80 cm",0,0,NA
"E2","V2M3",2107,"80-120 cm",0,0,NA
"E2","V2M3",2107,"120-160 cm",0,0,NA
"E2","V2M3",2107,"160-200 cm",0,0,NA
"E2","V2M3",2107,">200 cm",0,0,NA
"E2","V2M3",2108,"<40 cm",0,0,NA
"E2","V2M3",2108,"40-80 cm",0,0,NA
"E2","V2M3",2108,"80-120 cm",0,0,NA
"E2","V2M3",2108,"120-160 cm",0,0,NA
"E2","V2M3",2108,"160-200 cm",0,0,NA
"E2","V2M3",2108,">200 cm",0,0,NA
"E2","V2M3",2109,"<40 cm",0,0,NA
"E2","V2M3",2109,"40-80 cm",0,0,NA
"E2","V2M3",2109,"80-120 cm",0,0,NA
"E2","V2M3",2109,"120-160 cm",0,0,NA
"E2","V2M3",2109,"160-200 cm",0,0,NA
"E2","V2M3",2109,">200 cm",0,0,NA
"E2","V2M3",2110,"<40 cm",0,0,NA
"E2","V2M3",2110,"40-80 cm",0,0,NA
"E2","V2M3",2110,"80-120 cm",0,0,NA
"E2","V2M3",2110,"120-160 cm",0,0,NA
"E2","V2M3",2110,"160-200 cm",0,0,NA
"E2","V2M3",2110,">200 cm",0,0,NA
"E2","V2M3",3101,"<40 cm",192,250,0.768
"E2","V2M3",3101,"40-80 cm",5,250,0.02
"E2","V2M3",3101,"80-120 cm",4,250,0.016
"E2","V2M3",3101,"120-160 cm",4,250,0.016
"E2","V2M3",3101,"160-200 cm",3,250,0.012
"E2","V2M3",3101,">200 cm",42,250,0.168
"E2","V2M3",3102,"<40 cm",177,250,0.708
"E2","V2M3",3102,"40-80 cm",2,250,0.008
"E2","V2M3",3102,"80-120 cm",6,250,0.024
"E2","V2M3",3102,"120-160 cm",7,250,0.028
"E2","V2M3",3102,"160-200 cm",4,250,0.016
"E2","V2M3",3102,">200 cm",54,250,0.216
"E2","V2M3",3103,"<40 cm",188,250,0.752
"E2","V2M3",3103,"40-80 cm",6,250,0.024
"E2","V2M3",3103,"80-120 cm",3,250,0.012
"E2","V2M3",3103,"120-160 cm",8,250,0.032
"E2","V2M3",3103,"160-200 cm",4,250,0.016
"E2","V2M3",3103,">200 cm",41,250,0.164
"E2","V2M3",3104,"<40 cm",0,0,NA
"E2","V2M3",3104,"40-80 cm",0,0,NA
"E2","V2M3",3104,"80-120 cm",0,0,NA
"E2","V2M3",3104,"120-160 cm",0,0,NA
"E2","V2M3",3104,"160-200 cm",0,0,NA
"E2","V2M3",3104,">200 cm",0,0,NA
"E2","V2M3",3105,"<40 cm",0,0,NA
"E2","V2M3",3105,"40-80 cm",0,0,NA
"E2","V2M3",3105,"80-120 cm",0,0,NA
"E2","V2M3",3105,"120-160 cm",0,0,NA
"E2","V2M3",3105,"160-200 cm",0,0,NA
"E2","V2M3",3105,">200 cm",0,0,NA
"E2","V2M3",3106,"<40 cm",0,0,NA
"E2","V2M3",3106,"40-80 cm",0,0,NA
"E2","V2M3",3106,"80-120 cm",0,0,NA
"E2","V2M3",3106,"120-160 cm",0,0,NA
"E2","V2M3",3106,"160-200 cm",0,0,NA
"E2","V2M3",3106,">200 cm",0,0,NA
"E2","V2M3",3107,"<40 cm",0,0,NA
"E2","V2M3",3107,"40-80 cm",0,0,NA
"E2","V2M3",3107,"80-120 cm",0,0,NA
"E2","V2M3",3107,"120-160 cm",0,0,NA
"E2","V2M3",3107,"160-200 cm",0,0,NA
"E2","V2M3",3107,">200 cm",0,0,NA
"E2","V2M3",3108,"<40 cm",0,0,NA
"E2","V2M3",3108,"40-80 cm",0,0,NA
"E2","V2M3",3108,"80-120 cm",0,0,NA
"E2","V2M3",3108,"120-160 cm",0,0,NA
"E2","V2M3",3108,"160-200 cm",0,0,NA
"E2","V2M3",3108,">200 cm",0,0,NA
"E2","V2M3",3109,"<40 cm",0,0,NA
"E2","V2M3",3109,"40-80 cm",0,0,NA
"E2","V2M3",3109,"80-120 cm",0,0,NA
"E2","V2M3",3109,"120-160 cm",0,0,NA
"E2","V2M3",3109,"160-200 cm",0,0,NA
"E2","V2M3",3109,">200 cm",0,0,NA
"E2","V2M3",3110,"<40 cm",0,0,NA
"E2","V2M3",3110,"40-80 cm",0,0,NA
"E2","V2M3",3110,"80-120 cm",0,0,NA
"E2","V2M3",3110,"120-160 cm",0,0,NA
"E2","V2M3",3110,"160-200 cm",0,0,NA
"E2","V2M3",3110,">200 cm",0,0,NA
"E2","V2M3",4101,"<40 cm",191,250,0.764
"E2","V2M3",4101,"40-80 cm",6,250,0.024
"E2","V2M3",4101,"80-120 cm",3,250,0.012
"E2","V2M3",4101,"120-160 cm",6,250,0.024
"E2","V2M3",4101,"160-200 cm",12,250,0.048
"E2","V2M3",4101,">200 cm",32,250,0.128
"E2","V2M3",4102,"<40 cm",176,250,0.704
"E2","V2M3",4102,"40-80 cm",3,250,0.012
"E2","V2M3",4102,"80-120 cm",5,250,0.02
"E2","V2M3",4102,"120-160 cm",8,250,0.032
"E2","V2M3",4102,"160-200 cm",8,250,0.032
"E2","V2M3",4102,">200 cm",50,250,0.2
"E2","V2M3",4103,"<40 cm",189,250,0.756
"E2","V2M3",4103,"40-80 cm",6,250,0.024
"E2","V2M3",4103,"80-120 cm",4,250,0.016
"E2","V2M3",4103,"120-160 cm",8,250,0.032
"E2","V2M3",4103,"160-200 cm",7,250,0.028
"E2","V2M3",4103,">200 cm",36,250,0.144
"E2","V2M3",4104,"<40 cm",0,0,NA
"E2","V2M3",4104,"40-80 cm",0,0,NA
"E2","V2M3",4104,"80-120 cm",0,0,NA
"E2","V2M3",4104,"120-160 cm",0,0,NA
"E2","V2M3",4104,"160-200 cm",0,0,NA
"E2","V2M3",4104,">200 cm",0,0,NA
"E2","V2M3",4105,"<40 cm",0,0,NA
"E2","V2M3",4105,"40-80 cm",0,0,NA
"E2","V2M3",4105,"80-120 cm",0,0,NA
"E2","V2M3",4105,"120-160 cm",0,0,NA
"E2","V2M3",4105,"160-200 cm",0,0,NA
"E2","V2M3",4105,">200 cm",0,0,NA
"E2","V2M3",4106,"<40 cm",0,0,NA
"E2","V2M3",4106,"40-80 cm",0,0,NA
"E2","V2M3",4106,"80-120 cm",0,0,NA
"E2","V2M3",4106,"120-160 cm",0,0,NA
"E2","V2M3",4106,"160-200 cm",0,0,NA
"E2","V2M3",4106,">200 cm",0,0,NA
"E2","V2M3",4107,"<40 cm",0,0,NA
"E2","V2M3",4107,"40-80 cm",0,0,NA
"E2","V2M3",4107,"80-120 cm",0,0,NA
"E2","V2M3",4107,"120-160 cm",0,0,NA
"E2","V2M3",4107,"160-200 cm",0,0,NA
"E2","V2M3",4107,">200 cm",0,0,NA
"E2","V2M3",4108,"<40 cm",0,0,NA
"E2","V2M3",4108,"40-80 cm",0,0,NA
"E2","V2M3",4108,"80-120 cm",0,0,NA
"E2","V2M3",4108,"120-160 cm",0,0,NA
"E2","V2M3",4108,"160-200 cm",0,0,NA
"E2","V2M3",4108,">200 cm",0,0,NA
"E2","V2M3",4109,"<40 cm",0,0,NA
"E2","V2M3",4109,"40-80 cm",0,0,NA
"E2","V2M3",4109,"80-120 cm",0,0,NA
"E2","V2M3",4109,"120-160 cm",0,0,NA
"E2","V2M3",4109,"160-200 cm",0,0,NA
"E2","V2M3",4109,">200 cm",0,0,NA
"E2","V2M3",4110,"<40 cm",0,0,NA
"E2","V2M3",4110,"40-80 cm",0,0,NA
"E2","V2M3",4110,"80-120 cm",0,0,NA
"E2","V2M3",4110,"120-160 cm",0,0,NA
"E2","V2M3",4110,"160-200 cm",0,0,NA
"E2","V2M3",4110,">200 cm",0,0,NA
"E2","V2M3",5101,"<40 cm",191,250,0.764
"E2","V2M3",5101,"40-80 cm",5,250,0.02
"E2","V2M3",5101,"80-120 cm",4,250,0.016
"E2","V2M3",5101,"120-160 cm",5,250,0.02
"E2","V2M3",5101,"160-200 cm",6,250,0.024
"E2","V2M3",5101,">200 cm",39,250,0.156
"E2","V2M3",5102,"<40 cm",179,250,0.716
"E2","V2M3",5102,"40-80 cm",7,250,0.028
"E2","V2M3",5102,"80-120 cm",6,250,0.024
"E2","V2M3",5102,"120-160 cm",3,250,0.012
"E2","V2M3",5102,"160-200 cm",5,250,0.02
"E2","V2M3",5102,">200 cm",50,250,0.2
"E2","V2M3",5103,"<40 cm",188,250,0.752
"E2","V2M3",5103,"40-80 cm",4,250,0.016
"E2","V2M3",5103,"80-120 cm",8,250,0.032
"E2","V2M3",5103,"120-160 cm",7,250,0.028
"E2","V2M3",5103,"160-200 cm",7,250,0.028
"E2","V2M3",5103,">200 cm",36,250,0.144
"E2","V2M3",5104,"<40 cm",0,0,NA
"E2","V2M3",5104,"40-80 cm",0,0,NA
"E2","V2M3",5104,"80-120 cm",0,0,NA
"E2","V2M3",5104,"120-160 cm",0,0,NA
"E2","V2M3",5104,"160-200 cm",0,0,NA
"E2","V2M3",5104,">200 cm",0,0,NA
"E2","V2M3",5105,"<40 cm",0,0,NA
"E2","V2M3",5105,"40-80 cm",0,0,NA
"E2","V2M3",5105,"80-120 cm",0,0,NA
"E2","V2M3",5105,"120-160 cm",0,0,NA
"E2","V2M3",5105,"160-200 cm",0,0,NA
"E2","V2M3",5105,">200 cm",0,0,NA
"E2","V2M3",5106,"<40 cm",0,0,NA
"E2","V2M3",5106,"40-80 cm",0,0,NA
"E2","V2M3",5106,"80-120 cm",0,0,NA
"E2","V2M3",5106,"120-160 cm",0,0,NA
"E2","V2M3",5106,"160-200 cm",0,0,NA
"E2","V2M3",5106,">200 cm",0,0,NA
"E2","V2M3",5107,"<40 cm",0,0,NA
"E2","V2M3",5107,"40-80 cm",0,0,NA
"E2","V2M3",5107,"80-120 cm",0,0,NA
"E2","V2M3",5107,"120-160 cm",0,0,NA
"E2","V2M3",5107,"160-200 cm",0,0,NA
"E2","V2M3",5107,">200 cm",0,0,NA
"E2","V2M3",5108,"<40 cm",0,0,NA
"E2","V2M3",5108,"40-80 cm",0,0,NA
"E2","V2M3",5108,"80-120 cm",0,0,NA
"E2","V2M3",5108,"120-160 cm",0,0,NA
"E2","V2M3",5108,"160-200 cm",0,0,NA
"E2","V2M3",5108,">200 cm",0,0,NA
"E2","V2M3",5109,"<40 cm",0,0,NA
"E2","V2M3",5109,"40-80 cm",0,0,NA
"E2","V2M3",5109,"80-120 cm",0,0,NA
"E2","V2M3",5109,"120-160 cm",0,0,NA
"E2","V2M3",5109,"160-200 cm",0,0,NA
"E2","V2M3",5109,">200 cm",0,0,NA
"E2","V2M3",5110,"<40 cm",0,0,NA
"E2","V2M3",5110,"40-80 cm",0,0,NA
"E2","V2M3",5110,"80-120 cm",0,0,NA
"E2","V2M3",5110,"120-160 cm",0,0,NA
"E2","V2M3",5110,"160-200 cm",0,0,NA
"E2","V2M3",5110,">200 cm",0,0,NA
"E2","V2M3",6101,"<40 cm",192,250,0.768
"E2","V2M3",6101,"40-80 cm",4,250,0.016
"E2","V2M3",6101,"80-120 cm",4,250,0.016
"E2","V2M3",6101,"120-160 cm",4,250,0.016
"E2","V2M3",6101,"160-200 cm",5,250,0.02
"E2","V2M3",6101,">200 cm",41,250,0.164
"E2","V2M3",6102,"<40 cm",178,250,0.712
"E2","V2M3",6102,"40-80 cm",2,250,0.008
"E2","V2M3",6102,"80-120 cm",4,250,0.016
"E2","V2M3",6102,"120-160 cm",5,250,0.02
"E2","V2M3",6102,"160-200 cm",7,250,0.028
"E2","V2M3",6102,">200 cm",54,250,0.216
"E2","V2M3",6103,"<40 cm",192,250,0.768
"E2","V2M3",6103,"40-80 cm",4,250,0.016
"E2","V2M3",6103,"80-120 cm",3,250,0.012
"E2","V2M3",6103,"120-160 cm",7,250,0.028
"E2","V2M3",6103,"160-200 cm",12,250,0.048
"E2","V2M3",6103,">200 cm",32,250,0.128
"E2","V2M3",6104,"<40 cm",0,0,NA
"E2","V2M3",6104,"40-80 cm",0,0,NA
"E2","V2M3",6104,"80-120 cm",0,0,NA
"E2","V2M3",6104,"120-160 cm",0,0,NA
"E2","V2M3",6104,"160-200 cm",0,0,NA
"E2","V2M3",6104,">200 cm",0,0,NA
"E2","V2M3",6105,"<40 cm",0,0,NA
"E2","V2M3",6105,"40-80 cm",0,0,NA
"E2","V2M3",6105,"80-120 cm",0,0,NA
"E2","V2M3",6105,"120-160 cm",0,0,NA
"E2","V2M3",6105,"160-200 cm",0,0,NA
"E2","V2M3",6105,">200 cm",0,0,NA
"E2","V2M3",6106,"<40 cm",0,0,NA
"E2","V2M3",6106,"40-80 cm",0,0,NA
"E2","V2M3",6106,"80-120 cm",0,0,NA
"E2","V2M3",6106,"120-160 cm",0,0,NA
"E2","V2M3",6106,"160-200 cm",0,0,NA
"E2","V2M3",6106,">200 cm",0,0,NA
"E2","V2M3",6107,"<40 cm",0,0,NA
"E2","V2M3",6107,"40-80 cm",0,0,NA
"E2","V2M3",6107,"80-120 cm",0,0,NA
"E2","V2M3",6107,"120-160 cm",0,0,NA
"E2","V2M3",6107,"160-200 cm",0,0,NA
"E2","V2M3",6107,">200 cm",0,0,NA
"E2","V2M3",6108,"<40 cm",0,0,NA
"E2","V2M3",6108,"40-80 cm",0,0,NA
"E2","V2M3",6108,"80-120 cm",0,0,NA
"E2","V2M3",6108,"120-160 cm",0,0,NA
"E2","V2M3",6108,"160-200 cm",0,0,NA
"E2","V2M3",6108,">200 cm",0,0,NA
"E2","V2M3",6109,"<40 cm",0,0,NA
"E2","V2M3",6109,"40-80 cm",0,0,NA
"E2","V2M3",6109,"80-120 cm",0,0,NA
"E2","V2M3",6109,"120-160 cm",0,0,NA
"E2","V2M3",6109,"160-200 cm",0,0,NA
"E2","V2M3",6109,">200 cm",0,0,NA
"E2","V2M3",6110,"<40 cm",0,0,NA
"E2","V2M3",6110,"40-80 cm",0,0,NA
"E2","V2M3",6110,"80-120 cm",0,0,NA
"E2","V2M3",6110,"120-160 cm",0,0,NA
"E2","V2M3",6110,"160-200 cm",0,0,NA
"E2","V2M3",6110,">200 cm",0,0,NA
"E2","V2M3",7101,"<40 cm",190,250,0.76
"E2","V2M3",7101,"40-80 cm",5,250,0.02
"E2","V2M3",7101,"80-120 cm",4,250,0.016
"E2","V2M3",7101,"120-160 cm",4,250,0.016
"E2","V2M3",7101,"160-200 cm",4,250,0.016
"E2","V2M3",7101,">200 cm",43,250,0.172
"E2","V2M3",7102,"<40 cm",177,250,0.708
"E2","V2M3",7102,"40-80 cm",1,250,0.004
"E2","V2M3",7102,"80-120 cm",5,250,0.02
"E2","V2M3",7102,"120-160 cm",6,250,0.024
"E2","V2M3",7102,"160-200 cm",3,250,0.012
"E2","V2M3",7102,">200 cm",58,250,0.232
"E2","V2M3",7103,"<40 cm",183,250,0.732
"E2","V2M3",7103,"40-80 cm",8,250,0.032
"E2","V2M3",7103,"80-120 cm",3,250,0.012
"E2","V2M3",7103,"120-160 cm",8,250,0.032
"E2","V2M3",7103,"160-200 cm",6,250,0.024
"E2","V2M3",7103,">200 cm",42,250,0.168
"E2","V2M3",7104,"<40 cm",0,0,NA
"E2","V2M3",7104,"40-80 cm",0,0,NA
"E2","V2M3",7104,"80-120 cm",0,0,NA
"E2","V2M3",7104,"120-160 cm",0,0,NA
"E2","V2M3",7104,"160-200 cm",0,0,NA
"E2","V2M3",7104,">200 cm",0,0,NA
"E2","V2M3",7105,"<40 cm",0,0,NA
"E2","V2M3",7105,"40-80 cm",0,0,NA
"E2","V2M3",7105,"80-120 cm",0,0,NA
"E2","V2M3",7105,"120-160 cm",0,0,NA
"E2","V2M3",7105,"160-200 cm",0,0,NA
"E2","V2M3",7105,">200 cm",0,0,NA
"E2","V2M3",7106,"<40 cm",0,0,NA
"E2","V2M3",7106,"40-80 cm",0,0,NA
"E2","V2M3",7106,"80-120 cm",0,0,NA
"E2","V2M3",7106,"120-160 cm",0,0,NA
"E2","V2M3",7106,"160-200 cm",0,0,NA
"E2","V2M3",7106,">200 cm",0,0,NA
"E2","V2M3",7107,"<40 cm",0,0,NA
"E2","V2M3",7107,"40-80 cm",0,0,NA
"E2","V2M3",7107,"80-120 cm",0,0,NA
"E2","V2M3",7107,"120-160 cm",0,0,NA
"E2","V2M3",7107,"160-200 cm",0,0,NA
"E2","V2M3",7107,">200 cm",0,0,NA
"E2","V2M3",7108,"<40 cm",0,0,NA
"E2","V2M3",7108,"40-80 cm",0,0,NA
"E2","V2M3",7108,"80-120 cm",0,0,NA
"E2","V2M3",7108,"120-160 cm",0,0,NA
"E2","V2M3",7108,"160-200 cm",0,0,NA
"E2","V2M3",7108,">200 cm",0,0,NA
"E2","V2M3",7109,"<40 cm",0,0,NA
"E2","V2M3",7109,"40-80 cm",0,0,NA
"E2","V2M3",7109,"80-120 cm",0,0,NA
"E2","V2M3",7109,"120-160 cm",0,0,NA
"E2","V2M3",7109,"160-200 cm",0,0,NA
"E2","V2M3",7109,">200 cm",0,0,NA
"E2","V2M3",7110,"<40 cm",0,0,NA
"E2","V2M3",7110,"40-80 cm",0,0,NA
"E2","V2M3",7110,"80-120 cm",0,0,NA
"E2","V2M3",7110,"120-160 cm",0,0,NA
"E2","V2M3",7110,"160-200 cm",0,0,NA
"E2","V2M3",7110,">200 cm",0,0,NA
"E2","V2M3",8101,"<40 cm",178,250,0.712
"E2","V2M3",8101,"40-80 cm",18,250,0.072
"E2","V2M3",8101,"80-120 cm",4,250,0.016
"E2","V2M3",8101,"120-160 cm",5,250,0.02
"E2","V2M3",8101,"160-200 cm",4,250,0.016
"E2","V2M3",8101,">200 cm",41,250,0.164
"E2","V2M3",8102,"<40 cm",167,250,0.668
"E2","V2M3",8102,"40-80 cm",12,250,0.048
"E2","V2M3",8102,"80-120 cm",7,250,0.028
"E2","V2M3",8102,"120-160 cm",6,250,0.024
"E2","V2M3",8102,"160-200 cm",5,250,0.02
"E2","V2M3",8102,">200 cm",53,250,0.212
"E2","V2M3",8103,"<40 cm",176,250,0.704
"E2","V2M3",8103,"40-80 cm",16,250,0.064
"E2","V2M3",8103,"80-120 cm",5,250,0.02
"E2","V2M3",8103,"120-160 cm",6,250,0.024
"E2","V2M3",8103,"160-200 cm",7,250,0.028
"E2","V2M3",8103,">200 cm",40,250,0.16
"E2","V2M3",8104,"<40 cm",0,0,NA
"E2","V2M3",8104,"40-80 cm",0,0,NA
"E2","V2M3",8104,"80-120 cm",0,0,NA
"E2","V2M3",8104,"120-160 cm",0,0,NA
"E2","V2M3",8104,"160-200 cm",0,0,NA
"E2","V2M3",8104,">200 cm",0,0,NA
"E2","V2M3",8105,"<40 cm",0,0,NA
"E2","V2M3",8105,"40-80 cm",0,0,NA
"E2","V2M3",8105,"80-120 cm",0,0,NA
"E2","V2M3",8105,"120-160 cm",0,0,NA
"E2","V2M3",8105,"160-200 cm",0,0,NA
"E2","V2M3",8105,">200 cm",0,0,NA
"E2","V2M3",8106,"<40 cm",0,0,NA
"E2","V2M3",8106,"40-80 cm",0,0,NA
"E2","V2M3",8106,"80-120 cm",0,0,NA
"E2","V2M3",8106,"120-160 cm",0,0,NA
"E2","V2M3",8106,"160-200 cm",0,0,NA
"E2","V2M3",8106,">200 cm",0,0,NA
"E2","V2M3",8107,"<40 cm",0,0,NA
"E2","V2M3",8107,"40-80 cm",0,0,NA
"E2","V2M3",8107,"80-120 cm",0,0,NA
"E2","V2M3",8107,"120-160 cm",0,0,NA
"E2","V2M3",8107,"160-200 cm",0,0,NA
"E2","V2M3",8107,">200 cm",0,0,NA
"E2","V2M3",8108,"<40 cm",0,0,NA
"E2","V2M3",8108,"40-80 cm",0,0,NA
"E2","V2M3",8108,"80-120 cm",0,0,NA
"E2","V2M3",8108,"120-160 cm",0,0,NA
"E2","V2M3",8108,"160-200 cm",0,0,NA
"E2","V2M3",8108,">200 cm",0,0,NA
"E2","V2M3",8109,"<40 cm",0,0,NA
"E2","V2M3",8109,"40-80 cm",0,0,NA
"E2","V2M3",8109,"80-120 cm",0,0,NA
"E2","V2M3",8109,"120-160 cm",0,0,NA
"E2","V2M3",8109,"160-200 cm",0,0,NA
"E2","V2M3",8109,">200 cm",0,0,NA
"E2","V2M3",8110,"<40 cm",0,0,NA
"E2","V2M3",8110,"40-80 cm",0,0,NA
"E2","V2M3",8110,"80-120 cm",0,0,NA
"E2","V2M3",8110,"120-160 cm",0,0,NA
"E2","V2M3",8110,"160-200 cm",0,0,NA
"E2","V2M3",8110,">200 cm",0,0,NA
"E2","V2M3",9101,"<40 cm",193,250,0.772
"E2","V2M3",9101,"40-80 cm",4,250,0.016
"E2","V2M3",9101,"80-120 cm",3,250,0.012
"E2","V2M3",9101,"120-160 cm",5,250,0.02
"E2","V2M3",9101,"160-200 cm",20,250,0.08
"E2","V2M3",9101,">200 cm",25,250,0.1
"E2","V2M3",9102,"<40 cm",179,250,0.716
"E2","V2M3",9102,"40-80 cm",0,250,0
"E2","V2M3",9102,"80-120 cm",5,250,0.02
"E2","V2M3",9102,"120-160 cm",4,250,0.016
"E2","V2M3",9102,"160-200 cm",26,250,0.104
"E2","V2M3",9102,">200 cm",36,250,0.144
"E2","V2M3",9103,"<40 cm",187,250,0.748
"E2","V2M3",9103,"40-80 cm",5,250,0.02
"E2","V2M3",9103,"80-120 cm",7,250,0.028
"E2","V2M3",9103,"120-160 cm",6,250,0.024
"E2","V2M3",9103,"160-200 cm",22,250,0.088
"E2","V2M3",9103,">200 cm",23,250,0.092
"E2","V2M3",9104,"<40 cm",0,0,NA
"E2","V2M3",9104,"40-80 cm",0,0,NA
"E2","V2M3",9104,"80-120 cm",0,0,NA
"E2","V2M3",9104,"120-160 cm",0,0,NA
"E2","V2M3",9104,"160-200 cm",0,0,NA
"E2","V2M3",9104,">200 cm",0,0,NA
"E2","V2M3",9105,"<40 cm",0,0,NA
"E2","V2M3",9105,"40-80 cm",0,0,NA
"E2","V2M3",9105,"80-120 cm",0,0,NA
"E2","V2M3",9105,"120-160 cm",0,0,NA
"E2","V2M3",9105,"160-200 cm",0,0,NA
"E2","V2M3",9105,">200 cm",0,0,NA
"E2","V2M3",9106,"<40 cm",0,0,NA
"E2","V2M3",9106,"40-80 cm",0,0,NA
"E2","V2M3",9106,"80-120 cm",0,0,NA
"E2","V2M3",9106,"120-160 cm",0,0,NA
"E2","V2M3",9106,"160-200 cm",0,0,NA
"E2","V2M3",9106,">200 cm",0,0,NA
"E2","V2M3",9107,"<40 cm",0,0,NA
"E2","V2M3",9107,"40-80 cm",0,0,NA
"E2","V2M3",9107,"80-120 cm",0,0,NA
"E2","V2M3",9107,"120-160 cm",0,0,NA
"E2","V2M3",9107,"160-200 cm",0,0,NA
"E2","V2M3",9107,">200 cm",0,0,NA
"E2","V2M3",9108,"<40 cm",0,0,NA
"E2","V2M3",9108,"40-80 cm",0,0,NA
"E2","V2M3",9108,"80-120 cm",0,0,NA
"E2","V2M3",9108,"120-160 cm",0,0,NA
"E2","V2M3",9108,"160-200 cm",0,0,NA
"E2","V2M3",9108,">200 cm",0,0,NA
"E2","V2M3",9109,"<40 cm",0,0,NA
"E2","V2M3",9109,"40-80 cm",0,0,NA
"E2","V2M3",9109,"80-120 cm",0,0,NA
"E2","V2M3",9109,"120-160 cm",0,0,NA
"E2","V2M3",9109,"160-200 cm",0,0,NA
"E2","V2M3",9109,">200 cm",0,0,NA
"E2","V2M3",9110,"<40 cm",0,0,NA
"E2","V2M3",9110,"40-80 cm",0,0,NA
"E2","V2M3",9110,"80-120 cm",0,0,NA
"E2","V2M3",9110,"120-160 cm",0,0,NA
"E2","V2M3",9110,"160-200 cm",0,0,NA
"E2","V2M3",9110,">200 cm",0,0,NA
"E2","V2M3",10101,"<40 cm",186,250,0.744
"E2","V2M3",10101,"40-80 cm",8,250,0.032
"E2","V2M3",10101,"80-120 cm",2,250,0.008
"E2","V2M3",10101,"120-160 cm",6,250,0.024
"E2","V2M3",10101,"160-200 cm",3,250,0.012
"E2","V2M3",10101,">200 cm",45,250,0.18
"E2","V2M3",10102,"<40 cm",176,250,0.704
"E2","V2M3",10102,"40-80 cm",2,250,0.008
"E2","V2M3",10102,"80-120 cm",5,250,0.02
"E2","V2M3",10102,"120-160 cm",5,250,0.02
"E2","V2M3",10102,"160-200 cm",2,250,0.008
"E2","V2M3",10102,">200 cm",60,250,0.24
"E2","V2M3",10103,"<40 cm",183,250,0.732
"E2","V2M3",10103,"40-80 cm",5,250,0.02
"E2","V2M3",10103,"80-120 cm",5,250,0.02
"E2","V2M3",10103,"120-160 cm",7,250,0.028
"E2","V2M3",10103,"160-200 cm",6,250,0.024
"E2","V2M3",10103,">200 cm",44,250,0.176
"E2","V2M3",10104,"<40 cm",0,0,NA
"E2","V2M3",10104,"40-80 cm",0,0,NA
"E2","V2M3",10104,"80-120 cm",0,0,NA
"E2","V2M3",10104,"120-160 cm",0,0,NA
"E2","V2M3",10104,"160-200 cm",0,0,NA
"E2","V2M3",10104,">200 cm",0,0,NA
"E2","V2M3",10105,"<40 cm",0,0,NA
"E2","V2M3",10105,"40-80 cm",0,0,NA
"E2","V2M3",10105,"80-120 cm",0,0,NA
"E2","V2M3",10105,"120-160 cm",0,0,NA
"E2","V2M3",10105,"160-200 cm",0,0,NA
"E2","V2M3",10105,">200 cm",0,0,NA
"E2","V2M3",10106,"<40 cm",0,0,NA
"E2","V2M3",10106,"40-80 cm",0,0,NA
"E2","V2M3",10106,"80-120 cm",0,0,NA
"E2","V2M3",10106,"120-160 cm",0,0,NA
"E2","V2M3",10106,"160-200 cm",0,0,NA
"E2","V2M3",10106,">200 cm",0,0,NA
"E2","V2M3",10107,"<40 cm",0,0,NA
"E2","V2M3",10107,"40-80 cm",0,0,NA
"E2","V2M3",10107,"80-120 cm",0,0,NA
"E2","V2M3",10107,"120-160 cm",0,0,NA
"E2","V2M3",10107,"160-200 cm",0,0,NA
"E2","V2M3",10107,">200 cm",0,0,NA
"E2","V2M3",10108,"<40 cm",0,0,NA
"E2","V2M3",10108,"40-80 cm",0,0,NA
"E2","V2M3",10108,"80-120 cm",0,0,NA
"E2","V2M3",10108,"120-160 cm",0,0,NA
"E2","V2M3",10108,"160-200 cm",0,0,NA
"E2","V2M3",10108,">200 cm",0,0,NA
"E2","V2M3",10109,"<40 cm",0,0,NA
"E2","V2M3",10109,"40-80 cm",0,0,NA
"E2","V2M3",10109,"80-120 cm",0,0,NA
"E2","V2M3",10109,"120-160 cm",0,0,NA
"E2","V2M3",10109,"160-200 cm",0,0,NA
"E2","V2M3",10109,">200 cm",0,0,NA
"E2","V2M3",10110,"<40 cm",0,0,NA
"E2","V2M3",10110,"40-80 cm",0,0,NA
"E2","V2M3",10110,"80-120 cm",0,0,NA
"E2","V2M3",10110,"120-160 cm",0,0,NA
"E2","V2M3",10110,"160-200 cm",0,0,NA
"E2","V2M3",10110,">200 cm",0,0,NA
"E2","V2M3",11101,"<40 cm",0,0,NA
"E2","V2M3",11101,"40-80 cm",0,0,NA
"E2","V2M3",11101,"80-120 cm",0,0,NA
"E2","V2M3",11101,"120-160 cm",0,0,NA
"E2","V2M3",11101,"160-200 cm",0,0,NA
"E2","V2M3",11101,">200 cm",0,0,NA
"E2","V2M3",11102,"<40 cm",0,0,NA
"E2","V2M3",11102,"40-80 cm",0,0,NA
"E2","V2M3",11102,"80-120 cm",0,0,NA
"E2","V2M3",11102,"120-160 cm",0,0,NA
"E2","V2M3",11102,"160-200 cm",0,0,NA
"E2","V2M3",11102,">200 cm",0,0,NA
"E2","V2M3",11103,"<40 cm",0,0,NA
"E2","V2M3",11103,"40-80 cm",0,0,NA
"E2","V2M3",11103,"80-120 cm",0,0,NA
"E2","V2M3",11103,"120-160 cm",0,0,NA
"E2","V2M3",11103,"160-200 cm",0,0,NA
"E2","V2M3",11103,">200 cm",0,0,NA
"E2","V2M3",11104,"<40 cm",0,0,NA
"E2","V2M3",11104,"40-80 cm",0,0,NA
"E2","V2M3",11104,"80-120 cm",0,0,NA
"E2","V2M3",11104,"120-160 cm",0,0,NA
"E2","V2M3",11104,"160-200 cm",0,0,NA
"E2","V2M3",11104,">200 cm",0,0,NA
"E2","V2M3",11105,"<40 cm",0,0,NA
"E2","V2M3",11105,"40-80 cm",0,0,NA
"E2","V2M3",11105,"80-120 cm",0,0,NA
"E2","V2M3",11105,"120-160 cm",0,0,NA
"E2","V2M3",11105,"160-200 cm",0,0,NA
"E2","V2M3",11105,">200 cm",0,0,NA
"E2","V2M3",11106,"<40 cm",0,0,NA
"E2","V2M3",11106,"40-80 cm",0,0,NA
"E2","V2M3",11106,"80-120 cm",0,0,NA
"E2","V2M3",11106,"120-160 cm",0,0,NA
"E2","V2M3",11106,"160-200 cm",0,0,NA
"E2","V2M3",11106,">200 cm",0,0,NA
"E2","V2M3",11107,"<40 cm",0,0,NA
"E2","V2M3",11107,"40-80 cm",0,0,NA
"E2","V2M3",11107,"80-120 cm",0,0,NA
"E2","V2M3",11107,"120-160 cm",0,0,NA
"E2","V2M3",11107,"160-200 cm",0,0,NA
"E2","V2M3",11107,">200 cm",0,0,NA
"E2","V2M3",11108,"<40 cm",0,0,NA
"E2","V2M3",11108,"40-80 cm",0,0,NA
"E2","V2M3",11108,"80-120 cm",0,0,NA
"E2","V2M3",11108,"120-160 cm",0,0,NA
"E2","V2M3",11108,"160-200 cm",0,0,NA
"E2","V2M3",11108,">200 cm",0,0,NA
"E2","V2M3",11109,"<40 cm",0,0,NA
"E2","V2M3",11109,"40-80 cm",0,0,NA
"E2","V2M3",11109,"80-120 cm",0,0,NA
"E2","V2M3",11109,"120-160 cm",0,0,NA
"E2","V2M3",11109,"160-200 cm",0,0,NA
"E2","V2M3",11109,">200 cm",0,0,NA
"E2","V2M3",11110,"<40 cm",0,0,NA
"E2","V2M3",11110,"40-80 cm",0,0,NA
"E2","V2M3",11110,"80-120 cm",0,0,NA
"E2","V2M3",11110,"120-160 cm",0,0,NA
"E2","V2M3",11110,"160-200 cm",0,0,NA
"E2","V2M3",11110,">200 cm",0,0,NA
"E2","V2M3",12101,"<40 cm",0,0,NA
"E2","V2M3",12101,"40-80 cm",0,0,NA
"E2","V2M3",12101,"80-120 cm",0,0,NA
"E2","V2M3",12101,"120-160 cm",0,0,NA
"E2","V2M3",12101,"160-200 cm",0,0,NA
"E2","V2M3",12101,">200 cm",0,0,NA
"E2","V2M3",12102,"<40 cm",0,0,NA
"E2","V2M3",12102,"40-80 cm",0,0,NA
"E2","V2M3",12102,"80-120 cm",0,0,NA
"E2","V2M3",12102,"120-160 cm",0,0,NA
"E2","V2M3",12102,"160-200 cm",0,0,NA
"E2","V2M3",12102,">200 cm",0,0,NA
"E2","V2M3",12103,"<40 cm",0,0,NA
"E2","V2M3",12103,"40-80 cm",0,0,NA
"E2","V2M3",12103,"80-120 cm",0,0,NA
"E2","V2M3",12103,"120-160 cm",0,0,NA
"E2","V2M3",12103,"160-200 cm",0,0,NA
"E2","V2M3",12103,">200 cm",0,0,NA
"E2","V2M3",12104,"<40 cm",0,0,NA
"E2","V2M3",12104,"40-80 cm",0,0,NA
"E2","V2M3",12104,"80-120 cm",0,0,NA
"E2","V2M3",12104,"120-160 cm",0,0,NA
"E2","V2M3",12104,"160-200 cm",0,0,NA
"E2","V2M3",12104,">200 cm",0,0,NA
"E2","V2M3",12105,"<40 cm",0,0,NA
"E2","V2M3",12105,"40-80 cm",0,0,NA
"E2","V2M3",12105,"80-120 cm",0,0,NA
"E2","V2M3",12105,"120-160 cm",0,0,NA
"E2","V2M3",12105,"160-200 cm",0,0,NA
"E2","V2M3",12105,">200 cm",0,0,NA
"E2","V2M3",12106,"<40 cm",0,0,NA
"E2","V2M3",12106,"40-80 cm",0,0,NA
"E2","V2M3",12106,"80-120 cm",0,0,NA
"E2","V2M3",12106,"120-160 cm",0,0,NA
"E2","V2M3",12106,"160-200 cm",0,0,NA
"E2","V2M3",12106,">200 cm",0,0,NA
"E2","V2M3",12107,"<40 cm",0,0,NA
"E2","V2M3",12107,"40-80 cm",0,0,NA
"E2","V2M3",12107,"80-120 cm",0,0,NA
"E2","V2M3",12107,"120-160 cm",0,0,NA
"E2","V2M3",12107,"160-200 cm",0,0,NA
"E2","V2M3",12107,">200 cm",0,0,NA
"E2","V2M3",12108,"<40 cm",0,0,NA
"E2","V2M3",12108,"40-80 cm",0,0,NA
"E2","V2M3",12108,"80-120 cm",0,0,NA
"E2","V2M3",12108,"120-160 cm",0,0,NA
"E2","V2M3",12108,"160-200 cm",0,0,NA
"E2","V2M3",12108,">200 cm",0,0,NA
"E2","V2M3",12109,"<40 cm",0,0,NA
"E2","V2M3",12109,"40-80 cm",0,0,NA
"E2","V2M3",12109,"80-120 cm",0,0,NA
"E2","V2M3",12109,"120-160 cm",0,0,NA
"E2","V2M3",12109,"160-200 cm",0,0,NA
"E2","V2M3",12109,">200 cm",0,0,NA
"E2","V2M3",12110,"<40 cm",0,0,NA
"E2","V2M3",12110,"40-80 cm",0,0,NA
"E2","V2M3",12110,"80-120 cm",0,0,NA
"E2","V2M3",12110,"120-160 cm",0,0,NA
"E2","V2M3",12110,"160-200 cm",0,0,NA
"E2","V2M3",12110,">200 cm",0,0,NA
"E2","V2M3",13101,"<40 cm",0,0,NA
"E2","V2M3",13101,"40-80 cm",0,0,NA
"E2","V2M3",13101,"80-120 cm",0,0,NA
"E2","V2M3",13101,"120-160 cm",0,0,NA
"E2","V2M3",13101,"160-200 cm",0,0,NA
"E2","V2M3",13101,">200 cm",0,0,NA
"E2","V2M3",13102,"<40 cm",0,0,NA
"E2","V2M3",13102,"40-80 cm",0,0,NA
"E2","V2M3",13102,"80-120 cm",0,0,NA
"E2","V2M3",13102,"120-160 cm",0,0,NA
"E2","V2M3",13102,"160-200 cm",0,0,NA
"E2","V2M3",13102,">200 cm",0,0,NA
"E2","V2M3",13103,"<40 cm",0,0,NA
"E2","V2M3",13103,"40-80 cm",0,0,NA
"E2","V2M3",13103,"80-120 cm",0,0,NA
"E2","V2M3",13103,"120-160 cm",0,0,NA
"E2","V2M3",13103,"160-200 cm",0,0,NA
"E2","V2M3",13103,">200 cm",0,0,NA
"E2","V2M3",13104,"<40 cm",0,0,NA
"E2","V2M3",13104,"40-80 cm",0,0,NA
"E2","V2M3",13104,"80-120 cm",0,0,NA
"E2","V2M3",13104,"120-160 cm",0,0,NA
"E2","V2M3",13104,"160-200 cm",0,0,NA
"E2","V2M3",13104,">200 cm",0,0,NA
"E2","V2M3",13105,"<40 cm",0,0,NA
"E2","V2M3",13105,"40-80 cm",0,0,NA
"E2","V2M3",13105,"80-120 cm",0,0,NA
"E2","V2M3",13105,"120-160 cm",0,0,NA
"E2","V2M3",13105,"160-200 cm",0,0,NA
"E2","V2M3",13105,">200 cm",0,0,NA
"E2","V2M3",13106,"<40 cm",0,0,NA
"E2","V2M3",13106,"40-80 cm",0,0,NA
"E2","V2M3",13106,"80-120 cm",0,0,NA
"E2","V2M3",13106,"120-160 cm",0,0,NA
"E2","V2M3",13106,"160-200 cm",0,0,NA
"E2","V2M3",13106,">200 cm",0,0,NA
"E2","V2M3",13107,"<40 cm",0,0,NA
"E2","V2M3",13107,"40-80 cm",0,0,NA
"E2","V2M3",13107,"80-120 cm",0,0,NA
"E2","V2M3",13107,"120-160 cm",0,0,NA
"E2","V2M3",13107,"160-200 cm",0,0,NA
"E2","V2M3",13107,">200 cm",0,0,NA
"E2","V2M3",13108,"<40 cm",0,0,NA
"E2","V2M3",13108,"40-80 cm",0,0,NA
"E2","V2M3",13108,"80-120 cm",0,0,NA
"E2","V2M3",13108,"120-160 cm",0,0,NA
"E2","V2M3",13108,"160-200 cm",0,0,NA
"E2","V2M3",13108,">200 cm",0,0,NA
"E2","V2M3",13109,"<40 cm",0,0,NA
"E2","V2M3",13109,"40-80 cm",0,0,NA
"E2","V2M3",13109,"80-120 cm",0,0,NA
"E2","V2M3",13109,"120-160 cm",0,0,NA
"E2","V2M3",13109,"160-200 cm",0,0,NA
"E2","V2M3",13109,">200 cm",0,0,NA
"E2","V2M3",13110,"<40 cm",0,0,NA
"E2","V2M3",13110,"40-80 cm",0,0,NA
"E2","V2M3",13110,"80-120 cm",0,0,NA
"E2","V2M3",13110,"120-160 cm",0,0,NA
"E2","V2M3",13110,"160-200 cm",0,0,NA
"E2","V2M3",13110,">200 cm",0,0,NA
"E2","V2M3",14101,"<40 cm",0,0,NA
"E2","V2M3",14101,"40-80 cm",0,0,NA
"E2","V2M3",14101,"80-120 cm",0,0,NA
"E2","V2M3",14101,"120-160 cm",0,0,NA
"E2","V2M3",14101,"160-200 cm",0,0,NA
"E2","V2M3",14101,">200 cm",0,0,NA
"E2","V2M3",14102,"<40 cm",0,0,NA
"E2","V2M3",14102,"40-80 cm",0,0,NA
"E2","V2M3",14102,"80-120 cm",0,0,NA
"E2","V2M3",14102,"120-160 cm",0,0,NA
"E2","V2M3",14102,"160-200 cm",0,0,NA
"E2","V2M3",14102,">200 cm",0,0,NA
"E2","V2M3",14103,"<40 cm",0,0,NA
"E2","V2M3",14103,"40-80 cm",0,0,NA
"E2","V2M3",14103,"80-120 cm",0,0,NA
"E2","V2M3",14103,"120-160 cm",0,0,NA
"E2","V2M3",14103,"160-200 cm",0,0,NA
"E2","V2M3",14103,">200 cm",0,0,NA
"E2","V2M3",14104,"<40 cm",0,0,NA
"E2","V2M3",14104,"40-80 cm",0,0,NA
"E2","V2M3",14104,"80-120 cm",0,0,NA
"E2","V2M3",14104,"120-160 cm",0,0,NA
"E2","V2M3",14104,"160-200 cm",0,0,NA
"E2","V2M3",14104,">200 cm",0,0,NA
"E2","V2M3",14105,"<40 cm",0,0,NA
"E2","V2M3",14105,"40-80 cm",0,0,NA
"E2","V2M3",14105,"80-120 cm",0,0,NA
"E2","V2M3",14105,"120-160 cm",0,0,NA
"E2","V2M3",14105,"160-200 cm",0,0,NA
"E2","V2M3",14105,">200 cm",0,0,NA
"E2","V2M3",14106,"<40 cm",0,0,NA
"E2","V2M3",14106,"40-80 cm",0,0,NA
"E2","V2M3",14106,"80-120 cm",0,0,NA
"E2","V2M3",14106,"120-160 cm",0,0,NA
"E2","V2M3",14106,"160-200 cm",0,0,NA
"E2","V2M3",14106,">200 cm",0,0,NA
"E2","V2M3",14107,"<40 cm",0,0,NA
"E2","V2M3",14107,"40-80 cm",0,0,NA
"E2","V2M3",14107,"80-120 cm",0,0,NA
"E2","V2M3",14107,"120-160 cm",0,0,NA
"E2","V2M3",14107,"160-200 cm",0,0,NA
"E2","V2M3",14107,">200 cm",0,0,NA
"E2","V2M3",14108,"<40 cm",0,0,NA
"E2","V2M3",14108,"40-80 cm",0,0,NA
"E2","V2M3",14108,"80-120 cm",0,0,NA
"E2","V2M3",14108,"120-160 cm",0,0,NA
"E2","V2M3",14108,"160-200 cm",0,0,NA
"E2","V2M3",14108,">200 cm",0,0,NA
"E2","V2M3",14109,"<40 cm",0,0,NA
"E2","V2M3",14109,"40-80 cm",0,0,NA
"E2","V2M3",14109,"80-120 cm",0,0,NA
"E2","V2M3",14109,"120-160 cm",0,0,NA
"E2","V2M3",14109,"160-200 cm",0,0,NA
"E2","V2M3",14109,">200 cm",0,0,NA
"E2","V2M3",14110,"<40 cm",0,0,NA
"E2","V2M3",14110,"40-80 cm",0,0,NA
"E2","V2M3",14110,"80-120 cm",0,0,NA
"E2","V2M3",14110,"120-160 cm",0,0,NA
"E2","V2M3",14110,"160-200 cm",0,0,NA
"E2","V2M3",14110,">200 cm",0,0,NA
"E2","V2M3",15101,"<40 cm",0,0,NA
"E2","V2M3",15101,"40-80 cm",0,0,NA
"E2","V2M3",15101,"80-120 cm",0,0,NA
"E2","V2M3",15101,"120-160 cm",0,0,NA
"E2","V2M3",15101,"160-200 cm",0,0,NA
"E2","V2M3",15101,">200 cm",0,0,NA
"E2","V2M3",15102,"<40 cm",0,0,NA
"E2","V2M3",15102,"40-80 cm",0,0,NA
"E2","V2M3",15102,"80-120 cm",0,0,NA
"E2","V2M3",15102,"120-160 cm",0,0,NA
"E2","V2M3",15102,"160-200 cm",0,0,NA
"E2","V2M3",15102,">200 cm",0,0,NA
"E2","V2M3",15103,"<40 cm",0,0,NA
"E2","V2M3",15103,"40-80 cm",0,0,NA
"E2","V2M3",15103,"80-120 cm",0,0,NA
"E2","V2M3",15103,"120-160 cm",0,0,NA
"E2","V2M3",15103,"160-200 cm",0,0,NA
"E2","V2M3",15103,">200 cm",0,0,NA
"E2","V2M3",15104,"<40 cm",0,0,NA
"E2","V2M3",15104,"40-80 cm",0,0,NA
"E2","V2M3",15104,"80-120 cm",0,0,NA
"E2","V2M3",15104,"120-160 cm",0,0,NA
"E2","V2M3",15104,"160-200 cm",0,0,NA
"E2","V2M3",15104,">200 cm",0,0,NA
"E2","V2M3",15105,"<40 cm",0,0,NA
"E2","V2M3",15105,"40-80 cm",0,0,NA
"E2","V2M3",15105,"80-120 cm",0,0,NA
"E2","V2M3",15105,"120-160 cm",0,0,NA
"E2","V2M3",15105,"160-200 cm",0,0,NA
"E2","V2M3",15105,">200 cm",0,0,NA
"E2","V2M3",15106,"<40 cm",0,0,NA
"E2","V2M3",15106,"40-80 cm",0,0,NA
"E2","V2M3",15106,"80-120 cm",0,0,NA
"E2","V2M3",15106,"120-160 cm",0,0,NA
"E2","V2M3",15106,"160-200 cm",0,0,NA
"E2","V2M3",15106,">200 cm",0,0,NA
"E2","V2M3",15107,"<40 cm",0,0,NA
"E2","V2M3",15107,"40-80 cm",0,0,NA
"E2","V2M3",15107,"80-120 cm",0,0,NA
"E2","V2M3",15107,"120-160 cm",0,0,NA
"E2","V2M3",15107,"160-200 cm",0,0,NA
"E2","V2M3",15107,">200 cm",0,0,NA
"E2","V2M3",15108,"<40 cm",0,0,NA
"E2","V2M3",15108,"40-80 cm",0,0,NA
"E2","V2M3",15108,"80-120 cm",0,0,NA
"E2","V2M3",15108,"120-160 cm",0,0,NA
"E2","V2M3",15108,"160-200 cm",0,0,NA
"E2","V2M3",15108,">200 cm",0,0,NA
"E2","V2M3",15109,"<40 cm",0,0,NA
"E2","V2M3",15109,"40-80 cm",0,0,NA
"E2","V2M3",15109,"80-120 cm",0,0,NA
"E2","V2M3",15109,"120-160 cm",0,0,NA
"E2","V2M3",15109,"160-200 cm",0,0,NA
"E2","V2M3",15109,">200 cm",0,0,NA
"E2","V2M3",15110,"<40 cm",0,0,NA
"E2","V2M3",15110,"40-80 cm",0,0,NA
"E2","V2M3",15110,"80-120 cm",0,0,NA
"E2","V2M3",15110,"120-160 cm",0,0,NA
"E2","V2M3",15110,"160-200 cm",0,0,NA
"E2","V2M3",15110,">200 cm",0,0,NA
"E2","V2M3",16101,"<40 cm",0,0,NA
"E2","V2M3",16101,"40-80 cm",0,0,NA
"E2","V2M3",16101,"80-120 cm",0,0,NA
"E2","V2M3",16101,"120-160 cm",0,0,NA
"E2","V2M3",16101,"160-200 cm",0,0,NA
"E2","V2M3",16101,">200 cm",0,0,NA
"E2","V2M3",16102,"<40 cm",0,0,NA
"E2","V2M3",16102,"40-80 cm",0,0,NA
"E2","V2M3",16102,"80-120 cm",0,0,NA
"E2","V2M3",16102,"120-160 cm",0,0,NA
"E2","V2M3",16102,"160-200 cm",0,0,NA
"E2","V2M3",16102,">200 cm",0,0,NA
"E2","V2M3",16103,"<40 cm",0,0,NA
"E2","V2M3",16103,"40-80 cm",0,0,NA
"E2","V2M3",16103,"80-120 cm",0,0,NA
"E2","V2M3",16103,"120-160 cm",0,0,NA
"E2","V2M3",16103,"160-200 cm",0,0,NA
"E2","V2M3",16103,">200 cm",0,0,NA
"E2","V2M3",16104,"<40 cm",0,0,NA
"E2","V2M3",16104,"40-80 cm",0,0,NA
"E2","V2M3",16104,"80-120 cm",0,0,NA
"E2","V2M3",16104,"120-160 cm",0,0,NA
"E2","V2M3",16104,"160-200 cm",0,0,NA
"E2","V2M3",16104,">200 cm",0,0,NA
"E2","V2M3",16105,"<40 cm",0,0,NA
"E2","V2M3",16105,"40-80 cm",0,0,NA
"E2","V2M3",16105,"80-120 cm",0,0,NA
"E2","V2M3",16105,"120-160 cm",0,0,NA
"E2","V2M3",16105,"160-200 cm",0,0,NA
"E2","V2M3",16105,">200 cm",0,0,NA
"E2","V2M3",16106,"<40 cm",0,0,NA
"E2","V2M3",16106,"40-80 cm",0,0,NA
"E2","V2M3",16106,"80-120 cm",0,0,NA
"E2","V2M3",16106,"120-160 cm",0,0,NA
"E2","V2M3",16106,"160-200 cm",0,0,NA
"E2","V2M3",16106,">200 cm",0,0,NA
"E2","V2M3",16107,"<40 cm",0,0,NA
"E2","V2M3",16107,"40-80 cm",0,0,NA
"E2","V2M3",16107,"80-120 cm",0,0,NA
"E2","V2M3",16107,"120-160 cm",0,0,NA
"E2","V2M3",16107,"160-200 cm",0,0,NA
"E2","V2M3",16107,">200 cm",0,0,NA
"E2","V2M3",16108,"<40 cm",0,0,NA
"E2","V2M3",16108,"40-80 cm",0,0,NA
"E2","V2M3",16108,"80-120 cm",0,0,NA
"E2","V2M3",16108,"120-160 cm",0,0,NA
"E2","V2M3",16108,"160-200 cm",0,0,NA
"E2","V2M3",16108,">200 cm",0,0,NA
"E2","V2M3",16109,"<40 cm",0,0,NA
"E2","V2M3",16109,"40-80 cm",0,0,NA
"E2","V2M3",16109,"80-120 cm",0,0,NA
"E2","V2M3",16109,"120-160 cm",0,0,NA
"E2","V2M3",16109,"160-200 cm",0,0,NA
"E2","V2M3",16109,">200 cm",0,0,NA
"E2","V2M3",16110,"<40 cm",0,0,NA
"E2","V2M3",16110,"40-80 cm",0,0,NA
"E2","V2M3",16110,"80-120 cm",0,0,NA
"E2","V2M3",16110,"120-160 cm",0,0,NA
"E2","V2M3",16110,"160-200 cm",0,0,NA
"E2","V2M3",16110,">200 cm",0,0,NA
"E2","V2M3",17101,"<40 cm",0,0,NA
"E2","V2M3",17101,"40-80 cm",0,0,NA
"E2","V2M3",17101,"80-120 cm",0,0,NA
"E2","V2M3",17101,"120-160 cm",0,0,NA
"E2","V2M3",17101,"160-200 cm",0,0,NA
"E2","V2M3",17101,">200 cm",0,0,NA
"E2","V2M3",17102,"<40 cm",0,0,NA
"E2","V2M3",17102,"40-80 cm",0,0,NA
"E2","V2M3",17102,"80-120 cm",0,0,NA
"E2","V2M3",17102,"120-160 cm",0,0,NA
"E2","V2M3",17102,"160-200 cm",0,0,NA
"E2","V2M3",17102,">200 cm",0,0,NA
"E2","V2M3",17103,"<40 cm",0,0,NA
"E2","V2M3",17103,"40-80 cm",0,0,NA
"E2","V2M3",17103,"80-120 cm",0,0,NA
"E2","V2M3",17103,"120-160 cm",0,0,NA
"E2","V2M3",17103,"160-200 cm",0,0,NA
"E2","V2M3",17103,">200 cm",0,0,NA
"E2","V2M3",17104,"<40 cm",0,0,NA
"E2","V2M3",17104,"40-80 cm",0,0,NA
"E2","V2M3",17104,"80-120 cm",0,0,NA
"E2","V2M3",17104,"120-160 cm",0,0,NA
"E2","V2M3",17104,"160-200 cm",0,0,NA
"E2","V2M3",17104,">200 cm",0,0,NA
"E2","V2M3",17105,"<40 cm",0,0,NA
"E2","V2M3",17105,"40-80 cm",0,0,NA
"E2","V2M3",17105,"80-120 cm",0,0,NA
"E2","V2M3",17105,"120-160 cm",0,0,NA
"E2","V2M3",17105,"160-200 cm",0,0,NA
"E2","V2M3",17105,">200 cm",0,0,NA
"E2","V2M3",17106,"<40 cm",0,0,NA
"E2","V2M3",17106,"40-80 cm",0,0,NA
"E2","V2M3",17106,"80-120 cm",0,0,NA
"E2","V2M3",17106,"120-160 cm",0,0,NA
"E2","V2M3",17106,"160-200 cm",0,0,NA
"E2","V2M3",17106,">200 cm",0,0,NA
"E2","V2M3",17107,"<40 cm",0,0,NA
"E2","V2M3",17107,"40-80 cm",0,0,NA
"E2","V2M3",17107,"80-120 cm",0,0,NA
"E2","V2M3",17107,"120-160 cm",0,0,NA
"E2","V2M3",17107,"160-200 cm",0,0,NA
"E2","V2M3",17107,">200 cm",0,0,NA
"E2","V2M3",17108,"<40 cm",0,0,NA
"E2","V2M3",17108,"40-80 cm",0,0,NA
"E2","V2M3",17108,"80-120 cm",0,0,NA
"E2","V2M3",17108,"120-160 cm",0,0,NA
"E2","V2M3",17108,"160-200 cm",0,0,NA
"E2","V2M3",17108,">200 cm",0,0,NA
"E2","V2M3",17109,"<40 cm",0,0,NA
"E2","V2M3",17109,"40-80 cm",0,0,NA
"E2","V2M3",17109,"80-120 cm",0,0,NA
"E2","V2M3",17109,"120-160 cm",0,0,NA
"E2","V2M3",17109,"160-200 cm",0,0,NA
"E2","V2M3",17109,">200 cm",0,0,NA
"E2","V2M3",17110,"<40 cm",0,0,NA
"E2","V2M3",17110,"40-80 cm",0,0,NA
"E2","V2M3",17110,"80-120 cm",0,0,NA
"E2","V2M3",17110,"120-160 cm",0,0,NA
"E2","V2M3",17110,"160-200 cm",0,0,NA
"E2","V2M3",17110,">200 cm",0,0,NA
"E2","V2M3",18101,"<40 cm",0,0,NA
"E2","V2M3",18101,"40-80 cm",0,0,NA
"E2","V2M3",18101,"80-120 cm",0,0,NA
"E2","V2M3",18101,"120-160 cm",0,0,NA
"E2","V2M3",18101,"160-200 cm",0,0,NA
"E2","V2M3",18101,">200 cm",0,0,NA
"E2","V2M3",18102,"<40 cm",0,0,NA
"E2","V2M3",18102,"40-80 cm",0,0,NA
"E2","V2M3",18102,"80-120 cm",0,0,NA
"E2","V2M3",18102,"120-160 cm",0,0,NA
"E2","V2M3",18102,"160-200 cm",0,0,NA
"E2","V2M3",18102,">200 cm",0,0,NA
"E2","V2M3",18103,"<40 cm",0,0,NA
"E2","V2M3",18103,"40-80 cm",0,0,NA
"E2","V2M3",18103,"80-120 cm",0,0,NA
"E2","V2M3",18103,"120-160 cm",0,0,NA
"E2","V2M3",18103,"160-200 cm",0,0,NA
"E2","V2M3",18103,">200 cm",0,0,NA
"E2","V2M3",18104,"<40 cm",0,0,NA
"E2","V2M3",18104,"40-80 cm",0,0,NA
"E2","V2M3",18104,"80-120 cm",0,0,NA
"E2","V2M3",18104,"120-160 cm",0,0,NA
"E2","V2M3",18104,"160-200 cm",0,0,NA
"E2","V2M3",18104,">200 cm",0,0,NA
"E2","V2M3",18105,"<40 cm",0,0,NA
"E2","V2M3",18105,"40-80 cm",0,0,NA
"E2","V2M3",18105,"80-120 cm",0,0,NA
"E2","V2M3",18105,"120-160 cm",0,0,NA
"E2","V2M3",18105,"160-200 cm",0,0,NA
"E2","V2M3",18105,">200 cm",0,0,NA
"E2","V2M3",18106,"<40 cm",0,0,NA
"E2","V2M3",18106,"40-80 cm",0,0,NA
"E2","V2M3",18106,"80-120 cm",0,0,NA
"E2","V2M3",18106,"120-160 cm",0,0,NA
"E2","V2M3",18106,"160-200 cm",0,0,NA
"E2","V2M3",18106,">200 cm",0,0,NA
"E2","V2M3",18107,"<40 cm",0,0,NA
"E2","V2M3",18107,"40-80 cm",0,0,NA
"E2","V2M3",18107,"80-120 cm",0,0,NA
"E2","V2M3",18107,"120-160 cm",0,0,NA
"E2","V2M3",18107,"160-200 cm",0,0,NA
"E2","V2M3",18107,">200 cm",0,0,NA
"E2","V2M3",18108,"<40 cm",0,0,NA
"E2","V2M3",18108,"40-80 cm",0,0,NA
"E2","V2M3",18108,"80-120 cm",0,0,NA
"E2","V2M3",18108,"120-160 cm",0,0,NA
"E2","V2M3",18108,"160-200 cm",0,0,NA
"E2","V2M3",18108,">200 cm",0,0,NA
"E2","V2M3",18109,"<40 cm",0,0,NA
"E2","V2M3",18109,"40-80 cm",0,0,NA
"E2","V2M3",18109,"80-120 cm",0,0,NA
"E2","V2M3",18109,"120-160 cm",0,0,NA
"E2","V2M3",18109,"160-200 cm",0,0,NA
"E2","V2M3",18109,">200 cm",0,0,NA
"E2","V2M3",18110,"<40 cm",0,0,NA
"E2","V2M3",18110,"40-80 cm",0,0,NA
"E2","V2M3",18110,"80-120 cm",0,0,NA
"E2","V2M3",18110,"120-160 cm",0,0,NA
"E2","V2M3",18110,"160-200 cm",0,0,NA
"E2","V2M3",18110,">200 cm",0,0,NA
"E2","V2M3",19101,"<40 cm",0,0,NA
"E2","V2M3",19101,"40-80 cm",0,0,NA
"E2","V2M3",19101,"80-120 cm",0,0,NA
"E2","V2M3",19101,"120-160 cm",0,0,NA
"E2","V2M3",19101,"160-200 cm",0,0,NA
"E2","V2M3",19101,">200 cm",0,0,NA
"E2","V2M3",19102,"<40 cm",0,0,NA
"E2","V2M3",19102,"40-80 cm",0,0,NA
"E2","V2M3",19102,"80-120 cm",0,0,NA
"E2","V2M3",19102,"120-160 cm",0,0,NA
"E2","V2M3",19102,"160-200 cm",0,0,NA
"E2","V2M3",19102,">200 cm",0,0,NA
"E2","V2M3",19103,"<40 cm",0,0,NA
"E2","V2M3",19103,"40-80 cm",0,0,NA
"E2","V2M3",19103,"80-120 cm",0,0,NA
"E2","V2M3",19103,"120-160 cm",0,0,NA
"E2","V2M3",19103,"160-200 cm",0,0,NA
"E2","V2M3",19103,">200 cm",0,0,NA
"E2","V2M3",19104,"<40 cm",0,0,NA
"E2","V2M3",19104,"40-80 cm",0,0,NA
"E2","V2M3",19104,"80-120 cm",0,0,NA
"E2","V2M3",19104,"120-160 cm",0,0,NA
"E2","V2M3",19104,"160-200 cm",0,0,NA
"E2","V2M3",19104,">200 cm",0,0,NA
"E2","V2M3",19105,"<40 cm",0,0,NA
"E2","V2M3",19105,"40-80 cm",0,0,NA
"E2","V2M3",19105,"80-120 cm",0,0,NA
"E2","V2M3",19105,"120-160 cm",0,0,NA
"E2","V2M3",19105,"160-200 cm",0,0,NA
"E2","V2M3",19105,">200 cm",0,0,NA
"E2","V2M3",19106,"<40 cm",0,0,NA
"E2","V2M3",19106,"40-80 cm",0,0,NA
"E2","V2M3",19106,"80-120 cm",0,0,NA
"E2","V2M3",19106,"120-160 cm",0,0,NA
"E2","V2M3",19106,"160-200 cm",0,0,NA
"E2","V2M3",19106,">200 cm",0,0,NA
"E2","V2M3",19107,"<40 cm",0,0,NA
"E2","V2M3",19107,"40-80 cm",0,0,NA
"E2","V2M3",19107,"80-120 cm",0,0,NA
"E2","V2M3",19107,"120-160 cm",0,0,NA
"E2","V2M3",19107,"160-200 cm",0,0,NA
"E2","V2M3",19107,">200 cm",0,0,NA
"E2","V2M3",19108,"<40 cm",0,0,NA
"E2","V2M3",19108,"40-80 cm",0,0,NA
"E2","V2M3",19108,"80-120 cm",0,0,NA
"E2","V2M3",19108,"120-160 cm",0,0,NA
"E2","V2M3",19108,"160-200 cm",0,0,NA
"E2","V2M3",19108,">200 cm",0,0,NA
"E2","V2M3",19109,"<40 cm",0,0,NA
"E2","V2M3",19109,"40-80 cm",0,0,NA
"E2","V2M3",19109,"80-120 cm",0,0,NA
"E2","V2M3",19109,"120-160 cm",0,0,NA
"E2","V2M3",19109,"160-200 cm",0,0,NA
"E2","V2M3",19109,">200 cm",0,0,NA
"E2","V2M3",19110,"<40 cm",0,0,NA
"E2","V2M3",19110,"40-80 cm",0,0,NA
"E2","V2M3",19110,"80-120 cm",0,0,NA
"E2","V2M3",19110,"120-160 cm",0,0,NA
"E2","V2M3",19110,"160-200 cm",0,0,NA
"E2","V2M3",19110,">200 cm",0,0,NA
"E2","V2M3",20101,"<40 cm",0,0,NA
"E2","V2M3",20101,"40-80 cm",0,0,NA
"E2","V2M3",20101,"80-120 cm",0,0,NA
"E2","V2M3",20101,"120-160 cm",0,0,NA
"E2","V2M3",20101,"160-200 cm",0,0,NA
"E2","V2M3",20101,">200 cm",0,0,NA
"E2","V2M3",20102,"<40 cm",0,0,NA
"E2","V2M3",20102,"40-80 cm",0,0,NA
"E2","V2M3",20102,"80-120 cm",0,0,NA
"E2","V2M3",20102,"120-160 cm",0,0,NA
"E2","V2M3",20102,"160-200 cm",0,0,NA
"E2","V2M3",20102,">200 cm",0,0,NA
"E2","V2M3",20103,"<40 cm",0,0,NA
"E2","V2M3",20103,"40-80 cm",0,0,NA
"E2","V2M3",20103,"80-120 cm",0,0,NA
"E2","V2M3",20103,"120-160 cm",0,0,NA
"E2","V2M3",20103,"160-200 cm",0,0,NA
"E2","V2M3",20103,">200 cm",0,0,NA
"E2","V2M3",20104,"<40 cm",0,0,NA
"E2","V2M3",20104,"40-80 cm",0,0,NA
"E2","V2M3",20104,"80-120 cm",0,0,NA
"E2","V2M3",20104,"120-160 cm",0,0,NA
"E2","V2M3",20104,"160-200 cm",0,0,NA
"E2","V2M3",20104,">200 cm",0,0,NA
"E2","V2M3",20105,"<40 cm",0,0,NA
"E2","V2M3",20105,"40-80 cm",0,0,NA
"E2","V2M3",20105,"80-120 cm",0,0,NA
"E2","V2M3",20105,"120-160 cm",0,0,NA
"E2","V2M3",20105,"160-200 cm",0,0,NA
"E2","V2M3",20105,">200 cm",0,0,NA
"E2","V2M3",20106,"<40 cm",0,0,NA
"E2","V2M3",20106,"40-80 cm",0,0,NA
"E2","V2M3",20106,"80-120 cm",0,0,NA
"E2","V2M3",20106,"120-160 cm",0,0,NA
"E2","V2M3",20106,"160-200 cm",0,0,NA
"E2","V2M3",20106,">200 cm",0,0,NA
"E2","V2M3",20107,"<40 cm",0,0,NA
"E2","V2M3",20107,"40-80 cm",0,0,NA
"E2","V2M3",20107,"80-120 cm",0,0,NA
"E2","V2M3",20107,"120-160 cm",0,0,NA
"E2","V2M3",20107,"160-200 cm",0,0,NA
"E2","V2M3",20107,">200 cm",0,0,NA
"E2","V2M3",20108,"<40 cm",0,0,NA
"E2","V2M3",20108,"40-80 cm",0,0,NA
"E2","V2M3",20108,"80-120 cm",0,0,NA
"E2","V2M3",20108,"120-160 cm",0,0,NA
"E2","V2M3",20108,"160-200 cm",0,0,NA
"E2","V2M3",20108,">200 cm",0,0,NA
"E2","V2M3",20109,"<40 cm",0,0,NA
"E2","V2M3",20109,"40-80 cm",0,0,NA
"E2","V2M3",20109,"80-120 cm",0,0,NA
"E2","V2M3",20109,"120-160 cm",0,0,NA
"E2","V2M3",20109,"160-200 cm",0,0,NA
"E2","V2M3",20109,">200 cm",0,0,NA
"E2","V2M3",20110,"<40 cm",0,0,NA
"E2","V2M3",20110,"40-80 cm",0,0,NA
"E2","V2M3",20110,"80-120 cm",0,0,NA
"E2","V2M3",20110,"120-160 cm",0,0,NA
"E2","V2M3",20110,"160-200 cm",0,0,NA
"E2","V2M3",20110,">200 cm",0,0,NA
"E2","V2M3",21101,"<40 cm",0,0,NA
"E2","V2M3",21101,"40-80 cm",0,0,NA
"E2","V2M3",21101,"80-120 cm",0,0,NA
"E2","V2M3",21101,"120-160 cm",0,0,NA
"E2","V2M3",21101,"160-200 cm",0,0,NA
"E2","V2M3",21101,">200 cm",0,0,NA
"E2","V2M3",21102,"<40 cm",0,0,NA
"E2","V2M3",21102,"40-80 cm",0,0,NA
"E2","V2M3",21102,"80-120 cm",0,0,NA
"E2","V2M3",21102,"120-160 cm",0,0,NA
"E2","V2M3",21102,"160-200 cm",0,0,NA
"E2","V2M3",21102,">200 cm",0,0,NA
"E2","V2M3",21103,"<40 cm",0,0,NA
"E2","V2M3",21103,"40-80 cm",0,0,NA
"E2","V2M3",21103,"80-120 cm",0,0,NA
"E2","V2M3",21103,"120-160 cm",0,0,NA
"E2","V2M3",21103,"160-200 cm",0,0,NA
"E2","V2M3",21103,">200 cm",0,0,NA
"E2","V2M3",21104,"<40 cm",0,0,NA
"E2","V2M3",21104,"40-80 cm",0,0,NA
"E2","V2M3",21104,"80-120 cm",0,0,NA
"E2","V2M3",21104,"120-160 cm",0,0,NA
"E2","V2M3",21104,"160-200 cm",0,0,NA
"E2","V2M3",21104,">200 cm",0,0,NA
"E2","V2M3",21105,"<40 cm",0,0,NA
"E2","V2M3",21105,"40-80 cm",0,0,NA
"E2","V2M3",21105,"80-120 cm",0,0,NA
"E2","V2M3",21105,"120-160 cm",0,0,NA
"E2","V2M3",21105,"160-200 cm",0,0,NA
"E2","V2M3",21105,">200 cm",0,0,NA
"E2","V2M3",21106,"<40 cm",0,0,NA
"E2","V2M3",21106,"40-80 cm",0,0,NA
"E2","V2M3",21106,"80-120 cm",0,0,NA
"E2","V2M3",21106,"120-160 cm",0,0,NA
"E2","V2M3",21106,"160-200 cm",0,0,NA
"E2","V2M3",21106,">200 cm",0,0,NA
"E2","V2M3",21107,"<40 cm",0,0,NA
"E2","V2M3",21107,"40-80 cm",0,0,NA
"E2","V2M3",21107,"80-120 cm",0,0,NA
"E2","V2M3",21107,"120-160 cm",0,0,NA
"E2","V2M3",21107,"160-200 cm",0,0,NA
"E2","V2M3",21107,">200 cm",0,0,NA
"E2","V2M3",21108,"<40 cm",0,0,NA
"E2","V2M3",21108,"40-80 cm",0,0,NA
"E2","V2M3",21108,"80-120 cm",0,0,NA
"E2","V2M3",21108,"120-160 cm",0,0,NA
"E2","V2M3",21108,"160-200 cm",0,0,NA
"E2","V2M3",21108,">200 cm",0,0,NA
"E2","V2M3",21109,"<40 cm",0,0,NA
"E2","V2M3",21109,"40-80 cm",0,0,NA
"E2","V2M3",21109,"80-120 cm",0,0,NA
"E2","V2M3",21109,"120-160 cm",0,0,NA
"E2","V2M3",21109,"160-200 cm",0,0,NA
"E2","V2M3",21109,">200 cm",0,0,NA
"E2","V2M3",21110,"<40 cm",0,0,NA
"E2","V2M3",21110,"40-80 cm",0,0,NA
"E2","V2M3",21110,"80-120 cm",0,0,NA
"E2","V2M3",21110,"120-160 cm",0,0,NA
"E2","V2M3",21110,"160-200 cm",0,0,NA
"E2","V2M3",21110,">200 cm",0,0,NA
"E2","V2M3",22101,"<40 cm",0,0,NA
"E2","V2M3",22101,"40-80 cm",0,0,NA
"E2","V2M3",22101,"80-120 cm",0,0,NA
"E2","V2M3",22101,"120-160 cm",0,0,NA
"E2","V2M3",22101,"160-200 cm",0,0,NA
"E2","V2M3",22101,">200 cm",0,0,NA
"E2","V2M3",22102,"<40 cm",0,0,NA
"E2","V2M3",22102,"40-80 cm",0,0,NA
"E2","V2M3",22102,"80-120 cm",0,0,NA
"E2","V2M3",22102,"120-160 cm",0,0,NA
"E2","V2M3",22102,"160-200 cm",0,0,NA
"E2","V2M3",22102,">200 cm",0,0,NA
"E2","V2M3",22103,"<40 cm",0,0,NA
"E2","V2M3",22103,"40-80 cm",0,0,NA
"E2","V2M3",22103,"80-120 cm",0,0,NA
"E2","V2M3",22103,"120-160 cm",0,0,NA
"E2","V2M3",22103,"160-200 cm",0,0,NA
"E2","V2M3",22103,">200 cm",0,0,NA
"E2","V2M3",22104,"<40 cm",0,0,NA
"E2","V2M3",22104,"40-80 cm",0,0,NA
"E2","V2M3",22104,"80-120 cm",0,0,NA
"E2","V2M3",22104,"120-160 cm",0,0,NA
"E2","V2M3",22104,"160-200 cm",0,0,NA
"E2","V2M3",22104,">200 cm",0,0,NA
"E2","V2M3",22105,"<40 cm",0,0,NA
"E2","V2M3",22105,"40-80 cm",0,0,NA
"E2","V2M3",22105,"80-120 cm",0,0,NA
"E2","V2M3",22105,"120-160 cm",0,0,NA
"E2","V2M3",22105,"160-200 cm",0,0,NA
"E2","V2M3",22105,">200 cm",0,0,NA
"E2","V2M3",22106,"<40 cm",0,0,NA
"E2","V2M3",22106,"40-80 cm",0,0,NA
"E2","V2M3",22106,"80-120 cm",0,0,NA
"E2","V2M3",22106,"120-160 cm",0,0,NA
"E2","V2M3",22106,"160-200 cm",0,0,NA
"E2","V2M3",22106,">200 cm",0,0,NA
"E2","V2M3",22107,"<40 cm",0,0,NA
"E2","V2M3",22107,"40-80 cm",0,0,NA
"E2","V2M3",22107,"80-120 cm",0,0,NA
"E2","V2M3",22107,"120-160 cm",0,0,NA
"E2","V2M3",22107,"160-200 cm",0,0,NA
"E2","V2M3",22107,">200 cm",0,0,NA
"E2","V2M3",22108,"<40 cm",0,0,NA
"E2","V2M3",22108,"40-80 cm",0,0,NA
"E2","V2M3",22108,"80-120 cm",0,0,NA
"E2","V2M3",22108,"120-160 cm",0,0,NA
"E2","V2M3",22108,"160-200 cm",0,0,NA
"E2","V2M3",22108,">200 cm",0,0,NA
"E2","V2M3",22109,"<40 cm",0,0,NA
"E2","V2M3",22109,"40-80 cm",0,0,NA
"E2","V2M3",22109,"80-120 cm",0,0,NA
"E2","V2M3",22109,"120-160 cm",0,0,NA
"E2","V2M3",22109,"160-200 cm",0,0,NA
"E2","V2M3",22109,">200 cm",0,0,NA
"E2","V2M3",22110,"<40 cm",0,0,NA
"E2","V2M3",22110,"40-80 cm",0,0,NA
"E2","V2M3",22110,"80-120 cm",0,0,NA
"E2","V2M3",22110,"120-160 cm",0,0,NA
"E2","V2M3",22110,"160-200 cm",0,0,NA
"E2","V2M3",22110,">200 cm",0,0,NA
"E2","V2M3",23101,"<40 cm",0,0,NA
"E2","V2M3",23101,"40-80 cm",0,0,NA
"E2","V2M3",23101,"80-120 cm",0,0,NA
"E2","V2M3",23101,"120-160 cm",0,0,NA
"E2","V2M3",23101,"160-200 cm",0,0,NA
"E2","V2M3",23101,">200 cm",0,0,NA
"E2","V2M3",23102,"<40 cm",0,0,NA
"E2","V2M3",23102,"40-80 cm",0,0,NA
"E2","V2M3",23102,"80-120 cm",0,0,NA
"E2","V2M3",23102,"120-160 cm",0,0,NA
"E2","V2M3",23102,"160-200 cm",0,0,NA
"E2","V2M3",23102,">200 cm",0,0,NA
"E2","V2M3",23103,"<40 cm",0,0,NA
"E2","V2M3",23103,"40-80 cm",0,0,NA
"E2","V2M3",23103,"80-120 cm",0,0,NA
"E2","V2M3",23103,"120-160 cm",0,0,NA
"E2","V2M3",23103,"160-200 cm",0,0,NA
"E2","V2M3",23103,">200 cm",0,0,NA
"E2","V2M3",23104,"<40 cm",0,0,NA
"E2","V2M3",23104,"40-80 cm",0,0,NA
"E2","V2M3",23104,"80-120 cm",0,0,NA
"E2","V2M3",23104,"120-160 cm",0,0,NA
"E2","V2M3",23104,"160-200 cm",0,0,NA
"E2","V2M3",23104,">200 cm",0,0,NA
"E2","V2M3",23105,"<40 cm",0,0,NA
"E2","V2M3",23105,"40-80 cm",0,0,NA
"E2","V2M3",23105,"80-120 cm",0,0,NA
"E2","V2M3",23105,"120-160 cm",0,0,NA
"E2","V2M3",23105,"160-200 cm",0,0,NA
"E2","V2M3",23105,">200 cm",0,0,NA
"E2","V2M3",23106,"<40 cm",0,0,NA
"E2","V2M3",23106,"40-80 cm",0,0,NA
"E2","V2M3",23106,"80-120 cm",0,0,NA
"E2","V2M3",23106,"120-160 cm",0,0,NA
"E2","V2M3",23106,"160-200 cm",0,0,NA
"E2","V2M3",23106,">200 cm",0,0,NA
"E2","V2M3",23107,"<40 cm",0,0,NA
"E2","V2M3",23107,"40-80 cm",0,0,NA
"E2","V2M3",23107,"80-120 cm",0,0,NA
"E2","V2M3",23107,"120-160 cm",0,0,NA
"E2","V2M3",23107,"160-200 cm",0,0,NA
"E2","V2M3",23107,">200 cm",0,0,NA
"E2","V2M3",23108,"<40 cm",0,0,NA
"E2","V2M3",23108,"40-80 cm",0,0,NA
"E2","V2M3",23108,"80-120 cm",0,0,NA
"E2","V2M3",23108,"120-160 cm",0,0,NA
"E2","V2M3",23108,"160-200 cm",0,0,NA
"E2","V2M3",23108,">200 cm",0,0,NA
"E2","V2M3",23109,"<40 cm",0,0,NA
"E2","V2M3",23109,"40-80 cm",0,0,NA
"E2","V2M3",23109,"80-120 cm",0,0,NA
"E2","V2M3",23109,"120-160 cm",0,0,NA
"E2","V2M3",23109,"160-200 cm",0,0,NA
"E2","V2M3",23109,">200 cm",0,0,NA
"E2","V2M3",23110,"<40 cm",0,0,NA
"E2","V2M3",23110,"40-80 cm",0,0,NA
"E2","V2M3",23110,"80-120 cm",0,0,NA
"E2","V2M3",23110,"120-160 cm",0,0,NA
"E2","V2M3",23110,"160-200 cm",0,0,NA
"E2","V2M3",23110,">200 cm",0,0,NA
"E2","V2M3",24101,"<40 cm",0,0,NA
"E2","V2M3",24101,"40-80 cm",0,0,NA
"E2","V2M3",24101,"80-120 cm",0,0,NA
"E2","V2M3",24101,"120-160 cm",0,0,NA
"E2","V2M3",24101,"160-200 cm",0,0,NA
"E2","V2M3",24101,">200 cm",0,0,NA
"E2","V2M3",24102,"<40 cm",0,0,NA
"E2","V2M3",24102,"40-80 cm",0,0,NA
"E2","V2M3",24102,"80-120 cm",0,0,NA
"E2","V2M3",24102,"120-160 cm",0,0,NA
"E2","V2M3",24102,"160-200 cm",0,0,NA
"E2","V2M3",24102,">200 cm",0,0,NA
"E2","V2M3",24103,"<40 cm",0,0,NA
"E2","V2M3",24103,"40-80 cm",0,0,NA
"E2","V2M3",24103,"80-120 cm",0,0,NA
"E2","V2M3",24103,"120-160 cm",0,0,NA
"E2","V2M3",24103,"160-200 cm",0,0,NA
"E2","V2M3",24103,">200 cm",0,0,NA
"E2","V2M3",24104,"<40 cm",0,0,NA
"E2","V2M3",24104,"40-80 cm",0,0,NA
"E2","V2M3",24104,"80-120 cm",0,0,NA
"E2","V2M3",24104,"120-160 cm",0,0,NA
"E2","V2M3",24104,"160-200 cm",0,0,NA
"E2","V2M3",24104,">200 cm",0,0,NA
"E2","V2M3",24105,"<40 cm",0,0,NA
"E2","V2M3",24105,"40-80 cm",0,0,NA
"E2","V2M3",24105,"80-120 cm",0,0,NA
"E2","V2M3",24105,"120-160 cm",0,0,NA
"E2","V2M3",24105,"160-200 cm",0,0,NA
"E2","V2M3",24105,">200 cm",0,0,NA
"E2","V2M3",24106,"<40 cm",0,0,NA
"E2","V2M3",24106,"40-80 cm",0,0,NA
"E2","V2M3",24106,"80-120 cm",0,0,NA
"E2","V2M3",24106,"120-160 cm",0,0,NA
"E2","V2M3",24106,"160-200 cm",0,0,NA
"E2","V2M3",24106,">200 cm",0,0,NA
"E2","V2M3",24107,"<40 cm",0,0,NA
"E2","V2M3",24107,"40-80 cm",0,0,NA
"E2","V2M3",24107,"80-120 cm",0,0,NA
"E2","V2M3",24107,"120-160 cm",0,0,NA
"E2","V2M3",24107,"160-200 cm",0,0,NA
"E2","V2M3",24107,">200 cm",0,0,NA
"E2","V2M3",24108,"<40 cm",0,0,NA
"E2","V2M3",24108,"40-80 cm",0,0,NA
"E2","V2M3",24108,"80-120 cm",0,0,NA
"E2","V2M3",24108,"120-160 cm",0,0,NA
"E2","V2M3",24108,"160-200 cm",0,0,NA
"E2","V2M3",24108,">200 cm",0,0,NA
"E2","V2M3",24109,"<40 cm",0,0,NA
"E2","V2M3",24109,"40-80 cm",0,0,NA
"E2","V2M3",24109,"80-120 cm",0,0,NA
"E2","V2M3",24109,"120-160 cm",0,0,NA
"E2","V2M3",24109,"160-200 cm",0,0,NA
"E2","V2M3",24109,">200 cm",0,0,NA
"E2","V2M3",24110,"<40 cm",0,0,NA
"E2","V2M3",24110,"40-80 cm",0,0,NA
"E2","V2M3",24110,"80-120 cm",0,0,NA
"E2","V2M3",24110,"120-160 cm",0,0,NA
"E2","V2M3",24110,"160-200 cm",0,0,NA
"E2","V2M3",24110,">200 cm",0,0,NA
"E2","V2M3",25101,"<40 cm",0,0,NA
"E2","V2M3",25101,"40-80 cm",0,0,NA
"E2","V2M3",25101,"80-120 cm",0,0,NA
"E2","V2M3",25101,"120-160 cm",0,0,NA
"E2","V2M3",25101,"160-200 cm",0,0,NA
"E2","V2M3",25101,">200 cm",0,0,NA
"E2","V2M3",25102,"<40 cm",0,0,NA
"E2","V2M3",25102,"40-80 cm",0,0,NA
"E2","V2M3",25102,"80-120 cm",0,0,NA
"E2","V2M3",25102,"120-160 cm",0,0,NA
"E2","V2M3",25102,"160-200 cm",0,0,NA
"E2","V2M3",25102,">200 cm",0,0,NA
"E2","V2M3",25103,"<40 cm",0,0,NA
"E2","V2M3",25103,"40-80 cm",0,0,NA
"E2","V2M3",25103,"80-120 cm",0,0,NA
"E2","V2M3",25103,"120-160 cm",0,0,NA
"E2","V2M3",25103,"160-200 cm",0,0,NA
"E2","V2M3",25103,">200 cm",0,0,NA
"E2","V2M3",25104,"<40 cm",0,0,NA
"E2","V2M3",25104,"40-80 cm",0,0,NA
"E2","V2M3",25104,"80-120 cm",0,0,NA
"E2","V2M3",25104,"120-160 cm",0,0,NA
"E2","V2M3",25104,"160-200 cm",0,0,NA
"E2","V2M3",25104,">200 cm",0,0,NA
"E2","V2M3",25105,"<40 cm",0,0,NA
"E2","V2M3",25105,"40-80 cm",0,0,NA
"E2","V2M3",25105,"80-120 cm",0,0,NA
"E2","V2M3",25105,"120-160 cm",0,0,NA
"E2","V2M3",25105,"160-200 cm",0,0,NA
"E2","V2M3",25105,">200 cm",0,0,NA
"E2","V2M3",25106,"<40 cm",0,0,NA
"E2","V2M3",25106,"40-80 cm",0,0,NA
"E2","V2M3",25106,"80-120 cm",0,0,NA
"E2","V2M3",25106,"120-160 cm",0,0,NA
"E2","V2M3",25106,"160-200 cm",0,0,NA
"E2","V2M3",25106,">200 cm",0,0,NA
"E2","V2M3",25107,"<40 cm",0,0,NA
"E2","V2M3",25107,"40-80 cm",0,0,NA
"E2","V2M3",25107,"80-120 cm",0,0,NA
"E2","V2M3",25107,"120-160 cm",0,0,NA
"E2","V2M3",25107,"160-200 cm",0,0,NA
"E2","V2M3",25107,">200 cm",0,0,NA
"E2","V2M3",25108,"<40 cm",0,0,NA
"E2","V2M3",25108,"40-80 cm",0,0,NA
"E2","V2M3",25108,"80-120 cm",0,0,NA
"E2","V2M3",25108,"120-160 cm",0,0,NA
"E2","V2M3",25108,"160-200 cm",0,0,NA
"E2","V2M3",25108,">200 cm",0,0,NA
"E2","V2M3",25109,"<40 cm",0,0,NA
"E2","V2M3",25109,"40-80 cm",0,0,NA
"E2","V2M3",25109,"80-120 cm",0,0,NA
"E2","V2M3",25109,"120-160 cm",0,0,NA
"E2","V2M3",25109,"160-200 cm",0,0,NA
"E2","V2M3",25109,">200 cm",0,0,NA
"E2","V2M3",25110,"<40 cm",0,0,NA
"E2","V2M3",25110,"40-80 cm",0,0,NA
"E2","V2M3",25110,"80-120 cm",0,0,NA
"E2","V2M3",25110,"120-160 cm",0,0,NA
"E2","V2M3",25110,"160-200 cm",0,0,NA
"E2","V2M3",25110,">200 cm",0,0,NA
"E2","V2M3",26101,"<40 cm",0,0,NA
"E2","V2M3",26101,"40-80 cm",0,0,NA
"E2","V2M3",26101,"80-120 cm",0,0,NA
"E2","V2M3",26101,"120-160 cm",0,0,NA
"E2","V2M3",26101,"160-200 cm",0,0,NA
"E2","V2M3",26101,">200 cm",0,0,NA
"E2","V2M3",26102,"<40 cm",0,0,NA
"E2","V2M3",26102,"40-80 cm",0,0,NA
"E2","V2M3",26102,"80-120 cm",0,0,NA
"E2","V2M3",26102,"120-160 cm",0,0,NA
"E2","V2M3",26102,"160-200 cm",0,0,NA
"E2","V2M3",26102,">200 cm",0,0,NA
"E2","V2M3",26103,"<40 cm",0,0,NA
"E2","V2M3",26103,"40-80 cm",0,0,NA
"E2","V2M3",26103,"80-120 cm",0,0,NA
"E2","V2M3",26103,"120-160 cm",0,0,NA
"E2","V2M3",26103,"160-200 cm",0,0,NA
"E2","V2M3",26103,">200 cm",0,0,NA
"E2","V2M3",26104,"<40 cm",0,0,NA
"E2","V2M3",26104,"40-80 cm",0,0,NA
"E2","V2M3",26104,"80-120 cm",0,0,NA
"E2","V2M3",26104,"120-160 cm",0,0,NA
"E2","V2M3",26104,"160-200 cm",0,0,NA
"E2","V2M3",26104,">200 cm",0,0,NA
"E2","V2M3",26105,"<40 cm",0,0,NA
"E2","V2M3",26105,"40-80 cm",0,0,NA
"E2","V2M3",26105,"80-120 cm",0,0,NA
"E2","V2M3",26105,"120-160 cm",0,0,NA
"E2","V2M3",26105,"160-200 cm",0,0,NA
"E2","V2M3",26105,">200 cm",0,0,NA
"E2","V2M3",26106,"<40 cm",0,0,NA
"E2","V2M3",26106,"40-80 cm",0,0,NA
"E2","V2M3",26106,"80-120 cm",0,0,NA
"E2","V2M3",26106,"120-160 cm",0,0,NA
"E2","V2M3",26106,"160-200 cm",0,0,NA
"E2","V2M3",26106,">200 cm",0,0,NA
"E2","V2M3",26107,"<40 cm",0,0,NA
"E2","V2M3",26107,"40-80 cm",0,0,NA
"E2","V2M3",26107,"80-120 cm",0,0,NA
"E2","V2M3",26107,"120-160 cm",0,0,NA
"E2","V2M3",26107,"160-200 cm",0,0,NA
"E2","V2M3",26107,">200 cm",0,0,NA
"E2","V2M3",26108,"<40 cm",0,0,NA
"E2","V2M3",26108,"40-80 cm",0,0,NA
"E2","V2M3",26108,"80-120 cm",0,0,NA
"E2","V2M3",26108,"120-160 cm",0,0,NA
"E2","V2M3",26108,"160-200 cm",0,0,NA
"E2","V2M3",26108,">200 cm",0,0,NA
"E2","V2M3",26109,"<40 cm",0,0,NA
"E2","V2M3",26109,"40-80 cm",0,0,NA
"E2","V2M3",26109,"80-120 cm",0,0,NA
"E2","V2M3",26109,"120-160 cm",0,0,NA
"E2","V2M3",26109,"160-200 cm",0,0,NA
"E2","V2M3",26109,">200 cm",0,0,NA
"E2","V2M3",26110,"<40 cm",0,0,NA
"E2","V2M3",26110,"40-80 cm",0,0,NA
"E2","V2M3",26110,"80-120 cm",0,0,NA
"E2","V2M3",26110,"120-160 cm",0,0,NA
"E2","V2M3",26110,"160-200 cm",0,0,NA
"E2","V2M3",26110,">200 cm",0,0,NA
"E2","V2M3",27101,"<40 cm",0,0,NA
"E2","V2M3",27101,"40-80 cm",0,0,NA
"E2","V2M3",27101,"80-120 cm",0,0,NA
"E2","V2M3",27101,"120-160 cm",0,0,NA
"E2","V2M3",27101,"160-200 cm",0,0,NA
"E2","V2M3",27101,">200 cm",0,0,NA
"E2","V2M3",27102,"<40 cm",0,0,NA
"E2","V2M3",27102,"40-80 cm",0,0,NA
"E2","V2M3",27102,"80-120 cm",0,0,NA
"E2","V2M3",27102,"120-160 cm",0,0,NA
"E2","V2M3",27102,"160-200 cm",0,0,NA
"E2","V2M3",27102,">200 cm",0,0,NA
"E2","V2M3",27103,"<40 cm",0,0,NA
"E2","V2M3",27103,"40-80 cm",0,0,NA
"E2","V2M3",27103,"80-120 cm",0,0,NA
"E2","V2M3",27103,"120-160 cm",0,0,NA
"E2","V2M3",27103,"160-200 cm",0,0,NA
"E2","V2M3",27103,">200 cm",0,0,NA
"E2","V2M3",27104,"<40 cm",0,0,NA
"E2","V2M3",27104,"40-80 cm",0,0,NA
"E2","V2M3",27104,"80-120 cm",0,0,NA
"E2","V2M3",27104,"120-160 cm",0,0,NA
"E2","V2M3",27104,"160-200 cm",0,0,NA
"E2","V2M3",27104,">200 cm",0,0,NA
"E2","V2M3",27105,"<40 cm",0,0,NA
"E2","V2M3",27105,"40-80 cm",0,0,NA
"E2","V2M3",27105,"80-120 cm",0,0,NA
"E2","V2M3",27105,"120-160 cm",0,0,NA
"E2","V2M3",27105,"160-200 cm",0,0,NA
"E2","V2M3",27105,">200 cm",0,0,NA
"E2","V2M3",27106,"<40 cm",0,0,NA
"E2","V2M3",27106,"40-80 cm",0,0,NA
"E2","V2M3",27106,"80-120 cm",0,0,NA
"E2","V2M3",27106,"120-160 cm",0,0,NA
"E2","V2M3",27106,"160-200 cm",0,0,NA
"E2","V2M3",27106,">200 cm",0,0,NA
"E2","V2M3",27107,"<40 cm",0,0,NA
"E2","V2M3",27107,"40-80 cm",0,0,NA
"E2","V2M3",27107,"80-120 cm",0,0,NA
"E2","V2M3",27107,"120-160 cm",0,0,NA
"E2","V2M3",27107,"160-200 cm",0,0,NA
"E2","V2M3",27107,">200 cm",0,0,NA
"E2","V2M3",27108,"<40 cm",0,0,NA
"E2","V2M3",27108,"40-80 cm",0,0,NA
"E2","V2M3",27108,"80-120 cm",0,0,NA
"E2","V2M3",27108,"120-160 cm",0,0,NA
"E2","V2M3",27108,"160-200 cm",0,0,NA
"E2","V2M3",27108,">200 cm",0,0,NA
"E2","V2M3",27109,"<40 cm",0,0,NA
"E2","V2M3",27109,"40-80 cm",0,0,NA
"E2","V2M3",27109,"80-120 cm",0,0,NA
"E2","V2M3",27109,"120-160 cm",0,0,NA
"E2","V2M3",27109,"160-200 cm",0,0,NA
"E2","V2M3",27109,">200 cm",0,0,NA
"E2","V2M3",27110,"<40 cm",0,0,NA
"E2","V2M3",27110,"40-80 cm",0,0,NA
"E2","V2M3",27110,"80-120 cm",0,0,NA
"E2","V2M3",27110,"120-160 cm",0,0,NA
"E2","V2M3",27110,"160-200 cm",0,0,NA
"E2","V2M3",27110,">200 cm",0,0,NA
"E2","V2M3",28101,"<40 cm",0,0,NA
"E2","V2M3",28101,"40-80 cm",0,0,NA
"E2","V2M3",28101,"80-120 cm",0,0,NA
"E2","V2M3",28101,"120-160 cm",0,0,NA
"E2","V2M3",28101,"160-200 cm",0,0,NA
"E2","V2M3",28101,">200 cm",0,0,NA
"E2","V2M3",28102,"<40 cm",0,0,NA
"E2","V2M3",28102,"40-80 cm",0,0,NA
"E2","V2M3",28102,"80-120 cm",0,0,NA
"E2","V2M3",28102,"120-160 cm",0,0,NA
"E2","V2M3",28102,"160-200 cm",0,0,NA
"E2","V2M3",28102,">200 cm",0,0,NA
"E2","V2M3",28103,"<40 cm",0,0,NA
"E2","V2M3",28103,"40-80 cm",0,0,NA
"E2","V2M3",28103,"80-120 cm",0,0,NA
"E2","V2M3",28103,"120-160 cm",0,0,NA
"E2","V2M3",28103,"160-200 cm",0,0,NA
"E2","V2M3",28103,">200 cm",0,0,NA
"E2","V2M3",28104,"<40 cm",0,0,NA
"E2","V2M3",28104,"40-80 cm",0,0,NA
"E2","V2M3",28104,"80-120 cm",0,0,NA
"E2","V2M3",28104,"120-160 cm",0,0,NA
"E2","V2M3",28104,"160-200 cm",0,0,NA
"E2","V2M3",28104,">200 cm",0,0,NA
"E2","V2M3",28105,"<40 cm",0,0,NA
"E2","V2M3",28105,"40-80 cm",0,0,NA
"E2","V2M3",28105,"80-120 cm",0,0,NA
"E2","V2M3",28105,"120-160 cm",0,0,NA
"E2","V2M3",28105,"160-200 cm",0,0,NA
"E2","V2M3",28105,">200 cm",0,0,NA
"E2","V2M3",28106,"<40 cm",0,0,NA
"E2","V2M3",28106,"40-80 cm",0,0,NA
"E2","V2M3",28106,"80-120 cm",0,0,NA
"E2","V2M3",28106,"120-160 cm",0,0,NA
"E2","V2M3",28106,"160-200 cm",0,0,NA
"E2","V2M3",28106,">200 cm",0,0,NA
"E2","V2M3",28107,"<40 cm",0,0,NA
"E2","V2M3",28107,"40-80 cm",0,0,NA
"E2","V2M3",28107,"80-120 cm",0,0,NA
"E2","V2M3",28107,"120-160 cm",0,0,NA
"E2","V2M3",28107,"160-200 cm",0,0,NA
"E2","V2M3",28107,">200 cm",0,0,NA
"E2","V2M3",28108,"<40 cm",0,0,NA
"E2","V2M3",28108,"40-80 cm",0,0,NA
"E2","V2M3",28108,"80-120 cm",0,0,NA
"E2","V2M3",28108,"120-160 cm",0,0,NA
"E2","V2M3",28108,"160-200 cm",0,0,NA
"E2","V2M3",28108,">200 cm",0,0,NA
"E2","V2M3",28109,"<40 cm",0,0,NA
"E2","V2M3",28109,"40-80 cm",0,0,NA
"E2","V2M3",28109,"80-120 cm",0,0,NA
"E2","V2M3",28109,"120-160 cm",0,0,NA
"E2","V2M3",28109,"160-200 cm",0,0,NA
"E2","V2M3",28109,">200 cm",0,0,NA
"E2","V2M3",28110,"<40 cm",0,0,NA
"E2","V2M3",28110,"40-80 cm",0,0,NA
"E2","V2M3",28110,"80-120 cm",0,0,NA
"E2","V2M3",28110,"120-160 cm",0,0,NA
"E2","V2M3",28110,"160-200 cm",0,0,NA
"E2","V2M3",28110,">200 cm",0,0,NA
"E2","V2M3",29101,"<40 cm",0,0,NA
"E2","V2M3",29101,"40-80 cm",0,0,NA
"E2","V2M3",29101,"80-120 cm",0,0,NA
"E2","V2M3",29101,"120-160 cm",0,0,NA
"E2","V2M3",29101,"160-200 cm",0,0,NA
"E2","V2M3",29101,">200 cm",0,0,NA
"E2","V2M3",29102,"<40 cm",0,0,NA
"E2","V2M3",29102,"40-80 cm",0,0,NA
"E2","V2M3",29102,"80-120 cm",0,0,NA
"E2","V2M3",29102,"120-160 cm",0,0,NA
"E2","V2M3",29102,"160-200 cm",0,0,NA
"E2","V2M3",29102,">200 cm",0,0,NA
"E2","V2M3",29103,"<40 cm",0,0,NA
"E2","V2M3",29103,"40-80 cm",0,0,NA
"E2","V2M3",29103,"80-120 cm",0,0,NA
"E2","V2M3",29103,"120-160 cm",0,0,NA
"E2","V2M3",29103,"160-200 cm",0,0,NA
"E2","V2M3",29103,">200 cm",0,0,NA
"E2","V2M3",29104,"<40 cm",0,0,NA
"E2","V2M3",29104,"40-80 cm",0,0,NA
"E2","V2M3",29104,"80-120 cm",0,0,NA
"E2","V2M3",29104,"120-160 cm",0,0,NA
"E2","V2M3",29104,"160-200 cm",0,0,NA
"E2","V2M3",29104,">200 cm",0,0,NA
"E2","V2M3",29105,"<40 cm",0,0,NA
"E2","V2M3",29105,"40-80 cm",0,0,NA
"E2","V2M3",29105,"80-120 cm",0,0,NA
"E2","V2M3",29105,"120-160 cm",0,0,NA
"E2","V2M3",29105,"160-200 cm",0,0,NA
"E2","V2M3",29105,">200 cm",0,0,NA
"E2","V2M3",29106,"<40 cm",0,0,NA
"E2","V2M3",29106,"40-80 cm",0,0,NA
"E2","V2M3",29106,"80-120 cm",0,0,NA
"E2","V2M3",29106,"120-160 cm",0,0,NA
"E2","V2M3",29106,"160-200 cm",0,0,NA
"E2","V2M3",29106,">200 cm",0,0,NA
"E2","V2M3",29107,"<40 cm",0,0,NA
"E2","V2M3",29107,"40-80 cm",0,0,NA
"E2","V2M3",29107,"80-120 cm",0,0,NA
"E2","V2M3",29107,"120-160 cm",0,0,NA
"E2","V2M3",29107,"160-200 cm",0,0,NA
"E2","V2M3",29107,">200 cm",0,0,NA
"E2","V2M3",29108,"<40 cm",0,0,NA
"E2","V2M3",29108,"40-80 cm",0,0,NA
"E2","V2M3",29108,"80-120 cm",0,0,NA
"E2","V2M3",29108,"120-160 cm",0,0,NA
"E2","V2M3",29108,"160-200 cm",0,0,NA
"E2","V2M3",29108,">200 cm",0,0,NA
"E2","V2M3",29109,"<40 cm",0,0,NA
"E2","V2M3",29109,"40-80 cm",0,0,NA
"E2","V2M3",29109,"80-120 cm",0,0,NA
"E2","V2M3",29109,"120-160 cm",0,0,NA
"E2","V2M3",29109,"160-200 cm",0,0,NA
"E2","V2M3",29109,">200 cm",0,0,NA
"E2","V2M3",29110,"<40 cm",0,0,NA
"E2","V2M3",29110,"40-80 cm",0,0,NA
"E2","V2M3",29110,"80-120 cm",0,0,NA
"E2","V2M3",29110,"120-160 cm",0,0,NA
"E2","V2M3",29110,"160-200 cm",0,0,NA
"E2","V2M3",29110,">200 cm",0,0,NA
"E2","V2M3",30101,"<40 cm",0,0,NA
"E2","V2M3",30101,"40-80 cm",0,0,NA
"E2","V2M3",30101,"80-120 cm",0,0,NA
"E2","V2M3",30101,"120-160 cm",0,0,NA
"E2","V2M3",30101,"160-200 cm",0,0,NA
"E2","V2M3",30101,">200 cm",0,0,NA
"E2","V2M3",30102,"<40 cm",0,0,NA
"E2","V2M3",30102,"40-80 cm",0,0,NA
"E2","V2M3",30102,"80-120 cm",0,0,NA
"E2","V2M3",30102,"120-160 cm",0,0,NA
"E2","V2M3",30102,"160-200 cm",0,0,NA
"E2","V2M3",30102,">200 cm",0,0,NA
"E2","V2M3",30103,"<40 cm",0,0,NA
"E2","V2M3",30103,"40-80 cm",0,0,NA
"E2","V2M3",30103,"80-120 cm",0,0,NA
"E2","V2M3",30103,"120-160 cm",0,0,NA
"E2","V2M3",30103,"160-200 cm",0,0,NA
"E2","V2M3",30103,">200 cm",0,0,NA
"E2","V2M3",30104,"<40 cm",0,0,NA
"E2","V2M3",30104,"40-80 cm",0,0,NA
"E2","V2M3",30104,"80-120 cm",0,0,NA
"E2","V2M3",30104,"120-160 cm",0,0,NA
"E2","V2M3",30104,"160-200 cm",0,0,NA
"E2","V2M3",30104,">200 cm",0,0,NA
"E2","V2M3",30105,"<40 cm",0,0,NA
"E2","V2M3",30105,"40-80 cm",0,0,NA
"E2","V2M3",30105,"80-120 cm",0,0,NA
"E2","V2M3",30105,"120-160 cm",0,0,NA
"E2","V2M3",30105,"160-200 cm",0,0,NA
"E2","V2M3",30105,">200 cm",0,0,NA
"E2","V2M3",30106,"<40 cm",0,0,NA
"E2","V2M3",30106,"40-80 cm",0,0,NA
"E2","V2M3",30106,"80-120 cm",0,0,NA
"E2","V2M3",30106,"120-160 cm",0,0,NA
"E2","V2M3",30106,"160-200 cm",0,0,NA
"E2","V2M3",30106,">200 cm",0,0,NA
"E2","V2M3",30107,"<40 cm",0,0,NA
"E2","V2M3",30107,"40-80 cm",0,0,NA
"E2","V2M3",30107,"80-120 cm",0,0,NA
"E2","V2M3",30107,"120-160 cm",0,0,NA
"E2","V2M3",30107,"160-200 cm",0,0,NA
"E2","V2M3",30107,">200 cm",0,0,NA
"E2","V2M3",30108,"<40 cm",0,0,NA
"E2","V2M3",30108,"40-80 cm",0,0,NA
"E2","V2M3",30108,"80-120 cm",0,0,NA
"E2","V2M3",30108,"120-160 cm",0,0,NA
"E2","V2M3",30108,"160-200 cm",0,0,NA
"E2","V2M3",30108,">200 cm",0,0,NA
"E2","V2M3",30109,"<40 cm",0,0,NA
"E2","V2M3",30109,"40-80 cm",0,0,NA
"E2","V2M3",30109,"80-120 cm",0,0,NA
"E2","V2M3",30109,"120-160 cm",0,0,NA
"E2","V2M3",30109,"160-200 cm",0,0,NA
"E2","V2M3",30109,">200 cm",0,0,NA
"E2","V2M3",30110,"<40 cm",0,0,NA
"E2","V2M3",30110,"40-80 cm",0,0,NA
"E2","V2M3",30110,"80-120 cm",0,0,NA
"E2","V2M3",30110,"120-160 cm",0,0,NA
"E2","V2M3",30110,"160-200 cm",0,0,NA
"E2","V2M3",30110,">200 cm",0,0,NA
"E2","V2M4",1101,"<40 cm",185,250,0.74
"E2","V2M4",1101,"40-80 cm",9,250,0.036
"E2","V2M4",1101,"80-120 cm",3,250,0.012
"E2","V2M4",1101,"120-160 cm",4,250,0.016
"E2","V2M4",1101,"160-200 cm",3,250,0.012
"E2","V2M4",1101,">200 cm",46,250,0.184
"E2","V2M4",1102,"<40 cm",176,250,0.704
"E2","V2M4",1102,"40-80 cm",3,250,0.012
"E2","V2M4",1102,"80-120 cm",5,250,0.02
"E2","V2M4",1102,"120-160 cm",5,250,0.02
"E2","V2M4",1102,"160-200 cm",3,250,0.012
"E2","V2M4",1102,">200 cm",58,250,0.232
"E2","V2M4",1103,"<40 cm",185,250,0.74
"E2","V2M4",1103,"40-80 cm",6,250,0.024
"E2","V2M4",1103,"80-120 cm",4,250,0.016
"E2","V2M4",1103,"120-160 cm",7,250,0.028
"E2","V2M4",1103,"160-200 cm",6,250,0.024
"E2","V2M4",1103,">200 cm",42,250,0.168
"E2","V2M4",1104,"<40 cm",0,0,NA
"E2","V2M4",1104,"40-80 cm",0,0,NA
"E2","V2M4",1104,"80-120 cm",0,0,NA
"E2","V2M4",1104,"120-160 cm",0,0,NA
"E2","V2M4",1104,"160-200 cm",0,0,NA
"E2","V2M4",1104,">200 cm",0,0,NA
"E2","V2M4",1105,"<40 cm",0,0,NA
"E2","V2M4",1105,"40-80 cm",0,0,NA
"E2","V2M4",1105,"80-120 cm",0,0,NA
"E2","V2M4",1105,"120-160 cm",0,0,NA
"E2","V2M4",1105,"160-200 cm",0,0,NA
"E2","V2M4",1105,">200 cm",0,0,NA
"E2","V2M4",1106,"<40 cm",0,0,NA
"E2","V2M4",1106,"40-80 cm",0,0,NA
"E2","V2M4",1106,"80-120 cm",0,0,NA
"E2","V2M4",1106,"120-160 cm",0,0,NA
"E2","V2M4",1106,"160-200 cm",0,0,NA
"E2","V2M4",1106,">200 cm",0,0,NA
"E2","V2M4",1107,"<40 cm",0,0,NA
"E2","V2M4",1107,"40-80 cm",0,0,NA
"E2","V2M4",1107,"80-120 cm",0,0,NA
"E2","V2M4",1107,"120-160 cm",0,0,NA
"E2","V2M4",1107,"160-200 cm",0,0,NA
"E2","V2M4",1107,">200 cm",0,0,NA
"E2","V2M4",1108,"<40 cm",0,0,NA
"E2","V2M4",1108,"40-80 cm",0,0,NA
"E2","V2M4",1108,"80-120 cm",0,0,NA
"E2","V2M4",1108,"120-160 cm",0,0,NA
"E2","V2M4",1108,"160-200 cm",0,0,NA
"E2","V2M4",1108,">200 cm",0,0,NA
"E2","V2M4",1109,"<40 cm",0,0,NA
"E2","V2M4",1109,"40-80 cm",0,0,NA
"E2","V2M4",1109,"80-120 cm",0,0,NA
"E2","V2M4",1109,"120-160 cm",0,0,NA
"E2","V2M4",1109,"160-200 cm",0,0,NA
"E2","V2M4",1109,">200 cm",0,0,NA
"E2","V2M4",1110,"<40 cm",0,0,NA
"E2","V2M4",1110,"40-80 cm",0,0,NA
"E2","V2M4",1110,"80-120 cm",0,0,NA
"E2","V2M4",1110,"120-160 cm",0,0,NA
"E2","V2M4",1110,"160-200 cm",0,0,NA
"E2","V2M4",1110,">200 cm",0,0,NA
"E2","V2M4",2101,"<40 cm",200,250,0.8
"E2","V2M4",2101,"40-80 cm",9,250,0.036
"E2","V2M4",2101,"80-120 cm",2,250,0.008
"E2","V2M4",2101,"120-160 cm",6,250,0.024
"E2","V2M4",2101,"160-200 cm",7,250,0.028
"E2","V2M4",2101,">200 cm",26,250,0.104
"E2","V2M4",2102,"<40 cm",185,250,0.74
"E2","V2M4",2102,"40-80 cm",3,250,0.012
"E2","V2M4",2102,"80-120 cm",8,250,0.032
"E2","V2M4",2102,"120-160 cm",7,250,0.028
"E2","V2M4",2102,"160-200 cm",9,250,0.036
"E2","V2M4",2102,">200 cm",38,250,0.152
"E2","V2M4",2103,"<40 cm",196,250,0.784
"E2","V2M4",2103,"40-80 cm",3,250,0.012
"E2","V2M4",2103,"80-120 cm",5,250,0.02
"E2","V2M4",2103,"120-160 cm",9,250,0.036
"E2","V2M4",2103,"160-200 cm",5,250,0.02
"E2","V2M4",2103,">200 cm",32,250,0.128
"E2","V2M4",2104,"<40 cm",0,0,NA
"E2","V2M4",2104,"40-80 cm",0,0,NA
"E2","V2M4",2104,"80-120 cm",0,0,NA
"E2","V2M4",2104,"120-160 cm",0,0,NA
"E2","V2M4",2104,"160-200 cm",0,0,NA
"E2","V2M4",2104,">200 cm",0,0,NA
"E2","V2M4",2105,"<40 cm",0,0,NA
"E2","V2M4",2105,"40-80 cm",0,0,NA
"E2","V2M4",2105,"80-120 cm",0,0,NA
"E2","V2M4",2105,"120-160 cm",0,0,NA
"E2","V2M4",2105,"160-200 cm",0,0,NA
"E2","V2M4",2105,">200 cm",0,0,NA
"E2","V2M4",2106,"<40 cm",0,0,NA
"E2","V2M4",2106,"40-80 cm",0,0,NA
"E2","V2M4",2106,"80-120 cm",0,0,NA
"E2","V2M4",2106,"120-160 cm",0,0,NA
"E2","V2M4",2106,"160-200 cm",0,0,NA
"E2","V2M4",2106,">200 cm",0,0,NA
"E2","V2M4",2107,"<40 cm",0,0,NA
"E2","V2M4",2107,"40-80 cm",0,0,NA
"E2","V2M4",2107,"80-120 cm",0,0,NA
"E2","V2M4",2107,"120-160 cm",0,0,NA
"E2","V2M4",2107,"160-200 cm",0,0,NA
"E2","V2M4",2107,">200 cm",0,0,NA
"E2","V2M4",2108,"<40 cm",0,0,NA
"E2","V2M4",2108,"40-80 cm",0,0,NA
"E2","V2M4",2108,"80-120 cm",0,0,NA
"E2","V2M4",2108,"120-160 cm",0,0,NA
"E2","V2M4",2108,"160-200 cm",0,0,NA
"E2","V2M4",2108,">200 cm",0,0,NA
"E2","V2M4",2109,"<40 cm",0,0,NA
"E2","V2M4",2109,"40-80 cm",0,0,NA
"E2","V2M4",2109,"80-120 cm",0,0,NA
"E2","V2M4",2109,"120-160 cm",0,0,NA
"E2","V2M4",2109,"160-200 cm",0,0,NA
"E2","V2M4",2109,">200 cm",0,0,NA
"E2","V2M4",2110,"<40 cm",0,0,NA
"E2","V2M4",2110,"40-80 cm",0,0,NA
"E2","V2M4",2110,"80-120 cm",0,0,NA
"E2","V2M4",2110,"120-160 cm",0,0,NA
"E2","V2M4",2110,"160-200 cm",0,0,NA
"E2","V2M4",2110,">200 cm",0,0,NA
"E2","V2M4",3101,"<40 cm",192,250,0.768
"E2","V2M4",3101,"40-80 cm",5,250,0.02
"E2","V2M4",3101,"80-120 cm",4,250,0.016
"E2","V2M4",3101,"120-160 cm",4,250,0.016
"E2","V2M4",3101,"160-200 cm",3,250,0.012
"E2","V2M4",3101,">200 cm",42,250,0.168
"E2","V2M4",3102,"<40 cm",177,250,0.708
"E2","V2M4",3102,"40-80 cm",2,250,0.008
"E2","V2M4",3102,"80-120 cm",6,250,0.024
"E2","V2M4",3102,"120-160 cm",7,250,0.028
"E2","V2M4",3102,"160-200 cm",4,250,0.016
"E2","V2M4",3102,">200 cm",54,250,0.216
"E2","V2M4",3103,"<40 cm",188,250,0.752
"E2","V2M4",3103,"40-80 cm",6,250,0.024
"E2","V2M4",3103,"80-120 cm",3,250,0.012
"E2","V2M4",3103,"120-160 cm",8,250,0.032
"E2","V2M4",3103,"160-200 cm",4,250,0.016
"E2","V2M4",3103,">200 cm",41,250,0.164
"E2","V2M4",3104,"<40 cm",0,0,NA
"E2","V2M4",3104,"40-80 cm",0,0,NA
"E2","V2M4",3104,"80-120 cm",0,0,NA
"E2","V2M4",3104,"120-160 cm",0,0,NA
"E2","V2M4",3104,"160-200 cm",0,0,NA
"E2","V2M4",3104,">200 cm",0,0,NA
"E2","V2M4",3105,"<40 cm",0,0,NA
"E2","V2M4",3105,"40-80 cm",0,0,NA
"E2","V2M4",3105,"80-120 cm",0,0,NA
"E2","V2M4",3105,"120-160 cm",0,0,NA
"E2","V2M4",3105,"160-200 cm",0,0,NA
"E2","V2M4",3105,">200 cm",0,0,NA
"E2","V2M4",3106,"<40 cm",0,0,NA
"E2","V2M4",3106,"40-80 cm",0,0,NA
"E2","V2M4",3106,"80-120 cm",0,0,NA
"E2","V2M4",3106,"120-160 cm",0,0,NA
"E2","V2M4",3106,"160-200 cm",0,0,NA
"E2","V2M4",3106,">200 cm",0,0,NA
"E2","V2M4",3107,"<40 cm",0,0,NA
"E2","V2M4",3107,"40-80 cm",0,0,NA
"E2","V2M4",3107,"80-120 cm",0,0,NA
"E2","V2M4",3107,"120-160 cm",0,0,NA
"E2","V2M4",3107,"160-200 cm",0,0,NA
"E2","V2M4",3107,">200 cm",0,0,NA
"E2","V2M4",3108,"<40 cm",0,0,NA
"E2","V2M4",3108,"40-80 cm",0,0,NA
"E2","V2M4",3108,"80-120 cm",0,0,NA
"E2","V2M4",3108,"120-160 cm",0,0,NA
"E2","V2M4",3108,"160-200 cm",0,0,NA
"E2","V2M4",3108,">200 cm",0,0,NA
"E2","V2M4",3109,"<40 cm",0,0,NA
"E2","V2M4",3109,"40-80 cm",0,0,NA
"E2","V2M4",3109,"80-120 cm",0,0,NA
"E2","V2M4",3109,"120-160 cm",0,0,NA
"E2","V2M4",3109,"160-200 cm",0,0,NA
"E2","V2M4",3109,">200 cm",0,0,NA
"E2","V2M4",3110,"<40 cm",0,0,NA
"E2","V2M4",3110,"40-80 cm",0,0,NA
"E2","V2M4",3110,"80-120 cm",0,0,NA
"E2","V2M4",3110,"120-160 cm",0,0,NA
"E2","V2M4",3110,"160-200 cm",0,0,NA
"E2","V2M4",3110,">200 cm",0,0,NA
"E2","V2M4",4101,"<40 cm",193,250,0.772
"E2","V2M4",4101,"40-80 cm",5,250,0.02
"E2","V2M4",4101,"80-120 cm",3,250,0.012
"E2","V2M4",4101,"120-160 cm",6,250,0.024
"E2","V2M4",4101,"160-200 cm",9,250,0.036
"E2","V2M4",4101,">200 cm",34,250,0.136
"E2","V2M4",4102,"<40 cm",178,250,0.712
"E2","V2M4",4102,"40-80 cm",4,250,0.016
"E2","V2M4",4102,"80-120 cm",4,250,0.016
"E2","V2M4",4102,"120-160 cm",6,250,0.024
"E2","V2M4",4102,"160-200 cm",8,250,0.032
"E2","V2M4",4102,">200 cm",50,250,0.2
"E2","V2M4",4103,"<40 cm",188,250,0.752
"E2","V2M4",4103,"40-80 cm",6,250,0.024
"E2","V2M4",4103,"80-120 cm",3,250,0.012
"E2","V2M4",4103,"120-160 cm",10,250,0.04
"E2","V2M4",4103,"160-200 cm",8,250,0.032
"E2","V2M4",4103,">200 cm",35,250,0.14
"E2","V2M4",4104,"<40 cm",0,0,NA
"E2","V2M4",4104,"40-80 cm",0,0,NA
"E2","V2M4",4104,"80-120 cm",0,0,NA
"E2","V2M4",4104,"120-160 cm",0,0,NA
"E2","V2M4",4104,"160-200 cm",0,0,NA
"E2","V2M4",4104,">200 cm",0,0,NA
"E2","V2M4",4105,"<40 cm",0,0,NA
"E2","V2M4",4105,"40-80 cm",0,0,NA
"E2","V2M4",4105,"80-120 cm",0,0,NA
"E2","V2M4",4105,"120-160 cm",0,0,NA
"E2","V2M4",4105,"160-200 cm",0,0,NA
"E2","V2M4",4105,">200 cm",0,0,NA
"E2","V2M4",4106,"<40 cm",0,0,NA
"E2","V2M4",4106,"40-80 cm",0,0,NA
"E2","V2M4",4106,"80-120 cm",0,0,NA
"E2","V2M4",4106,"120-160 cm",0,0,NA
"E2","V2M4",4106,"160-200 cm",0,0,NA
"E2","V2M4",4106,">200 cm",0,0,NA
"E2","V2M4",4107,"<40 cm",0,0,NA
"E2","V2M4",4107,"40-80 cm",0,0,NA
"E2","V2M4",4107,"80-120 cm",0,0,NA
"E2","V2M4",4107,"120-160 cm",0,0,NA
"E2","V2M4",4107,"160-200 cm",0,0,NA
"E2","V2M4",4107,">200 cm",0,0,NA
"E2","V2M4",4108,"<40 cm",0,0,NA
"E2","V2M4",4108,"40-80 cm",0,0,NA
"E2","V2M4",4108,"80-120 cm",0,0,NA
"E2","V2M4",4108,"120-160 cm",0,0,NA
"E2","V2M4",4108,"160-200 cm",0,0,NA
"E2","V2M4",4108,">200 cm",0,0,NA
"E2","V2M4",4109,"<40 cm",0,0,NA
"E2","V2M4",4109,"40-80 cm",0,0,NA
"E2","V2M4",4109,"80-120 cm",0,0,NA
"E2","V2M4",4109,"120-160 cm",0,0,NA
"E2","V2M4",4109,"160-200 cm",0,0,NA
"E2","V2M4",4109,">200 cm",0,0,NA
"E2","V2M4",4110,"<40 cm",0,0,NA
"E2","V2M4",4110,"40-80 cm",0,0,NA
"E2","V2M4",4110,"80-120 cm",0,0,NA
"E2","V2M4",4110,"120-160 cm",0,0,NA
"E2","V2M4",4110,"160-200 cm",0,0,NA
"E2","V2M4",4110,">200 cm",0,0,NA
"E2","V2M4",5101,"<40 cm",191,250,0.764
"E2","V2M4",5101,"40-80 cm",5,250,0.02
"E2","V2M4",5101,"80-120 cm",4,250,0.016
"E2","V2M4",5101,"120-160 cm",5,250,0.02
"E2","V2M4",5101,"160-200 cm",6,250,0.024
"E2","V2M4",5101,">200 cm",39,250,0.156
"E2","V2M4",5102,"<40 cm",179,250,0.716
"E2","V2M4",5102,"40-80 cm",7,250,0.028
"E2","V2M4",5102,"80-120 cm",6,250,0.024
"E2","V2M4",5102,"120-160 cm",3,250,0.012
"E2","V2M4",5102,"160-200 cm",5,250,0.02
"E2","V2M4",5102,">200 cm",50,250,0.2
"E2","V2M4",5103,"<40 cm",188,250,0.752
"E2","V2M4",5103,"40-80 cm",4,250,0.016
"E2","V2M4",5103,"80-120 cm",8,250,0.032
"E2","V2M4",5103,"120-160 cm",7,250,0.028
"E2","V2M4",5103,"160-200 cm",7,250,0.028
"E2","V2M4",5103,">200 cm",36,250,0.144
"E2","V2M4",5104,"<40 cm",0,0,NA
"E2","V2M4",5104,"40-80 cm",0,0,NA
"E2","V2M4",5104,"80-120 cm",0,0,NA
"E2","V2M4",5104,"120-160 cm",0,0,NA
"E2","V2M4",5104,"160-200 cm",0,0,NA
"E2","V2M4",5104,">200 cm",0,0,NA
"E2","V2M4",5105,"<40 cm",0,0,NA
"E2","V2M4",5105,"40-80 cm",0,0,NA
"E2","V2M4",5105,"80-120 cm",0,0,NA
"E2","V2M4",5105,"120-160 cm",0,0,NA
"E2","V2M4",5105,"160-200 cm",0,0,NA
"E2","V2M4",5105,">200 cm",0,0,NA
"E2","V2M4",5106,"<40 cm",0,0,NA
"E2","V2M4",5106,"40-80 cm",0,0,NA
"E2","V2M4",5106,"80-120 cm",0,0,NA
"E2","V2M4",5106,"120-160 cm",0,0,NA
"E2","V2M4",5106,"160-200 cm",0,0,NA
"E2","V2M4",5106,">200 cm",0,0,NA
"E2","V2M4",5107,"<40 cm",0,0,NA
"E2","V2M4",5107,"40-80 cm",0,0,NA
"E2","V2M4",5107,"80-120 cm",0,0,NA
"E2","V2M4",5107,"120-160 cm",0,0,NA
"E2","V2M4",5107,"160-200 cm",0,0,NA
"E2","V2M4",5107,">200 cm",0,0,NA
"E2","V2M4",5108,"<40 cm",0,0,NA
"E2","V2M4",5108,"40-80 cm",0,0,NA
"E2","V2M4",5108,"80-120 cm",0,0,NA
"E2","V2M4",5108,"120-160 cm",0,0,NA
"E2","V2M4",5108,"160-200 cm",0,0,NA
"E2","V2M4",5108,">200 cm",0,0,NA
"E2","V2M4",5109,"<40 cm",0,0,NA
"E2","V2M4",5109,"40-80 cm",0,0,NA
"E2","V2M4",5109,"80-120 cm",0,0,NA
"E2","V2M4",5109,"120-160 cm",0,0,NA
"E2","V2M4",5109,"160-200 cm",0,0,NA
"E2","V2M4",5109,">200 cm",0,0,NA
"E2","V2M4",5110,"<40 cm",0,0,NA
"E2","V2M4",5110,"40-80 cm",0,0,NA
"E2","V2M4",5110,"80-120 cm",0,0,NA
"E2","V2M4",5110,"120-160 cm",0,0,NA
"E2","V2M4",5110,"160-200 cm",0,0,NA
"E2","V2M4",5110,">200 cm",0,0,NA
"E2","V2M4",6101,"<40 cm",192,250,0.768
"E2","V2M4",6101,"40-80 cm",4,250,0.016
"E2","V2M4",6101,"80-120 cm",4,250,0.016
"E2","V2M4",6101,"120-160 cm",4,250,0.016
"E2","V2M4",6101,"160-200 cm",6,250,0.024
"E2","V2M4",6101,">200 cm",40,250,0.16
"E2","V2M4",6102,"<40 cm",178,250,0.712
"E2","V2M4",6102,"40-80 cm",2,250,0.008
"E2","V2M4",6102,"80-120 cm",4,250,0.016
"E2","V2M4",6102,"120-160 cm",5,250,0.02
"E2","V2M4",6102,"160-200 cm",6,250,0.024
"E2","V2M4",6102,">200 cm",55,250,0.22
"E2","V2M4",6103,"<40 cm",191,250,0.764
"E2","V2M4",6103,"40-80 cm",4,250,0.016
"E2","V2M4",6103,"80-120 cm",3,250,0.012
"E2","V2M4",6103,"120-160 cm",8,250,0.032
"E2","V2M4",6103,"160-200 cm",12,250,0.048
"E2","V2M4",6103,">200 cm",32,250,0.128
"E2","V2M4",6104,"<40 cm",0,0,NA
"E2","V2M4",6104,"40-80 cm",0,0,NA
"E2","V2M4",6104,"80-120 cm",0,0,NA
"E2","V2M4",6104,"120-160 cm",0,0,NA
"E2","V2M4",6104,"160-200 cm",0,0,NA
"E2","V2M4",6104,">200 cm",0,0,NA
"E2","V2M4",6105,"<40 cm",0,0,NA
"E2","V2M4",6105,"40-80 cm",0,0,NA
"E2","V2M4",6105,"80-120 cm",0,0,NA
"E2","V2M4",6105,"120-160 cm",0,0,NA
"E2","V2M4",6105,"160-200 cm",0,0,NA
"E2","V2M4",6105,">200 cm",0,0,NA
"E2","V2M4",6106,"<40 cm",0,0,NA
"E2","V2M4",6106,"40-80 cm",0,0,NA
"E2","V2M4",6106,"80-120 cm",0,0,NA
"E2","V2M4",6106,"120-160 cm",0,0,NA
"E2","V2M4",6106,"160-200 cm",0,0,NA
"E2","V2M4",6106,">200 cm",0,0,NA
"E2","V2M4",6107,"<40 cm",0,0,NA
"E2","V2M4",6107,"40-80 cm",0,0,NA
"E2","V2M4",6107,"80-120 cm",0,0,NA
"E2","V2M4",6107,"120-160 cm",0,0,NA
"E2","V2M4",6107,"160-200 cm",0,0,NA
"E2","V2M4",6107,">200 cm",0,0,NA
"E2","V2M4",6108,"<40 cm",0,0,NA
"E2","V2M4",6108,"40-80 cm",0,0,NA
"E2","V2M4",6108,"80-120 cm",0,0,NA
"E2","V2M4",6108,"120-160 cm",0,0,NA
"E2","V2M4",6108,"160-200 cm",0,0,NA
"E2","V2M4",6108,">200 cm",0,0,NA
"E2","V2M4",6109,"<40 cm",0,0,NA
"E2","V2M4",6109,"40-80 cm",0,0,NA
"E2","V2M4",6109,"80-120 cm",0,0,NA
"E2","V2M4",6109,"120-160 cm",0,0,NA
"E2","V2M4",6109,"160-200 cm",0,0,NA
"E2","V2M4",6109,">200 cm",0,0,NA
"E2","V2M4",6110,"<40 cm",0,0,NA
"E2","V2M4",6110,"40-80 cm",0,0,NA
"E2","V2M4",6110,"80-120 cm",0,0,NA
"E2","V2M4",6110,"120-160 cm",0,0,NA
"E2","V2M4",6110,"160-200 cm",0,0,NA
"E2","V2M4",6110,">200 cm",0,0,NA
"E2","V2M4",7101,"<40 cm",190,250,0.76
"E2","V2M4",7101,"40-80 cm",5,250,0.02
"E2","V2M4",7101,"80-120 cm",4,250,0.016
"E2","V2M4",7101,"120-160 cm",4,250,0.016
"E2","V2M4",7101,"160-200 cm",4,250,0.016
"E2","V2M4",7101,">200 cm",43,250,0.172
"E2","V2M4",7102,"<40 cm",177,250,0.708
"E2","V2M4",7102,"40-80 cm",1,250,0.004
"E2","V2M4",7102,"80-120 cm",5,250,0.02
"E2","V2M4",7102,"120-160 cm",6,250,0.024
"E2","V2M4",7102,"160-200 cm",3,250,0.012
"E2","V2M4",7102,">200 cm",58,250,0.232
"E2","V2M4",7103,"<40 cm",183,250,0.732
"E2","V2M4",7103,"40-80 cm",8,250,0.032
"E2","V2M4",7103,"80-120 cm",3,250,0.012
"E2","V2M4",7103,"120-160 cm",8,250,0.032
"E2","V2M4",7103,"160-200 cm",6,250,0.024
"E2","V2M4",7103,">200 cm",42,250,0.168
"E2","V2M4",7104,"<40 cm",0,0,NA
"E2","V2M4",7104,"40-80 cm",0,0,NA
"E2","V2M4",7104,"80-120 cm",0,0,NA
"E2","V2M4",7104,"120-160 cm",0,0,NA
"E2","V2M4",7104,"160-200 cm",0,0,NA
"E2","V2M4",7104,">200 cm",0,0,NA
"E2","V2M4",7105,"<40 cm",0,0,NA
"E2","V2M4",7105,"40-80 cm",0,0,NA
"E2","V2M4",7105,"80-120 cm",0,0,NA
"E2","V2M4",7105,"120-160 cm",0,0,NA
"E2","V2M4",7105,"160-200 cm",0,0,NA
"E2","V2M4",7105,">200 cm",0,0,NA
"E2","V2M4",7106,"<40 cm",0,0,NA
"E2","V2M4",7106,"40-80 cm",0,0,NA
"E2","V2M4",7106,"80-120 cm",0,0,NA
"E2","V2M4",7106,"120-160 cm",0,0,NA
"E2","V2M4",7106,"160-200 cm",0,0,NA
"E2","V2M4",7106,">200 cm",0,0,NA
"E2","V2M4",7107,"<40 cm",0,0,NA
"E2","V2M4",7107,"40-80 cm",0,0,NA
"E2","V2M4",7107,"80-120 cm",0,0,NA
"E2","V2M4",7107,"120-160 cm",0,0,NA
"E2","V2M4",7107,"160-200 cm",0,0,NA
"E2","V2M4",7107,">200 cm",0,0,NA
"E2","V2M4",7108,"<40 cm",0,0,NA
"E2","V2M4",7108,"40-80 cm",0,0,NA
"E2","V2M4",7108,"80-120 cm",0,0,NA
"E2","V2M4",7108,"120-160 cm",0,0,NA
"E2","V2M4",7108,"160-200 cm",0,0,NA
"E2","V2M4",7108,">200 cm",0,0,NA
"E2","V2M4",7109,"<40 cm",0,0,NA
"E2","V2M4",7109,"40-80 cm",0,0,NA
"E2","V2M4",7109,"80-120 cm",0,0,NA
"E2","V2M4",7109,"120-160 cm",0,0,NA
"E2","V2M4",7109,"160-200 cm",0,0,NA
"E2","V2M4",7109,">200 cm",0,0,NA
"E2","V2M4",7110,"<40 cm",0,0,NA
"E2","V2M4",7110,"40-80 cm",0,0,NA
"E2","V2M4",7110,"80-120 cm",0,0,NA
"E2","V2M4",7110,"120-160 cm",0,0,NA
"E2","V2M4",7110,"160-200 cm",0,0,NA
"E2","V2M4",7110,">200 cm",0,0,NA
"E2","V2M4",8101,"<40 cm",175,250,0.7
"E2","V2M4",8101,"40-80 cm",20,250,0.08
"E2","V2M4",8101,"80-120 cm",6,250,0.024
"E2","V2M4",8101,"120-160 cm",4,250,0.016
"E2","V2M4",8101,"160-200 cm",5,250,0.02
"E2","V2M4",8101,">200 cm",40,250,0.16
"E2","V2M4",8102,"<40 cm",161,250,0.644
"E2","V2M4",8102,"40-80 cm",16,250,0.064
"E2","V2M4",8102,"80-120 cm",7,250,0.028
"E2","V2M4",8102,"120-160 cm",4,250,0.016
"E2","V2M4",8102,"160-200 cm",4,250,0.016
"E2","V2M4",8102,">200 cm",58,250,0.232
"E2","V2M4",8103,"<40 cm",174,250,0.696
"E2","V2M4",8103,"40-80 cm",17,250,0.068
"E2","V2M4",8103,"80-120 cm",6,250,0.024
"E2","V2M4",8103,"120-160 cm",7,250,0.028
"E2","V2M4",8103,"160-200 cm",6,250,0.024
"E2","V2M4",8103,">200 cm",40,250,0.16
"E2","V2M4",8104,"<40 cm",0,0,NA
"E2","V2M4",8104,"40-80 cm",0,0,NA
"E2","V2M4",8104,"80-120 cm",0,0,NA
"E2","V2M4",8104,"120-160 cm",0,0,NA
"E2","V2M4",8104,"160-200 cm",0,0,NA
"E2","V2M4",8104,">200 cm",0,0,NA
"E2","V2M4",8105,"<40 cm",0,0,NA
"E2","V2M4",8105,"40-80 cm",0,0,NA
"E2","V2M4",8105,"80-120 cm",0,0,NA
"E2","V2M4",8105,"120-160 cm",0,0,NA
"E2","V2M4",8105,"160-200 cm",0,0,NA
"E2","V2M4",8105,">200 cm",0,0,NA
"E2","V2M4",8106,"<40 cm",0,0,NA
"E2","V2M4",8106,"40-80 cm",0,0,NA
"E2","V2M4",8106,"80-120 cm",0,0,NA
"E2","V2M4",8106,"120-160 cm",0,0,NA
"E2","V2M4",8106,"160-200 cm",0,0,NA
"E2","V2M4",8106,">200 cm",0,0,NA
"E2","V2M4",8107,"<40 cm",0,0,NA
"E2","V2M4",8107,"40-80 cm",0,0,NA
"E2","V2M4",8107,"80-120 cm",0,0,NA
"E2","V2M4",8107,"120-160 cm",0,0,NA
"E2","V2M4",8107,"160-200 cm",0,0,NA
"E2","V2M4",8107,">200 cm",0,0,NA
"E2","V2M4",8108,"<40 cm",0,0,NA
"E2","V2M4",8108,"40-80 cm",0,0,NA
"E2","V2M4",8108,"80-120 cm",0,0,NA
"E2","V2M4",8108,"120-160 cm",0,0,NA
"E2","V2M4",8108,"160-200 cm",0,0,NA
"E2","V2M4",8108,">200 cm",0,0,NA
"E2","V2M4",8109,"<40 cm",0,0,NA
"E2","V2M4",8109,"40-80 cm",0,0,NA
"E2","V2M4",8109,"80-120 cm",0,0,NA
"E2","V2M4",8109,"120-160 cm",0,0,NA
"E2","V2M4",8109,"160-200 cm",0,0,NA
"E2","V2M4",8109,">200 cm",0,0,NA
"E2","V2M4",8110,"<40 cm",0,0,NA
"E2","V2M4",8110,"40-80 cm",0,0,NA
"E2","V2M4",8110,"80-120 cm",0,0,NA
"E2","V2M4",8110,"120-160 cm",0,0,NA
"E2","V2M4",8110,"160-200 cm",0,0,NA
"E2","V2M4",8110,">200 cm",0,0,NA
"E2","V2M4",9101,"<40 cm",193,250,0.772
"E2","V2M4",9101,"40-80 cm",4,250,0.016
"E2","V2M4",9101,"80-120 cm",3,250,0.012
"E2","V2M4",9101,"120-160 cm",5,250,0.02
"E2","V2M4",9101,"160-200 cm",20,250,0.08
"E2","V2M4",9101,">200 cm",25,250,0.1
"E2","V2M4",9102,"<40 cm",179,250,0.716
"E2","V2M4",9102,"40-80 cm",0,250,0
"E2","V2M4",9102,"80-120 cm",5,250,0.02
"E2","V2M4",9102,"120-160 cm",4,250,0.016
"E2","V2M4",9102,"160-200 cm",26,250,0.104
"E2","V2M4",9102,">200 cm",36,250,0.144
"E2","V2M4",9103,"<40 cm",187,250,0.748
"E2","V2M4",9103,"40-80 cm",5,250,0.02
"E2","V2M4",9103,"80-120 cm",7,250,0.028
"E2","V2M4",9103,"120-160 cm",6,250,0.024
"E2","V2M4",9103,"160-200 cm",22,250,0.088
"E2","V2M4",9103,">200 cm",23,250,0.092
"E2","V2M4",9104,"<40 cm",0,0,NA
"E2","V2M4",9104,"40-80 cm",0,0,NA
"E2","V2M4",9104,"80-120 cm",0,0,NA
"E2","V2M4",9104,"120-160 cm",0,0,NA
"E2","V2M4",9104,"160-200 cm",0,0,NA
"E2","V2M4",9104,">200 cm",0,0,NA
"E2","V2M4",9105,"<40 cm",0,0,NA
"E2","V2M4",9105,"40-80 cm",0,0,NA
"E2","V2M4",9105,"80-120 cm",0,0,NA
"E2","V2M4",9105,"120-160 cm",0,0,NA
"E2","V2M4",9105,"160-200 cm",0,0,NA
"E2","V2M4",9105,">200 cm",0,0,NA
"E2","V2M4",9106,"<40 cm",0,0,NA
"E2","V2M4",9106,"40-80 cm",0,0,NA
"E2","V2M4",9106,"80-120 cm",0,0,NA
"E2","V2M4",9106,"120-160 cm",0,0,NA
"E2","V2M4",9106,"160-200 cm",0,0,NA
"E2","V2M4",9106,">200 cm",0,0,NA
"E2","V2M4",9107,"<40 cm",0,0,NA
"E2","V2M4",9107,"40-80 cm",0,0,NA
"E2","V2M4",9107,"80-120 cm",0,0,NA
"E2","V2M4",9107,"120-160 cm",0,0,NA
"E2","V2M4",9107,"160-200 cm",0,0,NA
"E2","V2M4",9107,">200 cm",0,0,NA
"E2","V2M4",9108,"<40 cm",0,0,NA
"E2","V2M4",9108,"40-80 cm",0,0,NA
"E2","V2M4",9108,"80-120 cm",0,0,NA
"E2","V2M4",9108,"120-160 cm",0,0,NA
"E2","V2M4",9108,"160-200 cm",0,0,NA
"E2","V2M4",9108,">200 cm",0,0,NA
"E2","V2M4",9109,"<40 cm",0,0,NA
"E2","V2M4",9109,"40-80 cm",0,0,NA
"E2","V2M4",9109,"80-120 cm",0,0,NA
"E2","V2M4",9109,"120-160 cm",0,0,NA
"E2","V2M4",9109,"160-200 cm",0,0,NA
"E2","V2M4",9109,">200 cm",0,0,NA
"E2","V2M4",9110,"<40 cm",0,0,NA
"E2","V2M4",9110,"40-80 cm",0,0,NA
"E2","V2M4",9110,"80-120 cm",0,0,NA
"E2","V2M4",9110,"120-160 cm",0,0,NA
"E2","V2M4",9110,"160-200 cm",0,0,NA
"E2","V2M4",9110,">200 cm",0,0,NA
"E2","V2M4",10101,"<40 cm",185,250,0.74
"E2","V2M4",10101,"40-80 cm",9,250,0.036
"E2","V2M4",10101,"80-120 cm",2,250,0.008
"E2","V2M4",10101,"120-160 cm",6,250,0.024
"E2","V2M4",10101,"160-200 cm",3,250,0.012
"E2","V2M4",10101,">200 cm",45,250,0.18
"E2","V2M4",10102,"<40 cm",175,250,0.7
"E2","V2M4",10102,"40-80 cm",4,250,0.016
"E2","V2M4",10102,"80-120 cm",5,250,0.02
"E2","V2M4",10102,"120-160 cm",4,250,0.016
"E2","V2M4",10102,"160-200 cm",2,250,0.008
"E2","V2M4",10102,">200 cm",60,250,0.24
"E2","V2M4",10103,"<40 cm",182,250,0.728
"E2","V2M4",10103,"40-80 cm",7,250,0.028
"E2","V2M4",10103,"80-120 cm",5,250,0.02
"E2","V2M4",10103,"120-160 cm",7,250,0.028
"E2","V2M4",10103,"160-200 cm",5,250,0.02
"E2","V2M4",10103,">200 cm",44,250,0.176
"E2","V2M4",10104,"<40 cm",0,0,NA
"E2","V2M4",10104,"40-80 cm",0,0,NA
"E2","V2M4",10104,"80-120 cm",0,0,NA
"E2","V2M4",10104,"120-160 cm",0,0,NA
"E2","V2M4",10104,"160-200 cm",0,0,NA
"E2","V2M4",10104,">200 cm",0,0,NA
"E2","V2M4",10105,"<40 cm",0,0,NA
"E2","V2M4",10105,"40-80 cm",0,0,NA
"E2","V2M4",10105,"80-120 cm",0,0,NA
"E2","V2M4",10105,"120-160 cm",0,0,NA
"E2","V2M4",10105,"160-200 cm",0,0,NA
"E2","V2M4",10105,">200 cm",0,0,NA
"E2","V2M4",10106,"<40 cm",0,0,NA
"E2","V2M4",10106,"40-80 cm",0,0,NA
"E2","V2M4",10106,"80-120 cm",0,0,NA
"E2","V2M4",10106,"120-160 cm",0,0,NA
"E2","V2M4",10106,"160-200 cm",0,0,NA
"E2","V2M4",10106,">200 cm",0,0,NA
"E2","V2M4",10107,"<40 cm",0,0,NA
"E2","V2M4",10107,"40-80 cm",0,0,NA
"E2","V2M4",10107,"80-120 cm",0,0,NA
"E2","V2M4",10107,"120-160 cm",0,0,NA
"E2","V2M4",10107,"160-200 cm",0,0,NA
"E2","V2M4",10107,">200 cm",0,0,NA
"E2","V2M4",10108,"<40 cm",0,0,NA
"E2","V2M4",10108,"40-80 cm",0,0,NA
"E2","V2M4",10108,"80-120 cm",0,0,NA
"E2","V2M4",10108,"120-160 cm",0,0,NA
"E2","V2M4",10108,"160-200 cm",0,0,NA
"E2","V2M4",10108,">200 cm",0,0,NA
"E2","V2M4",10109,"<40 cm",0,0,NA
"E2","V2M4",10109,"40-80 cm",0,0,NA
"E2","V2M4",10109,"80-120 cm",0,0,NA
"E2","V2M4",10109,"120-160 cm",0,0,NA
"E2","V2M4",10109,"160-200 cm",0,0,NA
"E2","V2M4",10109,">200 cm",0,0,NA
"E2","V2M4",10110,"<40 cm",0,0,NA
"E2","V2M4",10110,"40-80 cm",0,0,NA
"E2","V2M4",10110,"80-120 cm",0,0,NA
"E2","V2M4",10110,"120-160 cm",0,0,NA
"E2","V2M4",10110,"160-200 cm",0,0,NA
"E2","V2M4",10110,">200 cm",0,0,NA
"E2","V2M4",11101,"<40 cm",0,0,NA
"E2","V2M4",11101,"40-80 cm",0,0,NA
"E2","V2M4",11101,"80-120 cm",0,0,NA
"E2","V2M4",11101,"120-160 cm",0,0,NA
"E2","V2M4",11101,"160-200 cm",0,0,NA
"E2","V2M4",11101,">200 cm",0,0,NA
"E2","V2M4",11102,"<40 cm",0,0,NA
"E2","V2M4",11102,"40-80 cm",0,0,NA
"E2","V2M4",11102,"80-120 cm",0,0,NA
"E2","V2M4",11102,"120-160 cm",0,0,NA
"E2","V2M4",11102,"160-200 cm",0,0,NA
"E2","V2M4",11102,">200 cm",0,0,NA
"E2","V2M4",11103,"<40 cm",0,0,NA
"E2","V2M4",11103,"40-80 cm",0,0,NA
"E2","V2M4",11103,"80-120 cm",0,0,NA
"E2","V2M4",11103,"120-160 cm",0,0,NA
"E2","V2M4",11103,"160-200 cm",0,0,NA
"E2","V2M4",11103,">200 cm",0,0,NA
"E2","V2M4",11104,"<40 cm",0,0,NA
"E2","V2M4",11104,"40-80 cm",0,0,NA
"E2","V2M4",11104,"80-120 cm",0,0,NA
"E2","V2M4",11104,"120-160 cm",0,0,NA
"E2","V2M4",11104,"160-200 cm",0,0,NA
"E2","V2M4",11104,">200 cm",0,0,NA
"E2","V2M4",11105,"<40 cm",0,0,NA
"E2","V2M4",11105,"40-80 cm",0,0,NA
"E2","V2M4",11105,"80-120 cm",0,0,NA
"E2","V2M4",11105,"120-160 cm",0,0,NA
"E2","V2M4",11105,"160-200 cm",0,0,NA
"E2","V2M4",11105,">200 cm",0,0,NA
"E2","V2M4",11106,"<40 cm",0,0,NA
"E2","V2M4",11106,"40-80 cm",0,0,NA
"E2","V2M4",11106,"80-120 cm",0,0,NA
"E2","V2M4",11106,"120-160 cm",0,0,NA
"E2","V2M4",11106,"160-200 cm",0,0,NA
"E2","V2M4",11106,">200 cm",0,0,NA
"E2","V2M4",11107,"<40 cm",0,0,NA
"E2","V2M4",11107,"40-80 cm",0,0,NA
"E2","V2M4",11107,"80-120 cm",0,0,NA
"E2","V2M4",11107,"120-160 cm",0,0,NA
"E2","V2M4",11107,"160-200 cm",0,0,NA
"E2","V2M4",11107,">200 cm",0,0,NA
"E2","V2M4",11108,"<40 cm",0,0,NA
"E2","V2M4",11108,"40-80 cm",0,0,NA
"E2","V2M4",11108,"80-120 cm",0,0,NA
"E2","V2M4",11108,"120-160 cm",0,0,NA
"E2","V2M4",11108,"160-200 cm",0,0,NA
"E2","V2M4",11108,">200 cm",0,0,NA
"E2","V2M4",11109,"<40 cm",0,0,NA
"E2","V2M4",11109,"40-80 cm",0,0,NA
"E2","V2M4",11109,"80-120 cm",0,0,NA
"E2","V2M4",11109,"120-160 cm",0,0,NA
"E2","V2M4",11109,"160-200 cm",0,0,NA
"E2","V2M4",11109,">200 cm",0,0,NA
"E2","V2M4",11110,"<40 cm",0,0,NA
"E2","V2M4",11110,"40-80 cm",0,0,NA
"E2","V2M4",11110,"80-120 cm",0,0,NA
"E2","V2M4",11110,"120-160 cm",0,0,NA
"E2","V2M4",11110,"160-200 cm",0,0,NA
"E2","V2M4",11110,">200 cm",0,0,NA
"E2","V2M4",12101,"<40 cm",0,0,NA
"E2","V2M4",12101,"40-80 cm",0,0,NA
"E2","V2M4",12101,"80-120 cm",0,0,NA
"E2","V2M4",12101,"120-160 cm",0,0,NA
"E2","V2M4",12101,"160-200 cm",0,0,NA
"E2","V2M4",12101,">200 cm",0,0,NA
"E2","V2M4",12102,"<40 cm",0,0,NA
"E2","V2M4",12102,"40-80 cm",0,0,NA
"E2","V2M4",12102,"80-120 cm",0,0,NA
"E2","V2M4",12102,"120-160 cm",0,0,NA
"E2","V2M4",12102,"160-200 cm",0,0,NA
"E2","V2M4",12102,">200 cm",0,0,NA
"E2","V2M4",12103,"<40 cm",0,0,NA
"E2","V2M4",12103,"40-80 cm",0,0,NA
"E2","V2M4",12103,"80-120 cm",0,0,NA
"E2","V2M4",12103,"120-160 cm",0,0,NA
"E2","V2M4",12103,"160-200 cm",0,0,NA
"E2","V2M4",12103,">200 cm",0,0,NA
"E2","V2M4",12104,"<40 cm",0,0,NA
"E2","V2M4",12104,"40-80 cm",0,0,NA
"E2","V2M4",12104,"80-120 cm",0,0,NA
"E2","V2M4",12104,"120-160 cm",0,0,NA
"E2","V2M4",12104,"160-200 cm",0,0,NA
"E2","V2M4",12104,">200 cm",0,0,NA
"E2","V2M4",12105,"<40 cm",0,0,NA
"E2","V2M4",12105,"40-80 cm",0,0,NA
"E2","V2M4",12105,"80-120 cm",0,0,NA
"E2","V2M4",12105,"120-160 cm",0,0,NA
"E2","V2M4",12105,"160-200 cm",0,0,NA
"E2","V2M4",12105,">200 cm",0,0,NA
"E2","V2M4",12106,"<40 cm",0,0,NA
"E2","V2M4",12106,"40-80 cm",0,0,NA
"E2","V2M4",12106,"80-120 cm",0,0,NA
"E2","V2M4",12106,"120-160 cm",0,0,NA
"E2","V2M4",12106,"160-200 cm",0,0,NA
"E2","V2M4",12106,">200 cm",0,0,NA
"E2","V2M4",12107,"<40 cm",0,0,NA
"E2","V2M4",12107,"40-80 cm",0,0,NA
"E2","V2M4",12107,"80-120 cm",0,0,NA
"E2","V2M4",12107,"120-160 cm",0,0,NA
"E2","V2M4",12107,"160-200 cm",0,0,NA
"E2","V2M4",12107,">200 cm",0,0,NA
"E2","V2M4",12108,"<40 cm",0,0,NA
"E2","V2M4",12108,"40-80 cm",0,0,NA
"E2","V2M4",12108,"80-120 cm",0,0,NA
"E2","V2M4",12108,"120-160 cm",0,0,NA
"E2","V2M4",12108,"160-200 cm",0,0,NA
"E2","V2M4",12108,">200 cm",0,0,NA
"E2","V2M4",12109,"<40 cm",0,0,NA
"E2","V2M4",12109,"40-80 cm",0,0,NA
"E2","V2M4",12109,"80-120 cm",0,0,NA
"E2","V2M4",12109,"120-160 cm",0,0,NA
"E2","V2M4",12109,"160-200 cm",0,0,NA
"E2","V2M4",12109,">200 cm",0,0,NA
"E2","V2M4",12110,"<40 cm",0,0,NA
"E2","V2M4",12110,"40-80 cm",0,0,NA
"E2","V2M4",12110,"80-120 cm",0,0,NA
"E2","V2M4",12110,"120-160 cm",0,0,NA
"E2","V2M4",12110,"160-200 cm",0,0,NA
"E2","V2M4",12110,">200 cm",0,0,NA
"E2","V2M4",13101,"<40 cm",0,0,NA
"E2","V2M4",13101,"40-80 cm",0,0,NA
"E2","V2M4",13101,"80-120 cm",0,0,NA
"E2","V2M4",13101,"120-160 cm",0,0,NA
"E2","V2M4",13101,"160-200 cm",0,0,NA
"E2","V2M4",13101,">200 cm",0,0,NA
"E2","V2M4",13102,"<40 cm",0,0,NA
"E2","V2M4",13102,"40-80 cm",0,0,NA
"E2","V2M4",13102,"80-120 cm",0,0,NA
"E2","V2M4",13102,"120-160 cm",0,0,NA
"E2","V2M4",13102,"160-200 cm",0,0,NA
"E2","V2M4",13102,">200 cm",0,0,NA
"E2","V2M4",13103,"<40 cm",0,0,NA
"E2","V2M4",13103,"40-80 cm",0,0,NA
"E2","V2M4",13103,"80-120 cm",0,0,NA
"E2","V2M4",13103,"120-160 cm",0,0,NA
"E2","V2M4",13103,"160-200 cm",0,0,NA
"E2","V2M4",13103,">200 cm",0,0,NA
"E2","V2M4",13104,"<40 cm",0,0,NA
"E2","V2M4",13104,"40-80 cm",0,0,NA
"E2","V2M4",13104,"80-120 cm",0,0,NA
"E2","V2M4",13104,"120-160 cm",0,0,NA
"E2","V2M4",13104,"160-200 cm",0,0,NA
"E2","V2M4",13104,">200 cm",0,0,NA
"E2","V2M4",13105,"<40 cm",0,0,NA
"E2","V2M4",13105,"40-80 cm",0,0,NA
"E2","V2M4",13105,"80-120 cm",0,0,NA
"E2","V2M4",13105,"120-160 cm",0,0,NA
"E2","V2M4",13105,"160-200 cm",0,0,NA
"E2","V2M4",13105,">200 cm",0,0,NA
"E2","V2M4",13106,"<40 cm",0,0,NA
"E2","V2M4",13106,"40-80 cm",0,0,NA
"E2","V2M4",13106,"80-120 cm",0,0,NA
"E2","V2M4",13106,"120-160 cm",0,0,NA
"E2","V2M4",13106,"160-200 cm",0,0,NA
"E2","V2M4",13106,">200 cm",0,0,NA
"E2","V2M4",13107,"<40 cm",0,0,NA
"E2","V2M4",13107,"40-80 cm",0,0,NA
"E2","V2M4",13107,"80-120 cm",0,0,NA
"E2","V2M4",13107,"120-160 cm",0,0,NA
"E2","V2M4",13107,"160-200 cm",0,0,NA
"E2","V2M4",13107,">200 cm",0,0,NA
"E2","V2M4",13108,"<40 cm",0,0,NA
"E2","V2M4",13108,"40-80 cm",0,0,NA
"E2","V2M4",13108,"80-120 cm",0,0,NA
"E2","V2M4",13108,"120-160 cm",0,0,NA
"E2","V2M4",13108,"160-200 cm",0,0,NA
"E2","V2M4",13108,">200 cm",0,0,NA
"E2","V2M4",13109,"<40 cm",0,0,NA
"E2","V2M4",13109,"40-80 cm",0,0,NA
"E2","V2M4",13109,"80-120 cm",0,0,NA
"E2","V2M4",13109,"120-160 cm",0,0,NA
"E2","V2M4",13109,"160-200 cm",0,0,NA
"E2","V2M4",13109,">200 cm",0,0,NA
"E2","V2M4",13110,"<40 cm",0,0,NA
"E2","V2M4",13110,"40-80 cm",0,0,NA
"E2","V2M4",13110,"80-120 cm",0,0,NA
"E2","V2M4",13110,"120-160 cm",0,0,NA
"E2","V2M4",13110,"160-200 cm",0,0,NA
"E2","V2M4",13110,">200 cm",0,0,NA
"E2","V2M4",14101,"<40 cm",0,0,NA
"E2","V2M4",14101,"40-80 cm",0,0,NA
"E2","V2M4",14101,"80-120 cm",0,0,NA
"E2","V2M4",14101,"120-160 cm",0,0,NA
"E2","V2M4",14101,"160-200 cm",0,0,NA
"E2","V2M4",14101,">200 cm",0,0,NA
"E2","V2M4",14102,"<40 cm",0,0,NA
"E2","V2M4",14102,"40-80 cm",0,0,NA
"E2","V2M4",14102,"80-120 cm",0,0,NA
"E2","V2M4",14102,"120-160 cm",0,0,NA
"E2","V2M4",14102,"160-200 cm",0,0,NA
"E2","V2M4",14102,">200 cm",0,0,NA
"E2","V2M4",14103,"<40 cm",0,0,NA
"E2","V2M4",14103,"40-80 cm",0,0,NA
"E2","V2M4",14103,"80-120 cm",0,0,NA
"E2","V2M4",14103,"120-160 cm",0,0,NA
"E2","V2M4",14103,"160-200 cm",0,0,NA
"E2","V2M4",14103,">200 cm",0,0,NA
"E2","V2M4",14104,"<40 cm",0,0,NA
"E2","V2M4",14104,"40-80 cm",0,0,NA
"E2","V2M4",14104,"80-120 cm",0,0,NA
"E2","V2M4",14104,"120-160 cm",0,0,NA
"E2","V2M4",14104,"160-200 cm",0,0,NA
"E2","V2M4",14104,">200 cm",0,0,NA
"E2","V2M4",14105,"<40 cm",0,0,NA
"E2","V2M4",14105,"40-80 cm",0,0,NA
"E2","V2M4",14105,"80-120 cm",0,0,NA
"E2","V2M4",14105,"120-160 cm",0,0,NA
"E2","V2M4",14105,"160-200 cm",0,0,NA
"E2","V2M4",14105,">200 cm",0,0,NA
"E2","V2M4",14106,"<40 cm",0,0,NA
"E2","V2M4",14106,"40-80 cm",0,0,NA
"E2","V2M4",14106,"80-120 cm",0,0,NA
"E2","V2M4",14106,"120-160 cm",0,0,NA
"E2","V2M4",14106,"160-200 cm",0,0,NA
"E2","V2M4",14106,">200 cm",0,0,NA
"E2","V2M4",14107,"<40 cm",0,0,NA
"E2","V2M4",14107,"40-80 cm",0,0,NA
"E2","V2M4",14107,"80-120 cm",0,0,NA
"E2","V2M4",14107,"120-160 cm",0,0,NA
"E2","V2M4",14107,"160-200 cm",0,0,NA
"E2","V2M4",14107,">200 cm",0,0,NA
"E2","V2M4",14108,"<40 cm",0,0,NA
"E2","V2M4",14108,"40-80 cm",0,0,NA
"E2","V2M4",14108,"80-120 cm",0,0,NA
"E2","V2M4",14108,"120-160 cm",0,0,NA
"E2","V2M4",14108,"160-200 cm",0,0,NA
"E2","V2M4",14108,">200 cm",0,0,NA
"E2","V2M4",14109,"<40 cm",0,0,NA
"E2","V2M4",14109,"40-80 cm",0,0,NA
"E2","V2M4",14109,"80-120 cm",0,0,NA
"E2","V2M4",14109,"120-160 cm",0,0,NA
"E2","V2M4",14109,"160-200 cm",0,0,NA
"E2","V2M4",14109,">200 cm",0,0,NA
"E2","V2M4",14110,"<40 cm",0,0,NA
"E2","V2M4",14110,"40-80 cm",0,0,NA
"E2","V2M4",14110,"80-120 cm",0,0,NA
"E2","V2M4",14110,"120-160 cm",0,0,NA
"E2","V2M4",14110,"160-200 cm",0,0,NA
"E2","V2M4",14110,">200 cm",0,0,NA
"E2","V2M4",15101,"<40 cm",0,0,NA
"E2","V2M4",15101,"40-80 cm",0,0,NA
"E2","V2M4",15101,"80-120 cm",0,0,NA
"E2","V2M4",15101,"120-160 cm",0,0,NA
"E2","V2M4",15101,"160-200 cm",0,0,NA
"E2","V2M4",15101,">200 cm",0,0,NA
"E2","V2M4",15102,"<40 cm",0,0,NA
"E2","V2M4",15102,"40-80 cm",0,0,NA
"E2","V2M4",15102,"80-120 cm",0,0,NA
"E2","V2M4",15102,"120-160 cm",0,0,NA
"E2","V2M4",15102,"160-200 cm",0,0,NA
"E2","V2M4",15102,">200 cm",0,0,NA
"E2","V2M4",15103,"<40 cm",0,0,NA
"E2","V2M4",15103,"40-80 cm",0,0,NA
"E2","V2M4",15103,"80-120 cm",0,0,NA
"E2","V2M4",15103,"120-160 cm",0,0,NA
"E2","V2M4",15103,"160-200 cm",0,0,NA
"E2","V2M4",15103,">200 cm",0,0,NA
"E2","V2M4",15104,"<40 cm",0,0,NA
"E2","V2M4",15104,"40-80 cm",0,0,NA
"E2","V2M4",15104,"80-120 cm",0,0,NA
"E2","V2M4",15104,"120-160 cm",0,0,NA
"E2","V2M4",15104,"160-200 cm",0,0,NA
"E2","V2M4",15104,">200 cm",0,0,NA
"E2","V2M4",15105,"<40 cm",0,0,NA
"E2","V2M4",15105,"40-80 cm",0,0,NA
"E2","V2M4",15105,"80-120 cm",0,0,NA
"E2","V2M4",15105,"120-160 cm",0,0,NA
"E2","V2M4",15105,"160-200 cm",0,0,NA
"E2","V2M4",15105,">200 cm",0,0,NA
"E2","V2M4",15106,"<40 cm",0,0,NA
"E2","V2M4",15106,"40-80 cm",0,0,NA
"E2","V2M4",15106,"80-120 cm",0,0,NA
"E2","V2M4",15106,"120-160 cm",0,0,NA
"E2","V2M4",15106,"160-200 cm",0,0,NA
"E2","V2M4",15106,">200 cm",0,0,NA
"E2","V2M4",15107,"<40 cm",0,0,NA
"E2","V2M4",15107,"40-80 cm",0,0,NA
"E2","V2M4",15107,"80-120 cm",0,0,NA
"E2","V2M4",15107,"120-160 cm",0,0,NA
"E2","V2M4",15107,"160-200 cm",0,0,NA
"E2","V2M4",15107,">200 cm",0,0,NA
"E2","V2M4",15108,"<40 cm",0,0,NA
"E2","V2M4",15108,"40-80 cm",0,0,NA
"E2","V2M4",15108,"80-120 cm",0,0,NA
"E2","V2M4",15108,"120-160 cm",0,0,NA
"E2","V2M4",15108,"160-200 cm",0,0,NA
"E2","V2M4",15108,">200 cm",0,0,NA
"E2","V2M4",15109,"<40 cm",0,0,NA
"E2","V2M4",15109,"40-80 cm",0,0,NA
"E2","V2M4",15109,"80-120 cm",0,0,NA
"E2","V2M4",15109,"120-160 cm",0,0,NA
"E2","V2M4",15109,"160-200 cm",0,0,NA
"E2","V2M4",15109,">200 cm",0,0,NA
"E2","V2M4",15110,"<40 cm",0,0,NA
"E2","V2M4",15110,"40-80 cm",0,0,NA
"E2","V2M4",15110,"80-120 cm",0,0,NA
"E2","V2M4",15110,"120-160 cm",0,0,NA
"E2","V2M4",15110,"160-200 cm",0,0,NA
"E2","V2M4",15110,">200 cm",0,0,NA
"E2","V2M4",16101,"<40 cm",0,0,NA
"E2","V2M4",16101,"40-80 cm",0,0,NA
"E2","V2M4",16101,"80-120 cm",0,0,NA
"E2","V2M4",16101,"120-160 cm",0,0,NA
"E2","V2M4",16101,"160-200 cm",0,0,NA
"E2","V2M4",16101,">200 cm",0,0,NA
"E2","V2M4",16102,"<40 cm",0,0,NA
"E2","V2M4",16102,"40-80 cm",0,0,NA
"E2","V2M4",16102,"80-120 cm",0,0,NA
"E2","V2M4",16102,"120-160 cm",0,0,NA
"E2","V2M4",16102,"160-200 cm",0,0,NA
"E2","V2M4",16102,">200 cm",0,0,NA
"E2","V2M4",16103,"<40 cm",0,0,NA
"E2","V2M4",16103,"40-80 cm",0,0,NA
"E2","V2M4",16103,"80-120 cm",0,0,NA
"E2","V2M4",16103,"120-160 cm",0,0,NA
"E2","V2M4",16103,"160-200 cm",0,0,NA
"E2","V2M4",16103,">200 cm",0,0,NA
"E2","V2M4",16104,"<40 cm",0,0,NA
"E2","V2M4",16104,"40-80 cm",0,0,NA
"E2","V2M4",16104,"80-120 cm",0,0,NA
"E2","V2M4",16104,"120-160 cm",0,0,NA
"E2","V2M4",16104,"160-200 cm",0,0,NA
"E2","V2M4",16104,">200 cm",0,0,NA
"E2","V2M4",16105,"<40 cm",0,0,NA
"E2","V2M4",16105,"40-80 cm",0,0,NA
"E2","V2M4",16105,"80-120 cm",0,0,NA
"E2","V2M4",16105,"120-160 cm",0,0,NA
"E2","V2M4",16105,"160-200 cm",0,0,NA
"E2","V2M4",16105,">200 cm",0,0,NA
"E2","V2M4",16106,"<40 cm",0,0,NA
"E2","V2M4",16106,"40-80 cm",0,0,NA
"E2","V2M4",16106,"80-120 cm",0,0,NA
"E2","V2M4",16106,"120-160 cm",0,0,NA
"E2","V2M4",16106,"160-200 cm",0,0,NA
"E2","V2M4",16106,">200 cm",0,0,NA
"E2","V2M4",16107,"<40 cm",0,0,NA
"E2","V2M4",16107,"40-80 cm",0,0,NA
"E2","V2M4",16107,"80-120 cm",0,0,NA
"E2","V2M4",16107,"120-160 cm",0,0,NA
"E2","V2M4",16107,"160-200 cm",0,0,NA
"E2","V2M4",16107,">200 cm",0,0,NA
"E2","V2M4",16108,"<40 cm",0,0,NA
"E2","V2M4",16108,"40-80 cm",0,0,NA
"E2","V2M4",16108,"80-120 cm",0,0,NA
"E2","V2M4",16108,"120-160 cm",0,0,NA
"E2","V2M4",16108,"160-200 cm",0,0,NA
"E2","V2M4",16108,">200 cm",0,0,NA
"E2","V2M4",16109,"<40 cm",0,0,NA
"E2","V2M4",16109,"40-80 cm",0,0,NA
"E2","V2M4",16109,"80-120 cm",0,0,NA
"E2","V2M4",16109,"120-160 cm",0,0,NA
"E2","V2M4",16109,"160-200 cm",0,0,NA
"E2","V2M4",16109,">200 cm",0,0,NA
"E2","V2M4",16110,"<40 cm",0,0,NA
"E2","V2M4",16110,"40-80 cm",0,0,NA
"E2","V2M4",16110,"80-120 cm",0,0,NA
"E2","V2M4",16110,"120-160 cm",0,0,NA
"E2","V2M4",16110,"160-200 cm",0,0,NA
"E2","V2M4",16110,">200 cm",0,0,NA
"E2","V2M4",17101,"<40 cm",0,0,NA
"E2","V2M4",17101,"40-80 cm",0,0,NA
"E2","V2M4",17101,"80-120 cm",0,0,NA
"E2","V2M4",17101,"120-160 cm",0,0,NA
"E2","V2M4",17101,"160-200 cm",0,0,NA
"E2","V2M4",17101,">200 cm",0,0,NA
"E2","V2M4",17102,"<40 cm",0,0,NA
"E2","V2M4",17102,"40-80 cm",0,0,NA
"E2","V2M4",17102,"80-120 cm",0,0,NA
"E2","V2M4",17102,"120-160 cm",0,0,NA
"E2","V2M4",17102,"160-200 cm",0,0,NA
"E2","V2M4",17102,">200 cm",0,0,NA
"E2","V2M4",17103,"<40 cm",0,0,NA
"E2","V2M4",17103,"40-80 cm",0,0,NA
"E2","V2M4",17103,"80-120 cm",0,0,NA
"E2","V2M4",17103,"120-160 cm",0,0,NA
"E2","V2M4",17103,"160-200 cm",0,0,NA
"E2","V2M4",17103,">200 cm",0,0,NA
"E2","V2M4",17104,"<40 cm",0,0,NA
"E2","V2M4",17104,"40-80 cm",0,0,NA
"E2","V2M4",17104,"80-120 cm",0,0,NA
"E2","V2M4",17104,"120-160 cm",0,0,NA
"E2","V2M4",17104,"160-200 cm",0,0,NA
"E2","V2M4",17104,">200 cm",0,0,NA
"E2","V2M4",17105,"<40 cm",0,0,NA
"E2","V2M4",17105,"40-80 cm",0,0,NA
"E2","V2M4",17105,"80-120 cm",0,0,NA
"E2","V2M4",17105,"120-160 cm",0,0,NA
"E2","V2M4",17105,"160-200 cm",0,0,NA
"E2","V2M4",17105,">200 cm",0,0,NA
"E2","V2M4",17106,"<40 cm",0,0,NA
"E2","V2M4",17106,"40-80 cm",0,0,NA
"E2","V2M4",17106,"80-120 cm",0,0,NA
"E2","V2M4",17106,"120-160 cm",0,0,NA
"E2","V2M4",17106,"160-200 cm",0,0,NA
"E2","V2M4",17106,">200 cm",0,0,NA
"E2","V2M4",17107,"<40 cm",0,0,NA
"E2","V2M4",17107,"40-80 cm",0,0,NA
"E2","V2M4",17107,"80-120 cm",0,0,NA
"E2","V2M4",17107,"120-160 cm",0,0,NA
"E2","V2M4",17107,"160-200 cm",0,0,NA
"E2","V2M4",17107,">200 cm",0,0,NA
"E2","V2M4",17108,"<40 cm",0,0,NA
"E2","V2M4",17108,"40-80 cm",0,0,NA
"E2","V2M4",17108,"80-120 cm",0,0,NA
"E2","V2M4",17108,"120-160 cm",0,0,NA
"E2","V2M4",17108,"160-200 cm",0,0,NA
"E2","V2M4",17108,">200 cm",0,0,NA
"E2","V2M4",17109,"<40 cm",0,0,NA
"E2","V2M4",17109,"40-80 cm",0,0,NA
"E2","V2M4",17109,"80-120 cm",0,0,NA
"E2","V2M4",17109,"120-160 cm",0,0,NA
"E2","V2M4",17109,"160-200 cm",0,0,NA
"E2","V2M4",17109,">200 cm",0,0,NA
"E2","V2M4",17110,"<40 cm",0,0,NA
"E2","V2M4",17110,"40-80 cm",0,0,NA
"E2","V2M4",17110,"80-120 cm",0,0,NA
"E2","V2M4",17110,"120-160 cm",0,0,NA
"E2","V2M4",17110,"160-200 cm",0,0,NA
"E2","V2M4",17110,">200 cm",0,0,NA
"E2","V2M4",18101,"<40 cm",0,0,NA
"E2","V2M4",18101,"40-80 cm",0,0,NA
"E2","V2M4",18101,"80-120 cm",0,0,NA
"E2","V2M4",18101,"120-160 cm",0,0,NA
"E2","V2M4",18101,"160-200 cm",0,0,NA
"E2","V2M4",18101,">200 cm",0,0,NA
"E2","V2M4",18102,"<40 cm",0,0,NA
"E2","V2M4",18102,"40-80 cm",0,0,NA
"E2","V2M4",18102,"80-120 cm",0,0,NA
"E2","V2M4",18102,"120-160 cm",0,0,NA
"E2","V2M4",18102,"160-200 cm",0,0,NA
"E2","V2M4",18102,">200 cm",0,0,NA
"E2","V2M4",18103,"<40 cm",0,0,NA
"E2","V2M4",18103,"40-80 cm",0,0,NA
"E2","V2M4",18103,"80-120 cm",0,0,NA
"E2","V2M4",18103,"120-160 cm",0,0,NA
"E2","V2M4",18103,"160-200 cm",0,0,NA
"E2","V2M4",18103,">200 cm",0,0,NA
"E2","V2M4",18104,"<40 cm",0,0,NA
"E2","V2M4",18104,"40-80 cm",0,0,NA
"E2","V2M4",18104,"80-120 cm",0,0,NA
"E2","V2M4",18104,"120-160 cm",0,0,NA
"E2","V2M4",18104,"160-200 cm",0,0,NA
"E2","V2M4",18104,">200 cm",0,0,NA
"E2","V2M4",18105,"<40 cm",0,0,NA
"E2","V2M4",18105,"40-80 cm",0,0,NA
"E2","V2M4",18105,"80-120 cm",0,0,NA
"E2","V2M4",18105,"120-160 cm",0,0,NA
"E2","V2M4",18105,"160-200 cm",0,0,NA
"E2","V2M4",18105,">200 cm",0,0,NA
"E2","V2M4",18106,"<40 cm",0,0,NA
"E2","V2M4",18106,"40-80 cm",0,0,NA
"E2","V2M4",18106,"80-120 cm",0,0,NA
"E2","V2M4",18106,"120-160 cm",0,0,NA
"E2","V2M4",18106,"160-200 cm",0,0,NA
"E2","V2M4",18106,">200 cm",0,0,NA
"E2","V2M4",18107,"<40 cm",0,0,NA
"E2","V2M4",18107,"40-80 cm",0,0,NA
"E2","V2M4",18107,"80-120 cm",0,0,NA
"E2","V2M4",18107,"120-160 cm",0,0,NA
"E2","V2M4",18107,"160-200 cm",0,0,NA
"E2","V2M4",18107,">200 cm",0,0,NA
"E2","V2M4",18108,"<40 cm",0,0,NA
"E2","V2M4",18108,"40-80 cm",0,0,NA
"E2","V2M4",18108,"80-120 cm",0,0,NA
"E2","V2M4",18108,"120-160 cm",0,0,NA
"E2","V2M4",18108,"160-200 cm",0,0,NA
"E2","V2M4",18108,">200 cm",0,0,NA
"E2","V2M4",18109,"<40 cm",0,0,NA
"E2","V2M4",18109,"40-80 cm",0,0,NA
"E2","V2M4",18109,"80-120 cm",0,0,NA
"E2","V2M4",18109,"120-160 cm",0,0,NA
"E2","V2M4",18109,"160-200 cm",0,0,NA
"E2","V2M4",18109,">200 cm",0,0,NA
"E2","V2M4",18110,"<40 cm",0,0,NA
"E2","V2M4",18110,"40-80 cm",0,0,NA
"E2","V2M4",18110,"80-120 cm",0,0,NA
"E2","V2M4",18110,"120-160 cm",0,0,NA
"E2","V2M4",18110,"160-200 cm",0,0,NA
"E2","V2M4",18110,">200 cm",0,0,NA
"E2","V2M4",19101,"<40 cm",0,0,NA
"E2","V2M4",19101,"40-80 cm",0,0,NA
"E2","V2M4",19101,"80-120 cm",0,0,NA
"E2","V2M4",19101,"120-160 cm",0,0,NA
"E2","V2M4",19101,"160-200 cm",0,0,NA
"E2","V2M4",19101,">200 cm",0,0,NA
"E2","V2M4",19102,"<40 cm",0,0,NA
"E2","V2M4",19102,"40-80 cm",0,0,NA
"E2","V2M4",19102,"80-120 cm",0,0,NA
"E2","V2M4",19102,"120-160 cm",0,0,NA
"E2","V2M4",19102,"160-200 cm",0,0,NA
"E2","V2M4",19102,">200 cm",0,0,NA
"E2","V2M4",19103,"<40 cm",0,0,NA
"E2","V2M4",19103,"40-80 cm",0,0,NA
"E2","V2M4",19103,"80-120 cm",0,0,NA
"E2","V2M4",19103,"120-160 cm",0,0,NA
"E2","V2M4",19103,"160-200 cm",0,0,NA
"E2","V2M4",19103,">200 cm",0,0,NA
"E2","V2M4",19104,"<40 cm",0,0,NA
"E2","V2M4",19104,"40-80 cm",0,0,NA
"E2","V2M4",19104,"80-120 cm",0,0,NA
"E2","V2M4",19104,"120-160 cm",0,0,NA
"E2","V2M4",19104,"160-200 cm",0,0,NA
"E2","V2M4",19104,">200 cm",0,0,NA
"E2","V2M4",19105,"<40 cm",0,0,NA
"E2","V2M4",19105,"40-80 cm",0,0,NA
"E2","V2M4",19105,"80-120 cm",0,0,NA
"E2","V2M4",19105,"120-160 cm",0,0,NA
"E2","V2M4",19105,"160-200 cm",0,0,NA
"E2","V2M4",19105,">200 cm",0,0,NA
"E2","V2M4",19106,"<40 cm",0,0,NA
"E2","V2M4",19106,"40-80 cm",0,0,NA
"E2","V2M4",19106,"80-120 cm",0,0,NA
"E2","V2M4",19106,"120-160 cm",0,0,NA
"E2","V2M4",19106,"160-200 cm",0,0,NA
"E2","V2M4",19106,">200 cm",0,0,NA
"E2","V2M4",19107,"<40 cm",0,0,NA
"E2","V2M4",19107,"40-80 cm",0,0,NA
"E2","V2M4",19107,"80-120 cm",0,0,NA
"E2","V2M4",19107,"120-160 cm",0,0,NA
"E2","V2M4",19107,"160-200 cm",0,0,NA
"E2","V2M4",19107,">200 cm",0,0,NA
"E2","V2M4",19108,"<40 cm",0,0,NA
"E2","V2M4",19108,"40-80 cm",0,0,NA
"E2","V2M4",19108,"80-120 cm",0,0,NA
"E2","V2M4",19108,"120-160 cm",0,0,NA
"E2","V2M4",19108,"160-200 cm",0,0,NA
"E2","V2M4",19108,">200 cm",0,0,NA
"E2","V2M4",19109,"<40 cm",0,0,NA
"E2","V2M4",19109,"40-80 cm",0,0,NA
"E2","V2M4",19109,"80-120 cm",0,0,NA
"E2","V2M4",19109,"120-160 cm",0,0,NA
"E2","V2M4",19109,"160-200 cm",0,0,NA
"E2","V2M4",19109,">200 cm",0,0,NA
"E2","V2M4",19110,"<40 cm",0,0,NA
"E2","V2M4",19110,"40-80 cm",0,0,NA
"E2","V2M4",19110,"80-120 cm",0,0,NA
"E2","V2M4",19110,"120-160 cm",0,0,NA
"E2","V2M4",19110,"160-200 cm",0,0,NA
"E2","V2M4",19110,">200 cm",0,0,NA
"E2","V2M4",20101,"<40 cm",0,0,NA
"E2","V2M4",20101,"40-80 cm",0,0,NA
"E2","V2M4",20101,"80-120 cm",0,0,NA
"E2","V2M4",20101,"120-160 cm",0,0,NA
"E2","V2M4",20101,"160-200 cm",0,0,NA
"E2","V2M4",20101,">200 cm",0,0,NA
"E2","V2M4",20102,"<40 cm",0,0,NA
"E2","V2M4",20102,"40-80 cm",0,0,NA
"E2","V2M4",20102,"80-120 cm",0,0,NA
"E2","V2M4",20102,"120-160 cm",0,0,NA
"E2","V2M4",20102,"160-200 cm",0,0,NA
"E2","V2M4",20102,">200 cm",0,0,NA
"E2","V2M4",20103,"<40 cm",0,0,NA
"E2","V2M4",20103,"40-80 cm",0,0,NA
"E2","V2M4",20103,"80-120 cm",0,0,NA
"E2","V2M4",20103,"120-160 cm",0,0,NA
"E2","V2M4",20103,"160-200 cm",0,0,NA
"E2","V2M4",20103,">200 cm",0,0,NA
"E2","V2M4",20104,"<40 cm",0,0,NA
"E2","V2M4",20104,"40-80 cm",0,0,NA
"E2","V2M4",20104,"80-120 cm",0,0,NA
"E2","V2M4",20104,"120-160 cm",0,0,NA
"E2","V2M4",20104,"160-200 cm",0,0,NA
"E2","V2M4",20104,">200 cm",0,0,NA
"E2","V2M4",20105,"<40 cm",0,0,NA
"E2","V2M4",20105,"40-80 cm",0,0,NA
"E2","V2M4",20105,"80-120 cm",0,0,NA
"E2","V2M4",20105,"120-160 cm",0,0,NA
"E2","V2M4",20105,"160-200 cm",0,0,NA
"E2","V2M4",20105,">200 cm",0,0,NA
"E2","V2M4",20106,"<40 cm",0,0,NA
"E2","V2M4",20106,"40-80 cm",0,0,NA
"E2","V2M4",20106,"80-120 cm",0,0,NA
"E2","V2M4",20106,"120-160 cm",0,0,NA
"E2","V2M4",20106,"160-200 cm",0,0,NA
"E2","V2M4",20106,">200 cm",0,0,NA
"E2","V2M4",20107,"<40 cm",0,0,NA
"E2","V2M4",20107,"40-80 cm",0,0,NA
"E2","V2M4",20107,"80-120 cm",0,0,NA
"E2","V2M4",20107,"120-160 cm",0,0,NA
"E2","V2M4",20107,"160-200 cm",0,0,NA
"E2","V2M4",20107,">200 cm",0,0,NA
"E2","V2M4",20108,"<40 cm",0,0,NA
"E2","V2M4",20108,"40-80 cm",0,0,NA
"E2","V2M4",20108,"80-120 cm",0,0,NA
"E2","V2M4",20108,"120-160 cm",0,0,NA
"E2","V2M4",20108,"160-200 cm",0,0,NA
"E2","V2M4",20108,">200 cm",0,0,NA
"E2","V2M4",20109,"<40 cm",0,0,NA
"E2","V2M4",20109,"40-80 cm",0,0,NA
"E2","V2M4",20109,"80-120 cm",0,0,NA
"E2","V2M4",20109,"120-160 cm",0,0,NA
"E2","V2M4",20109,"160-200 cm",0,0,NA
"E2","V2M4",20109,">200 cm",0,0,NA
"E2","V2M4",20110,"<40 cm",0,0,NA
"E2","V2M4",20110,"40-80 cm",0,0,NA
"E2","V2M4",20110,"80-120 cm",0,0,NA
"E2","V2M4",20110,"120-160 cm",0,0,NA
"E2","V2M4",20110,"160-200 cm",0,0,NA
"E2","V2M4",20110,">200 cm",0,0,NA
"E2","V2M4",21101,"<40 cm",0,0,NA
"E2","V2M4",21101,"40-80 cm",0,0,NA
"E2","V2M4",21101,"80-120 cm",0,0,NA
"E2","V2M4",21101,"120-160 cm",0,0,NA
"E2","V2M4",21101,"160-200 cm",0,0,NA
"E2","V2M4",21101,">200 cm",0,0,NA
"E2","V2M4",21102,"<40 cm",0,0,NA
"E2","V2M4",21102,"40-80 cm",0,0,NA
"E2","V2M4",21102,"80-120 cm",0,0,NA
"E2","V2M4",21102,"120-160 cm",0,0,NA
"E2","V2M4",21102,"160-200 cm",0,0,NA
"E2","V2M4",21102,">200 cm",0,0,NA
"E2","V2M4",21103,"<40 cm",0,0,NA
"E2","V2M4",21103,"40-80 cm",0,0,NA
"E2","V2M4",21103,"80-120 cm",0,0,NA
"E2","V2M4",21103,"120-160 cm",0,0,NA
"E2","V2M4",21103,"160-200 cm",0,0,NA
"E2","V2M4",21103,">200 cm",0,0,NA
"E2","V2M4",21104,"<40 cm",0,0,NA
"E2","V2M4",21104,"40-80 cm",0,0,NA
"E2","V2M4",21104,"80-120 cm",0,0,NA
"E2","V2M4",21104,"120-160 cm",0,0,NA
"E2","V2M4",21104,"160-200 cm",0,0,NA
"E2","V2M4",21104,">200 cm",0,0,NA
"E2","V2M4",21105,"<40 cm",0,0,NA
"E2","V2M4",21105,"40-80 cm",0,0,NA
"E2","V2M4",21105,"80-120 cm",0,0,NA
"E2","V2M4",21105,"120-160 cm",0,0,NA
"E2","V2M4",21105,"160-200 cm",0,0,NA
"E2","V2M4",21105,">200 cm",0,0,NA
"E2","V2M4",21106,"<40 cm",0,0,NA
"E2","V2M4",21106,"40-80 cm",0,0,NA
"E2","V2M4",21106,"80-120 cm",0,0,NA
"E2","V2M4",21106,"120-160 cm",0,0,NA
"E2","V2M4",21106,"160-200 cm",0,0,NA
"E2","V2M4",21106,">200 cm",0,0,NA
"E2","V2M4",21107,"<40 cm",0,0,NA
"E2","V2M4",21107,"40-80 cm",0,0,NA
"E2","V2M4",21107,"80-120 cm",0,0,NA
"E2","V2M4",21107,"120-160 cm",0,0,NA
"E2","V2M4",21107,"160-200 cm",0,0,NA
"E2","V2M4",21107,">200 cm",0,0,NA
"E2","V2M4",21108,"<40 cm",0,0,NA
"E2","V2M4",21108,"40-80 cm",0,0,NA
"E2","V2M4",21108,"80-120 cm",0,0,NA
"E2","V2M4",21108,"120-160 cm",0,0,NA
"E2","V2M4",21108,"160-200 cm",0,0,NA
"E2","V2M4",21108,">200 cm",0,0,NA
"E2","V2M4",21109,"<40 cm",0,0,NA
"E2","V2M4",21109,"40-80 cm",0,0,NA
"E2","V2M4",21109,"80-120 cm",0,0,NA
"E2","V2M4",21109,"120-160 cm",0,0,NA
"E2","V2M4",21109,"160-200 cm",0,0,NA
"E2","V2M4",21109,">200 cm",0,0,NA
"E2","V2M4",21110,"<40 cm",0,0,NA
"E2","V2M4",21110,"40-80 cm",0,0,NA
"E2","V2M4",21110,"80-120 cm",0,0,NA
"E2","V2M4",21110,"120-160 cm",0,0,NA
"E2","V2M4",21110,"160-200 cm",0,0,NA
"E2","V2M4",21110,">200 cm",0,0,NA
"E2","V2M4",22101,"<40 cm",0,0,NA
"E2","V2M4",22101,"40-80 cm",0,0,NA
"E2","V2M4",22101,"80-120 cm",0,0,NA
"E2","V2M4",22101,"120-160 cm",0,0,NA
"E2","V2M4",22101,"160-200 cm",0,0,NA
"E2","V2M4",22101,">200 cm",0,0,NA
"E2","V2M4",22102,"<40 cm",0,0,NA
"E2","V2M4",22102,"40-80 cm",0,0,NA
"E2","V2M4",22102,"80-120 cm",0,0,NA
"E2","V2M4",22102,"120-160 cm",0,0,NA
"E2","V2M4",22102,"160-200 cm",0,0,NA
"E2","V2M4",22102,">200 cm",0,0,NA
"E2","V2M4",22103,"<40 cm",0,0,NA
"E2","V2M4",22103,"40-80 cm",0,0,NA
"E2","V2M4",22103,"80-120 cm",0,0,NA
"E2","V2M4",22103,"120-160 cm",0,0,NA
"E2","V2M4",22103,"160-200 cm",0,0,NA
"E2","V2M4",22103,">200 cm",0,0,NA
"E2","V2M4",22104,"<40 cm",0,0,NA
"E2","V2M4",22104,"40-80 cm",0,0,NA
"E2","V2M4",22104,"80-120 cm",0,0,NA
"E2","V2M4",22104,"120-160 cm",0,0,NA
"E2","V2M4",22104,"160-200 cm",0,0,NA
"E2","V2M4",22104,">200 cm",0,0,NA
"E2","V2M4",22105,"<40 cm",0,0,NA
"E2","V2M4",22105,"40-80 cm",0,0,NA
"E2","V2M4",22105,"80-120 cm",0,0,NA
"E2","V2M4",22105,"120-160 cm",0,0,NA
"E2","V2M4",22105,"160-200 cm",0,0,NA
"E2","V2M4",22105,">200 cm",0,0,NA
"E2","V2M4",22106,"<40 cm",0,0,NA
"E2","V2M4",22106,"40-80 cm",0,0,NA
"E2","V2M4",22106,"80-120 cm",0,0,NA
"E2","V2M4",22106,"120-160 cm",0,0,NA
"E2","V2M4",22106,"160-200 cm",0,0,NA
"E2","V2M4",22106,">200 cm",0,0,NA
"E2","V2M4",22107,"<40 cm",0,0,NA
"E2","V2M4",22107,"40-80 cm",0,0,NA
"E2","V2M4",22107,"80-120 cm",0,0,NA
"E2","V2M4",22107,"120-160 cm",0,0,NA
"E2","V2M4",22107,"160-200 cm",0,0,NA
"E2","V2M4",22107,">200 cm",0,0,NA
"E2","V2M4",22108,"<40 cm",0,0,NA
"E2","V2M4",22108,"40-80 cm",0,0,NA
"E2","V2M4",22108,"80-120 cm",0,0,NA
"E2","V2M4",22108,"120-160 cm",0,0,NA
"E2","V2M4",22108,"160-200 cm",0,0,NA
"E2","V2M4",22108,">200 cm",0,0,NA
"E2","V2M4",22109,"<40 cm",0,0,NA
"E2","V2M4",22109,"40-80 cm",0,0,NA
"E2","V2M4",22109,"80-120 cm",0,0,NA
"E2","V2M4",22109,"120-160 cm",0,0,NA
"E2","V2M4",22109,"160-200 cm",0,0,NA
"E2","V2M4",22109,">200 cm",0,0,NA
"E2","V2M4",22110,"<40 cm",0,0,NA
"E2","V2M4",22110,"40-80 cm",0,0,NA
"E2","V2M4",22110,"80-120 cm",0,0,NA
"E2","V2M4",22110,"120-160 cm",0,0,NA
"E2","V2M4",22110,"160-200 cm",0,0,NA
"E2","V2M4",22110,">200 cm",0,0,NA
"E2","V2M4",23101,"<40 cm",0,0,NA
"E2","V2M4",23101,"40-80 cm",0,0,NA
"E2","V2M4",23101,"80-120 cm",0,0,NA
"E2","V2M4",23101,"120-160 cm",0,0,NA
"E2","V2M4",23101,"160-200 cm",0,0,NA
"E2","V2M4",23101,">200 cm",0,0,NA
"E2","V2M4",23102,"<40 cm",0,0,NA
"E2","V2M4",23102,"40-80 cm",0,0,NA
"E2","V2M4",23102,"80-120 cm",0,0,NA
"E2","V2M4",23102,"120-160 cm",0,0,NA
"E2","V2M4",23102,"160-200 cm",0,0,NA
"E2","V2M4",23102,">200 cm",0,0,NA
"E2","V2M4",23103,"<40 cm",0,0,NA
"E2","V2M4",23103,"40-80 cm",0,0,NA
"E2","V2M4",23103,"80-120 cm",0,0,NA
"E2","V2M4",23103,"120-160 cm",0,0,NA
"E2","V2M4",23103,"160-200 cm",0,0,NA
"E2","V2M4",23103,">200 cm",0,0,NA
"E2","V2M4",23104,"<40 cm",0,0,NA
"E2","V2M4",23104,"40-80 cm",0,0,NA
"E2","V2M4",23104,"80-120 cm",0,0,NA
"E2","V2M4",23104,"120-160 cm",0,0,NA
"E2","V2M4",23104,"160-200 cm",0,0,NA
"E2","V2M4",23104,">200 cm",0,0,NA
"E2","V2M4",23105,"<40 cm",0,0,NA
"E2","V2M4",23105,"40-80 cm",0,0,NA
"E2","V2M4",23105,"80-120 cm",0,0,NA
"E2","V2M4",23105,"120-160 cm",0,0,NA
"E2","V2M4",23105,"160-200 cm",0,0,NA
"E2","V2M4",23105,">200 cm",0,0,NA
"E2","V2M4",23106,"<40 cm",0,0,NA
"E2","V2M4",23106,"40-80 cm",0,0,NA
"E2","V2M4",23106,"80-120 cm",0,0,NA
"E2","V2M4",23106,"120-160 cm",0,0,NA
"E2","V2M4",23106,"160-200 cm",0,0,NA
"E2","V2M4",23106,">200 cm",0,0,NA
"E2","V2M4",23107,"<40 cm",0,0,NA
"E2","V2M4",23107,"40-80 cm",0,0,NA
"E2","V2M4",23107,"80-120 cm",0,0,NA
"E2","V2M4",23107,"120-160 cm",0,0,NA
"E2","V2M4",23107,"160-200 cm",0,0,NA
"E2","V2M4",23107,">200 cm",0,0,NA
"E2","V2M4",23108,"<40 cm",0,0,NA
"E2","V2M4",23108,"40-80 cm",0,0,NA
"E2","V2M4",23108,"80-120 cm",0,0,NA
"E2","V2M4",23108,"120-160 cm",0,0,NA
"E2","V2M4",23108,"160-200 cm",0,0,NA
"E2","V2M4",23108,">200 cm",0,0,NA
"E2","V2M4",23109,"<40 cm",0,0,NA
"E2","V2M4",23109,"40-80 cm",0,0,NA
"E2","V2M4",23109,"80-120 cm",0,0,NA
"E2","V2M4",23109,"120-160 cm",0,0,NA
"E2","V2M4",23109,"160-200 cm",0,0,NA
"E2","V2M4",23109,">200 cm",0,0,NA
"E2","V2M4",23110,"<40 cm",0,0,NA
"E2","V2M4",23110,"40-80 cm",0,0,NA
"E2","V2M4",23110,"80-120 cm",0,0,NA
"E2","V2M4",23110,"120-160 cm",0,0,NA
"E2","V2M4",23110,"160-200 cm",0,0,NA
"E2","V2M4",23110,">200 cm",0,0,NA
"E2","V2M4",24101,"<40 cm",0,0,NA
"E2","V2M4",24101,"40-80 cm",0,0,NA
"E2","V2M4",24101,"80-120 cm",0,0,NA
"E2","V2M4",24101,"120-160 cm",0,0,NA
"E2","V2M4",24101,"160-200 cm",0,0,NA
"E2","V2M4",24101,">200 cm",0,0,NA
"E2","V2M4",24102,"<40 cm",0,0,NA
"E2","V2M4",24102,"40-80 cm",0,0,NA
"E2","V2M4",24102,"80-120 cm",0,0,NA
"E2","V2M4",24102,"120-160 cm",0,0,NA
"E2","V2M4",24102,"160-200 cm",0,0,NA
"E2","V2M4",24102,">200 cm",0,0,NA
"E2","V2M4",24103,"<40 cm",0,0,NA
"E2","V2M4",24103,"40-80 cm",0,0,NA
"E2","V2M4",24103,"80-120 cm",0,0,NA
"E2","V2M4",24103,"120-160 cm",0,0,NA
"E2","V2M4",24103,"160-200 cm",0,0,NA
"E2","V2M4",24103,">200 cm",0,0,NA
"E2","V2M4",24104,"<40 cm",0,0,NA
"E2","V2M4",24104,"40-80 cm",0,0,NA
"E2","V2M4",24104,"80-120 cm",0,0,NA
"E2","V2M4",24104,"120-160 cm",0,0,NA
"E2","V2M4",24104,"160-200 cm",0,0,NA
"E2","V2M4",24104,">200 cm",0,0,NA
"E2","V2M4",24105,"<40 cm",0,0,NA
"E2","V2M4",24105,"40-80 cm",0,0,NA
"E2","V2M4",24105,"80-120 cm",0,0,NA
"E2","V2M4",24105,"120-160 cm",0,0,NA
"E2","V2M4",24105,"160-200 cm",0,0,NA
"E2","V2M4",24105,">200 cm",0,0,NA
"E2","V2M4",24106,"<40 cm",0,0,NA
"E2","V2M4",24106,"40-80 cm",0,0,NA
"E2","V2M4",24106,"80-120 cm",0,0,NA
"E2","V2M4",24106,"120-160 cm",0,0,NA
"E2","V2M4",24106,"160-200 cm",0,0,NA
"E2","V2M4",24106,">200 cm",0,0,NA
"E2","V2M4",24107,"<40 cm",0,0,NA
"E2","V2M4",24107,"40-80 cm",0,0,NA
"E2","V2M4",24107,"80-120 cm",0,0,NA
"E2","V2M4",24107,"120-160 cm",0,0,NA
"E2","V2M4",24107,"160-200 cm",0,0,NA
"E2","V2M4",24107,">200 cm",0,0,NA
"E2","V2M4",24108,"<40 cm",0,0,NA
"E2","V2M4",24108,"40-80 cm",0,0,NA
"E2","V2M4",24108,"80-120 cm",0,0,NA
"E2","V2M4",24108,"120-160 cm",0,0,NA
"E2","V2M4",24108,"160-200 cm",0,0,NA
"E2","V2M4",24108,">200 cm",0,0,NA
"E2","V2M4",24109,"<40 cm",0,0,NA
"E2","V2M4",24109,"40-80 cm",0,0,NA
"E2","V2M4",24109,"80-120 cm",0,0,NA
"E2","V2M4",24109,"120-160 cm",0,0,NA
"E2","V2M4",24109,"160-200 cm",0,0,NA
"E2","V2M4",24109,">200 cm",0,0,NA
"E2","V2M4",24110,"<40 cm",0,0,NA
"E2","V2M4",24110,"40-80 cm",0,0,NA
"E2","V2M4",24110,"80-120 cm",0,0,NA
"E2","V2M4",24110,"120-160 cm",0,0,NA
"E2","V2M4",24110,"160-200 cm",0,0,NA
"E2","V2M4",24110,">200 cm",0,0,NA
"E2","V2M4",25101,"<40 cm",0,0,NA
"E2","V2M4",25101,"40-80 cm",0,0,NA
"E2","V2M4",25101,"80-120 cm",0,0,NA
"E2","V2M4",25101,"120-160 cm",0,0,NA
"E2","V2M4",25101,"160-200 cm",0,0,NA
"E2","V2M4",25101,">200 cm",0,0,NA
"E2","V2M4",25102,"<40 cm",0,0,NA
"E2","V2M4",25102,"40-80 cm",0,0,NA
"E2","V2M4",25102,"80-120 cm",0,0,NA
"E2","V2M4",25102,"120-160 cm",0,0,NA
"E2","V2M4",25102,"160-200 cm",0,0,NA
"E2","V2M4",25102,">200 cm",0,0,NA
"E2","V2M4",25103,"<40 cm",0,0,NA
"E2","V2M4",25103,"40-80 cm",0,0,NA
"E2","V2M4",25103,"80-120 cm",0,0,NA
"E2","V2M4",25103,"120-160 cm",0,0,NA
"E2","V2M4",25103,"160-200 cm",0,0,NA
"E2","V2M4",25103,">200 cm",0,0,NA
"E2","V2M4",25104,"<40 cm",0,0,NA
"E2","V2M4",25104,"40-80 cm",0,0,NA
"E2","V2M4",25104,"80-120 cm",0,0,NA
"E2","V2M4",25104,"120-160 cm",0,0,NA
"E2","V2M4",25104,"160-200 cm",0,0,NA
"E2","V2M4",25104,">200 cm",0,0,NA
"E2","V2M4",25105,"<40 cm",0,0,NA
"E2","V2M4",25105,"40-80 cm",0,0,NA
"E2","V2M4",25105,"80-120 cm",0,0,NA
"E2","V2M4",25105,"120-160 cm",0,0,NA
"E2","V2M4",25105,"160-200 cm",0,0,NA
"E2","V2M4",25105,">200 cm",0,0,NA
"E2","V2M4",25106,"<40 cm",0,0,NA
"E2","V2M4",25106,"40-80 cm",0,0,NA
"E2","V2M4",25106,"80-120 cm",0,0,NA
"E2","V2M4",25106,"120-160 cm",0,0,NA
"E2","V2M4",25106,"160-200 cm",0,0,NA
"E2","V2M4",25106,">200 cm",0,0,NA
"E2","V2M4",25107,"<40 cm",0,0,NA
"E2","V2M4",25107,"40-80 cm",0,0,NA
"E2","V2M4",25107,"80-120 cm",0,0,NA
"E2","V2M4",25107,"120-160 cm",0,0,NA
"E2","V2M4",25107,"160-200 cm",0,0,NA
"E2","V2M4",25107,">200 cm",0,0,NA
"E2","V2M4",25108,"<40 cm",0,0,NA
"E2","V2M4",25108,"40-80 cm",0,0,NA
"E2","V2M4",25108,"80-120 cm",0,0,NA
"E2","V2M4",25108,"120-160 cm",0,0,NA
"E2","V2M4",25108,"160-200 cm",0,0,NA
"E2","V2M4",25108,">200 cm",0,0,NA
"E2","V2M4",25109,"<40 cm",0,0,NA
"E2","V2M4",25109,"40-80 cm",0,0,NA
"E2","V2M4",25109,"80-120 cm",0,0,NA
"E2","V2M4",25109,"120-160 cm",0,0,NA
"E2","V2M4",25109,"160-200 cm",0,0,NA
"E2","V2M4",25109,">200 cm",0,0,NA
"E2","V2M4",25110,"<40 cm",0,0,NA
"E2","V2M4",25110,"40-80 cm",0,0,NA
"E2","V2M4",25110,"80-120 cm",0,0,NA
"E2","V2M4",25110,"120-160 cm",0,0,NA
"E2","V2M4",25110,"160-200 cm",0,0,NA
"E2","V2M4",25110,">200 cm",0,0,NA
"E2","V2M4",26101,"<40 cm",0,0,NA
"E2","V2M4",26101,"40-80 cm",0,0,NA
"E2","V2M4",26101,"80-120 cm",0,0,NA
"E2","V2M4",26101,"120-160 cm",0,0,NA
"E2","V2M4",26101,"160-200 cm",0,0,NA
"E2","V2M4",26101,">200 cm",0,0,NA
"E2","V2M4",26102,"<40 cm",0,0,NA
"E2","V2M4",26102,"40-80 cm",0,0,NA
"E2","V2M4",26102,"80-120 cm",0,0,NA
"E2","V2M4",26102,"120-160 cm",0,0,NA
"E2","V2M4",26102,"160-200 cm",0,0,NA
"E2","V2M4",26102,">200 cm",0,0,NA
"E2","V2M4",26103,"<40 cm",0,0,NA
"E2","V2M4",26103,"40-80 cm",0,0,NA
"E2","V2M4",26103,"80-120 cm",0,0,NA
"E2","V2M4",26103,"120-160 cm",0,0,NA
"E2","V2M4",26103,"160-200 cm",0,0,NA
"E2","V2M4",26103,">200 cm",0,0,NA
"E2","V2M4",26104,"<40 cm",0,0,NA
"E2","V2M4",26104,"40-80 cm",0,0,NA
"E2","V2M4",26104,"80-120 cm",0,0,NA
"E2","V2M4",26104,"120-160 cm",0,0,NA
"E2","V2M4",26104,"160-200 cm",0,0,NA
"E2","V2M4",26104,">200 cm",0,0,NA
"E2","V2M4",26105,"<40 cm",0,0,NA
"E2","V2M4",26105,"40-80 cm",0,0,NA
"E2","V2M4",26105,"80-120 cm",0,0,NA
"E2","V2M4",26105,"120-160 cm",0,0,NA
"E2","V2M4",26105,"160-200 cm",0,0,NA
"E2","V2M4",26105,">200 cm",0,0,NA
"E2","V2M4",26106,"<40 cm",0,0,NA
"E2","V2M4",26106,"40-80 cm",0,0,NA
"E2","V2M4",26106,"80-120 cm",0,0,NA
"E2","V2M4",26106,"120-160 cm",0,0,NA
"E2","V2M4",26106,"160-200 cm",0,0,NA
"E2","V2M4",26106,">200 cm",0,0,NA
"E2","V2M4",26107,"<40 cm",0,0,NA
"E2","V2M4",26107,"40-80 cm",0,0,NA
"E2","V2M4",26107,"80-120 cm",0,0,NA
"E2","V2M4",26107,"120-160 cm",0,0,NA
"E2","V2M4",26107,"160-200 cm",0,0,NA
"E2","V2M4",26107,">200 cm",0,0,NA
"E2","V2M4",26108,"<40 cm",0,0,NA
"E2","V2M4",26108,"40-80 cm",0,0,NA
"E2","V2M4",26108,"80-120 cm",0,0,NA
"E2","V2M4",26108,"120-160 cm",0,0,NA
"E2","V2M4",26108,"160-200 cm",0,0,NA
"E2","V2M4",26108,">200 cm",0,0,NA
"E2","V2M4",26109,"<40 cm",0,0,NA
"E2","V2M4",26109,"40-80 cm",0,0,NA
"E2","V2M4",26109,"80-120 cm",0,0,NA
"E2","V2M4",26109,"120-160 cm",0,0,NA
"E2","V2M4",26109,"160-200 cm",0,0,NA
"E2","V2M4",26109,">200 cm",0,0,NA
"E2","V2M4",26110,"<40 cm",0,0,NA
"E2","V2M4",26110,"40-80 cm",0,0,NA
"E2","V2M4",26110,"80-120 cm",0,0,NA
"E2","V2M4",26110,"120-160 cm",0,0,NA
"E2","V2M4",26110,"160-200 cm",0,0,NA
"E2","V2M4",26110,">200 cm",0,0,NA
"E2","V2M4",27101,"<40 cm",0,0,NA
"E2","V2M4",27101,"40-80 cm",0,0,NA
"E2","V2M4",27101,"80-120 cm",0,0,NA
"E2","V2M4",27101,"120-160 cm",0,0,NA
"E2","V2M4",27101,"160-200 cm",0,0,NA
"E2","V2M4",27101,">200 cm",0,0,NA
"E2","V2M4",27102,"<40 cm",0,0,NA
"E2","V2M4",27102,"40-80 cm",0,0,NA
"E2","V2M4",27102,"80-120 cm",0,0,NA
"E2","V2M4",27102,"120-160 cm",0,0,NA
"E2","V2M4",27102,"160-200 cm",0,0,NA
"E2","V2M4",27102,">200 cm",0,0,NA
"E2","V2M4",27103,"<40 cm",0,0,NA
"E2","V2M4",27103,"40-80 cm",0,0,NA
"E2","V2M4",27103,"80-120 cm",0,0,NA
"E2","V2M4",27103,"120-160 cm",0,0,NA
"E2","V2M4",27103,"160-200 cm",0,0,NA
"E2","V2M4",27103,">200 cm",0,0,NA
"E2","V2M4",27104,"<40 cm",0,0,NA
"E2","V2M4",27104,"40-80 cm",0,0,NA
"E2","V2M4",27104,"80-120 cm",0,0,NA
"E2","V2M4",27104,"120-160 cm",0,0,NA
"E2","V2M4",27104,"160-200 cm",0,0,NA
"E2","V2M4",27104,">200 cm",0,0,NA
"E2","V2M4",27105,"<40 cm",0,0,NA
"E2","V2M4",27105,"40-80 cm",0,0,NA
"E2","V2M4",27105,"80-120 cm",0,0,NA
"E2","V2M4",27105,"120-160 cm",0,0,NA
"E2","V2M4",27105,"160-200 cm",0,0,NA
"E2","V2M4",27105,">200 cm",0,0,NA
"E2","V2M4",27106,"<40 cm",0,0,NA
"E2","V2M4",27106,"40-80 cm",0,0,NA
"E2","V2M4",27106,"80-120 cm",0,0,NA
"E2","V2M4",27106,"120-160 cm",0,0,NA
"E2","V2M4",27106,"160-200 cm",0,0,NA
"E2","V2M4",27106,">200 cm",0,0,NA
"E2","V2M4",27107,"<40 cm",0,0,NA
"E2","V2M4",27107,"40-80 cm",0,0,NA
"E2","V2M4",27107,"80-120 cm",0,0,NA
"E2","V2M4",27107,"120-160 cm",0,0,NA
"E2","V2M4",27107,"160-200 cm",0,0,NA
"E2","V2M4",27107,">200 cm",0,0,NA
"E2","V2M4",27108,"<40 cm",0,0,NA
"E2","V2M4",27108,"40-80 cm",0,0,NA
"E2","V2M4",27108,"80-120 cm",0,0,NA
"E2","V2M4",27108,"120-160 cm",0,0,NA
"E2","V2M4",27108,"160-200 cm",0,0,NA
"E2","V2M4",27108,">200 cm",0,0,NA
"E2","V2M4",27109,"<40 cm",0,0,NA
"E2","V2M4",27109,"40-80 cm",0,0,NA
"E2","V2M4",27109,"80-120 cm",0,0,NA
"E2","V2M4",27109,"120-160 cm",0,0,NA
"E2","V2M4",27109,"160-200 cm",0,0,NA
"E2","V2M4",27109,">200 cm",0,0,NA
"E2","V2M4",27110,"<40 cm",0,0,NA
"E2","V2M4",27110,"40-80 cm",0,0,NA
"E2","V2M4",27110,"80-120 cm",0,0,NA
"E2","V2M4",27110,"120-160 cm",0,0,NA
"E2","V2M4",27110,"160-200 cm",0,0,NA
"E2","V2M4",27110,">200 cm",0,0,NA
"E2","V2M4",28101,"<40 cm",0,0,NA
"E2","V2M4",28101,"40-80 cm",0,0,NA
"E2","V2M4",28101,"80-120 cm",0,0,NA
"E2","V2M4",28101,"120-160 cm",0,0,NA
"E2","V2M4",28101,"160-200 cm",0,0,NA
"E2","V2M4",28101,">200 cm",0,0,NA
"E2","V2M4",28102,"<40 cm",0,0,NA
"E2","V2M4",28102,"40-80 cm",0,0,NA
"E2","V2M4",28102,"80-120 cm",0,0,NA
"E2","V2M4",28102,"120-160 cm",0,0,NA
"E2","V2M4",28102,"160-200 cm",0,0,NA
"E2","V2M4",28102,">200 cm",0,0,NA
"E2","V2M4",28103,"<40 cm",0,0,NA
"E2","V2M4",28103,"40-80 cm",0,0,NA
"E2","V2M4",28103,"80-120 cm",0,0,NA
"E2","V2M4",28103,"120-160 cm",0,0,NA
"E2","V2M4",28103,"160-200 cm",0,0,NA
"E2","V2M4",28103,">200 cm",0,0,NA
"E2","V2M4",28104,"<40 cm",0,0,NA
"E2","V2M4",28104,"40-80 cm",0,0,NA
"E2","V2M4",28104,"80-120 cm",0,0,NA
"E2","V2M4",28104,"120-160 cm",0,0,NA
"E2","V2M4",28104,"160-200 cm",0,0,NA
"E2","V2M4",28104,">200 cm",0,0,NA
"E2","V2M4",28105,"<40 cm",0,0,NA
"E2","V2M4",28105,"40-80 cm",0,0,NA
"E2","V2M4",28105,"80-120 cm",0,0,NA
"E2","V2M4",28105,"120-160 cm",0,0,NA
"E2","V2M4",28105,"160-200 cm",0,0,NA
"E2","V2M4",28105,">200 cm",0,0,NA
"E2","V2M4",28106,"<40 cm",0,0,NA
"E2","V2M4",28106,"40-80 cm",0,0,NA
"E2","V2M4",28106,"80-120 cm",0,0,NA
"E2","V2M4",28106,"120-160 cm",0,0,NA
"E2","V2M4",28106,"160-200 cm",0,0,NA
"E2","V2M4",28106,">200 cm",0,0,NA
"E2","V2M4",28107,"<40 cm",0,0,NA
"E2","V2M4",28107,"40-80 cm",0,0,NA
"E2","V2M4",28107,"80-120 cm",0,0,NA
"E2","V2M4",28107,"120-160 cm",0,0,NA
"E2","V2M4",28107,"160-200 cm",0,0,NA
"E2","V2M4",28107,">200 cm",0,0,NA
"E2","V2M4",28108,"<40 cm",0,0,NA
"E2","V2M4",28108,"40-80 cm",0,0,NA
"E2","V2M4",28108,"80-120 cm",0,0,NA
"E2","V2M4",28108,"120-160 cm",0,0,NA
"E2","V2M4",28108,"160-200 cm",0,0,NA
"E2","V2M4",28108,">200 cm",0,0,NA
"E2","V2M4",28109,"<40 cm",0,0,NA
"E2","V2M4",28109,"40-80 cm",0,0,NA
"E2","V2M4",28109,"80-120 cm",0,0,NA
"E2","V2M4",28109,"120-160 cm",0,0,NA
"E2","V2M4",28109,"160-200 cm",0,0,NA
"E2","V2M4",28109,">200 cm",0,0,NA
"E2","V2M4",28110,"<40 cm",0,0,NA
"E2","V2M4",28110,"40-80 cm",0,0,NA
"E2","V2M4",28110,"80-120 cm",0,0,NA
"E2","V2M4",28110,"120-160 cm",0,0,NA
"E2","V2M4",28110,"160-200 cm",0,0,NA
"E2","V2M4",28110,">200 cm",0,0,NA
"E2","V2M4",29101,"<40 cm",0,0,NA
"E2","V2M4",29101,"40-80 cm",0,0,NA
"E2","V2M4",29101,"80-120 cm",0,0,NA
"E2","V2M4",29101,"120-160 cm",0,0,NA
"E2","V2M4",29101,"160-200 cm",0,0,NA
"E2","V2M4",29101,">200 cm",0,0,NA
"E2","V2M4",29102,"<40 cm",0,0,NA
"E2","V2M4",29102,"40-80 cm",0,0,NA
"E2","V2M4",29102,"80-120 cm",0,0,NA
"E2","V2M4",29102,"120-160 cm",0,0,NA
"E2","V2M4",29102,"160-200 cm",0,0,NA
"E2","V2M4",29102,">200 cm",0,0,NA
"E2","V2M4",29103,"<40 cm",0,0,NA
"E2","V2M4",29103,"40-80 cm",0,0,NA
"E2","V2M4",29103,"80-120 cm",0,0,NA
"E2","V2M4",29103,"120-160 cm",0,0,NA
"E2","V2M4",29103,"160-200 cm",0,0,NA
"E2","V2M4",29103,">200 cm",0,0,NA
"E2","V2M4",29104,"<40 cm",0,0,NA
"E2","V2M4",29104,"40-80 cm",0,0,NA
"E2","V2M4",29104,"80-120 cm",0,0,NA
"E2","V2M4",29104,"120-160 cm",0,0,NA
"E2","V2M4",29104,"160-200 cm",0,0,NA
"E2","V2M4",29104,">200 cm",0,0,NA
"E2","V2M4",29105,"<40 cm",0,0,NA
"E2","V2M4",29105,"40-80 cm",0,0,NA
"E2","V2M4",29105,"80-120 cm",0,0,NA
"E2","V2M4",29105,"120-160 cm",0,0,NA
"E2","V2M4",29105,"160-200 cm",0,0,NA
"E2","V2M4",29105,">200 cm",0,0,NA
"E2","V2M4",29106,"<40 cm",0,0,NA
"E2","V2M4",29106,"40-80 cm",0,0,NA
"E2","V2M4",29106,"80-120 cm",0,0,NA
"E2","V2M4",29106,"120-160 cm",0,0,NA
"E2","V2M4",29106,"160-200 cm",0,0,NA
"E2","V2M4",29106,">200 cm",0,0,NA
"E2","V2M4",29107,"<40 cm",0,0,NA
"E2","V2M4",29107,"40-80 cm",0,0,NA
"E2","V2M4",29107,"80-120 cm",0,0,NA
"E2","V2M4",29107,"120-160 cm",0,0,NA
"E2","V2M4",29107,"160-200 cm",0,0,NA
"E2","V2M4",29107,">200 cm",0,0,NA
"E2","V2M4",29108,"<40 cm",0,0,NA
"E2","V2M4",29108,"40-80 cm",0,0,NA
"E2","V2M4",29108,"80-120 cm",0,0,NA
"E2","V2M4",29108,"120-160 cm",0,0,NA
"E2","V2M4",29108,"160-200 cm",0,0,NA
"E2","V2M4",29108,">200 cm",0,0,NA
"E2","V2M4",29109,"<40 cm",0,0,NA
"E2","V2M4",29109,"40-80 cm",0,0,NA
"E2","V2M4",29109,"80-120 cm",0,0,NA
"E2","V2M4",29109,"120-160 cm",0,0,NA
"E2","V2M4",29109,"160-200 cm",0,0,NA
"E2","V2M4",29109,">200 cm",0,0,NA
"E2","V2M4",29110,"<40 cm",0,0,NA
"E2","V2M4",29110,"40-80 cm",0,0,NA
"E2","V2M4",29110,"80-120 cm",0,0,NA
"E2","V2M4",29110,"120-160 cm",0,0,NA
"E2","V2M4",29110,"160-200 cm",0,0,NA
"E2","V2M4",29110,">200 cm",0,0,NA
"E2","V2M4",30101,"<40 cm",0,0,NA
"E2","V2M4",30101,"40-80 cm",0,0,NA
"E2","V2M4",30101,"80-120 cm",0,0,NA
"E2","V2M4",30101,"120-160 cm",0,0,NA
"E2","V2M4",30101,"160-200 cm",0,0,NA
"E2","V2M4",30101,">200 cm",0,0,NA
"E2","V2M4",30102,"<40 cm",0,0,NA
"E2","V2M4",30102,"40-80 cm",0,0,NA
"E2","V2M4",30102,"80-120 cm",0,0,NA
"E2","V2M4",30102,"120-160 cm",0,0,NA
"E2","V2M4",30102,"160-200 cm",0,0,NA
"E2","V2M4",30102,">200 cm",0,0,NA
"E2","V2M4",30103,"<40 cm",0,0,NA
"E2","V2M4",30103,"40-80 cm",0,0,NA
"E2","V2M4",30103,"80-120 cm",0,0,NA
"E2","V2M4",30103,"120-160 cm",0,0,NA
"E2","V2M4",30103,"160-200 cm",0,0,NA
"E2","V2M4",30103,">200 cm",0,0,NA
"E2","V2M4",30104,"<40 cm",0,0,NA
"E2","V2M4",30104,"40-80 cm",0,0,NA
"E2","V2M4",30104,"80-120 cm",0,0,NA
"E2","V2M4",30104,"120-160 cm",0,0,NA
"E2","V2M4",30104,"160-200 cm",0,0,NA
"E2","V2M4",30104,">200 cm",0,0,NA
"E2","V2M4",30105,"<40 cm",0,0,NA
"E2","V2M4",30105,"40-80 cm",0,0,NA
"E2","V2M4",30105,"80-120 cm",0,0,NA
"E2","V2M4",30105,"120-160 cm",0,0,NA
"E2","V2M4",30105,"160-200 cm",0,0,NA
"E2","V2M4",30105,">200 cm",0,0,NA
"E2","V2M4",30106,"<40 cm",0,0,NA
"E2","V2M4",30106,"40-80 cm",0,0,NA
"E2","V2M4",30106,"80-120 cm",0,0,NA
"E2","V2M4",30106,"120-160 cm",0,0,NA
"E2","V2M4",30106,"160-200 cm",0,0,NA
"E2","V2M4",30106,">200 cm",0,0,NA
"E2","V2M4",30107,"<40 cm",0,0,NA
"E2","V2M4",30107,"40-80 cm",0,0,NA
"E2","V2M4",30107,"80-120 cm",0,0,NA
"E2","V2M4",30107,"120-160 cm",0,0,NA
"E2","V2M4",30107,"160-200 cm",0,0,NA
"E2","V2M4",30107,">200 cm",0,0,NA
"E2","V2M4",30108,"<40 cm",0,0,NA
"E2","V2M4",30108,"40-80 cm",0,0,NA
"E2","V2M4",30108,"80-120 cm",0,0,NA
"E2","V2M4",30108,"120-160 cm",0,0,NA
"E2","V2M4",30108,"160-200 cm",0,0,NA
"E2","V2M4",30108,">200 cm",0,0,NA
"E2","V2M4",30109,"<40 cm",0,0,NA
"E2","V2M4",30109,"40-80 cm",0,0,NA
"E2","V2M4",30109,"80-120 cm",0,0,NA
"E2","V2M4",30109,"120-160 cm",0,0,NA
"E2","V2M4",30109,"160-200 cm",0,0,NA
"E2","V2M4",30109,">200 cm",0,0,NA
"E2","V2M4",30110,"<40 cm",0,0,NA
"E2","V2M4",30110,"40-80 cm",0,0,NA
"E2","V2M4",30110,"80-120 cm",0,0,NA
"E2","V2M4",30110,"120-160 cm",0,0,NA
"E2","V2M4",30110,"160-200 cm",0,0,NA
"E2","V2M4",30110,">200 cm",0,0,NA
"E2","V2M5",1101,"<40 cm",185,250,0.74
"E2","V2M5",1101,"40-80 cm",9,250,0.036
"E2","V2M5",1101,"80-120 cm",3,250,0.012
"E2","V2M5",1101,"120-160 cm",4,250,0.016
"E2","V2M5",1101,"160-200 cm",3,250,0.012
"E2","V2M5",1101,">200 cm",46,250,0.184
"E2","V2M5",1102,"<40 cm",176,250,0.704
"E2","V2M5",1102,"40-80 cm",3,250,0.012
"E2","V2M5",1102,"80-120 cm",5,250,0.02
"E2","V2M5",1102,"120-160 cm",5,250,0.02
"E2","V2M5",1102,"160-200 cm",3,250,0.012
"E2","V2M5",1102,">200 cm",58,250,0.232
"E2","V2M5",1103,"<40 cm",185,250,0.74
"E2","V2M5",1103,"40-80 cm",6,250,0.024
"E2","V2M5",1103,"80-120 cm",4,250,0.016
"E2","V2M5",1103,"120-160 cm",7,250,0.028
"E2","V2M5",1103,"160-200 cm",6,250,0.024
"E2","V2M5",1103,">200 cm",42,250,0.168
"E2","V2M5",1104,"<40 cm",0,0,NA
"E2","V2M5",1104,"40-80 cm",0,0,NA
"E2","V2M5",1104,"80-120 cm",0,0,NA
"E2","V2M5",1104,"120-160 cm",0,0,NA
"E2","V2M5",1104,"160-200 cm",0,0,NA
"E2","V2M5",1104,">200 cm",0,0,NA
"E2","V2M5",1105,"<40 cm",0,0,NA
"E2","V2M5",1105,"40-80 cm",0,0,NA
"E2","V2M5",1105,"80-120 cm",0,0,NA
"E2","V2M5",1105,"120-160 cm",0,0,NA
"E2","V2M5",1105,"160-200 cm",0,0,NA
"E2","V2M5",1105,">200 cm",0,0,NA
"E2","V2M5",1106,"<40 cm",0,0,NA
"E2","V2M5",1106,"40-80 cm",0,0,NA
"E2","V2M5",1106,"80-120 cm",0,0,NA
"E2","V2M5",1106,"120-160 cm",0,0,NA
"E2","V2M5",1106,"160-200 cm",0,0,NA
"E2","V2M5",1106,">200 cm",0,0,NA
"E2","V2M5",1107,"<40 cm",0,0,NA
"E2","V2M5",1107,"40-80 cm",0,0,NA
"E2","V2M5",1107,"80-120 cm",0,0,NA
"E2","V2M5",1107,"120-160 cm",0,0,NA
"E2","V2M5",1107,"160-200 cm",0,0,NA
"E2","V2M5",1107,">200 cm",0,0,NA
"E2","V2M5",1108,"<40 cm",0,0,NA
"E2","V2M5",1108,"40-80 cm",0,0,NA
"E2","V2M5",1108,"80-120 cm",0,0,NA
"E2","V2M5",1108,"120-160 cm",0,0,NA
"E2","V2M5",1108,"160-200 cm",0,0,NA
"E2","V2M5",1108,">200 cm",0,0,NA
"E2","V2M5",1109,"<40 cm",0,0,NA
"E2","V2M5",1109,"40-80 cm",0,0,NA
"E2","V2M5",1109,"80-120 cm",0,0,NA
"E2","V2M5",1109,"120-160 cm",0,0,NA
"E2","V2M5",1109,"160-200 cm",0,0,NA
"E2","V2M5",1109,">200 cm",0,0,NA
"E2","V2M5",1110,"<40 cm",0,0,NA
"E2","V2M5",1110,"40-80 cm",0,0,NA
"E2","V2M5",1110,"80-120 cm",0,0,NA
"E2","V2M5",1110,"120-160 cm",0,0,NA
"E2","V2M5",1110,"160-200 cm",0,0,NA
"E2","V2M5",1110,">200 cm",0,0,NA
"E2","V2M5",2101,"<40 cm",198,250,0.792
"E2","V2M5",2101,"40-80 cm",8,250,0.032
"E2","V2M5",2101,"80-120 cm",5,250,0.02
"E2","V2M5",2101,"120-160 cm",5,250,0.02
"E2","V2M5",2101,"160-200 cm",8,250,0.032
"E2","V2M5",2101,">200 cm",26,250,0.104
"E2","V2M5",2102,"<40 cm",180,250,0.72
"E2","V2M5",2102,"40-80 cm",5,250,0.02
"E2","V2M5",2102,"80-120 cm",11,250,0.044
"E2","V2M5",2102,"120-160 cm",7,250,0.028
"E2","V2M5",2102,"160-200 cm",9,250,0.036
"E2","V2M5",2102,">200 cm",38,250,0.152
"E2","V2M5",2103,"<40 cm",192,250,0.768
"E2","V2M5",2103,"40-80 cm",5,250,0.02
"E2","V2M5",2103,"80-120 cm",7,250,0.028
"E2","V2M5",2103,"120-160 cm",9,250,0.036
"E2","V2M5",2103,"160-200 cm",5,250,0.02
"E2","V2M5",2103,">200 cm",32,250,0.128
"E2","V2M5",2104,"<40 cm",0,0,NA
"E2","V2M5",2104,"40-80 cm",0,0,NA
"E2","V2M5",2104,"80-120 cm",0,0,NA
"E2","V2M5",2104,"120-160 cm",0,0,NA
"E2","V2M5",2104,"160-200 cm",0,0,NA
"E2","V2M5",2104,">200 cm",0,0,NA
"E2","V2M5",2105,"<40 cm",0,0,NA
"E2","V2M5",2105,"40-80 cm",0,0,NA
"E2","V2M5",2105,"80-120 cm",0,0,NA
"E2","V2M5",2105,"120-160 cm",0,0,NA
"E2","V2M5",2105,"160-200 cm",0,0,NA
"E2","V2M5",2105,">200 cm",0,0,NA
"E2","V2M5",2106,"<40 cm",0,0,NA
"E2","V2M5",2106,"40-80 cm",0,0,NA
"E2","V2M5",2106,"80-120 cm",0,0,NA
"E2","V2M5",2106,"120-160 cm",0,0,NA
"E2","V2M5",2106,"160-200 cm",0,0,NA
"E2","V2M5",2106,">200 cm",0,0,NA
"E2","V2M5",2107,"<40 cm",0,0,NA
"E2","V2M5",2107,"40-80 cm",0,0,NA
"E2","V2M5",2107,"80-120 cm",0,0,NA
"E2","V2M5",2107,"120-160 cm",0,0,NA
"E2","V2M5",2107,"160-200 cm",0,0,NA
"E2","V2M5",2107,">200 cm",0,0,NA
"E2","V2M5",2108,"<40 cm",0,0,NA
"E2","V2M5",2108,"40-80 cm",0,0,NA
"E2","V2M5",2108,"80-120 cm",0,0,NA
"E2","V2M5",2108,"120-160 cm",0,0,NA
"E2","V2M5",2108,"160-200 cm",0,0,NA
"E2","V2M5",2108,">200 cm",0,0,NA
"E2","V2M5",2109,"<40 cm",0,0,NA
"E2","V2M5",2109,"40-80 cm",0,0,NA
"E2","V2M5",2109,"80-120 cm",0,0,NA
"E2","V2M5",2109,"120-160 cm",0,0,NA
"E2","V2M5",2109,"160-200 cm",0,0,NA
"E2","V2M5",2109,">200 cm",0,0,NA
"E2","V2M5",2110,"<40 cm",0,0,NA
"E2","V2M5",2110,"40-80 cm",0,0,NA
"E2","V2M5",2110,"80-120 cm",0,0,NA
"E2","V2M5",2110,"120-160 cm",0,0,NA
"E2","V2M5",2110,"160-200 cm",0,0,NA
"E2","V2M5",2110,">200 cm",0,0,NA
"E2","V2M5",3101,"<40 cm",192,250,0.768
"E2","V2M5",3101,"40-80 cm",5,250,0.02
"E2","V2M5",3101,"80-120 cm",4,250,0.016
"E2","V2M5",3101,"120-160 cm",4,250,0.016
"E2","V2M5",3101,"160-200 cm",3,250,0.012
"E2","V2M5",3101,">200 cm",42,250,0.168
"E2","V2M5",3102,"<40 cm",177,250,0.708
"E2","V2M5",3102,"40-80 cm",2,250,0.008
"E2","V2M5",3102,"80-120 cm",6,250,0.024
"E2","V2M5",3102,"120-160 cm",7,250,0.028
"E2","V2M5",3102,"160-200 cm",4,250,0.016
"E2","V2M5",3102,">200 cm",54,250,0.216
"E2","V2M5",3103,"<40 cm",188,250,0.752
"E2","V2M5",3103,"40-80 cm",6,250,0.024
"E2","V2M5",3103,"80-120 cm",3,250,0.012
"E2","V2M5",3103,"120-160 cm",8,250,0.032
"E2","V2M5",3103,"160-200 cm",4,250,0.016
"E2","V2M5",3103,">200 cm",41,250,0.164
"E2","V2M5",3104,"<40 cm",0,0,NA
"E2","V2M5",3104,"40-80 cm",0,0,NA
"E2","V2M5",3104,"80-120 cm",0,0,NA
"E2","V2M5",3104,"120-160 cm",0,0,NA
"E2","V2M5",3104,"160-200 cm",0,0,NA
"E2","V2M5",3104,">200 cm",0,0,NA
"E2","V2M5",3105,"<40 cm",0,0,NA
"E2","V2M5",3105,"40-80 cm",0,0,NA
"E2","V2M5",3105,"80-120 cm",0,0,NA
"E2","V2M5",3105,"120-160 cm",0,0,NA
"E2","V2M5",3105,"160-200 cm",0,0,NA
"E2","V2M5",3105,">200 cm",0,0,NA
"E2","V2M5",3106,"<40 cm",0,0,NA
"E2","V2M5",3106,"40-80 cm",0,0,NA
"E2","V2M5",3106,"80-120 cm",0,0,NA
"E2","V2M5",3106,"120-160 cm",0,0,NA
"E2","V2M5",3106,"160-200 cm",0,0,NA
"E2","V2M5",3106,">200 cm",0,0,NA
"E2","V2M5",3107,"<40 cm",0,0,NA
"E2","V2M5",3107,"40-80 cm",0,0,NA
"E2","V2M5",3107,"80-120 cm",0,0,NA
"E2","V2M5",3107,"120-160 cm",0,0,NA
"E2","V2M5",3107,"160-200 cm",0,0,NA
"E2","V2M5",3107,">200 cm",0,0,NA
"E2","V2M5",3108,"<40 cm",0,0,NA
"E2","V2M5",3108,"40-80 cm",0,0,NA
"E2","V2M5",3108,"80-120 cm",0,0,NA
"E2","V2M5",3108,"120-160 cm",0,0,NA
"E2","V2M5",3108,"160-200 cm",0,0,NA
"E2","V2M5",3108,">200 cm",0,0,NA
"E2","V2M5",3109,"<40 cm",0,0,NA
"E2","V2M5",3109,"40-80 cm",0,0,NA
"E2","V2M5",3109,"80-120 cm",0,0,NA
"E2","V2M5",3109,"120-160 cm",0,0,NA
"E2","V2M5",3109,"160-200 cm",0,0,NA
"E2","V2M5",3109,">200 cm",0,0,NA
"E2","V2M5",3110,"<40 cm",0,0,NA
"E2","V2M5",3110,"40-80 cm",0,0,NA
"E2","V2M5",3110,"80-120 cm",0,0,NA
"E2","V2M5",3110,"120-160 cm",0,0,NA
"E2","V2M5",3110,"160-200 cm",0,0,NA
"E2","V2M5",3110,">200 cm",0,0,NA
"E2","V2M5",4101,"<40 cm",179,250,0.716
"E2","V2M5",4101,"40-80 cm",10,250,0.04
"E2","V2M5",4101,"80-120 cm",6,250,0.024
"E2","V2M5",4101,"120-160 cm",13,250,0.052
"E2","V2M5",4101,"160-200 cm",11,250,0.044
"E2","V2M5",4101,">200 cm",31,250,0.124
"E2","V2M5",4102,"<40 cm",162,250,0.648
"E2","V2M5",4102,"40-80 cm",9,250,0.036
"E2","V2M5",4102,"80-120 cm",6,250,0.024
"E2","V2M5",4102,"120-160 cm",14,250,0.056
"E2","V2M5",4102,"160-200 cm",7,250,0.028
"E2","V2M5",4102,">200 cm",52,250,0.208
"E2","V2M5",4103,"<40 cm",174,250,0.696
"E2","V2M5",4103,"40-80 cm",11,250,0.044
"E2","V2M5",4103,"80-120 cm",4,250,0.016
"E2","V2M5",4103,"120-160 cm",17,250,0.068
"E2","V2M5",4103,"160-200 cm",8,250,0.032
"E2","V2M5",4103,">200 cm",36,250,0.144
"E2","V2M5",4104,"<40 cm",0,0,NA
"E2","V2M5",4104,"40-80 cm",0,0,NA
"E2","V2M5",4104,"80-120 cm",0,0,NA
"E2","V2M5",4104,"120-160 cm",0,0,NA
"E2","V2M5",4104,"160-200 cm",0,0,NA
"E2","V2M5",4104,">200 cm",0,0,NA
"E2","V2M5",4105,"<40 cm",0,0,NA
"E2","V2M5",4105,"40-80 cm",0,0,NA
"E2","V2M5",4105,"80-120 cm",0,0,NA
"E2","V2M5",4105,"120-160 cm",0,0,NA
"E2","V2M5",4105,"160-200 cm",0,0,NA
"E2","V2M5",4105,">200 cm",0,0,NA
"E2","V2M5",4106,"<40 cm",0,0,NA
"E2","V2M5",4106,"40-80 cm",0,0,NA
"E2","V2M5",4106,"80-120 cm",0,0,NA
"E2","V2M5",4106,"120-160 cm",0,0,NA
"E2","V2M5",4106,"160-200 cm",0,0,NA
"E2","V2M5",4106,">200 cm",0,0,NA
"E2","V2M5",4107,"<40 cm",0,0,NA
"E2","V2M5",4107,"40-80 cm",0,0,NA
"E2","V2M5",4107,"80-120 cm",0,0,NA
"E2","V2M5",4107,"120-160 cm",0,0,NA
"E2","V2M5",4107,"160-200 cm",0,0,NA
"E2","V2M5",4107,">200 cm",0,0,NA
"E2","V2M5",4108,"<40 cm",0,0,NA
"E2","V2M5",4108,"40-80 cm",0,0,NA
"E2","V2M5",4108,"80-120 cm",0,0,NA
"E2","V2M5",4108,"120-160 cm",0,0,NA
"E2","V2M5",4108,"160-200 cm",0,0,NA
"E2","V2M5",4108,">200 cm",0,0,NA
"E2","V2M5",4109,"<40 cm",0,0,NA
"E2","V2M5",4109,"40-80 cm",0,0,NA
"E2","V2M5",4109,"80-120 cm",0,0,NA
"E2","V2M5",4109,"120-160 cm",0,0,NA
"E2","V2M5",4109,"160-200 cm",0,0,NA
"E2","V2M5",4109,">200 cm",0,0,NA
"E2","V2M5",4110,"<40 cm",0,0,NA
"E2","V2M5",4110,"40-80 cm",0,0,NA
"E2","V2M5",4110,"80-120 cm",0,0,NA
"E2","V2M5",4110,"120-160 cm",0,0,NA
"E2","V2M5",4110,"160-200 cm",0,0,NA
"E2","V2M5",4110,">200 cm",0,0,NA
"E2","V2M5",5101,"<40 cm",191,250,0.764
"E2","V2M5",5101,"40-80 cm",5,250,0.02
"E2","V2M5",5101,"80-120 cm",4,250,0.016
"E2","V2M5",5101,"120-160 cm",5,250,0.02
"E2","V2M5",5101,"160-200 cm",6,250,0.024
"E2","V2M5",5101,">200 cm",39,250,0.156
"E2","V2M5",5102,"<40 cm",179,250,0.716
"E2","V2M5",5102,"40-80 cm",7,250,0.028
"E2","V2M5",5102,"80-120 cm",6,250,0.024
"E2","V2M5",5102,"120-160 cm",3,250,0.012
"E2","V2M5",5102,"160-200 cm",5,250,0.02
"E2","V2M5",5102,">200 cm",50,250,0.2
"E2","V2M5",5103,"<40 cm",188,250,0.752
"E2","V2M5",5103,"40-80 cm",4,250,0.016
"E2","V2M5",5103,"80-120 cm",8,250,0.032
"E2","V2M5",5103,"120-160 cm",7,250,0.028
"E2","V2M5",5103,"160-200 cm",7,250,0.028
"E2","V2M5",5103,">200 cm",36,250,0.144
"E2","V2M5",5104,"<40 cm",0,0,NA
"E2","V2M5",5104,"40-80 cm",0,0,NA
"E2","V2M5",5104,"80-120 cm",0,0,NA
"E2","V2M5",5104,"120-160 cm",0,0,NA
"E2","V2M5",5104,"160-200 cm",0,0,NA
"E2","V2M5",5104,">200 cm",0,0,NA
"E2","V2M5",5105,"<40 cm",0,0,NA
"E2","V2M5",5105,"40-80 cm",0,0,NA
"E2","V2M5",5105,"80-120 cm",0,0,NA
"E2","V2M5",5105,"120-160 cm",0,0,NA
"E2","V2M5",5105,"160-200 cm",0,0,NA
"E2","V2M5",5105,">200 cm",0,0,NA
"E2","V2M5",5106,"<40 cm",0,0,NA
"E2","V2M5",5106,"40-80 cm",0,0,NA
"E2","V2M5",5106,"80-120 cm",0,0,NA
"E2","V2M5",5106,"120-160 cm",0,0,NA
"E2","V2M5",5106,"160-200 cm",0,0,NA
"E2","V2M5",5106,">200 cm",0,0,NA
"E2","V2M5",5107,"<40 cm",0,0,NA
"E2","V2M5",5107,"40-80 cm",0,0,NA
"E2","V2M5",5107,"80-120 cm",0,0,NA
"E2","V2M5",5107,"120-160 cm",0,0,NA
"E2","V2M5",5107,"160-200 cm",0,0,NA
"E2","V2M5",5107,">200 cm",0,0,NA
"E2","V2M5",5108,"<40 cm",0,0,NA
"E2","V2M5",5108,"40-80 cm",0,0,NA
"E2","V2M5",5108,"80-120 cm",0,0,NA
"E2","V2M5",5108,"120-160 cm",0,0,NA
"E2","V2M5",5108,"160-200 cm",0,0,NA
"E2","V2M5",5108,">200 cm",0,0,NA
"E2","V2M5",5109,"<40 cm",0,0,NA
"E2","V2M5",5109,"40-80 cm",0,0,NA
"E2","V2M5",5109,"80-120 cm",0,0,NA
"E2","V2M5",5109,"120-160 cm",0,0,NA
"E2","V2M5",5109,"160-200 cm",0,0,NA
"E2","V2M5",5109,">200 cm",0,0,NA
"E2","V2M5",5110,"<40 cm",0,0,NA
"E2","V2M5",5110,"40-80 cm",0,0,NA
"E2","V2M5",5110,"80-120 cm",0,0,NA
"E2","V2M5",5110,"120-160 cm",0,0,NA
"E2","V2M5",5110,"160-200 cm",0,0,NA
"E2","V2M5",5110,">200 cm",0,0,NA
"E2","V2M5",6101,"<40 cm",192,250,0.768
"E2","V2M5",6101,"40-80 cm",4,250,0.016
"E2","V2M5",6101,"80-120 cm",4,250,0.016
"E2","V2M5",6101,"120-160 cm",4,250,0.016
"E2","V2M5",6101,"160-200 cm",6,250,0.024
"E2","V2M5",6101,">200 cm",40,250,0.16
"E2","V2M5",6102,"<40 cm",178,250,0.712
"E2","V2M5",6102,"40-80 cm",2,250,0.008
"E2","V2M5",6102,"80-120 cm",4,250,0.016
"E2","V2M5",6102,"120-160 cm",5,250,0.02
"E2","V2M5",6102,"160-200 cm",7,250,0.028
"E2","V2M5",6102,">200 cm",54,250,0.216
"E2","V2M5",6103,"<40 cm",191,250,0.764
"E2","V2M5",6103,"40-80 cm",4,250,0.016
"E2","V2M5",6103,"80-120 cm",3,250,0.012
"E2","V2M5",6103,"120-160 cm",8,250,0.032
"E2","V2M5",6103,"160-200 cm",12,250,0.048
"E2","V2M5",6103,">200 cm",32,250,0.128
"E2","V2M5",6104,"<40 cm",0,0,NA
"E2","V2M5",6104,"40-80 cm",0,0,NA
"E2","V2M5",6104,"80-120 cm",0,0,NA
"E2","V2M5",6104,"120-160 cm",0,0,NA
"E2","V2M5",6104,"160-200 cm",0,0,NA
"E2","V2M5",6104,">200 cm",0,0,NA
"E2","V2M5",6105,"<40 cm",0,0,NA
"E2","V2M5",6105,"40-80 cm",0,0,NA
"E2","V2M5",6105,"80-120 cm",0,0,NA
"E2","V2M5",6105,"120-160 cm",0,0,NA
"E2","V2M5",6105,"160-200 cm",0,0,NA
"E2","V2M5",6105,">200 cm",0,0,NA
"E2","V2M5",6106,"<40 cm",0,0,NA
"E2","V2M5",6106,"40-80 cm",0,0,NA
"E2","V2M5",6106,"80-120 cm",0,0,NA
"E2","V2M5",6106,"120-160 cm",0,0,NA
"E2","V2M5",6106,"160-200 cm",0,0,NA
"E2","V2M5",6106,">200 cm",0,0,NA
"E2","V2M5",6107,"<40 cm",0,0,NA
"E2","V2M5",6107,"40-80 cm",0,0,NA
"E2","V2M5",6107,"80-120 cm",0,0,NA
"E2","V2M5",6107,"120-160 cm",0,0,NA
"E2","V2M5",6107,"160-200 cm",0,0,NA
"E2","V2M5",6107,">200 cm",0,0,NA
"E2","V2M5",6108,"<40 cm",0,0,NA
"E2","V2M5",6108,"40-80 cm",0,0,NA
"E2","V2M5",6108,"80-120 cm",0,0,NA
"E2","V2M5",6108,"120-160 cm",0,0,NA
"E2","V2M5",6108,"160-200 cm",0,0,NA
"E2","V2M5",6108,">200 cm",0,0,NA
"E2","V2M5",6109,"<40 cm",0,0,NA
"E2","V2M5",6109,"40-80 cm",0,0,NA
"E2","V2M5",6109,"80-120 cm",0,0,NA
"E2","V2M5",6109,"120-160 cm",0,0,NA
"E2","V2M5",6109,"160-200 cm",0,0,NA
"E2","V2M5",6109,">200 cm",0,0,NA
"E2","V2M5",6110,"<40 cm",0,0,NA
"E2","V2M5",6110,"40-80 cm",0,0,NA
"E2","V2M5",6110,"80-120 cm",0,0,NA
"E2","V2M5",6110,"120-160 cm",0,0,NA
"E2","V2M5",6110,"160-200 cm",0,0,NA
"E2","V2M5",6110,">200 cm",0,0,NA
"E2","V2M5",7101,"<40 cm",190,250,0.76
"E2","V2M5",7101,"40-80 cm",5,250,0.02
"E2","V2M5",7101,"80-120 cm",4,250,0.016
"E2","V2M5",7101,"120-160 cm",4,250,0.016
"E2","V2M5",7101,"160-200 cm",4,250,0.016
"E2","V2M5",7101,">200 cm",43,250,0.172
"E2","V2M5",7102,"<40 cm",177,250,0.708
"E2","V2M5",7102,"40-80 cm",1,250,0.004
"E2","V2M5",7102,"80-120 cm",5,250,0.02
"E2","V2M5",7102,"120-160 cm",6,250,0.024
"E2","V2M5",7102,"160-200 cm",3,250,0.012
"E2","V2M5",7102,">200 cm",58,250,0.232
"E2","V2M5",7103,"<40 cm",183,250,0.732
"E2","V2M5",7103,"40-80 cm",8,250,0.032
"E2","V2M5",7103,"80-120 cm",3,250,0.012
"E2","V2M5",7103,"120-160 cm",8,250,0.032
"E2","V2M5",7103,"160-200 cm",6,250,0.024
"E2","V2M5",7103,">200 cm",42,250,0.168
"E2","V2M5",7104,"<40 cm",0,0,NA
"E2","V2M5",7104,"40-80 cm",0,0,NA
"E2","V2M5",7104,"80-120 cm",0,0,NA
"E2","V2M5",7104,"120-160 cm",0,0,NA
"E2","V2M5",7104,"160-200 cm",0,0,NA
"E2","V2M5",7104,">200 cm",0,0,NA
"E2","V2M5",7105,"<40 cm",0,0,NA
"E2","V2M5",7105,"40-80 cm",0,0,NA
"E2","V2M5",7105,"80-120 cm",0,0,NA
"E2","V2M5",7105,"120-160 cm",0,0,NA
"E2","V2M5",7105,"160-200 cm",0,0,NA
"E2","V2M5",7105,">200 cm",0,0,NA
"E2","V2M5",7106,"<40 cm",0,0,NA
"E2","V2M5",7106,"40-80 cm",0,0,NA
"E2","V2M5",7106,"80-120 cm",0,0,NA
"E2","V2M5",7106,"120-160 cm",0,0,NA
"E2","V2M5",7106,"160-200 cm",0,0,NA
"E2","V2M5",7106,">200 cm",0,0,NA
"E2","V2M5",7107,"<40 cm",0,0,NA
"E2","V2M5",7107,"40-80 cm",0,0,NA
"E2","V2M5",7107,"80-120 cm",0,0,NA
"E2","V2M5",7107,"120-160 cm",0,0,NA
"E2","V2M5",7107,"160-200 cm",0,0,NA
"E2","V2M5",7107,">200 cm",0,0,NA
"E2","V2M5",7108,"<40 cm",0,0,NA
"E2","V2M5",7108,"40-80 cm",0,0,NA
"E2","V2M5",7108,"80-120 cm",0,0,NA
"E2","V2M5",7108,"120-160 cm",0,0,NA
"E2","V2M5",7108,"160-200 cm",0,0,NA
"E2","V2M5",7108,">200 cm",0,0,NA
"E2","V2M5",7109,"<40 cm",0,0,NA
"E2","V2M5",7109,"40-80 cm",0,0,NA
"E2","V2M5",7109,"80-120 cm",0,0,NA
"E2","V2M5",7109,"120-160 cm",0,0,NA
"E2","V2M5",7109,"160-200 cm",0,0,NA
"E2","V2M5",7109,">200 cm",0,0,NA
"E2","V2M5",7110,"<40 cm",0,0,NA
"E2","V2M5",7110,"40-80 cm",0,0,NA
"E2","V2M5",7110,"80-120 cm",0,0,NA
"E2","V2M5",7110,"120-160 cm",0,0,NA
"E2","V2M5",7110,"160-200 cm",0,0,NA
"E2","V2M5",7110,">200 cm",0,0,NA
"E2","V2M5",8101,"<40 cm",166,250,0.664
"E2","V2M5",8101,"40-80 cm",30,250,0.12
"E2","V2M5",8101,"80-120 cm",6,250,0.024
"E2","V2M5",8101,"120-160 cm",5,250,0.02
"E2","V2M5",8101,"160-200 cm",6,250,0.024
"E2","V2M5",8101,">200 cm",37,250,0.148
"E2","V2M5",8102,"<40 cm",166,250,0.664
"E2","V2M5",8102,"40-80 cm",12,250,0.048
"E2","V2M5",8102,"80-120 cm",8,250,0.032
"E2","V2M5",8102,"120-160 cm",5,250,0.02
"E2","V2M5",8102,"160-200 cm",5,250,0.02
"E2","V2M5",8102,">200 cm",54,250,0.216
"E2","V2M5",8103,"<40 cm",174,250,0.696
"E2","V2M5",8103,"40-80 cm",19,250,0.076
"E2","V2M5",8103,"80-120 cm",9,250,0.036
"E2","V2M5",8103,"120-160 cm",5,250,0.02
"E2","V2M5",8103,"160-200 cm",6,250,0.024
"E2","V2M5",8103,">200 cm",37,250,0.148
"E2","V2M5",8104,"<40 cm",0,0,NA
"E2","V2M5",8104,"40-80 cm",0,0,NA
"E2","V2M5",8104,"80-120 cm",0,0,NA
"E2","V2M5",8104,"120-160 cm",0,0,NA
"E2","V2M5",8104,"160-200 cm",0,0,NA
"E2","V2M5",8104,">200 cm",0,0,NA
"E2","V2M5",8105,"<40 cm",0,0,NA
"E2","V2M5",8105,"40-80 cm",0,0,NA
"E2","V2M5",8105,"80-120 cm",0,0,NA
"E2","V2M5",8105,"120-160 cm",0,0,NA
"E2","V2M5",8105,"160-200 cm",0,0,NA
"E2","V2M5",8105,">200 cm",0,0,NA
"E2","V2M5",8106,"<40 cm",0,0,NA
"E2","V2M5",8106,"40-80 cm",0,0,NA
"E2","V2M5",8106,"80-120 cm",0,0,NA
"E2","V2M5",8106,"120-160 cm",0,0,NA
"E2","V2M5",8106,"160-200 cm",0,0,NA
"E2","V2M5",8106,">200 cm",0,0,NA
"E2","V2M5",8107,"<40 cm",0,0,NA
"E2","V2M5",8107,"40-80 cm",0,0,NA
"E2","V2M5",8107,"80-120 cm",0,0,NA
"E2","V2M5",8107,"120-160 cm",0,0,NA
"E2","V2M5",8107,"160-200 cm",0,0,NA
"E2","V2M5",8107,">200 cm",0,0,NA
"E2","V2M5",8108,"<40 cm",0,0,NA
"E2","V2M5",8108,"40-80 cm",0,0,NA
"E2","V2M5",8108,"80-120 cm",0,0,NA
"E2","V2M5",8108,"120-160 cm",0,0,NA
"E2","V2M5",8108,"160-200 cm",0,0,NA
"E2","V2M5",8108,">200 cm",0,0,NA
"E2","V2M5",8109,"<40 cm",0,0,NA
"E2","V2M5",8109,"40-80 cm",0,0,NA
"E2","V2M5",8109,"80-120 cm",0,0,NA
"E2","V2M5",8109,"120-160 cm",0,0,NA
"E2","V2M5",8109,"160-200 cm",0,0,NA
"E2","V2M5",8109,">200 cm",0,0,NA
"E2","V2M5",8110,"<40 cm",0,0,NA
"E2","V2M5",8110,"40-80 cm",0,0,NA
"E2","V2M5",8110,"80-120 cm",0,0,NA
"E2","V2M5",8110,"120-160 cm",0,0,NA
"E2","V2M5",8110,"160-200 cm",0,0,NA
"E2","V2M5",8110,">200 cm",0,0,NA
"E2","V2M5",9101,"<40 cm",192,250,0.768
"E2","V2M5",9101,"40-80 cm",4,250,0.016
"E2","V2M5",9101,"80-120 cm",4,250,0.016
"E2","V2M5",9101,"120-160 cm",6,250,0.024
"E2","V2M5",9101,"160-200 cm",20,250,0.08
"E2","V2M5",9101,">200 cm",24,250,0.096
"E2","V2M5",9102,"<40 cm",178,250,0.712
"E2","V2M5",9102,"40-80 cm",0,250,0
"E2","V2M5",9102,"80-120 cm",6,250,0.024
"E2","V2M5",9102,"120-160 cm",4,250,0.016
"E2","V2M5",9102,"160-200 cm",26,250,0.104
"E2","V2M5",9102,">200 cm",36,250,0.144
"E2","V2M5",9103,"<40 cm",187,250,0.748
"E2","V2M5",9103,"40-80 cm",3,250,0.012
"E2","V2M5",9103,"80-120 cm",9,250,0.036
"E2","V2M5",9103,"120-160 cm",6,250,0.024
"E2","V2M5",9103,"160-200 cm",22,250,0.088
"E2","V2M5",9103,">200 cm",23,250,0.092
"E2","V2M5",9104,"<40 cm",0,0,NA
"E2","V2M5",9104,"40-80 cm",0,0,NA
"E2","V2M5",9104,"80-120 cm",0,0,NA
"E2","V2M5",9104,"120-160 cm",0,0,NA
"E2","V2M5",9104,"160-200 cm",0,0,NA
"E2","V2M5",9104,">200 cm",0,0,NA
"E2","V2M5",9105,"<40 cm",0,0,NA
"E2","V2M5",9105,"40-80 cm",0,0,NA
"E2","V2M5",9105,"80-120 cm",0,0,NA
"E2","V2M5",9105,"120-160 cm",0,0,NA
"E2","V2M5",9105,"160-200 cm",0,0,NA
"E2","V2M5",9105,">200 cm",0,0,NA
"E2","V2M5",9106,"<40 cm",0,0,NA
"E2","V2M5",9106,"40-80 cm",0,0,NA
"E2","V2M5",9106,"80-120 cm",0,0,NA
"E2","V2M5",9106,"120-160 cm",0,0,NA
"E2","V2M5",9106,"160-200 cm",0,0,NA
"E2","V2M5",9106,">200 cm",0,0,NA
"E2","V2M5",9107,"<40 cm",0,0,NA
"E2","V2M5",9107,"40-80 cm",0,0,NA
"E2","V2M5",9107,"80-120 cm",0,0,NA
"E2","V2M5",9107,"120-160 cm",0,0,NA
"E2","V2M5",9107,"160-200 cm",0,0,NA
"E2","V2M5",9107,">200 cm",0,0,NA
"E2","V2M5",9108,"<40 cm",0,0,NA
"E2","V2M5",9108,"40-80 cm",0,0,NA
"E2","V2M5",9108,"80-120 cm",0,0,NA
"E2","V2M5",9108,"120-160 cm",0,0,NA
"E2","V2M5",9108,"160-200 cm",0,0,NA
"E2","V2M5",9108,">200 cm",0,0,NA
"E2","V2M5",9109,"<40 cm",0,0,NA
"E2","V2M5",9109,"40-80 cm",0,0,NA
"E2","V2M5",9109,"80-120 cm",0,0,NA
"E2","V2M5",9109,"120-160 cm",0,0,NA
"E2","V2M5",9109,"160-200 cm",0,0,NA
"E2","V2M5",9109,">200 cm",0,0,NA
"E2","V2M5",9110,"<40 cm",0,0,NA
"E2","V2M5",9110,"40-80 cm",0,0,NA
"E2","V2M5",9110,"80-120 cm",0,0,NA
"E2","V2M5",9110,"120-160 cm",0,0,NA
"E2","V2M5",9110,"160-200 cm",0,0,NA
"E2","V2M5",9110,">200 cm",0,0,NA
"E2","V2M5",10101,"<40 cm",177,250,0.708
"E2","V2M5",10101,"40-80 cm",9,250,0.036
"E2","V2M5",10101,"80-120 cm",10,250,0.04
"E2","V2M5",10101,"120-160 cm",6,250,0.024
"E2","V2M5",10101,"160-200 cm",3,250,0.012
"E2","V2M5",10101,">200 cm",45,250,0.18
"E2","V2M5",10102,"<40 cm",160,250,0.64
"E2","V2M5",10102,"40-80 cm",10,250,0.04
"E2","V2M5",10102,"80-120 cm",12,250,0.048
"E2","V2M5",10102,"120-160 cm",6,250,0.024
"E2","V2M5",10102,"160-200 cm",2,250,0.008
"E2","V2M5",10102,">200 cm",60,250,0.24
"E2","V2M5",10103,"<40 cm",168,250,0.672
"E2","V2M5",10103,"40-80 cm",8,250,0.032
"E2","V2M5",10103,"80-120 cm",15,250,0.06
"E2","V2M5",10103,"120-160 cm",10,250,0.04
"E2","V2M5",10103,"160-200 cm",5,250,0.02
"E2","V2M5",10103,">200 cm",44,250,0.176
"E2","V2M5",10104,"<40 cm",0,0,NA
"E2","V2M5",10104,"40-80 cm",0,0,NA
"E2","V2M5",10104,"80-120 cm",0,0,NA
"E2","V2M5",10104,"120-160 cm",0,0,NA
"E2","V2M5",10104,"160-200 cm",0,0,NA
"E2","V2M5",10104,">200 cm",0,0,NA
"E2","V2M5",10105,"<40 cm",0,0,NA
"E2","V2M5",10105,"40-80 cm",0,0,NA
"E2","V2M5",10105,"80-120 cm",0,0,NA
"E2","V2M5",10105,"120-160 cm",0,0,NA
"E2","V2M5",10105,"160-200 cm",0,0,NA
"E2","V2M5",10105,">200 cm",0,0,NA
"E2","V2M5",10106,"<40 cm",0,0,NA
"E2","V2M5",10106,"40-80 cm",0,0,NA
"E2","V2M5",10106,"80-120 cm",0,0,NA
"E2","V2M5",10106,"120-160 cm",0,0,NA
"E2","V2M5",10106,"160-200 cm",0,0,NA
"E2","V2M5",10106,">200 cm",0,0,NA
"E2","V2M5",10107,"<40 cm",0,0,NA
"E2","V2M5",10107,"40-80 cm",0,0,NA
"E2","V2M5",10107,"80-120 cm",0,0,NA
"E2","V2M5",10107,"120-160 cm",0,0,NA
"E2","V2M5",10107,"160-200 cm",0,0,NA
"E2","V2M5",10107,">200 cm",0,0,NA
"E2","V2M5",10108,"<40 cm",0,0,NA
"E2","V2M5",10108,"40-80 cm",0,0,NA
"E2","V2M5",10108,"80-120 cm",0,0,NA
"E2","V2M5",10108,"120-160 cm",0,0,NA
"E2","V2M5",10108,"160-200 cm",0,0,NA
"E2","V2M5",10108,">200 cm",0,0,NA
"E2","V2M5",10109,"<40 cm",0,0,NA
"E2","V2M5",10109,"40-80 cm",0,0,NA
"E2","V2M5",10109,"80-120 cm",0,0,NA
"E2","V2M5",10109,"120-160 cm",0,0,NA
"E2","V2M5",10109,"160-200 cm",0,0,NA
"E2","V2M5",10109,">200 cm",0,0,NA
"E2","V2M5",10110,"<40 cm",0,0,NA
"E2","V2M5",10110,"40-80 cm",0,0,NA
"E2","V2M5",10110,"80-120 cm",0,0,NA
"E2","V2M5",10110,"120-160 cm",0,0,NA
"E2","V2M5",10110,"160-200 cm",0,0,NA
"E2","V2M5",10110,">200 cm",0,0,NA
"E2","V2M5",11101,"<40 cm",0,0,NA
"E2","V2M5",11101,"40-80 cm",0,0,NA
"E2","V2M5",11101,"80-120 cm",0,0,NA
"E2","V2M5",11101,"120-160 cm",0,0,NA
"E2","V2M5",11101,"160-200 cm",0,0,NA
"E2","V2M5",11101,">200 cm",0,0,NA
"E2","V2M5",11102,"<40 cm",0,0,NA
"E2","V2M5",11102,"40-80 cm",0,0,NA
"E2","V2M5",11102,"80-120 cm",0,0,NA
"E2","V2M5",11102,"120-160 cm",0,0,NA
"E2","V2M5",11102,"160-200 cm",0,0,NA
"E2","V2M5",11102,">200 cm",0,0,NA
"E2","V2M5",11103,"<40 cm",0,0,NA
"E2","V2M5",11103,"40-80 cm",0,0,NA
"E2","V2M5",11103,"80-120 cm",0,0,NA
"E2","V2M5",11103,"120-160 cm",0,0,NA
"E2","V2M5",11103,"160-200 cm",0,0,NA
"E2","V2M5",11103,">200 cm",0,0,NA
"E2","V2M5",11104,"<40 cm",0,0,NA
"E2","V2M5",11104,"40-80 cm",0,0,NA
"E2","V2M5",11104,"80-120 cm",0,0,NA
"E2","V2M5",11104,"120-160 cm",0,0,NA
"E2","V2M5",11104,"160-200 cm",0,0,NA
"E2","V2M5",11104,">200 cm",0,0,NA
"E2","V2M5",11105,"<40 cm",0,0,NA
"E2","V2M5",11105,"40-80 cm",0,0,NA
"E2","V2M5",11105,"80-120 cm",0,0,NA
"E2","V2M5",11105,"120-160 cm",0,0,NA
"E2","V2M5",11105,"160-200 cm",0,0,NA
"E2","V2M5",11105,">200 cm",0,0,NA
"E2","V2M5",11106,"<40 cm",0,0,NA
"E2","V2M5",11106,"40-80 cm",0,0,NA
"E2","V2M5",11106,"80-120 cm",0,0,NA
"E2","V2M5",11106,"120-160 cm",0,0,NA
"E2","V2M5",11106,"160-200 cm",0,0,NA
"E2","V2M5",11106,">200 cm",0,0,NA
"E2","V2M5",11107,"<40 cm",0,0,NA
"E2","V2M5",11107,"40-80 cm",0,0,NA
"E2","V2M5",11107,"80-120 cm",0,0,NA
"E2","V2M5",11107,"120-160 cm",0,0,NA
"E2","V2M5",11107,"160-200 cm",0,0,NA
"E2","V2M5",11107,">200 cm",0,0,NA
"E2","V2M5",11108,"<40 cm",0,0,NA
"E2","V2M5",11108,"40-80 cm",0,0,NA
"E2","V2M5",11108,"80-120 cm",0,0,NA
"E2","V2M5",11108,"120-160 cm",0,0,NA
"E2","V2M5",11108,"160-200 cm",0,0,NA
"E2","V2M5",11108,">200 cm",0,0,NA
"E2","V2M5",11109,"<40 cm",0,0,NA
"E2","V2M5",11109,"40-80 cm",0,0,NA
"E2","V2M5",11109,"80-120 cm",0,0,NA
"E2","V2M5",11109,"120-160 cm",0,0,NA
"E2","V2M5",11109,"160-200 cm",0,0,NA
"E2","V2M5",11109,">200 cm",0,0,NA
"E2","V2M5",11110,"<40 cm",0,0,NA
"E2","V2M5",11110,"40-80 cm",0,0,NA
"E2","V2M5",11110,"80-120 cm",0,0,NA
"E2","V2M5",11110,"120-160 cm",0,0,NA
"E2","V2M5",11110,"160-200 cm",0,0,NA
"E2","V2M5",11110,">200 cm",0,0,NA
"E2","V2M5",12101,"<40 cm",0,0,NA
"E2","V2M5",12101,"40-80 cm",0,0,NA
"E2","V2M5",12101,"80-120 cm",0,0,NA
"E2","V2M5",12101,"120-160 cm",0,0,NA
"E2","V2M5",12101,"160-200 cm",0,0,NA
"E2","V2M5",12101,">200 cm",0,0,NA
"E2","V2M5",12102,"<40 cm",0,0,NA
"E2","V2M5",12102,"40-80 cm",0,0,NA
"E2","V2M5",12102,"80-120 cm",0,0,NA
"E2","V2M5",12102,"120-160 cm",0,0,NA
"E2","V2M5",12102,"160-200 cm",0,0,NA
"E2","V2M5",12102,">200 cm",0,0,NA
"E2","V2M5",12103,"<40 cm",0,0,NA
"E2","V2M5",12103,"40-80 cm",0,0,NA
"E2","V2M5",12103,"80-120 cm",0,0,NA
"E2","V2M5",12103,"120-160 cm",0,0,NA
"E2","V2M5",12103,"160-200 cm",0,0,NA
"E2","V2M5",12103,">200 cm",0,0,NA
"E2","V2M5",12104,"<40 cm",0,0,NA
"E2","V2M5",12104,"40-80 cm",0,0,NA
"E2","V2M5",12104,"80-120 cm",0,0,NA
"E2","V2M5",12104,"120-160 cm",0,0,NA
"E2","V2M5",12104,"160-200 cm",0,0,NA
"E2","V2M5",12104,">200 cm",0,0,NA
"E2","V2M5",12105,"<40 cm",0,0,NA
"E2","V2M5",12105,"40-80 cm",0,0,NA
"E2","V2M5",12105,"80-120 cm",0,0,NA
"E2","V2M5",12105,"120-160 cm",0,0,NA
"E2","V2M5",12105,"160-200 cm",0,0,NA
"E2","V2M5",12105,">200 cm",0,0,NA
"E2","V2M5",12106,"<40 cm",0,0,NA
"E2","V2M5",12106,"40-80 cm",0,0,NA
"E2","V2M5",12106,"80-120 cm",0,0,NA
"E2","V2M5",12106,"120-160 cm",0,0,NA
"E2","V2M5",12106,"160-200 cm",0,0,NA
"E2","V2M5",12106,">200 cm",0,0,NA
"E2","V2M5",12107,"<40 cm",0,0,NA
"E2","V2M5",12107,"40-80 cm",0,0,NA
"E2","V2M5",12107,"80-120 cm",0,0,NA
"E2","V2M5",12107,"120-160 cm",0,0,NA
"E2","V2M5",12107,"160-200 cm",0,0,NA
"E2","V2M5",12107,">200 cm",0,0,NA
"E2","V2M5",12108,"<40 cm",0,0,NA
"E2","V2M5",12108,"40-80 cm",0,0,NA
"E2","V2M5",12108,"80-120 cm",0,0,NA
"E2","V2M5",12108,"120-160 cm",0,0,NA
"E2","V2M5",12108,"160-200 cm",0,0,NA
"E2","V2M5",12108,">200 cm",0,0,NA
"E2","V2M5",12109,"<40 cm",0,0,NA
"E2","V2M5",12109,"40-80 cm",0,0,NA
"E2","V2M5",12109,"80-120 cm",0,0,NA
"E2","V2M5",12109,"120-160 cm",0,0,NA
"E2","V2M5",12109,"160-200 cm",0,0,NA
"E2","V2M5",12109,">200 cm",0,0,NA
"E2","V2M5",12110,"<40 cm",0,0,NA
"E2","V2M5",12110,"40-80 cm",0,0,NA
"E2","V2M5",12110,"80-120 cm",0,0,NA
"E2","V2M5",12110,"120-160 cm",0,0,NA
"E2","V2M5",12110,"160-200 cm",0,0,NA
"E2","V2M5",12110,">200 cm",0,0,NA
"E2","V2M5",13101,"<40 cm",0,0,NA
"E2","V2M5",13101,"40-80 cm",0,0,NA
"E2","V2M5",13101,"80-120 cm",0,0,NA
"E2","V2M5",13101,"120-160 cm",0,0,NA
"E2","V2M5",13101,"160-200 cm",0,0,NA
"E2","V2M5",13101,">200 cm",0,0,NA
"E2","V2M5",13102,"<40 cm",0,0,NA
"E2","V2M5",13102,"40-80 cm",0,0,NA
"E2","V2M5",13102,"80-120 cm",0,0,NA
"E2","V2M5",13102,"120-160 cm",0,0,NA
"E2","V2M5",13102,"160-200 cm",0,0,NA
"E2","V2M5",13102,">200 cm",0,0,NA
"E2","V2M5",13103,"<40 cm",0,0,NA
"E2","V2M5",13103,"40-80 cm",0,0,NA
"E2","V2M5",13103,"80-120 cm",0,0,NA
"E2","V2M5",13103,"120-160 cm",0,0,NA
"E2","V2M5",13103,"160-200 cm",0,0,NA
"E2","V2M5",13103,">200 cm",0,0,NA
"E2","V2M5",13104,"<40 cm",0,0,NA
"E2","V2M5",13104,"40-80 cm",0,0,NA
"E2","V2M5",13104,"80-120 cm",0,0,NA
"E2","V2M5",13104,"120-160 cm",0,0,NA
"E2","V2M5",13104,"160-200 cm",0,0,NA
"E2","V2M5",13104,">200 cm",0,0,NA
"E2","V2M5",13105,"<40 cm",0,0,NA
"E2","V2M5",13105,"40-80 cm",0,0,NA
"E2","V2M5",13105,"80-120 cm",0,0,NA
"E2","V2M5",13105,"120-160 cm",0,0,NA
"E2","V2M5",13105,"160-200 cm",0,0,NA
"E2","V2M5",13105,">200 cm",0,0,NA
"E2","V2M5",13106,"<40 cm",0,0,NA
"E2","V2M5",13106,"40-80 cm",0,0,NA
"E2","V2M5",13106,"80-120 cm",0,0,NA
"E2","V2M5",13106,"120-160 cm",0,0,NA
"E2","V2M5",13106,"160-200 cm",0,0,NA
"E2","V2M5",13106,">200 cm",0,0,NA
"E2","V2M5",13107,"<40 cm",0,0,NA
"E2","V2M5",13107,"40-80 cm",0,0,NA
"E2","V2M5",13107,"80-120 cm",0,0,NA
"E2","V2M5",13107,"120-160 cm",0,0,NA
"E2","V2M5",13107,"160-200 cm",0,0,NA
"E2","V2M5",13107,">200 cm",0,0,NA
"E2","V2M5",13108,"<40 cm",0,0,NA
"E2","V2M5",13108,"40-80 cm",0,0,NA
"E2","V2M5",13108,"80-120 cm",0,0,NA
"E2","V2M5",13108,"120-160 cm",0,0,NA
"E2","V2M5",13108,"160-200 cm",0,0,NA
"E2","V2M5",13108,">200 cm",0,0,NA
"E2","V2M5",13109,"<40 cm",0,0,NA
"E2","V2M5",13109,"40-80 cm",0,0,NA
"E2","V2M5",13109,"80-120 cm",0,0,NA
"E2","V2M5",13109,"120-160 cm",0,0,NA
"E2","V2M5",13109,"160-200 cm",0,0,NA
"E2","V2M5",13109,">200 cm",0,0,NA
"E2","V2M5",13110,"<40 cm",0,0,NA
"E2","V2M5",13110,"40-80 cm",0,0,NA
"E2","V2M5",13110,"80-120 cm",0,0,NA
"E2","V2M5",13110,"120-160 cm",0,0,NA
"E2","V2M5",13110,"160-200 cm",0,0,NA
"E2","V2M5",13110,">200 cm",0,0,NA
"E2","V2M5",14101,"<40 cm",0,0,NA
"E2","V2M5",14101,"40-80 cm",0,0,NA
"E2","V2M5",14101,"80-120 cm",0,0,NA
"E2","V2M5",14101,"120-160 cm",0,0,NA
"E2","V2M5",14101,"160-200 cm",0,0,NA
"E2","V2M5",14101,">200 cm",0,0,NA
"E2","V2M5",14102,"<40 cm",0,0,NA
"E2","V2M5",14102,"40-80 cm",0,0,NA
"E2","V2M5",14102,"80-120 cm",0,0,NA
"E2","V2M5",14102,"120-160 cm",0,0,NA
"E2","V2M5",14102,"160-200 cm",0,0,NA
"E2","V2M5",14102,">200 cm",0,0,NA
"E2","V2M5",14103,"<40 cm",0,0,NA
"E2","V2M5",14103,"40-80 cm",0,0,NA
"E2","V2M5",14103,"80-120 cm",0,0,NA
"E2","V2M5",14103,"120-160 cm",0,0,NA
"E2","V2M5",14103,"160-200 cm",0,0,NA
"E2","V2M5",14103,">200 cm",0,0,NA
"E2","V2M5",14104,"<40 cm",0,0,NA
"E2","V2M5",14104,"40-80 cm",0,0,NA
"E2","V2M5",14104,"80-120 cm",0,0,NA
"E2","V2M5",14104,"120-160 cm",0,0,NA
"E2","V2M5",14104,"160-200 cm",0,0,NA
"E2","V2M5",14104,">200 cm",0,0,NA
"E2","V2M5",14105,"<40 cm",0,0,NA
"E2","V2M5",14105,"40-80 cm",0,0,NA
"E2","V2M5",14105,"80-120 cm",0,0,NA
"E2","V2M5",14105,"120-160 cm",0,0,NA
"E2","V2M5",14105,"160-200 cm",0,0,NA
"E2","V2M5",14105,">200 cm",0,0,NA
"E2","V2M5",14106,"<40 cm",0,0,NA
"E2","V2M5",14106,"40-80 cm",0,0,NA
"E2","V2M5",14106,"80-120 cm",0,0,NA
"E2","V2M5",14106,"120-160 cm",0,0,NA
"E2","V2M5",14106,"160-200 cm",0,0,NA
"E2","V2M5",14106,">200 cm",0,0,NA
"E2","V2M5",14107,"<40 cm",0,0,NA
"E2","V2M5",14107,"40-80 cm",0,0,NA
"E2","V2M5",14107,"80-120 cm",0,0,NA
"E2","V2M5",14107,"120-160 cm",0,0,NA
"E2","V2M5",14107,"160-200 cm",0,0,NA
"E2","V2M5",14107,">200 cm",0,0,NA
"E2","V2M5",14108,"<40 cm",0,0,NA
"E2","V2M5",14108,"40-80 cm",0,0,NA
"E2","V2M5",14108,"80-120 cm",0,0,NA
"E2","V2M5",14108,"120-160 cm",0,0,NA
"E2","V2M5",14108,"160-200 cm",0,0,NA
"E2","V2M5",14108,">200 cm",0,0,NA
"E2","V2M5",14109,"<40 cm",0,0,NA
"E2","V2M5",14109,"40-80 cm",0,0,NA
"E2","V2M5",14109,"80-120 cm",0,0,NA
"E2","V2M5",14109,"120-160 cm",0,0,NA
"E2","V2M5",14109,"160-200 cm",0,0,NA
"E2","V2M5",14109,">200 cm",0,0,NA
"E2","V2M5",14110,"<40 cm",0,0,NA
"E2","V2M5",14110,"40-80 cm",0,0,NA
"E2","V2M5",14110,"80-120 cm",0,0,NA
"E2","V2M5",14110,"120-160 cm",0,0,NA
"E2","V2M5",14110,"160-200 cm",0,0,NA
"E2","V2M5",14110,">200 cm",0,0,NA
"E2","V2M5",15101,"<40 cm",0,0,NA
"E2","V2M5",15101,"40-80 cm",0,0,NA
"E2","V2M5",15101,"80-120 cm",0,0,NA
"E2","V2M5",15101,"120-160 cm",0,0,NA
"E2","V2M5",15101,"160-200 cm",0,0,NA
"E2","V2M5",15101,">200 cm",0,0,NA
"E2","V2M5",15102,"<40 cm",0,0,NA
"E2","V2M5",15102,"40-80 cm",0,0,NA
"E2","V2M5",15102,"80-120 cm",0,0,NA
"E2","V2M5",15102,"120-160 cm",0,0,NA
"E2","V2M5",15102,"160-200 cm",0,0,NA
"E2","V2M5",15102,">200 cm",0,0,NA
"E2","V2M5",15103,"<40 cm",0,0,NA
"E2","V2M5",15103,"40-80 cm",0,0,NA
"E2","V2M5",15103,"80-120 cm",0,0,NA
"E2","V2M5",15103,"120-160 cm",0,0,NA
"E2","V2M5",15103,"160-200 cm",0,0,NA
"E2","V2M5",15103,">200 cm",0,0,NA
"E2","V2M5",15104,"<40 cm",0,0,NA
"E2","V2M5",15104,"40-80 cm",0,0,NA
"E2","V2M5",15104,"80-120 cm",0,0,NA
"E2","V2M5",15104,"120-160 cm",0,0,NA
"E2","V2M5",15104,"160-200 cm",0,0,NA
"E2","V2M5",15104,">200 cm",0,0,NA
"E2","V2M5",15105,"<40 cm",0,0,NA
"E2","V2M5",15105,"40-80 cm",0,0,NA
"E2","V2M5",15105,"80-120 cm",0,0,NA
"E2","V2M5",15105,"120-160 cm",0,0,NA
"E2","V2M5",15105,"160-200 cm",0,0,NA
"E2","V2M5",15105,">200 cm",0,0,NA
"E2","V2M5",15106,"<40 cm",0,0,NA
"E2","V2M5",15106,"40-80 cm",0,0,NA
"E2","V2M5",15106,"80-120 cm",0,0,NA
"E2","V2M5",15106,"120-160 cm",0,0,NA
"E2","V2M5",15106,"160-200 cm",0,0,NA
"E2","V2M5",15106,">200 cm",0,0,NA
"E2","V2M5",15107,"<40 cm",0,0,NA
"E2","V2M5",15107,"40-80 cm",0,0,NA
"E2","V2M5",15107,"80-120 cm",0,0,NA
"E2","V2M5",15107,"120-160 cm",0,0,NA
"E2","V2M5",15107,"160-200 cm",0,0,NA
"E2","V2M5",15107,">200 cm",0,0,NA
"E2","V2M5",15108,"<40 cm",0,0,NA
"E2","V2M5",15108,"40-80 cm",0,0,NA
"E2","V2M5",15108,"80-120 cm",0,0,NA
"E2","V2M5",15108,"120-160 cm",0,0,NA
"E2","V2M5",15108,"160-200 cm",0,0,NA
"E2","V2M5",15108,">200 cm",0,0,NA
"E2","V2M5",15109,"<40 cm",0,0,NA
"E2","V2M5",15109,"40-80 cm",0,0,NA
"E2","V2M5",15109,"80-120 cm",0,0,NA
"E2","V2M5",15109,"120-160 cm",0,0,NA
"E2","V2M5",15109,"160-200 cm",0,0,NA
"E2","V2M5",15109,">200 cm",0,0,NA
"E2","V2M5",15110,"<40 cm",0,0,NA
"E2","V2M5",15110,"40-80 cm",0,0,NA
"E2","V2M5",15110,"80-120 cm",0,0,NA
"E2","V2M5",15110,"120-160 cm",0,0,NA
"E2","V2M5",15110,"160-200 cm",0,0,NA
"E2","V2M5",15110,">200 cm",0,0,NA
"E2","V2M5",16101,"<40 cm",0,0,NA
"E2","V2M5",16101,"40-80 cm",0,0,NA
"E2","V2M5",16101,"80-120 cm",0,0,NA
"E2","V2M5",16101,"120-160 cm",0,0,NA
"E2","V2M5",16101,"160-200 cm",0,0,NA
"E2","V2M5",16101,">200 cm",0,0,NA
"E2","V2M5",16102,"<40 cm",0,0,NA
"E2","V2M5",16102,"40-80 cm",0,0,NA
"E2","V2M5",16102,"80-120 cm",0,0,NA
"E2","V2M5",16102,"120-160 cm",0,0,NA
"E2","V2M5",16102,"160-200 cm",0,0,NA
"E2","V2M5",16102,">200 cm",0,0,NA
"E2","V2M5",16103,"<40 cm",0,0,NA
"E2","V2M5",16103,"40-80 cm",0,0,NA
"E2","V2M5",16103,"80-120 cm",0,0,NA
"E2","V2M5",16103,"120-160 cm",0,0,NA
"E2","V2M5",16103,"160-200 cm",0,0,NA
"E2","V2M5",16103,">200 cm",0,0,NA
"E2","V2M5",16104,"<40 cm",0,0,NA
"E2","V2M5",16104,"40-80 cm",0,0,NA
"E2","V2M5",16104,"80-120 cm",0,0,NA
"E2","V2M5",16104,"120-160 cm",0,0,NA
"E2","V2M5",16104,"160-200 cm",0,0,NA
"E2","V2M5",16104,">200 cm",0,0,NA
"E2","V2M5",16105,"<40 cm",0,0,NA
"E2","V2M5",16105,"40-80 cm",0,0,NA
"E2","V2M5",16105,"80-120 cm",0,0,NA
"E2","V2M5",16105,"120-160 cm",0,0,NA
"E2","V2M5",16105,"160-200 cm",0,0,NA
"E2","V2M5",16105,">200 cm",0,0,NA
"E2","V2M5",16106,"<40 cm",0,0,NA
"E2","V2M5",16106,"40-80 cm",0,0,NA
"E2","V2M5",16106,"80-120 cm",0,0,NA
"E2","V2M5",16106,"120-160 cm",0,0,NA
"E2","V2M5",16106,"160-200 cm",0,0,NA
"E2","V2M5",16106,">200 cm",0,0,NA
"E2","V2M5",16107,"<40 cm",0,0,NA
"E2","V2M5",16107,"40-80 cm",0,0,NA
"E2","V2M5",16107,"80-120 cm",0,0,NA
"E2","V2M5",16107,"120-160 cm",0,0,NA
"E2","V2M5",16107,"160-200 cm",0,0,NA
"E2","V2M5",16107,">200 cm",0,0,NA
"E2","V2M5",16108,"<40 cm",0,0,NA
"E2","V2M5",16108,"40-80 cm",0,0,NA
"E2","V2M5",16108,"80-120 cm",0,0,NA
"E2","V2M5",16108,"120-160 cm",0,0,NA
"E2","V2M5",16108,"160-200 cm",0,0,NA
"E2","V2M5",16108,">200 cm",0,0,NA
"E2","V2M5",16109,"<40 cm",0,0,NA
"E2","V2M5",16109,"40-80 cm",0,0,NA
"E2","V2M5",16109,"80-120 cm",0,0,NA
"E2","V2M5",16109,"120-160 cm",0,0,NA
"E2","V2M5",16109,"160-200 cm",0,0,NA
"E2","V2M5",16109,">200 cm",0,0,NA
"E2","V2M5",16110,"<40 cm",0,0,NA
"E2","V2M5",16110,"40-80 cm",0,0,NA
"E2","V2M5",16110,"80-120 cm",0,0,NA
"E2","V2M5",16110,"120-160 cm",0,0,NA
"E2","V2M5",16110,"160-200 cm",0,0,NA
"E2","V2M5",16110,">200 cm",0,0,NA
"E2","V2M5",17101,"<40 cm",0,0,NA
"E2","V2M5",17101,"40-80 cm",0,0,NA
"E2","V2M5",17101,"80-120 cm",0,0,NA
"E2","V2M5",17101,"120-160 cm",0,0,NA
"E2","V2M5",17101,"160-200 cm",0,0,NA
"E2","V2M5",17101,">200 cm",0,0,NA
"E2","V2M5",17102,"<40 cm",0,0,NA
"E2","V2M5",17102,"40-80 cm",0,0,NA
"E2","V2M5",17102,"80-120 cm",0,0,NA
"E2","V2M5",17102,"120-160 cm",0,0,NA
"E2","V2M5",17102,"160-200 cm",0,0,NA
"E2","V2M5",17102,">200 cm",0,0,NA
"E2","V2M5",17103,"<40 cm",0,0,NA
"E2","V2M5",17103,"40-80 cm",0,0,NA
"E2","V2M5",17103,"80-120 cm",0,0,NA
"E2","V2M5",17103,"120-160 cm",0,0,NA
"E2","V2M5",17103,"160-200 cm",0,0,NA
"E2","V2M5",17103,">200 cm",0,0,NA
"E2","V2M5",17104,"<40 cm",0,0,NA
"E2","V2M5",17104,"40-80 cm",0,0,NA
"E2","V2M5",17104,"80-120 cm",0,0,NA
"E2","V2M5",17104,"120-160 cm",0,0,NA
"E2","V2M5",17104,"160-200 cm",0,0,NA
"E2","V2M5",17104,">200 cm",0,0,NA
"E2","V2M5",17105,"<40 cm",0,0,NA
"E2","V2M5",17105,"40-80 cm",0,0,NA
"E2","V2M5",17105,"80-120 cm",0,0,NA
"E2","V2M5",17105,"120-160 cm",0,0,NA
"E2","V2M5",17105,"160-200 cm",0,0,NA
"E2","V2M5",17105,">200 cm",0,0,NA
"E2","V2M5",17106,"<40 cm",0,0,NA
"E2","V2M5",17106,"40-80 cm",0,0,NA
"E2","V2M5",17106,"80-120 cm",0,0,NA
"E2","V2M5",17106,"120-160 cm",0,0,NA
"E2","V2M5",17106,"160-200 cm",0,0,NA
"E2","V2M5",17106,">200 cm",0,0,NA
"E2","V2M5",17107,"<40 cm",0,0,NA
"E2","V2M5",17107,"40-80 cm",0,0,NA
"E2","V2M5",17107,"80-120 cm",0,0,NA
"E2","V2M5",17107,"120-160 cm",0,0,NA
"E2","V2M5",17107,"160-200 cm",0,0,NA
"E2","V2M5",17107,">200 cm",0,0,NA
"E2","V2M5",17108,"<40 cm",0,0,NA
"E2","V2M5",17108,"40-80 cm",0,0,NA
"E2","V2M5",17108,"80-120 cm",0,0,NA
"E2","V2M5",17108,"120-160 cm",0,0,NA
"E2","V2M5",17108,"160-200 cm",0,0,NA
"E2","V2M5",17108,">200 cm",0,0,NA
"E2","V2M5",17109,"<40 cm",0,0,NA
"E2","V2M5",17109,"40-80 cm",0,0,NA
"E2","V2M5",17109,"80-120 cm",0,0,NA
"E2","V2M5",17109,"120-160 cm",0,0,NA
"E2","V2M5",17109,"160-200 cm",0,0,NA
"E2","V2M5",17109,">200 cm",0,0,NA
"E2","V2M5",17110,"<40 cm",0,0,NA
"E2","V2M5",17110,"40-80 cm",0,0,NA
"E2","V2M5",17110,"80-120 cm",0,0,NA
"E2","V2M5",17110,"120-160 cm",0,0,NA
"E2","V2M5",17110,"160-200 cm",0,0,NA
"E2","V2M5",17110,">200 cm",0,0,NA
"E2","V2M5",18101,"<40 cm",0,0,NA
"E2","V2M5",18101,"40-80 cm",0,0,NA
"E2","V2M5",18101,"80-120 cm",0,0,NA
"E2","V2M5",18101,"120-160 cm",0,0,NA
"E2","V2M5",18101,"160-200 cm",0,0,NA
"E2","V2M5",18101,">200 cm",0,0,NA
"E2","V2M5",18102,"<40 cm",0,0,NA
"E2","V2M5",18102,"40-80 cm",0,0,NA
"E2","V2M5",18102,"80-120 cm",0,0,NA
"E2","V2M5",18102,"120-160 cm",0,0,NA
"E2","V2M5",18102,"160-200 cm",0,0,NA
"E2","V2M5",18102,">200 cm",0,0,NA
"E2","V2M5",18103,"<40 cm",0,0,NA
"E2","V2M5",18103,"40-80 cm",0,0,NA
"E2","V2M5",18103,"80-120 cm",0,0,NA
"E2","V2M5",18103,"120-160 cm",0,0,NA
"E2","V2M5",18103,"160-200 cm",0,0,NA
"E2","V2M5",18103,">200 cm",0,0,NA
"E2","V2M5",18104,"<40 cm",0,0,NA
"E2","V2M5",18104,"40-80 cm",0,0,NA
"E2","V2M5",18104,"80-120 cm",0,0,NA
"E2","V2M5",18104,"120-160 cm",0,0,NA
"E2","V2M5",18104,"160-200 cm",0,0,NA
"E2","V2M5",18104,">200 cm",0,0,NA
"E2","V2M5",18105,"<40 cm",0,0,NA
"E2","V2M5",18105,"40-80 cm",0,0,NA
"E2","V2M5",18105,"80-120 cm",0,0,NA
"E2","V2M5",18105,"120-160 cm",0,0,NA
"E2","V2M5",18105,"160-200 cm",0,0,NA
"E2","V2M5",18105,">200 cm",0,0,NA
"E2","V2M5",18106,"<40 cm",0,0,NA
"E2","V2M5",18106,"40-80 cm",0,0,NA
"E2","V2M5",18106,"80-120 cm",0,0,NA
"E2","V2M5",18106,"120-160 cm",0,0,NA
"E2","V2M5",18106,"160-200 cm",0,0,NA
"E2","V2M5",18106,">200 cm",0,0,NA
"E2","V2M5",18107,"<40 cm",0,0,NA
"E2","V2M5",18107,"40-80 cm",0,0,NA
"E2","V2M5",18107,"80-120 cm",0,0,NA
"E2","V2M5",18107,"120-160 cm",0,0,NA
"E2","V2M5",18107,"160-200 cm",0,0,NA
"E2","V2M5",18107,">200 cm",0,0,NA
"E2","V2M5",18108,"<40 cm",0,0,NA
"E2","V2M5",18108,"40-80 cm",0,0,NA
"E2","V2M5",18108,"80-120 cm",0,0,NA
"E2","V2M5",18108,"120-160 cm",0,0,NA
"E2","V2M5",18108,"160-200 cm",0,0,NA
"E2","V2M5",18108,">200 cm",0,0,NA
"E2","V2M5",18109,"<40 cm",0,0,NA
"E2","V2M5",18109,"40-80 cm",0,0,NA
"E2","V2M5",18109,"80-120 cm",0,0,NA
"E2","V2M5",18109,"120-160 cm",0,0,NA
"E2","V2M5",18109,"160-200 cm",0,0,NA
"E2","V2M5",18109,">200 cm",0,0,NA
"E2","V2M5",18110,"<40 cm",0,0,NA
"E2","V2M5",18110,"40-80 cm",0,0,NA
"E2","V2M5",18110,"80-120 cm",0,0,NA
"E2","V2M5",18110,"120-160 cm",0,0,NA
"E2","V2M5",18110,"160-200 cm",0,0,NA
"E2","V2M5",18110,">200 cm",0,0,NA
"E2","V2M5",19101,"<40 cm",0,0,NA
"E2","V2M5",19101,"40-80 cm",0,0,NA
"E2","V2M5",19101,"80-120 cm",0,0,NA
"E2","V2M5",19101,"120-160 cm",0,0,NA
"E2","V2M5",19101,"160-200 cm",0,0,NA
"E2","V2M5",19101,">200 cm",0,0,NA
"E2","V2M5",19102,"<40 cm",0,0,NA
"E2","V2M5",19102,"40-80 cm",0,0,NA
"E2","V2M5",19102,"80-120 cm",0,0,NA
"E2","V2M5",19102,"120-160 cm",0,0,NA
"E2","V2M5",19102,"160-200 cm",0,0,NA
"E2","V2M5",19102,">200 cm",0,0,NA
"E2","V2M5",19103,"<40 cm",0,0,NA
"E2","V2M5",19103,"40-80 cm",0,0,NA
"E2","V2M5",19103,"80-120 cm",0,0,NA
"E2","V2M5",19103,"120-160 cm",0,0,NA
"E2","V2M5",19103,"160-200 cm",0,0,NA
"E2","V2M5",19103,">200 cm",0,0,NA
"E2","V2M5",19104,"<40 cm",0,0,NA
"E2","V2M5",19104,"40-80 cm",0,0,NA
"E2","V2M5",19104,"80-120 cm",0,0,NA
"E2","V2M5",19104,"120-160 cm",0,0,NA
"E2","V2M5",19104,"160-200 cm",0,0,NA
"E2","V2M5",19104,">200 cm",0,0,NA
"E2","V2M5",19105,"<40 cm",0,0,NA
"E2","V2M5",19105,"40-80 cm",0,0,NA
"E2","V2M5",19105,"80-120 cm",0,0,NA
"E2","V2M5",19105,"120-160 cm",0,0,NA
"E2","V2M5",19105,"160-200 cm",0,0,NA
"E2","V2M5",19105,">200 cm",0,0,NA
"E2","V2M5",19106,"<40 cm",0,0,NA
"E2","V2M5",19106,"40-80 cm",0,0,NA
"E2","V2M5",19106,"80-120 cm",0,0,NA
"E2","V2M5",19106,"120-160 cm",0,0,NA
"E2","V2M5",19106,"160-200 cm",0,0,NA
"E2","V2M5",19106,">200 cm",0,0,NA
"E2","V2M5",19107,"<40 cm",0,0,NA
"E2","V2M5",19107,"40-80 cm",0,0,NA
"E2","V2M5",19107,"80-120 cm",0,0,NA
"E2","V2M5",19107,"120-160 cm",0,0,NA
"E2","V2M5",19107,"160-200 cm",0,0,NA
"E2","V2M5",19107,">200 cm",0,0,NA
"E2","V2M5",19108,"<40 cm",0,0,NA
"E2","V2M5",19108,"40-80 cm",0,0,NA
"E2","V2M5",19108,"80-120 cm",0,0,NA
"E2","V2M5",19108,"120-160 cm",0,0,NA
"E2","V2M5",19108,"160-200 cm",0,0,NA
"E2","V2M5",19108,">200 cm",0,0,NA
"E2","V2M5",19109,"<40 cm",0,0,NA
"E2","V2M5",19109,"40-80 cm",0,0,NA
"E2","V2M5",19109,"80-120 cm",0,0,NA
"E2","V2M5",19109,"120-160 cm",0,0,NA
"E2","V2M5",19109,"160-200 cm",0,0,NA
"E2","V2M5",19109,">200 cm",0,0,NA
"E2","V2M5",19110,"<40 cm",0,0,NA
"E2","V2M5",19110,"40-80 cm",0,0,NA
"E2","V2M5",19110,"80-120 cm",0,0,NA
"E2","V2M5",19110,"120-160 cm",0,0,NA
"E2","V2M5",19110,"160-200 cm",0,0,NA
"E2","V2M5",19110,">200 cm",0,0,NA
"E2","V2M5",20101,"<40 cm",0,0,NA
"E2","V2M5",20101,"40-80 cm",0,0,NA
"E2","V2M5",20101,"80-120 cm",0,0,NA
"E2","V2M5",20101,"120-160 cm",0,0,NA
"E2","V2M5",20101,"160-200 cm",0,0,NA
"E2","V2M5",20101,">200 cm",0,0,NA
"E2","V2M5",20102,"<40 cm",0,0,NA
"E2","V2M5",20102,"40-80 cm",0,0,NA
"E2","V2M5",20102,"80-120 cm",0,0,NA
"E2","V2M5",20102,"120-160 cm",0,0,NA
"E2","V2M5",20102,"160-200 cm",0,0,NA
"E2","V2M5",20102,">200 cm",0,0,NA
"E2","V2M5",20103,"<40 cm",0,0,NA
"E2","V2M5",20103,"40-80 cm",0,0,NA
"E2","V2M5",20103,"80-120 cm",0,0,NA
"E2","V2M5",20103,"120-160 cm",0,0,NA
"E2","V2M5",20103,"160-200 cm",0,0,NA
"E2","V2M5",20103,">200 cm",0,0,NA
"E2","V2M5",20104,"<40 cm",0,0,NA
"E2","V2M5",20104,"40-80 cm",0,0,NA
"E2","V2M5",20104,"80-120 cm",0,0,NA
"E2","V2M5",20104,"120-160 cm",0,0,NA
"E2","V2M5",20104,"160-200 cm",0,0,NA
"E2","V2M5",20104,">200 cm",0,0,NA
"E2","V2M5",20105,"<40 cm",0,0,NA
"E2","V2M5",20105,"40-80 cm",0,0,NA
"E2","V2M5",20105,"80-120 cm",0,0,NA
"E2","V2M5",20105,"120-160 cm",0,0,NA
"E2","V2M5",20105,"160-200 cm",0,0,NA
"E2","V2M5",20105,">200 cm",0,0,NA
"E2","V2M5",20106,"<40 cm",0,0,NA
"E2","V2M5",20106,"40-80 cm",0,0,NA
"E2","V2M5",20106,"80-120 cm",0,0,NA
"E2","V2M5",20106,"120-160 cm",0,0,NA
"E2","V2M5",20106,"160-200 cm",0,0,NA
"E2","V2M5",20106,">200 cm",0,0,NA
"E2","V2M5",20107,"<40 cm",0,0,NA
"E2","V2M5",20107,"40-80 cm",0,0,NA
"E2","V2M5",20107,"80-120 cm",0,0,NA
"E2","V2M5",20107,"120-160 cm",0,0,NA
"E2","V2M5",20107,"160-200 cm",0,0,NA
"E2","V2M5",20107,">200 cm",0,0,NA
"E2","V2M5",20108,"<40 cm",0,0,NA
"E2","V2M5",20108,"40-80 cm",0,0,NA
"E2","V2M5",20108,"80-120 cm",0,0,NA
"E2","V2M5",20108,"120-160 cm",0,0,NA
"E2","V2M5",20108,"160-200 cm",0,0,NA
"E2","V2M5",20108,">200 cm",0,0,NA
"E2","V2M5",20109,"<40 cm",0,0,NA
"E2","V2M5",20109,"40-80 cm",0,0,NA
"E2","V2M5",20109,"80-120 cm",0,0,NA
"E2","V2M5",20109,"120-160 cm",0,0,NA
"E2","V2M5",20109,"160-200 cm",0,0,NA
"E2","V2M5",20109,">200 cm",0,0,NA
"E2","V2M5",20110,"<40 cm",0,0,NA
"E2","V2M5",20110,"40-80 cm",0,0,NA
"E2","V2M5",20110,"80-120 cm",0,0,NA
"E2","V2M5",20110,"120-160 cm",0,0,NA
"E2","V2M5",20110,"160-200 cm",0,0,NA
"E2","V2M5",20110,">200 cm",0,0,NA
"E2","V2M5",21101,"<40 cm",0,0,NA
"E2","V2M5",21101,"40-80 cm",0,0,NA
"E2","V2M5",21101,"80-120 cm",0,0,NA
"E2","V2M5",21101,"120-160 cm",0,0,NA
"E2","V2M5",21101,"160-200 cm",0,0,NA
"E2","V2M5",21101,">200 cm",0,0,NA
"E2","V2M5",21102,"<40 cm",0,0,NA
"E2","V2M5",21102,"40-80 cm",0,0,NA
"E2","V2M5",21102,"80-120 cm",0,0,NA
"E2","V2M5",21102,"120-160 cm",0,0,NA
"E2","V2M5",21102,"160-200 cm",0,0,NA
"E2","V2M5",21102,">200 cm",0,0,NA
"E2","V2M5",21103,"<40 cm",0,0,NA
"E2","V2M5",21103,"40-80 cm",0,0,NA
"E2","V2M5",21103,"80-120 cm",0,0,NA
"E2","V2M5",21103,"120-160 cm",0,0,NA
"E2","V2M5",21103,"160-200 cm",0,0,NA
"E2","V2M5",21103,">200 cm",0,0,NA
"E2","V2M5",21104,"<40 cm",0,0,NA
"E2","V2M5",21104,"40-80 cm",0,0,NA
"E2","V2M5",21104,"80-120 cm",0,0,NA
"E2","V2M5",21104,"120-160 cm",0,0,NA
"E2","V2M5",21104,"160-200 cm",0,0,NA
"E2","V2M5",21104,">200 cm",0,0,NA
"E2","V2M5",21105,"<40 cm",0,0,NA
"E2","V2M5",21105,"40-80 cm",0,0,NA
"E2","V2M5",21105,"80-120 cm",0,0,NA
"E2","V2M5",21105,"120-160 cm",0,0,NA
"E2","V2M5",21105,"160-200 cm",0,0,NA
"E2","V2M5",21105,">200 cm",0,0,NA
"E2","V2M5",21106,"<40 cm",0,0,NA
"E2","V2M5",21106,"40-80 cm",0,0,NA
"E2","V2M5",21106,"80-120 cm",0,0,NA
"E2","V2M5",21106,"120-160 cm",0,0,NA
"E2","V2M5",21106,"160-200 cm",0,0,NA
"E2","V2M5",21106,">200 cm",0,0,NA
"E2","V2M5",21107,"<40 cm",0,0,NA
"E2","V2M5",21107,"40-80 cm",0,0,NA
"E2","V2M5",21107,"80-120 cm",0,0,NA
"E2","V2M5",21107,"120-160 cm",0,0,NA
"E2","V2M5",21107,"160-200 cm",0,0,NA
"E2","V2M5",21107,">200 cm",0,0,NA
"E2","V2M5",21108,"<40 cm",0,0,NA
"E2","V2M5",21108,"40-80 cm",0,0,NA
"E2","V2M5",21108,"80-120 cm",0,0,NA
"E2","V2M5",21108,"120-160 cm",0,0,NA
"E2","V2M5",21108,"160-200 cm",0,0,NA
"E2","V2M5",21108,">200 cm",0,0,NA
"E2","V2M5",21109,"<40 cm",0,0,NA
"E2","V2M5",21109,"40-80 cm",0,0,NA
"E2","V2M5",21109,"80-120 cm",0,0,NA
"E2","V2M5",21109,"120-160 cm",0,0,NA
"E2","V2M5",21109,"160-200 cm",0,0,NA
"E2","V2M5",21109,">200 cm",0,0,NA
"E2","V2M5",21110,"<40 cm",0,0,NA
"E2","V2M5",21110,"40-80 cm",0,0,NA
"E2","V2M5",21110,"80-120 cm",0,0,NA
"E2","V2M5",21110,"120-160 cm",0,0,NA
"E2","V2M5",21110,"160-200 cm",0,0,NA
"E2","V2M5",21110,">200 cm",0,0,NA
"E2","V2M5",22101,"<40 cm",0,0,NA
"E2","V2M5",22101,"40-80 cm",0,0,NA
"E2","V2M5",22101,"80-120 cm",0,0,NA
"E2","V2M5",22101,"120-160 cm",0,0,NA
"E2","V2M5",22101,"160-200 cm",0,0,NA
"E2","V2M5",22101,">200 cm",0,0,NA
"E2","V2M5",22102,"<40 cm",0,0,NA
"E2","V2M5",22102,"40-80 cm",0,0,NA
"E2","V2M5",22102,"80-120 cm",0,0,NA
"E2","V2M5",22102,"120-160 cm",0,0,NA
"E2","V2M5",22102,"160-200 cm",0,0,NA
"E2","V2M5",22102,">200 cm",0,0,NA
"E2","V2M5",22103,"<40 cm",0,0,NA
"E2","V2M5",22103,"40-80 cm",0,0,NA
"E2","V2M5",22103,"80-120 cm",0,0,NA
"E2","V2M5",22103,"120-160 cm",0,0,NA
"E2","V2M5",22103,"160-200 cm",0,0,NA
"E2","V2M5",22103,">200 cm",0,0,NA
"E2","V2M5",22104,"<40 cm",0,0,NA
"E2","V2M5",22104,"40-80 cm",0,0,NA
"E2","V2M5",22104,"80-120 cm",0,0,NA
"E2","V2M5",22104,"120-160 cm",0,0,NA
"E2","V2M5",22104,"160-200 cm",0,0,NA
"E2","V2M5",22104,">200 cm",0,0,NA
"E2","V2M5",22105,"<40 cm",0,0,NA
"E2","V2M5",22105,"40-80 cm",0,0,NA
"E2","V2M5",22105,"80-120 cm",0,0,NA
"E2","V2M5",22105,"120-160 cm",0,0,NA
"E2","V2M5",22105,"160-200 cm",0,0,NA
"E2","V2M5",22105,">200 cm",0,0,NA
"E2","V2M5",22106,"<40 cm",0,0,NA
"E2","V2M5",22106,"40-80 cm",0,0,NA
"E2","V2M5",22106,"80-120 cm",0,0,NA
"E2","V2M5",22106,"120-160 cm",0,0,NA
"E2","V2M5",22106,"160-200 cm",0,0,NA
"E2","V2M5",22106,">200 cm",0,0,NA
"E2","V2M5",22107,"<40 cm",0,0,NA
"E2","V2M5",22107,"40-80 cm",0,0,NA
"E2","V2M5",22107,"80-120 cm",0,0,NA
"E2","V2M5",22107,"120-160 cm",0,0,NA
"E2","V2M5",22107,"160-200 cm",0,0,NA
"E2","V2M5",22107,">200 cm",0,0,NA
"E2","V2M5",22108,"<40 cm",0,0,NA
"E2","V2M5",22108,"40-80 cm",0,0,NA
"E2","V2M5",22108,"80-120 cm",0,0,NA
"E2","V2M5",22108,"120-160 cm",0,0,NA
"E2","V2M5",22108,"160-200 cm",0,0,NA
"E2","V2M5",22108,">200 cm",0,0,NA
"E2","V2M5",22109,"<40 cm",0,0,NA
"E2","V2M5",22109,"40-80 cm",0,0,NA
"E2","V2M5",22109,"80-120 cm",0,0,NA
"E2","V2M5",22109,"120-160 cm",0,0,NA
"E2","V2M5",22109,"160-200 cm",0,0,NA
"E2","V2M5",22109,">200 cm",0,0,NA
"E2","V2M5",22110,"<40 cm",0,0,NA
"E2","V2M5",22110,"40-80 cm",0,0,NA
"E2","V2M5",22110,"80-120 cm",0,0,NA
"E2","V2M5",22110,"120-160 cm",0,0,NA
"E2","V2M5",22110,"160-200 cm",0,0,NA
"E2","V2M5",22110,">200 cm",0,0,NA
"E2","V2M5",23101,"<40 cm",0,0,NA
"E2","V2M5",23101,"40-80 cm",0,0,NA
"E2","V2M5",23101,"80-120 cm",0,0,NA
"E2","V2M5",23101,"120-160 cm",0,0,NA
"E2","V2M5",23101,"160-200 cm",0,0,NA
"E2","V2M5",23101,">200 cm",0,0,NA
"E2","V2M5",23102,"<40 cm",0,0,NA
"E2","V2M5",23102,"40-80 cm",0,0,NA
"E2","V2M5",23102,"80-120 cm",0,0,NA
"E2","V2M5",23102,"120-160 cm",0,0,NA
"E2","V2M5",23102,"160-200 cm",0,0,NA
"E2","V2M5",23102,">200 cm",0,0,NA
"E2","V2M5",23103,"<40 cm",0,0,NA
"E2","V2M5",23103,"40-80 cm",0,0,NA
"E2","V2M5",23103,"80-120 cm",0,0,NA
"E2","V2M5",23103,"120-160 cm",0,0,NA
"E2","V2M5",23103,"160-200 cm",0,0,NA
"E2","V2M5",23103,">200 cm",0,0,NA
"E2","V2M5",23104,"<40 cm",0,0,NA
"E2","V2M5",23104,"40-80 cm",0,0,NA
"E2","V2M5",23104,"80-120 cm",0,0,NA
"E2","V2M5",23104,"120-160 cm",0,0,NA
"E2","V2M5",23104,"160-200 cm",0,0,NA
"E2","V2M5",23104,">200 cm",0,0,NA
"E2","V2M5",23105,"<40 cm",0,0,NA
"E2","V2M5",23105,"40-80 cm",0,0,NA
"E2","V2M5",23105,"80-120 cm",0,0,NA
"E2","V2M5",23105,"120-160 cm",0,0,NA
"E2","V2M5",23105,"160-200 cm",0,0,NA
"E2","V2M5",23105,">200 cm",0,0,NA
"E2","V2M5",23106,"<40 cm",0,0,NA
"E2","V2M5",23106,"40-80 cm",0,0,NA
"E2","V2M5",23106,"80-120 cm",0,0,NA
"E2","V2M5",23106,"120-160 cm",0,0,NA
"E2","V2M5",23106,"160-200 cm",0,0,NA
"E2","V2M5",23106,">200 cm",0,0,NA
"E2","V2M5",23107,"<40 cm",0,0,NA
"E2","V2M5",23107,"40-80 cm",0,0,NA
"E2","V2M5",23107,"80-120 cm",0,0,NA
"E2","V2M5",23107,"120-160 cm",0,0,NA
"E2","V2M5",23107,"160-200 cm",0,0,NA
"E2","V2M5",23107,">200 cm",0,0,NA
"E2","V2M5",23108,"<40 cm",0,0,NA
"E2","V2M5",23108,"40-80 cm",0,0,NA
"E2","V2M5",23108,"80-120 cm",0,0,NA
"E2","V2M5",23108,"120-160 cm",0,0,NA
"E2","V2M5",23108,"160-200 cm",0,0,NA
"E2","V2M5",23108,">200 cm",0,0,NA
"E2","V2M5",23109,"<40 cm",0,0,NA
"E2","V2M5",23109,"40-80 cm",0,0,NA
"E2","V2M5",23109,"80-120 cm",0,0,NA
"E2","V2M5",23109,"120-160 cm",0,0,NA
"E2","V2M5",23109,"160-200 cm",0,0,NA
"E2","V2M5",23109,">200 cm",0,0,NA
"E2","V2M5",23110,"<40 cm",0,0,NA
"E2","V2M5",23110,"40-80 cm",0,0,NA
"E2","V2M5",23110,"80-120 cm",0,0,NA
"E2","V2M5",23110,"120-160 cm",0,0,NA
"E2","V2M5",23110,"160-200 cm",0,0,NA
"E2","V2M5",23110,">200 cm",0,0,NA
"E2","V2M5",24101,"<40 cm",0,0,NA
"E2","V2M5",24101,"40-80 cm",0,0,NA
"E2","V2M5",24101,"80-120 cm",0,0,NA
"E2","V2M5",24101,"120-160 cm",0,0,NA
"E2","V2M5",24101,"160-200 cm",0,0,NA
"E2","V2M5",24101,">200 cm",0,0,NA
"E2","V2M5",24102,"<40 cm",0,0,NA
"E2","V2M5",24102,"40-80 cm",0,0,NA
"E2","V2M5",24102,"80-120 cm",0,0,NA
"E2","V2M5",24102,"120-160 cm",0,0,NA
"E2","V2M5",24102,"160-200 cm",0,0,NA
"E2","V2M5",24102,">200 cm",0,0,NA
"E2","V2M5",24103,"<40 cm",0,0,NA
"E2","V2M5",24103,"40-80 cm",0,0,NA
"E2","V2M5",24103,"80-120 cm",0,0,NA
"E2","V2M5",24103,"120-160 cm",0,0,NA
"E2","V2M5",24103,"160-200 cm",0,0,NA
"E2","V2M5",24103,">200 cm",0,0,NA
"E2","V2M5",24104,"<40 cm",0,0,NA
"E2","V2M5",24104,"40-80 cm",0,0,NA
"E2","V2M5",24104,"80-120 cm",0,0,NA
"E2","V2M5",24104,"120-160 cm",0,0,NA
"E2","V2M5",24104,"160-200 cm",0,0,NA
"E2","V2M5",24104,">200 cm",0,0,NA
"E2","V2M5",24105,"<40 cm",0,0,NA
"E2","V2M5",24105,"40-80 cm",0,0,NA
"E2","V2M5",24105,"80-120 cm",0,0,NA
"E2","V2M5",24105,"120-160 cm",0,0,NA
"E2","V2M5",24105,"160-200 cm",0,0,NA
"E2","V2M5",24105,">200 cm",0,0,NA
"E2","V2M5",24106,"<40 cm",0,0,NA
"E2","V2M5",24106,"40-80 cm",0,0,NA
"E2","V2M5",24106,"80-120 cm",0,0,NA
"E2","V2M5",24106,"120-160 cm",0,0,NA
"E2","V2M5",24106,"160-200 cm",0,0,NA
"E2","V2M5",24106,">200 cm",0,0,NA
"E2","V2M5",24107,"<40 cm",0,0,NA
"E2","V2M5",24107,"40-80 cm",0,0,NA
"E2","V2M5",24107,"80-120 cm",0,0,NA
"E2","V2M5",24107,"120-160 cm",0,0,NA
"E2","V2M5",24107,"160-200 cm",0,0,NA
"E2","V2M5",24107,">200 cm",0,0,NA
"E2","V2M5",24108,"<40 cm",0,0,NA
"E2","V2M5",24108,"40-80 cm",0,0,NA
"E2","V2M5",24108,"80-120 cm",0,0,NA
"E2","V2M5",24108,"120-160 cm",0,0,NA
"E2","V2M5",24108,"160-200 cm",0,0,NA
"E2","V2M5",24108,">200 cm",0,0,NA
"E2","V2M5",24109,"<40 cm",0,0,NA
"E2","V2M5",24109,"40-80 cm",0,0,NA
"E2","V2M5",24109,"80-120 cm",0,0,NA
"E2","V2M5",24109,"120-160 cm",0,0,NA
"E2","V2M5",24109,"160-200 cm",0,0,NA
"E2","V2M5",24109,">200 cm",0,0,NA
"E2","V2M5",24110,"<40 cm",0,0,NA
"E2","V2M5",24110,"40-80 cm",0,0,NA
"E2","V2M5",24110,"80-120 cm",0,0,NA
"E2","V2M5",24110,"120-160 cm",0,0,NA
"E2","V2M5",24110,"160-200 cm",0,0,NA
"E2","V2M5",24110,">200 cm",0,0,NA
"E2","V2M5",25101,"<40 cm",0,0,NA
"E2","V2M5",25101,"40-80 cm",0,0,NA
"E2","V2M5",25101,"80-120 cm",0,0,NA
"E2","V2M5",25101,"120-160 cm",0,0,NA
"E2","V2M5",25101,"160-200 cm",0,0,NA
"E2","V2M5",25101,">200 cm",0,0,NA
"E2","V2M5",25102,"<40 cm",0,0,NA
"E2","V2M5",25102,"40-80 cm",0,0,NA
"E2","V2M5",25102,"80-120 cm",0,0,NA
"E2","V2M5",25102,"120-160 cm",0,0,NA
"E2","V2M5",25102,"160-200 cm",0,0,NA
"E2","V2M5",25102,">200 cm",0,0,NA
"E2","V2M5",25103,"<40 cm",0,0,NA
"E2","V2M5",25103,"40-80 cm",0,0,NA
"E2","V2M5",25103,"80-120 cm",0,0,NA
"E2","V2M5",25103,"120-160 cm",0,0,NA
"E2","V2M5",25103,"160-200 cm",0,0,NA
"E2","V2M5",25103,">200 cm",0,0,NA
"E2","V2M5",25104,"<40 cm",0,0,NA
"E2","V2M5",25104,"40-80 cm",0,0,NA
"E2","V2M5",25104,"80-120 cm",0,0,NA
"E2","V2M5",25104,"120-160 cm",0,0,NA
"E2","V2M5",25104,"160-200 cm",0,0,NA
"E2","V2M5",25104,">200 cm",0,0,NA
"E2","V2M5",25105,"<40 cm",0,0,NA
"E2","V2M5",25105,"40-80 cm",0,0,NA
"E2","V2M5",25105,"80-120 cm",0,0,NA
"E2","V2M5",25105,"120-160 cm",0,0,NA
"E2","V2M5",25105,"160-200 cm",0,0,NA
"E2","V2M5",25105,">200 cm",0,0,NA
"E2","V2M5",25106,"<40 cm",0,0,NA
"E2","V2M5",25106,"40-80 cm",0,0,NA
"E2","V2M5",25106,"80-120 cm",0,0,NA
"E2","V2M5",25106,"120-160 cm",0,0,NA
"E2","V2M5",25106,"160-200 cm",0,0,NA
"E2","V2M5",25106,">200 cm",0,0,NA
"E2","V2M5",25107,"<40 cm",0,0,NA
"E2","V2M5",25107,"40-80 cm",0,0,NA
"E2","V2M5",25107,"80-120 cm",0,0,NA
"E2","V2M5",25107,"120-160 cm",0,0,NA
"E2","V2M5",25107,"160-200 cm",0,0,NA
"E2","V2M5",25107,">200 cm",0,0,NA
"E2","V2M5",25108,"<40 cm",0,0,NA
"E2","V2M5",25108,"40-80 cm",0,0,NA
"E2","V2M5",25108,"80-120 cm",0,0,NA
"E2","V2M5",25108,"120-160 cm",0,0,NA
"E2","V2M5",25108,"160-200 cm",0,0,NA
"E2","V2M5",25108,">200 cm",0,0,NA
"E2","V2M5",25109,"<40 cm",0,0,NA
"E2","V2M5",25109,"40-80 cm",0,0,NA
"E2","V2M5",25109,"80-120 cm",0,0,NA
"E2","V2M5",25109,"120-160 cm",0,0,NA
"E2","V2M5",25109,"160-200 cm",0,0,NA
"E2","V2M5",25109,">200 cm",0,0,NA
"E2","V2M5",25110,"<40 cm",0,0,NA
"E2","V2M5",25110,"40-80 cm",0,0,NA
"E2","V2M5",25110,"80-120 cm",0,0,NA
"E2","V2M5",25110,"120-160 cm",0,0,NA
"E2","V2M5",25110,"160-200 cm",0,0,NA
"E2","V2M5",25110,">200 cm",0,0,NA
"E2","V2M5",26101,"<40 cm",0,0,NA
"E2","V2M5",26101,"40-80 cm",0,0,NA
"E2","V2M5",26101,"80-120 cm",0,0,NA
"E2","V2M5",26101,"120-160 cm",0,0,NA
"E2","V2M5",26101,"160-200 cm",0,0,NA
"E2","V2M5",26101,">200 cm",0,0,NA
"E2","V2M5",26102,"<40 cm",0,0,NA
"E2","V2M5",26102,"40-80 cm",0,0,NA
"E2","V2M5",26102,"80-120 cm",0,0,NA
"E2","V2M5",26102,"120-160 cm",0,0,NA
"E2","V2M5",26102,"160-200 cm",0,0,NA
"E2","V2M5",26102,">200 cm",0,0,NA
"E2","V2M5",26103,"<40 cm",0,0,NA
"E2","V2M5",26103,"40-80 cm",0,0,NA
"E2","V2M5",26103,"80-120 cm",0,0,NA
"E2","V2M5",26103,"120-160 cm",0,0,NA
"E2","V2M5",26103,"160-200 cm",0,0,NA
"E2","V2M5",26103,">200 cm",0,0,NA
"E2","V2M5",26104,"<40 cm",0,0,NA
"E2","V2M5",26104,"40-80 cm",0,0,NA
"E2","V2M5",26104,"80-120 cm",0,0,NA
"E2","V2M5",26104,"120-160 cm",0,0,NA
"E2","V2M5",26104,"160-200 cm",0,0,NA
"E2","V2M5",26104,">200 cm",0,0,NA
"E2","V2M5",26105,"<40 cm",0,0,NA
"E2","V2M5",26105,"40-80 cm",0,0,NA
"E2","V2M5",26105,"80-120 cm",0,0,NA
"E2","V2M5",26105,"120-160 cm",0,0,NA
"E2","V2M5",26105,"160-200 cm",0,0,NA
"E2","V2M5",26105,">200 cm",0,0,NA
"E2","V2M5",26106,"<40 cm",0,0,NA
"E2","V2M5",26106,"40-80 cm",0,0,NA
"E2","V2M5",26106,"80-120 cm",0,0,NA
"E2","V2M5",26106,"120-160 cm",0,0,NA
"E2","V2M5",26106,"160-200 cm",0,0,NA
"E2","V2M5",26106,">200 cm",0,0,NA
"E2","V2M5",26107,"<40 cm",0,0,NA
"E2","V2M5",26107,"40-80 cm",0,0,NA
"E2","V2M5",26107,"80-120 cm",0,0,NA
"E2","V2M5",26107,"120-160 cm",0,0,NA
"E2","V2M5",26107,"160-200 cm",0,0,NA
"E2","V2M5",26107,">200 cm",0,0,NA
"E2","V2M5",26108,"<40 cm",0,0,NA
"E2","V2M5",26108,"40-80 cm",0,0,NA
"E2","V2M5",26108,"80-120 cm",0,0,NA
"E2","V2M5",26108,"120-160 cm",0,0,NA
"E2","V2M5",26108,"160-200 cm",0,0,NA
"E2","V2M5",26108,">200 cm",0,0,NA
"E2","V2M5",26109,"<40 cm",0,0,NA
"E2","V2M5",26109,"40-80 cm",0,0,NA
"E2","V2M5",26109,"80-120 cm",0,0,NA
"E2","V2M5",26109,"120-160 cm",0,0,NA
"E2","V2M5",26109,"160-200 cm",0,0,NA
"E2","V2M5",26109,">200 cm",0,0,NA
"E2","V2M5",26110,"<40 cm",0,0,NA
"E2","V2M5",26110,"40-80 cm",0,0,NA
"E2","V2M5",26110,"80-120 cm",0,0,NA
"E2","V2M5",26110,"120-160 cm",0,0,NA
"E2","V2M5",26110,"160-200 cm",0,0,NA
"E2","V2M5",26110,">200 cm",0,0,NA
"E2","V2M5",27101,"<40 cm",0,0,NA
"E2","V2M5",27101,"40-80 cm",0,0,NA
"E2","V2M5",27101,"80-120 cm",0,0,NA
"E2","V2M5",27101,"120-160 cm",0,0,NA
"E2","V2M5",27101,"160-200 cm",0,0,NA
"E2","V2M5",27101,">200 cm",0,0,NA
"E2","V2M5",27102,"<40 cm",0,0,NA
"E2","V2M5",27102,"40-80 cm",0,0,NA
"E2","V2M5",27102,"80-120 cm",0,0,NA
"E2","V2M5",27102,"120-160 cm",0,0,NA
"E2","V2M5",27102,"160-200 cm",0,0,NA
"E2","V2M5",27102,">200 cm",0,0,NA
"E2","V2M5",27103,"<40 cm",0,0,NA
"E2","V2M5",27103,"40-80 cm",0,0,NA
"E2","V2M5",27103,"80-120 cm",0,0,NA
"E2","V2M5",27103,"120-160 cm",0,0,NA
"E2","V2M5",27103,"160-200 cm",0,0,NA
"E2","V2M5",27103,">200 cm",0,0,NA
"E2","V2M5",27104,"<40 cm",0,0,NA
"E2","V2M5",27104,"40-80 cm",0,0,NA
"E2","V2M5",27104,"80-120 cm",0,0,NA
"E2","V2M5",27104,"120-160 cm",0,0,NA
"E2","V2M5",27104,"160-200 cm",0,0,NA
"E2","V2M5",27104,">200 cm",0,0,NA
"E2","V2M5",27105,"<40 cm",0,0,NA
"E2","V2M5",27105,"40-80 cm",0,0,NA
"E2","V2M5",27105,"80-120 cm",0,0,NA
"E2","V2M5",27105,"120-160 cm",0,0,NA
"E2","V2M5",27105,"160-200 cm",0,0,NA
"E2","V2M5",27105,">200 cm",0,0,NA
"E2","V2M5",27106,"<40 cm",0,0,NA
"E2","V2M5",27106,"40-80 cm",0,0,NA
"E2","V2M5",27106,"80-120 cm",0,0,NA
"E2","V2M5",27106,"120-160 cm",0,0,NA
"E2","V2M5",27106,"160-200 cm",0,0,NA
"E2","V2M5",27106,">200 cm",0,0,NA
"E2","V2M5",27107,"<40 cm",0,0,NA
"E2","V2M5",27107,"40-80 cm",0,0,NA
"E2","V2M5",27107,"80-120 cm",0,0,NA
"E2","V2M5",27107,"120-160 cm",0,0,NA
"E2","V2M5",27107,"160-200 cm",0,0,NA
"E2","V2M5",27107,">200 cm",0,0,NA
"E2","V2M5",27108,"<40 cm",0,0,NA
"E2","V2M5",27108,"40-80 cm",0,0,NA
"E2","V2M5",27108,"80-120 cm",0,0,NA
"E2","V2M5",27108,"120-160 cm",0,0,NA
"E2","V2M5",27108,"160-200 cm",0,0,NA
"E2","V2M5",27108,">200 cm",0,0,NA
"E2","V2M5",27109,"<40 cm",0,0,NA
"E2","V2M5",27109,"40-80 cm",0,0,NA
"E2","V2M5",27109,"80-120 cm",0,0,NA
"E2","V2M5",27109,"120-160 cm",0,0,NA
"E2","V2M5",27109,"160-200 cm",0,0,NA
"E2","V2M5",27109,">200 cm",0,0,NA
"E2","V2M5",27110,"<40 cm",0,0,NA
"E2","V2M5",27110,"40-80 cm",0,0,NA
"E2","V2M5",27110,"80-120 cm",0,0,NA
"E2","V2M5",27110,"120-160 cm",0,0,NA
"E2","V2M5",27110,"160-200 cm",0,0,NA
"E2","V2M5",27110,">200 cm",0,0,NA
"E2","V2M5",28101,"<40 cm",0,0,NA
"E2","V2M5",28101,"40-80 cm",0,0,NA
"E2","V2M5",28101,"80-120 cm",0,0,NA
"E2","V2M5",28101,"120-160 cm",0,0,NA
"E2","V2M5",28101,"160-200 cm",0,0,NA
"E2","V2M5",28101,">200 cm",0,0,NA
"E2","V2M5",28102,"<40 cm",0,0,NA
"E2","V2M5",28102,"40-80 cm",0,0,NA
"E2","V2M5",28102,"80-120 cm",0,0,NA
"E2","V2M5",28102,"120-160 cm",0,0,NA
"E2","V2M5",28102,"160-200 cm",0,0,NA
"E2","V2M5",28102,">200 cm",0,0,NA
"E2","V2M5",28103,"<40 cm",0,0,NA
"E2","V2M5",28103,"40-80 cm",0,0,NA
"E2","V2M5",28103,"80-120 cm",0,0,NA
"E2","V2M5",28103,"120-160 cm",0,0,NA
"E2","V2M5",28103,"160-200 cm",0,0,NA
"E2","V2M5",28103,">200 cm",0,0,NA
"E2","V2M5",28104,"<40 cm",0,0,NA
"E2","V2M5",28104,"40-80 cm",0,0,NA
"E2","V2M5",28104,"80-120 cm",0,0,NA
"E2","V2M5",28104,"120-160 cm",0,0,NA
"E2","V2M5",28104,"160-200 cm",0,0,NA
"E2","V2M5",28104,">200 cm",0,0,NA
"E2","V2M5",28105,"<40 cm",0,0,NA
"E2","V2M5",28105,"40-80 cm",0,0,NA
"E2","V2M5",28105,"80-120 cm",0,0,NA
"E2","V2M5",28105,"120-160 cm",0,0,NA
"E2","V2M5",28105,"160-200 cm",0,0,NA
"E2","V2M5",28105,">200 cm",0,0,NA
"E2","V2M5",28106,"<40 cm",0,0,NA
"E2","V2M5",28106,"40-80 cm",0,0,NA
"E2","V2M5",28106,"80-120 cm",0,0,NA
"E2","V2M5",28106,"120-160 cm",0,0,NA
"E2","V2M5",28106,"160-200 cm",0,0,NA
"E2","V2M5",28106,">200 cm",0,0,NA
"E2","V2M5",28107,"<40 cm",0,0,NA
"E2","V2M5",28107,"40-80 cm",0,0,NA
"E2","V2M5",28107,"80-120 cm",0,0,NA
"E2","V2M5",28107,"120-160 cm",0,0,NA
"E2","V2M5",28107,"160-200 cm",0,0,NA
"E2","V2M5",28107,">200 cm",0,0,NA
"E2","V2M5",28108,"<40 cm",0,0,NA
"E2","V2M5",28108,"40-80 cm",0,0,NA
"E2","V2M5",28108,"80-120 cm",0,0,NA
"E2","V2M5",28108,"120-160 cm",0,0,NA
"E2","V2M5",28108,"160-200 cm",0,0,NA
"E2","V2M5",28108,">200 cm",0,0,NA
"E2","V2M5",28109,"<40 cm",0,0,NA
"E2","V2M5",28109,"40-80 cm",0,0,NA
"E2","V2M5",28109,"80-120 cm",0,0,NA
"E2","V2M5",28109,"120-160 cm",0,0,NA
"E2","V2M5",28109,"160-200 cm",0,0,NA
"E2","V2M5",28109,">200 cm",0,0,NA
"E2","V2M5",28110,"<40 cm",0,0,NA
"E2","V2M5",28110,"40-80 cm",0,0,NA
"E2","V2M5",28110,"80-120 cm",0,0,NA
"E2","V2M5",28110,"120-160 cm",0,0,NA
"E2","V2M5",28110,"160-200 cm",0,0,NA
"E2","V2M5",28110,">200 cm",0,0,NA
"E2","V2M5",29101,"<40 cm",0,0,NA
"E2","V2M5",29101,"40-80 cm",0,0,NA
"E2","V2M5",29101,"80-120 cm",0,0,NA
"E2","V2M5",29101,"120-160 cm",0,0,NA
"E2","V2M5",29101,"160-200 cm",0,0,NA
"E2","V2M5",29101,">200 cm",0,0,NA
"E2","V2M5",29102,"<40 cm",0,0,NA
"E2","V2M5",29102,"40-80 cm",0,0,NA
"E2","V2M5",29102,"80-120 cm",0,0,NA
"E2","V2M5",29102,"120-160 cm",0,0,NA
"E2","V2M5",29102,"160-200 cm",0,0,NA
"E2","V2M5",29102,">200 cm",0,0,NA
"E2","V2M5",29103,"<40 cm",0,0,NA
"E2","V2M5",29103,"40-80 cm",0,0,NA
"E2","V2M5",29103,"80-120 cm",0,0,NA
"E2","V2M5",29103,"120-160 cm",0,0,NA
"E2","V2M5",29103,"160-200 cm",0,0,NA
"E2","V2M5",29103,">200 cm",0,0,NA
"E2","V2M5",29104,"<40 cm",0,0,NA
"E2","V2M5",29104,"40-80 cm",0,0,NA
"E2","V2M5",29104,"80-120 cm",0,0,NA
"E2","V2M5",29104,"120-160 cm",0,0,NA
"E2","V2M5",29104,"160-200 cm",0,0,NA
"E2","V2M5",29104,">200 cm",0,0,NA
"E2","V2M5",29105,"<40 cm",0,0,NA
"E2","V2M5",29105,"40-80 cm",0,0,NA
"E2","V2M5",29105,"80-120 cm",0,0,NA
"E2","V2M5",29105,"120-160 cm",0,0,NA
"E2","V2M5",29105,"160-200 cm",0,0,NA
"E2","V2M5",29105,">200 cm",0,0,NA
"E2","V2M5",29106,"<40 cm",0,0,NA
"E2","V2M5",29106,"40-80 cm",0,0,NA
"E2","V2M5",29106,"80-120 cm",0,0,NA
"E2","V2M5",29106,"120-160 cm",0,0,NA
"E2","V2M5",29106,"160-200 cm",0,0,NA
"E2","V2M5",29106,">200 cm",0,0,NA
"E2","V2M5",29107,"<40 cm",0,0,NA
"E2","V2M5",29107,"40-80 cm",0,0,NA
"E2","V2M5",29107,"80-120 cm",0,0,NA
"E2","V2M5",29107,"120-160 cm",0,0,NA
"E2","V2M5",29107,"160-200 cm",0,0,NA
"E2","V2M5",29107,">200 cm",0,0,NA
"E2","V2M5",29108,"<40 cm",0,0,NA
"E2","V2M5",29108,"40-80 cm",0,0,NA
"E2","V2M5",29108,"80-120 cm",0,0,NA
"E2","V2M5",29108,"120-160 cm",0,0,NA
"E2","V2M5",29108,"160-200 cm",0,0,NA
"E2","V2M5",29108,">200 cm",0,0,NA
"E2","V2M5",29109,"<40 cm",0,0,NA
"E2","V2M5",29109,"40-80 cm",0,0,NA
"E2","V2M5",29109,"80-120 cm",0,0,NA
"E2","V2M5",29109,"120-160 cm",0,0,NA
"E2","V2M5",29109,"160-200 cm",0,0,NA
"E2","V2M5",29109,">200 cm",0,0,NA
"E2","V2M5",29110,"<40 cm",0,0,NA
"E2","V2M5",29110,"40-80 cm",0,0,NA
"E2","V2M5",29110,"80-120 cm",0,0,NA
"E2","V2M5",29110,"120-160 cm",0,0,NA
"E2","V2M5",29110,"160-200 cm",0,0,NA
"E2","V2M5",29110,">200 cm",0,0,NA
"E2","V2M5",30101,"<40 cm",0,0,NA
"E2","V2M5",30101,"40-80 cm",0,0,NA
"E2","V2M5",30101,"80-120 cm",0,0,NA
"E2","V2M5",30101,"120-160 cm",0,0,NA
"E2","V2M5",30101,"160-200 cm",0,0,NA
"E2","V2M5",30101,">200 cm",0,0,NA
"E2","V2M5",30102,"<40 cm",0,0,NA
"E2","V2M5",30102,"40-80 cm",0,0,NA
"E2","V2M5",30102,"80-120 cm",0,0,NA
"E2","V2M5",30102,"120-160 cm",0,0,NA
"E2","V2M5",30102,"160-200 cm",0,0,NA
"E2","V2M5",30102,">200 cm",0,0,NA
"E2","V2M5",30103,"<40 cm",0,0,NA
"E2","V2M5",30103,"40-80 cm",0,0,NA
"E2","V2M5",30103,"80-120 cm",0,0,NA
"E2","V2M5",30103,"120-160 cm",0,0,NA
"E2","V2M5",30103,"160-200 cm",0,0,NA
"E2","V2M5",30103,">200 cm",0,0,NA
"E2","V2M5",30104,"<40 cm",0,0,NA
"E2","V2M5",30104,"40-80 cm",0,0,NA
"E2","V2M5",30104,"80-120 cm",0,0,NA
"E2","V2M5",30104,"120-160 cm",0,0,NA
"E2","V2M5",30104,"160-200 cm",0,0,NA
"E2","V2M5",30104,">200 cm",0,0,NA
"E2","V2M5",30105,"<40 cm",0,0,NA
"E2","V2M5",30105,"40-80 cm",0,0,NA
"E2","V2M5",30105,"80-120 cm",0,0,NA
"E2","V2M5",30105,"120-160 cm",0,0,NA
"E2","V2M5",30105,"160-200 cm",0,0,NA
"E2","V2M5",30105,">200 cm",0,0,NA
"E2","V2M5",30106,"<40 cm",0,0,NA
"E2","V2M5",30106,"40-80 cm",0,0,NA
"E2","V2M5",30106,"80-120 cm",0,0,NA
"E2","V2M5",30106,"120-160 cm",0,0,NA
"E2","V2M5",30106,"160-200 cm",0,0,NA
"E2","V2M5",30106,">200 cm",0,0,NA
"E2","V2M5",30107,"<40 cm",0,0,NA
"E2","V2M5",30107,"40-80 cm",0,0,NA
"E2","V2M5",30107,"80-120 cm",0,0,NA
"E2","V2M5",30107,"120-160 cm",0,0,NA
"E2","V2M5",30107,"160-200 cm",0,0,NA
"E2","V2M5",30107,">200 cm",0,0,NA
"E2","V2M5",30108,"<40 cm",0,0,NA
"E2","V2M5",30108,"40-80 cm",0,0,NA
"E2","V2M5",30108,"80-120 cm",0,0,NA
"E2","V2M5",30108,"120-160 cm",0,0,NA
"E2","V2M5",30108,"160-200 cm",0,0,NA
"E2","V2M5",30108,">200 cm",0,0,NA
"E2","V2M5",30109,"<40 cm",0,0,NA
"E2","V2M5",30109,"40-80 cm",0,0,NA
"E2","V2M5",30109,"80-120 cm",0,0,NA
"E2","V2M5",30109,"120-160 cm",0,0,NA
"E2","V2M5",30109,"160-200 cm",0,0,NA
"E2","V2M5",30109,">200 cm",0,0,NA
"E2","V2M5",30110,"<40 cm",0,0,NA
"E2","V2M5",30110,"40-80 cm",0,0,NA
"E2","V2M5",30110,"80-120 cm",0,0,NA
"E2","V2M5",30110,"120-160 cm",0,0,NA
"E2","V2M5",30110,"160-200 cm",0,0,NA
"E2","V2M5",30110,">200 cm",0,0,NA
"E2",NA,1101,"<40 cm",1460,2500,0.584
"E2",NA,1101,"40-80 cm",150,2500,0.06
"E2",NA,1101,"80-120 cm",175,2500,0.07
"E2",NA,1101,"120-160 cm",170,2500,0.068
"E2",NA,1101,"160-200 cm",105,2500,0.042
"E2",NA,1101,">200 cm",440,2500,0.176
"E2",NA,1102,"<40 cm",1465,2500,0.586
"E2",NA,1102,"40-80 cm",155,2500,0.062
"E2",NA,1102,"80-120 cm",105,2500,0.042
"E2",NA,1102,"120-160 cm",165,2500,0.066
"E2",NA,1102,"160-200 cm",135,2500,0.054
"E2",NA,1102,">200 cm",475,2500,0.19
"E2",NA,1103,"<40 cm",1495,2500,0.598
"E2",NA,1103,"40-80 cm",165,2500,0.066
"E2",NA,1103,"80-120 cm",125,2500,0.05
"E2",NA,1103,"120-160 cm",165,2500,0.066
"E2",NA,1103,"160-200 cm",95,2500,0.038
"E2",NA,1103,">200 cm",455,2500,0.182
"E2",NA,1104,"<40 cm",0,0,NA
"E2",NA,1104,"40-80 cm",0,0,NA
"E2",NA,1104,"80-120 cm",0,0,NA
"E2",NA,1104,"120-160 cm",0,0,NA
"E2",NA,1104,"160-200 cm",0,0,NA
"E2",NA,1104,">200 cm",0,0,NA
"E2",NA,1105,"<40 cm",0,0,NA
"E2",NA,1105,"40-80 cm",0,0,NA
"E2",NA,1105,"80-120 cm",0,0,NA
"E2",NA,1105,"120-160 cm",0,0,NA
"E2",NA,1105,"160-200 cm",0,0,NA
"E2",NA,1105,">200 cm",0,0,NA
"E2",NA,1106,"<40 cm",0,0,NA
"E2",NA,1106,"40-80 cm",0,0,NA
"E2",NA,1106,"80-120 cm",0,0,NA
"E2",NA,1106,"120-160 cm",0,0,NA
"E2",NA,1106,"160-200 cm",0,0,NA
"E2",NA,1106,">200 cm",0,0,NA
"E2",NA,1107,"<40 cm",0,0,NA
"E2",NA,1107,"40-80 cm",0,0,NA
"E2",NA,1107,"80-120 cm",0,0,NA
"E2",NA,1107,"120-160 cm",0,0,NA
"E2",NA,1107,"160-200 cm",0,0,NA
"E2",NA,1107,">200 cm",0,0,NA
"E2",NA,1108,"<40 cm",0,0,NA
"E2",NA,1108,"40-80 cm",0,0,NA
"E2",NA,1108,"80-120 cm",0,0,NA
"E2",NA,1108,"120-160 cm",0,0,NA
"E2",NA,1108,"160-200 cm",0,0,NA
"E2",NA,1108,">200 cm",0,0,NA
"E2",NA,1109,"<40 cm",0,0,NA
"E2",NA,1109,"40-80 cm",0,0,NA
"E2",NA,1109,"80-120 cm",0,0,NA
"E2",NA,1109,"120-160 cm",0,0,NA
"E2",NA,1109,"160-200 cm",0,0,NA
"E2",NA,1109,">200 cm",0,0,NA
"E2",NA,1110,"<40 cm",0,0,NA
"E2",NA,1110,"40-80 cm",0,0,NA
"E2",NA,1110,"80-120 cm",0,0,NA
"E2",NA,1110,"120-160 cm",0,0,NA
"E2",NA,1110,"160-200 cm",0,0,NA
"E2",NA,1110,">200 cm",0,0,NA
"E2",NA,2101,"<40 cm",1632,2500,0.6528
"E2",NA,2101,"40-80 cm",189,2500,0.0756
"E2",NA,2101,"80-120 cm",123,2500,0.0492
"E2",NA,2101,"120-160 cm",153,2500,0.0612
"E2",NA,2101,"160-200 cm",123,2500,0.0492
"E2",NA,2101,">200 cm",280,2500,0.112
"E2",NA,2102,"<40 cm",1607,2500,0.6428
"E2",NA,2102,"40-80 cm",138,2500,0.0552
"E2",NA,2102,"80-120 cm",106,2500,0.0424
"E2",NA,2102,"120-160 cm",171,2500,0.0684
"E2",NA,2102,"160-200 cm",164,2500,0.0656
"E2",NA,2102,">200 cm",314,2500,0.1256
"E2",NA,2103,"<40 cm",1670,2500,0.668
"E2",NA,2103,"40-80 cm",161,2500,0.0644
"E2",NA,2103,"80-120 cm",131,2500,0.0524
"E2",NA,2103,"120-160 cm",131,2500,0.0524
"E2",NA,2103,"160-200 cm",92,2500,0.0368
"E2",NA,2103,">200 cm",315,2500,0.126
"E2",NA,2104,"<40 cm",0,0,NA
"E2",NA,2104,"40-80 cm",0,0,NA
"E2",NA,2104,"80-120 cm",0,0,NA
"E2",NA,2104,"120-160 cm",0,0,NA
"E2",NA,2104,"160-200 cm",0,0,NA
"E2",NA,2104,">200 cm",0,0,NA
"E2",NA,2105,"<40 cm",0,0,NA
"E2",NA,2105,"40-80 cm",0,0,NA
"E2",NA,2105,"80-120 cm",0,0,NA
"E2",NA,2105,"120-160 cm",0,0,NA
"E2",NA,2105,"160-200 cm",0,0,NA
"E2",NA,2105,">200 cm",0,0,NA
"E2",NA,2106,"<40 cm",0,0,NA
"E2",NA,2106,"40-80 cm",0,0,NA
"E2",NA,2106,"80-120 cm",0,0,NA
"E2",NA,2106,"120-160 cm",0,0,NA
"E2",NA,2106,"160-200 cm",0,0,NA
"E2",NA,2106,">200 cm",0,0,NA
"E2",NA,2107,"<40 cm",0,0,NA
"E2",NA,2107,"40-80 cm",0,0,NA
"E2",NA,2107,"80-120 cm",0,0,NA
"E2",NA,2107,"120-160 cm",0,0,NA
"E2",NA,2107,"160-200 cm",0,0,NA
"E2",NA,2107,">200 cm",0,0,NA
"E2",NA,2108,"<40 cm",0,0,NA
"E2",NA,2108,"40-80 cm",0,0,NA
"E2",NA,2108,"80-120 cm",0,0,NA
"E2",NA,2108,"120-160 cm",0,0,NA
"E2",NA,2108,"160-200 cm",0,0,NA
"E2",NA,2108,">200 cm",0,0,NA
"E2",NA,2109,"<40 cm",0,0,NA
"E2",NA,2109,"40-80 cm",0,0,NA
"E2",NA,2109,"80-120 cm",0,0,NA
"E2",NA,2109,"120-160 cm",0,0,NA
"E2",NA,2109,"160-200 cm",0,0,NA
"E2",NA,2109,">200 cm",0,0,NA
"E2",NA,2110,"<40 cm",0,0,NA
"E2",NA,2110,"40-80 cm",0,0,NA
"E2",NA,2110,"80-120 cm",0,0,NA
"E2",NA,2110,"120-160 cm",0,0,NA
"E2",NA,2110,"160-200 cm",0,0,NA
"E2",NA,2110,">200 cm",0,0,NA
"E2",NA,3101,"<40 cm",1515,2500,0.606
"E2",NA,3101,"40-80 cm",110,2500,0.044
"E2",NA,3101,"80-120 cm",185,2500,0.074
"E2",NA,3101,"120-160 cm",160,2500,0.064
"E2",NA,3101,"160-200 cm",95,2500,0.038
"E2",NA,3101,">200 cm",435,2500,0.174
"E2",NA,3102,"<40 cm",1495,2500,0.598
"E2",NA,3102,"40-80 cm",125,2500,0.05
"E2",NA,3102,"80-120 cm",115,2500,0.046
"E2",NA,3102,"120-160 cm",190,2500,0.076
"E2",NA,3102,"160-200 cm",135,2500,0.054
"E2",NA,3102,">200 cm",440,2500,0.176
"E2",NA,3103,"<40 cm",1555,2500,0.622
"E2",NA,3103,"40-80 cm",145,2500,0.058
"E2",NA,3103,"80-120 cm",145,2500,0.058
"E2",NA,3103,"120-160 cm",125,2500,0.05
"E2",NA,3103,"160-200 cm",85,2500,0.034
"E2",NA,3103,">200 cm",445,2500,0.178
"E2",NA,3104,"<40 cm",0,0,NA
"E2",NA,3104,"40-80 cm",0,0,NA
"E2",NA,3104,"80-120 cm",0,0,NA
"E2",NA,3104,"120-160 cm",0,0,NA
"E2",NA,3104,"160-200 cm",0,0,NA
"E2",NA,3104,">200 cm",0,0,NA
"E2",NA,3105,"<40 cm",0,0,NA
"E2",NA,3105,"40-80 cm",0,0,NA
"E2",NA,3105,"80-120 cm",0,0,NA
"E2",NA,3105,"120-160 cm",0,0,NA
"E2",NA,3105,"160-200 cm",0,0,NA
"E2",NA,3105,">200 cm",0,0,NA
"E2",NA,3106,"<40 cm",0,0,NA
"E2",NA,3106,"40-80 cm",0,0,NA
"E2",NA,3106,"80-120 cm",0,0,NA
"E2",NA,3106,"120-160 cm",0,0,NA
"E2",NA,3106,"160-200 cm",0,0,NA
"E2",NA,3106,">200 cm",0,0,NA
"E2",NA,3107,"<40 cm",0,0,NA
"E2",NA,3107,"40-80 cm",0,0,NA
"E2",NA,3107,"80-120 cm",0,0,NA
"E2",NA,3107,"120-160 cm",0,0,NA
"E2",NA,3107,"160-200 cm",0,0,NA
"E2",NA,3107,">200 cm",0,0,NA
"E2",NA,3108,"<40 cm",0,0,NA
"E2",NA,3108,"40-80 cm",0,0,NA
"E2",NA,3108,"80-120 cm",0,0,NA
"E2",NA,3108,"120-160 cm",0,0,NA
"E2",NA,3108,"160-200 cm",0,0,NA
"E2",NA,3108,">200 cm",0,0,NA
"E2",NA,3109,"<40 cm",0,0,NA
"E2",NA,3109,"40-80 cm",0,0,NA
"E2",NA,3109,"80-120 cm",0,0,NA
"E2",NA,3109,"120-160 cm",0,0,NA
"E2",NA,3109,"160-200 cm",0,0,NA
"E2",NA,3109,">200 cm",0,0,NA
"E2",NA,3110,"<40 cm",0,0,NA
"E2",NA,3110,"40-80 cm",0,0,NA
"E2",NA,3110,"80-120 cm",0,0,NA
"E2",NA,3110,"120-160 cm",0,0,NA
"E2",NA,3110,"160-200 cm",0,0,NA
"E2",NA,3110,">200 cm",0,0,NA
"E2",NA,4101,"<40 cm",1424,2500,0.5696
"E2",NA,4101,"40-80 cm",163,2500,0.0652
"E2",NA,4101,"80-120 cm",199,2500,0.0796
"E2",NA,4101,"120-160 cm",196,2500,0.0784
"E2",NA,4101,"160-200 cm",137,2500,0.0548
"E2",NA,4101,">200 cm",381,2500,0.1524
"E2",NA,4102,"<40 cm",1422,2500,0.5688
"E2",NA,4102,"40-80 cm",151,2500,0.0604
"E2",NA,4102,"80-120 cm",121,2500,0.0484
"E2",NA,4102,"120-160 cm",193,2500,0.0772
"E2",NA,4102,"160-200 cm",197,2500,0.0788
"E2",NA,4102,">200 cm",416,2500,0.1664
"E2",NA,4103,"<40 cm",1481,2500,0.5924
"E2",NA,4103,"40-80 cm",154,2500,0.0616
"E2",NA,4103,"80-120 cm",140,2500,0.056
"E2",NA,4103,"120-160 cm",197,2500,0.0788
"E2",NA,4103,"160-200 cm",131,2500,0.0524
"E2",NA,4103,">200 cm",397,2500,0.1588
"E2",NA,4104,"<40 cm",0,0,NA
"E2",NA,4104,"40-80 cm",0,0,NA
"E2",NA,4104,"80-120 cm",0,0,NA
"E2",NA,4104,"120-160 cm",0,0,NA
"E2",NA,4104,"160-200 cm",0,0,NA
"E2",NA,4104,">200 cm",0,0,NA
"E2",NA,4105,"<40 cm",0,0,NA
"E2",NA,4105,"40-80 cm",0,0,NA
"E2",NA,4105,"80-120 cm",0,0,NA
"E2",NA,4105,"120-160 cm",0,0,NA
"E2",NA,4105,"160-200 cm",0,0,NA
"E2",NA,4105,">200 cm",0,0,NA
"E2",NA,4106,"<40 cm",0,0,NA
"E2",NA,4106,"40-80 cm",0,0,NA
"E2",NA,4106,"80-120 cm",0,0,NA
"E2",NA,4106,"120-160 cm",0,0,NA
"E2",NA,4106,"160-200 cm",0,0,NA
"E2",NA,4106,">200 cm",0,0,NA
"E2",NA,4107,"<40 cm",0,0,NA
"E2",NA,4107,"40-80 cm",0,0,NA
"E2",NA,4107,"80-120 cm",0,0,NA
"E2",NA,4107,"120-160 cm",0,0,NA
"E2",NA,4107,"160-200 cm",0,0,NA
"E2",NA,4107,">200 cm",0,0,NA
"E2",NA,4108,"<40 cm",0,0,NA
"E2",NA,4108,"40-80 cm",0,0,NA
"E2",NA,4108,"80-120 cm",0,0,NA
"E2",NA,4108,"120-160 cm",0,0,NA
"E2",NA,4108,"160-200 cm",0,0,NA
"E2",NA,4108,">200 cm",0,0,NA
"E2",NA,4109,"<40 cm",0,0,NA
"E2",NA,4109,"40-80 cm",0,0,NA
"E2",NA,4109,"80-120 cm",0,0,NA
"E2",NA,4109,"120-160 cm",0,0,NA
"E2",NA,4109,"160-200 cm",0,0,NA
"E2",NA,4109,">200 cm",0,0,NA
"E2",NA,4110,"<40 cm",0,0,NA
"E2",NA,4110,"40-80 cm",0,0,NA
"E2",NA,4110,"80-120 cm",0,0,NA
"E2",NA,4110,"120-160 cm",0,0,NA
"E2",NA,4110,"160-200 cm",0,0,NA
"E2",NA,4110,">200 cm",0,0,NA
"E2",NA,5101,"<40 cm",1512,2500,0.6048
"E2",NA,5101,"40-80 cm",126,2500,0.0504
"E2",NA,5101,"80-120 cm",170,2500,0.068
"E2",NA,5101,"120-160 cm",152,2500,0.0608
"E2",NA,5101,"160-200 cm",140,2500,0.056
"E2",NA,5101,">200 cm",400,2500,0.16
"E2",NA,5102,"<40 cm",1507,2500,0.6028
"E2",NA,5102,"40-80 cm",157,2500,0.0628
"E2",NA,5102,"80-120 cm",106,2500,0.0424
"E2",NA,5102,"120-160 cm",166,2500,0.0664
"E2",NA,5102,"160-200 cm",149,2500,0.0596
"E2",NA,5102,">200 cm",415,2500,0.166
"E2",NA,5103,"<40 cm",1528,2500,0.6112
"E2",NA,5103,"40-80 cm",152,2500,0.0608
"E2",NA,5103,"80-120 cm",145,2500,0.058
"E2",NA,5103,"120-160 cm",215,2500,0.086
"E2",NA,5103,"160-200 cm",90,2500,0.036
"E2",NA,5103,">200 cm",370,2500,0.148
"E2",NA,5104,"<40 cm",0,0,NA
"E2",NA,5104,"40-80 cm",0,0,NA
"E2",NA,5104,"80-120 cm",0,0,NA
"E2",NA,5104,"120-160 cm",0,0,NA
"E2",NA,5104,"160-200 cm",0,0,NA
"E2",NA,5104,">200 cm",0,0,NA
"E2",NA,5105,"<40 cm",0,0,NA
"E2",NA,5105,"40-80 cm",0,0,NA
"E2",NA,5105,"80-120 cm",0,0,NA
"E2",NA,5105,"120-160 cm",0,0,NA
"E2",NA,5105,"160-200 cm",0,0,NA
"E2",NA,5105,">200 cm",0,0,NA
"E2",NA,5106,"<40 cm",0,0,NA
"E2",NA,5106,"40-80 cm",0,0,NA
"E2",NA,5106,"80-120 cm",0,0,NA
"E2",NA,5106,"120-160 cm",0,0,NA
"E2",NA,5106,"160-200 cm",0,0,NA
"E2",NA,5106,">200 cm",0,0,NA
"E2",NA,5107,"<40 cm",0,0,NA
"E2",NA,5107,"40-80 cm",0,0,NA
"E2",NA,5107,"80-120 cm",0,0,NA
"E2",NA,5107,"120-160 cm",0,0,NA
"E2",NA,5107,"160-200 cm",0,0,NA
"E2",NA,5107,">200 cm",0,0,NA
"E2",NA,5108,"<40 cm",0,0,NA
"E2",NA,5108,"40-80 cm",0,0,NA
"E2",NA,5108,"80-120 cm",0,0,NA
"E2",NA,5108,"120-160 cm",0,0,NA
"E2",NA,5108,"160-200 cm",0,0,NA
"E2",NA,5108,">200 cm",0,0,NA
"E2",NA,5109,"<40 cm",0,0,NA
"E2",NA,5109,"40-80 cm",0,0,NA
"E2",NA,5109,"80-120 cm",0,0,NA
"E2",NA,5109,"120-160 cm",0,0,NA
"E2",NA,5109,"160-200 cm",0,0,NA
"E2",NA,5109,">200 cm",0,0,NA
"E2",NA,5110,"<40 cm",0,0,NA
"E2",NA,5110,"40-80 cm",0,0,NA
"E2",NA,5110,"80-120 cm",0,0,NA
"E2",NA,5110,"120-160 cm",0,0,NA
"E2",NA,5110,"160-200 cm",0,0,NA
"E2",NA,5110,">200 cm",0,0,NA
"E2",NA,6101,"<40 cm",1481,2500,0.5924
"E2",NA,6101,"40-80 cm",155,2500,0.062
"E2",NA,6101,"80-120 cm",129,2500,0.0516
"E2",NA,6101,"120-160 cm",145,2500,0.058
"E2",NA,6101,"160-200 cm",148,2500,0.0592
"E2",NA,6101,">200 cm",442,2500,0.1768
"E2",NA,6102,"<40 cm",1480,2500,0.592
"E2",NA,6102,"40-80 cm",145,2500,0.058
"E2",NA,6102,"80-120 cm",87,2500,0.0348
"E2",NA,6102,"120-160 cm",153,2500,0.0612
"E2",NA,6102,"160-200 cm",166,2500,0.0664
"E2",NA,6102,">200 cm",469,2500,0.1876
"E2",NA,6103,"<40 cm",1556,2500,0.6224
"E2",NA,6103,"40-80 cm",137,2500,0.0548
"E2",NA,6103,"80-120 cm",144,2500,0.0576
"E2",NA,6103,"120-160 cm",153,2500,0.0612
"E2",NA,6103,"160-200 cm",99,2500,0.0396
"E2",NA,6103,">200 cm",411,2500,0.1644
"E2",NA,6104,"<40 cm",0,0,NA
"E2",NA,6104,"40-80 cm",0,0,NA
"E2",NA,6104,"80-120 cm",0,0,NA
"E2",NA,6104,"120-160 cm",0,0,NA
"E2",NA,6104,"160-200 cm",0,0,NA
"E2",NA,6104,">200 cm",0,0,NA
"E2",NA,6105,"<40 cm",0,0,NA
"E2",NA,6105,"40-80 cm",0,0,NA
"E2",NA,6105,"80-120 cm",0,0,NA
"E2",NA,6105,"120-160 cm",0,0,NA
"E2",NA,6105,"160-200 cm",0,0,NA
"E2",NA,6105,">200 cm",0,0,NA
"E2",NA,6106,"<40 cm",0,0,NA
"E2",NA,6106,"40-80 cm",0,0,NA
"E2",NA,6106,"80-120 cm",0,0,NA
"E2",NA,6106,"120-160 cm",0,0,NA
"E2",NA,6106,"160-200 cm",0,0,NA
"E2",NA,6106,">200 cm",0,0,NA
"E2",NA,6107,"<40 cm",0,0,NA
"E2",NA,6107,"40-80 cm",0,0,NA
"E2",NA,6107,"80-120 cm",0,0,NA
"E2",NA,6107,"120-160 cm",0,0,NA
"E2",NA,6107,"160-200 cm",0,0,NA
"E2",NA,6107,">200 cm",0,0,NA
"E2",NA,6108,"<40 cm",0,0,NA
"E2",NA,6108,"40-80 cm",0,0,NA
"E2",NA,6108,"80-120 cm",0,0,NA
"E2",NA,6108,"120-160 cm",0,0,NA
"E2",NA,6108,"160-200 cm",0,0,NA
"E2",NA,6108,">200 cm",0,0,NA
"E2",NA,6109,"<40 cm",0,0,NA
"E2",NA,6109,"40-80 cm",0,0,NA
"E2",NA,6109,"80-120 cm",0,0,NA
"E2",NA,6109,"120-160 cm",0,0,NA
"E2",NA,6109,"160-200 cm",0,0,NA
"E2",NA,6109,">200 cm",0,0,NA
"E2",NA,6110,"<40 cm",0,0,NA
"E2",NA,6110,"40-80 cm",0,0,NA
"E2",NA,6110,"80-120 cm",0,0,NA
"E2",NA,6110,"120-160 cm",0,0,NA
"E2",NA,6110,"160-200 cm",0,0,NA
"E2",NA,6110,">200 cm",0,0,NA
"E2",NA,7101,"<40 cm",1435,2500,0.574
"E2",NA,7101,"40-80 cm",160,2500,0.064
"E2",NA,7101,"80-120 cm",165,2500,0.066
"E2",NA,7101,"120-160 cm",150,2500,0.06
"E2",NA,7101,"160-200 cm",95,2500,0.038
"E2",NA,7101,">200 cm",495,2500,0.198
"E2",NA,7102,"<40 cm",1420,2500,0.568
"E2",NA,7102,"40-80 cm",150,2500,0.06
"E2",NA,7102,"80-120 cm",104,2500,0.0416
"E2",NA,7102,"120-160 cm",166,2500,0.0664
"E2",NA,7102,"160-200 cm",135,2500,0.054
"E2",NA,7102,">200 cm",525,2500,0.21
"E2",NA,7103,"<40 cm",1465,2500,0.586
"E2",NA,7103,"40-80 cm",175,2500,0.07
"E2",NA,7103,"80-120 cm",126,2500,0.0504
"E2",NA,7103,"120-160 cm",149,2500,0.0596
"E2",NA,7103,"160-200 cm",85,2500,0.034
"E2",NA,7103,">200 cm",500,2500,0.2
"E2",NA,7104,"<40 cm",0,0,NA
"E2",NA,7104,"40-80 cm",0,0,NA
"E2",NA,7104,"80-120 cm",0,0,NA
"E2",NA,7104,"120-160 cm",0,0,NA
"E2",NA,7104,"160-200 cm",0,0,NA
"E2",NA,7104,">200 cm",0,0,NA
"E2",NA,7105,"<40 cm",0,0,NA
"E2",NA,7105,"40-80 cm",0,0,NA
"E2",NA,7105,"80-120 cm",0,0,NA
"E2",NA,7105,"120-160 cm",0,0,NA
"E2",NA,7105,"160-200 cm",0,0,NA
"E2",NA,7105,">200 cm",0,0,NA
"E2",NA,7106,"<40 cm",0,0,NA
"E2",NA,7106,"40-80 cm",0,0,NA
"E2",NA,7106,"80-120 cm",0,0,NA
"E2",NA,7106,"120-160 cm",0,0,NA
"E2",NA,7106,"160-200 cm",0,0,NA
"E2",NA,7106,">200 cm",0,0,NA
"E2",NA,7107,"<40 cm",0,0,NA
"E2",NA,7107,"40-80 cm",0,0,NA
"E2",NA,7107,"80-120 cm",0,0,NA
"E2",NA,7107,"120-160 cm",0,0,NA
"E2",NA,7107,"160-200 cm",0,0,NA
"E2",NA,7107,">200 cm",0,0,NA
"E2",NA,7108,"<40 cm",0,0,NA
"E2",NA,7108,"40-80 cm",0,0,NA
"E2",NA,7108,"80-120 cm",0,0,NA
"E2",NA,7108,"120-160 cm",0,0,NA
"E2",NA,7108,"160-200 cm",0,0,NA
"E2",NA,7108,">200 cm",0,0,NA
"E2",NA,7109,"<40 cm",0,0,NA
"E2",NA,7109,"40-80 cm",0,0,NA
"E2",NA,7109,"80-120 cm",0,0,NA
"E2",NA,7109,"120-160 cm",0,0,NA
"E2",NA,7109,"160-200 cm",0,0,NA
"E2",NA,7109,">200 cm",0,0,NA
"E2",NA,7110,"<40 cm",0,0,NA
"E2",NA,7110,"40-80 cm",0,0,NA
"E2",NA,7110,"80-120 cm",0,0,NA
"E2",NA,7110,"120-160 cm",0,0,NA
"E2",NA,7110,"160-200 cm",0,0,NA
"E2",NA,7110,">200 cm",0,0,NA
"E2",NA,8101,"<40 cm",1364,2500,0.5456
"E2",NA,8101,"40-80 cm",147,2500,0.0588
"E2",NA,8101,"80-120 cm",99,2500,0.0396
"E2",NA,8101,"120-160 cm",198,2500,0.0792
"E2",NA,8101,"160-200 cm",84,2500,0.0336
"E2",NA,8101,">200 cm",608,2500,0.2432
"E2",NA,8102,"<40 cm",1394,2500,0.5576
"E2",NA,8102,"40-80 cm",105,2500,0.042
"E2",NA,8102,"80-120 cm",59,2500,0.0236
"E2",NA,8102,"120-160 cm",198,2500,0.0792
"E2",NA,8102,"160-200 cm",99,2500,0.0396
"E2",NA,8102,">200 cm",645,2500,0.258
"E2",NA,8103,"<40 cm",1406,2500,0.5624
"E2",NA,8103,"40-80 cm",146,2500,0.0584
"E2",NA,8103,"80-120 cm",96,2500,0.0384
"E2",NA,8103,"120-160 cm",155,2500,0.062
"E2",NA,8103,"160-200 cm",70,2500,0.028
"E2",NA,8103,">200 cm",627,2500,0.2508
"E2",NA,8104,"<40 cm",0,0,NA
"E2",NA,8104,"40-80 cm",0,0,NA
"E2",NA,8104,"80-120 cm",0,0,NA
"E2",NA,8104,"120-160 cm",0,0,NA
"E2",NA,8104,"160-200 cm",0,0,NA
"E2",NA,8104,">200 cm",0,0,NA
"E2",NA,8105,"<40 cm",0,0,NA
"E2",NA,8105,"40-80 cm",0,0,NA
"E2",NA,8105,"80-120 cm",0,0,NA
"E2",NA,8105,"120-160 cm",0,0,NA
"E2",NA,8105,"160-200 cm",0,0,NA
"E2",NA,8105,">200 cm",0,0,NA
"E2",NA,8106,"<40 cm",0,0,NA
"E2",NA,8106,"40-80 cm",0,0,NA
"E2",NA,8106,"80-120 cm",0,0,NA
"E2",NA,8106,"120-160 cm",0,0,NA
"E2",NA,8106,"160-200 cm",0,0,NA
"E2",NA,8106,">200 cm",0,0,NA
"E2",NA,8107,"<40 cm",0,0,NA
"E2",NA,8107,"40-80 cm",0,0,NA
"E2",NA,8107,"80-120 cm",0,0,NA
"E2",NA,8107,"120-160 cm",0,0,NA
"E2",NA,8107,"160-200 cm",0,0,NA
"E2",NA,8107,">200 cm",0,0,NA
"E2",NA,8108,"<40 cm",0,0,NA
"E2",NA,8108,"40-80 cm",0,0,NA
"E2",NA,8108,"80-120 cm",0,0,NA
"E2",NA,8108,"120-160 cm",0,0,NA
"E2",NA,8108,"160-200 cm",0,0,NA
"E2",NA,8108,">200 cm",0,0,NA
"E2",NA,8109,"<40 cm",0,0,NA
"E2",NA,8109,"40-80 cm",0,0,NA
"E2",NA,8109,"80-120 cm",0,0,NA
"E2",NA,8109,"120-160 cm",0,0,NA
"E2",NA,8109,"160-200 cm",0,0,NA
"E2",NA,8109,">200 cm",0,0,NA
"E2",NA,8110,"<40 cm",0,0,NA
"E2",NA,8110,"40-80 cm",0,0,NA
"E2",NA,8110,"80-120 cm",0,0,NA
"E2",NA,8110,"120-160 cm",0,0,NA
"E2",NA,8110,"160-200 cm",0,0,NA
"E2",NA,8110,">200 cm",0,0,NA
"E2",NA,9101,"<40 cm",1509,2500,0.6036
"E2",NA,9101,"40-80 cm",174,2500,0.0696
"E2",NA,9101,"80-120 cm",142,2500,0.0568
"E2",NA,9101,"120-160 cm",161,2500,0.0644
"E2",NA,9101,"160-200 cm",257,2500,0.1028
"E2",NA,9101,">200 cm",257,2500,0.1028
"E2",NA,9102,"<40 cm",1500,2500,0.6
"E2",NA,9102,"40-80 cm",160,2500,0.064
"E2",NA,9102,"80-120 cm",105,2500,0.042
"E2",NA,9102,"120-160 cm",166,2500,0.0664
"E2",NA,9102,"160-200 cm",289,2500,0.1156
"E2",NA,9102,">200 cm",280,2500,0.112
"E2",NA,9103,"<40 cm",1563,2500,0.6252
"E2",NA,9103,"40-80 cm",146,2500,0.0584
"E2",NA,9103,"80-120 cm",166,2500,0.0664
"E2",NA,9103,"120-160 cm",120,2500,0.048
"E2",NA,9103,"160-200 cm",256,2500,0.1024
"E2",NA,9103,">200 cm",249,2500,0.0996
"E2",NA,9104,"<40 cm",0,0,NA
"E2",NA,9104,"40-80 cm",0,0,NA
"E2",NA,9104,"80-120 cm",0,0,NA
"E2",NA,9104,"120-160 cm",0,0,NA
"E2",NA,9104,"160-200 cm",0,0,NA
"E2",NA,9104,">200 cm",0,0,NA
"E2",NA,9105,"<40 cm",0,0,NA
"E2",NA,9105,"40-80 cm",0,0,NA
"E2",NA,9105,"80-120 cm",0,0,NA
"E2",NA,9105,"120-160 cm",0,0,NA
"E2",NA,9105,"160-200 cm",0,0,NA
"E2",NA,9105,">200 cm",0,0,NA
"E2",NA,9106,"<40 cm",0,0,NA
"E2",NA,9106,"40-80 cm",0,0,NA
"E2",NA,9106,"80-120 cm",0,0,NA
"E2",NA,9106,"120-160 cm",0,0,NA
"E2",NA,9106,"160-200 cm",0,0,NA
"E2",NA,9106,">200 cm",0,0,NA
"E2",NA,9107,"<40 cm",0,0,NA
"E2",NA,9107,"40-80 cm",0,0,NA
"E2",NA,9107,"80-120 cm",0,0,NA
"E2",NA,9107,"120-160 cm",0,0,NA
"E2",NA,9107,"160-200 cm",0,0,NA
"E2",NA,9107,">200 cm",0,0,NA
"E2",NA,9108,"<40 cm",0,0,NA
"E2",NA,9108,"40-80 cm",0,0,NA
"E2",NA,9108,"80-120 cm",0,0,NA
"E2",NA,9108,"120-160 cm",0,0,NA
"E2",NA,9108,"160-200 cm",0,0,NA
"E2",NA,9108,">200 cm",0,0,NA
"E2",NA,9109,"<40 cm",0,0,NA
"E2",NA,9109,"40-80 cm",0,0,NA
"E2",NA,9109,"80-120 cm",0,0,NA
"E2",NA,9109,"120-160 cm",0,0,NA
"E2",NA,9109,"160-200 cm",0,0,NA
"E2",NA,9109,">200 cm",0,0,NA
"E2",NA,9110,"<40 cm",0,0,NA
"E2",NA,9110,"40-80 cm",0,0,NA
"E2",NA,9110,"80-120 cm",0,0,NA
"E2",NA,9110,"120-160 cm",0,0,NA
"E2",NA,9110,"160-200 cm",0,0,NA
"E2",NA,9110,">200 cm",0,0,NA
"E2",NA,10101,"<40 cm",1341,2500,0.5364
"E2",NA,10101,"40-80 cm",138,2500,0.0552
"E2",NA,10101,"80-120 cm",159,2500,0.0636
"E2",NA,10101,"120-160 cm",190,2500,0.076
"E2",NA,10101,"160-200 cm",112,2500,0.0448
"E2",NA,10101,">200 cm",560,2500,0.224
"E2",NA,10102,"<40 cm",1356,2500,0.5424
"E2",NA,10102,"40-80 cm",110,2500,0.044
"E2",NA,10102,"80-120 cm",115,2500,0.046
"E2",NA,10102,"120-160 cm",189,2500,0.0756
"E2",NA,10102,"160-200 cm",135,2500,0.054
"E2",NA,10102,">200 cm",595,2500,0.238
"E2",NA,10103,"<40 cm",1374,2500,0.5496
"E2",NA,10103,"40-80 cm",169,2500,0.0676
"E2",NA,10103,"80-120 cm",93,2500,0.0372
"E2",NA,10103,"120-160 cm",209,2500,0.0836
"E2",NA,10103,"160-200 cm",86,2500,0.0344
"E2",NA,10103,">200 cm",569,2500,0.2276
"E2",NA,10104,"<40 cm",0,0,NA
"E2",NA,10104,"40-80 cm",0,0,NA
"E2",NA,10104,"80-120 cm",0,0,NA
"E2",NA,10104,"120-160 cm",0,0,NA
"E2",NA,10104,"160-200 cm",0,0,NA
"E2",NA,10104,">200 cm",0,0,NA
"E2",NA,10105,"<40 cm",0,0,NA
"E2",NA,10105,"40-80 cm",0,0,NA
"E2",NA,10105,"80-120 cm",0,0,NA
"E2",NA,10105,"120-160 cm",0,0,NA
"E2",NA,10105,"160-200 cm",0,0,NA
"E2",NA,10105,">200 cm",0,0,NA
"E2",NA,10106,"<40 cm",0,0,NA
"E2",NA,10106,"40-80 cm",0,0,NA
"E2",NA,10106,"80-120 cm",0,0,NA
"E2",NA,10106,"120-160 cm",0,0,NA
"E2",NA,10106,"160-200 cm",0,0,NA
"E2",NA,10106,">200 cm",0,0,NA
"E2",NA,10107,"<40 cm",0,0,NA
"E2",NA,10107,"40-80 cm",0,0,NA
"E2",NA,10107,"80-120 cm",0,0,NA
"E2",NA,10107,"120-160 cm",0,0,NA
"E2",NA,10107,"160-200 cm",0,0,NA
"E2",NA,10107,">200 cm",0,0,NA
"E2",NA,10108,"<40 cm",0,0,NA
"E2",NA,10108,"40-80 cm",0,0,NA
"E2",NA,10108,"80-120 cm",0,0,NA
"E2",NA,10108,"120-160 cm",0,0,NA
"E2",NA,10108,"160-200 cm",0,0,NA
"E2",NA,10108,">200 cm",0,0,NA
"E2",NA,10109,"<40 cm",0,0,NA
"E2",NA,10109,"40-80 cm",0,0,NA
"E2",NA,10109,"80-120 cm",0,0,NA
"E2",NA,10109,"120-160 cm",0,0,NA
"E2",NA,10109,"160-200 cm",0,0,NA
"E2",NA,10109,">200 cm",0,0,NA
"E2",NA,10110,"<40 cm",0,0,NA
"E2",NA,10110,"40-80 cm",0,0,NA
"E2",NA,10110,"80-120 cm",0,0,NA
"E2",NA,10110,"120-160 cm",0,0,NA
"E2",NA,10110,"160-200 cm",0,0,NA
"E2",NA,10110,">200 cm",0,0,NA
"E2",NA,11101,"<40 cm",0,0,NA
"E2",NA,11101,"40-80 cm",0,0,NA
"E2",NA,11101,"80-120 cm",0,0,NA
"E2",NA,11101,"120-160 cm",0,0,NA
"E2",NA,11101,"160-200 cm",0,0,NA
"E2",NA,11101,">200 cm",0,0,NA
"E2",NA,11102,"<40 cm",0,0,NA
"E2",NA,11102,"40-80 cm",0,0,NA
"E2",NA,11102,"80-120 cm",0,0,NA
"E2",NA,11102,"120-160 cm",0,0,NA
"E2",NA,11102,"160-200 cm",0,0,NA
"E2",NA,11102,">200 cm",0,0,NA
"E2",NA,11103,"<40 cm",0,0,NA
"E2",NA,11103,"40-80 cm",0,0,NA
"E2",NA,11103,"80-120 cm",0,0,NA
"E2",NA,11103,"120-160 cm",0,0,NA
"E2",NA,11103,"160-200 cm",0,0,NA
"E2",NA,11103,">200 cm",0,0,NA
"E2",NA,11104,"<40 cm",0,0,NA
"E2",NA,11104,"40-80 cm",0,0,NA
"E2",NA,11104,"80-120 cm",0,0,NA
"E2",NA,11104,"120-160 cm",0,0,NA
"E2",NA,11104,"160-200 cm",0,0,NA
"E2",NA,11104,">200 cm",0,0,NA
"E2",NA,11105,"<40 cm",0,0,NA
"E2",NA,11105,"40-80 cm",0,0,NA
"E2",NA,11105,"80-120 cm",0,0,NA
"E2",NA,11105,"120-160 cm",0,0,NA
"E2",NA,11105,"160-200 cm",0,0,NA
"E2",NA,11105,">200 cm",0,0,NA
"E2",NA,11106,"<40 cm",0,0,NA
"E2",NA,11106,"40-80 cm",0,0,NA
"E2",NA,11106,"80-120 cm",0,0,NA
"E2",NA,11106,"120-160 cm",0,0,NA
"E2",NA,11106,"160-200 cm",0,0,NA
"E2",NA,11106,">200 cm",0,0,NA
"E2",NA,11107,"<40 cm",0,0,NA
"E2",NA,11107,"40-80 cm",0,0,NA
"E2",NA,11107,"80-120 cm",0,0,NA
"E2",NA,11107,"120-160 cm",0,0,NA
"E2",NA,11107,"160-200 cm",0,0,NA
"E2",NA,11107,">200 cm",0,0,NA
"E2",NA,11108,"<40 cm",0,0,NA
"E2",NA,11108,"40-80 cm",0,0,NA
"E2",NA,11108,"80-120 cm",0,0,NA
"E2",NA,11108,"120-160 cm",0,0,NA
"E2",NA,11108,"160-200 cm",0,0,NA
"E2",NA,11108,">200 cm",0,0,NA
"E2",NA,11109,"<40 cm",0,0,NA
"E2",NA,11109,"40-80 cm",0,0,NA
"E2",NA,11109,"80-120 cm",0,0,NA
"E2",NA,11109,"120-160 cm",0,0,NA
"E2",NA,11109,"160-200 cm",0,0,NA
"E2",NA,11109,">200 cm",0,0,NA
"E2",NA,11110,"<40 cm",0,0,NA
"E2",NA,11110,"40-80 cm",0,0,NA
"E2",NA,11110,"80-120 cm",0,0,NA
"E2",NA,11110,"120-160 cm",0,0,NA
"E2",NA,11110,"160-200 cm",0,0,NA
"E2",NA,11110,">200 cm",0,0,NA
"E2",NA,12101,"<40 cm",0,0,NA
"E2",NA,12101,"40-80 cm",0,0,NA
"E2",NA,12101,"80-120 cm",0,0,NA
"E2",NA,12101,"120-160 cm",0,0,NA
"E2",NA,12101,"160-200 cm",0,0,NA
"E2",NA,12101,">200 cm",0,0,NA
"E2",NA,12102,"<40 cm",0,0,NA
"E2",NA,12102,"40-80 cm",0,0,NA
"E2",NA,12102,"80-120 cm",0,0,NA
"E2",NA,12102,"120-160 cm",0,0,NA
"E2",NA,12102,"160-200 cm",0,0,NA
"E2",NA,12102,">200 cm",0,0,NA
"E2",NA,12103,"<40 cm",0,0,NA
"E2",NA,12103,"40-80 cm",0,0,NA
"E2",NA,12103,"80-120 cm",0,0,NA
"E2",NA,12103,"120-160 cm",0,0,NA
"E2",NA,12103,"160-200 cm",0,0,NA
"E2",NA,12103,">200 cm",0,0,NA
"E2",NA,12104,"<40 cm",0,0,NA
"E2",NA,12104,"40-80 cm",0,0,NA
"E2",NA,12104,"80-120 cm",0,0,NA
"E2",NA,12104,"120-160 cm",0,0,NA
"E2",NA,12104,"160-200 cm",0,0,NA
"E2",NA,12104,">200 cm",0,0,NA
"E2",NA,12105,"<40 cm",0,0,NA
"E2",NA,12105,"40-80 cm",0,0,NA
"E2",NA,12105,"80-120 cm",0,0,NA
"E2",NA,12105,"120-160 cm",0,0,NA
"E2",NA,12105,"160-200 cm",0,0,NA
"E2",NA,12105,">200 cm",0,0,NA
"E2",NA,12106,"<40 cm",0,0,NA
"E2",NA,12106,"40-80 cm",0,0,NA
"E2",NA,12106,"80-120 cm",0,0,NA
"E2",NA,12106,"120-160 cm",0,0,NA
"E2",NA,12106,"160-200 cm",0,0,NA
"E2",NA,12106,">200 cm",0,0,NA
"E2",NA,12107,"<40 cm",0,0,NA
"E2",NA,12107,"40-80 cm",0,0,NA
"E2",NA,12107,"80-120 cm",0,0,NA
"E2",NA,12107,"120-160 cm",0,0,NA
"E2",NA,12107,"160-200 cm",0,0,NA
"E2",NA,12107,">200 cm",0,0,NA
"E2",NA,12108,"<40 cm",0,0,NA
"E2",NA,12108,"40-80 cm",0,0,NA
"E2",NA,12108,"80-120 cm",0,0,NA
"E2",NA,12108,"120-160 cm",0,0,NA
"E2",NA,12108,"160-200 cm",0,0,NA
"E2",NA,12108,">200 cm",0,0,NA
"E2",NA,12109,"<40 cm",0,0,NA
"E2",NA,12109,"40-80 cm",0,0,NA
"E2",NA,12109,"80-120 cm",0,0,NA
"E2",NA,12109,"120-160 cm",0,0,NA
"E2",NA,12109,"160-200 cm",0,0,NA
"E2",NA,12109,">200 cm",0,0,NA
"E2",NA,12110,"<40 cm",0,0,NA
"E2",NA,12110,"40-80 cm",0,0,NA
"E2",NA,12110,"80-120 cm",0,0,NA
"E2",NA,12110,"120-160 cm",0,0,NA
"E2",NA,12110,"160-200 cm",0,0,NA
"E2",NA,12110,">200 cm",0,0,NA
"E2",NA,13101,"<40 cm",0,0,NA
"E2",NA,13101,"40-80 cm",0,0,NA
"E2",NA,13101,"80-120 cm",0,0,NA
"E2",NA,13101,"120-160 cm",0,0,NA
"E2",NA,13101,"160-200 cm",0,0,NA
"E2",NA,13101,">200 cm",0,0,NA
"E2",NA,13102,"<40 cm",0,0,NA
"E2",NA,13102,"40-80 cm",0,0,NA
"E2",NA,13102,"80-120 cm",0,0,NA
"E2",NA,13102,"120-160 cm",0,0,NA
"E2",NA,13102,"160-200 cm",0,0,NA
"E2",NA,13102,">200 cm",0,0,NA
"E2",NA,13103,"<40 cm",0,0,NA
"E2",NA,13103,"40-80 cm",0,0,NA
"E2",NA,13103,"80-120 cm",0,0,NA
"E2",NA,13103,"120-160 cm",0,0,NA
"E2",NA,13103,"160-200 cm",0,0,NA
"E2",NA,13103,">200 cm",0,0,NA
"E2",NA,13104,"<40 cm",0,0,NA
"E2",NA,13104,"40-80 cm",0,0,NA
"E2",NA,13104,"80-120 cm",0,0,NA
"E2",NA,13104,"120-160 cm",0,0,NA
"E2",NA,13104,"160-200 cm",0,0,NA
"E2",NA,13104,">200 cm",0,0,NA
"E2",NA,13105,"<40 cm",0,0,NA
"E2",NA,13105,"40-80 cm",0,0,NA
"E2",NA,13105,"80-120 cm",0,0,NA
"E2",NA,13105,"120-160 cm",0,0,NA
"E2",NA,13105,"160-200 cm",0,0,NA
"E2",NA,13105,">200 cm",0,0,NA
"E2",NA,13106,"<40 cm",0,0,NA
"E2",NA,13106,"40-80 cm",0,0,NA
"E2",NA,13106,"80-120 cm",0,0,NA
"E2",NA,13106,"120-160 cm",0,0,NA
"E2",NA,13106,"160-200 cm",0,0,NA
"E2",NA,13106,">200 cm",0,0,NA
"E2",NA,13107,"<40 cm",0,0,NA
"E2",NA,13107,"40-80 cm",0,0,NA
"E2",NA,13107,"80-120 cm",0,0,NA
"E2",NA,13107,"120-160 cm",0,0,NA
"E2",NA,13107,"160-200 cm",0,0,NA
"E2",NA,13107,">200 cm",0,0,NA
"E2",NA,13108,"<40 cm",0,0,NA
"E2",NA,13108,"40-80 cm",0,0,NA
"E2",NA,13108,"80-120 cm",0,0,NA
"E2",NA,13108,"120-160 cm",0,0,NA
"E2",NA,13108,"160-200 cm",0,0,NA
"E2",NA,13108,">200 cm",0,0,NA
"E2",NA,13109,"<40 cm",0,0,NA
"E2",NA,13109,"40-80 cm",0,0,NA
"E2",NA,13109,"80-120 cm",0,0,NA
"E2",NA,13109,"120-160 cm",0,0,NA
"E2",NA,13109,"160-200 cm",0,0,NA
"E2",NA,13109,">200 cm",0,0,NA
"E2",NA,13110,"<40 cm",0,0,NA
"E2",NA,13110,"40-80 cm",0,0,NA
"E2",NA,13110,"80-120 cm",0,0,NA
"E2",NA,13110,"120-160 cm",0,0,NA
"E2",NA,13110,"160-200 cm",0,0,NA
"E2",NA,13110,">200 cm",0,0,NA
"E2",NA,14101,"<40 cm",0,0,NA
"E2",NA,14101,"40-80 cm",0,0,NA
"E2",NA,14101,"80-120 cm",0,0,NA
"E2",NA,14101,"120-160 cm",0,0,NA
"E2",NA,14101,"160-200 cm",0,0,NA
"E2",NA,14101,">200 cm",0,0,NA
"E2",NA,14102,"<40 cm",0,0,NA
"E2",NA,14102,"40-80 cm",0,0,NA
"E2",NA,14102,"80-120 cm",0,0,NA
"E2",NA,14102,"120-160 cm",0,0,NA
"E2",NA,14102,"160-200 cm",0,0,NA
"E2",NA,14102,">200 cm",0,0,NA
"E2",NA,14103,"<40 cm",0,0,NA
"E2",NA,14103,"40-80 cm",0,0,NA
"E2",NA,14103,"80-120 cm",0,0,NA
"E2",NA,14103,"120-160 cm",0,0,NA
"E2",NA,14103,"160-200 cm",0,0,NA
"E2",NA,14103,">200 cm",0,0,NA
"E2",NA,14104,"<40 cm",0,0,NA
"E2",NA,14104,"40-80 cm",0,0,NA
"E2",NA,14104,"80-120 cm",0,0,NA
"E2",NA,14104,"120-160 cm",0,0,NA
"E2",NA,14104,"160-200 cm",0,0,NA
"E2",NA,14104,">200 cm",0,0,NA
"E2",NA,14105,"<40 cm",0,0,NA
"E2",NA,14105,"40-80 cm",0,0,NA
"E2",NA,14105,"80-120 cm",0,0,NA
"E2",NA,14105,"120-160 cm",0,0,NA
"E2",NA,14105,"160-200 cm",0,0,NA
"E2",NA,14105,">200 cm",0,0,NA
"E2",NA,14106,"<40 cm",0,0,NA
"E2",NA,14106,"40-80 cm",0,0,NA
"E2",NA,14106,"80-120 cm",0,0,NA
"E2",NA,14106,"120-160 cm",0,0,NA
"E2",NA,14106,"160-200 cm",0,0,NA
"E2",NA,14106,">200 cm",0,0,NA
"E2",NA,14107,"<40 cm",0,0,NA
"E2",NA,14107,"40-80 cm",0,0,NA
"E2",NA,14107,"80-120 cm",0,0,NA
"E2",NA,14107,"120-160 cm",0,0,NA
"E2",NA,14107,"160-200 cm",0,0,NA
"E2",NA,14107,">200 cm",0,0,NA
"E2",NA,14108,"<40 cm",0,0,NA
"E2",NA,14108,"40-80 cm",0,0,NA
"E2",NA,14108,"80-120 cm",0,0,NA
"E2",NA,14108,"120-160 cm",0,0,NA
"E2",NA,14108,"160-200 cm",0,0,NA
"E2",NA,14108,">200 cm",0,0,NA
"E2",NA,14109,"<40 cm",0,0,NA
"E2",NA,14109,"40-80 cm",0,0,NA
"E2",NA,14109,"80-120 cm",0,0,NA
"E2",NA,14109,"120-160 cm",0,0,NA
"E2",NA,14109,"160-200 cm",0,0,NA
"E2",NA,14109,">200 cm",0,0,NA
"E2",NA,14110,"<40 cm",0,0,NA
"E2",NA,14110,"40-80 cm",0,0,NA
"E2",NA,14110,"80-120 cm",0,0,NA
"E2",NA,14110,"120-160 cm",0,0,NA
"E2",NA,14110,"160-200 cm",0,0,NA
"E2",NA,14110,">200 cm",0,0,NA
"E2",NA,15101,"<40 cm",0,0,NA
"E2",NA,15101,"40-80 cm",0,0,NA
"E2",NA,15101,"80-120 cm",0,0,NA
"E2",NA,15101,"120-160 cm",0,0,NA
"E2",NA,15101,"160-200 cm",0,0,NA
"E2",NA,15101,">200 cm",0,0,NA
"E2",NA,15102,"<40 cm",0,0,NA
"E2",NA,15102,"40-80 cm",0,0,NA
"E2",NA,15102,"80-120 cm",0,0,NA
"E2",NA,15102,"120-160 cm",0,0,NA
"E2",NA,15102,"160-200 cm",0,0,NA
"E2",NA,15102,">200 cm",0,0,NA
"E2",NA,15103,"<40 cm",0,0,NA
"E2",NA,15103,"40-80 cm",0,0,NA
"E2",NA,15103,"80-120 cm",0,0,NA
"E2",NA,15103,"120-160 cm",0,0,NA
"E2",NA,15103,"160-200 cm",0,0,NA
"E2",NA,15103,">200 cm",0,0,NA
"E2",NA,15104,"<40 cm",0,0,NA
"E2",NA,15104,"40-80 cm",0,0,NA
"E2",NA,15104,"80-120 cm",0,0,NA
"E2",NA,15104,"120-160 cm",0,0,NA
"E2",NA,15104,"160-200 cm",0,0,NA
"E2",NA,15104,">200 cm",0,0,NA
"E2",NA,15105,"<40 cm",0,0,NA
"E2",NA,15105,"40-80 cm",0,0,NA
"E2",NA,15105,"80-120 cm",0,0,NA
"E2",NA,15105,"120-160 cm",0,0,NA
"E2",NA,15105,"160-200 cm",0,0,NA
"E2",NA,15105,">200 cm",0,0,NA
"E2",NA,15106,"<40 cm",0,0,NA
"E2",NA,15106,"40-80 cm",0,0,NA
"E2",NA,15106,"80-120 cm",0,0,NA
"E2",NA,15106,"120-160 cm",0,0,NA
"E2",NA,15106,"160-200 cm",0,0,NA
"E2",NA,15106,">200 cm",0,0,NA
"E2",NA,15107,"<40 cm",0,0,NA
"E2",NA,15107,"40-80 cm",0,0,NA
"E2",NA,15107,"80-120 cm",0,0,NA
"E2",NA,15107,"120-160 cm",0,0,NA
"E2",NA,15107,"160-200 cm",0,0,NA
"E2",NA,15107,">200 cm",0,0,NA
"E2",NA,15108,"<40 cm",0,0,NA
"E2",NA,15108,"40-80 cm",0,0,NA
"E2",NA,15108,"80-120 cm",0,0,NA
"E2",NA,15108,"120-160 cm",0,0,NA
"E2",NA,15108,"160-200 cm",0,0,NA
"E2",NA,15108,">200 cm",0,0,NA
"E2",NA,15109,"<40 cm",0,0,NA
"E2",NA,15109,"40-80 cm",0,0,NA
"E2",NA,15109,"80-120 cm",0,0,NA
"E2",NA,15109,"120-160 cm",0,0,NA
"E2",NA,15109,"160-200 cm",0,0,NA
"E2",NA,15109,">200 cm",0,0,NA
"E2",NA,15110,"<40 cm",0,0,NA
"E2",NA,15110,"40-80 cm",0,0,NA
"E2",NA,15110,"80-120 cm",0,0,NA
"E2",NA,15110,"120-160 cm",0,0,NA
"E2",NA,15110,"160-200 cm",0,0,NA
"E2",NA,15110,">200 cm",0,0,NA
"E2",NA,16101,"<40 cm",0,0,NA
"E2",NA,16101,"40-80 cm",0,0,NA
"E2",NA,16101,"80-120 cm",0,0,NA
"E2",NA,16101,"120-160 cm",0,0,NA
"E2",NA,16101,"160-200 cm",0,0,NA
"E2",NA,16101,">200 cm",0,0,NA
"E2",NA,16102,"<40 cm",0,0,NA
"E2",NA,16102,"40-80 cm",0,0,NA
"E2",NA,16102,"80-120 cm",0,0,NA
"E2",NA,16102,"120-160 cm",0,0,NA
"E2",NA,16102,"160-200 cm",0,0,NA
"E2",NA,16102,">200 cm",0,0,NA
"E2",NA,16103,"<40 cm",0,0,NA
"E2",NA,16103,"40-80 cm",0,0,NA
"E2",NA,16103,"80-120 cm",0,0,NA
"E2",NA,16103,"120-160 cm",0,0,NA
"E2",NA,16103,"160-200 cm",0,0,NA
"E2",NA,16103,">200 cm",0,0,NA
"E2",NA,16104,"<40 cm",0,0,NA
"E2",NA,16104,"40-80 cm",0,0,NA
"E2",NA,16104,"80-120 cm",0,0,NA
"E2",NA,16104,"120-160 cm",0,0,NA
"E2",NA,16104,"160-200 cm",0,0,NA
"E2",NA,16104,">200 cm",0,0,NA
"E2",NA,16105,"<40 cm",0,0,NA
"E2",NA,16105,"40-80 cm",0,0,NA
"E2",NA,16105,"80-120 cm",0,0,NA
"E2",NA,16105,"120-160 cm",0,0,NA
"E2",NA,16105,"160-200 cm",0,0,NA
"E2",NA,16105,">200 cm",0,0,NA
"E2",NA,16106,"<40 cm",0,0,NA
"E2",NA,16106,"40-80 cm",0,0,NA
"E2",NA,16106,"80-120 cm",0,0,NA
"E2",NA,16106,"120-160 cm",0,0,NA
"E2",NA,16106,"160-200 cm",0,0,NA
"E2",NA,16106,">200 cm",0,0,NA
"E2",NA,16107,"<40 cm",0,0,NA
"E2",NA,16107,"40-80 cm",0,0,NA
"E2",NA,16107,"80-120 cm",0,0,NA
"E2",NA,16107,"120-160 cm",0,0,NA
"E2",NA,16107,"160-200 cm",0,0,NA
"E2",NA,16107,">200 cm",0,0,NA
"E2",NA,16108,"<40 cm",0,0,NA
"E2",NA,16108,"40-80 cm",0,0,NA
"E2",NA,16108,"80-120 cm",0,0,NA
"E2",NA,16108,"120-160 cm",0,0,NA
"E2",NA,16108,"160-200 cm",0,0,NA
"E2",NA,16108,">200 cm",0,0,NA
"E2",NA,16109,"<40 cm",0,0,NA
"E2",NA,16109,"40-80 cm",0,0,NA
"E2",NA,16109,"80-120 cm",0,0,NA
"E2",NA,16109,"120-160 cm",0,0,NA
"E2",NA,16109,"160-200 cm",0,0,NA
"E2",NA,16109,">200 cm",0,0,NA
"E2",NA,16110,"<40 cm",0,0,NA
"E2",NA,16110,"40-80 cm",0,0,NA
"E2",NA,16110,"80-120 cm",0,0,NA
"E2",NA,16110,"120-160 cm",0,0,NA
"E2",NA,16110,"160-200 cm",0,0,NA
"E2",NA,16110,">200 cm",0,0,NA
"E2",NA,17101,"<40 cm",0,0,NA
"E2",NA,17101,"40-80 cm",0,0,NA
"E2",NA,17101,"80-120 cm",0,0,NA
"E2",NA,17101,"120-160 cm",0,0,NA
"E2",NA,17101,"160-200 cm",0,0,NA
"E2",NA,17101,">200 cm",0,0,NA
"E2",NA,17102,"<40 cm",0,0,NA
"E2",NA,17102,"40-80 cm",0,0,NA
"E2",NA,17102,"80-120 cm",0,0,NA
"E2",NA,17102,"120-160 cm",0,0,NA
"E2",NA,17102,"160-200 cm",0,0,NA
"E2",NA,17102,">200 cm",0,0,NA
"E2",NA,17103,"<40 cm",0,0,NA
"E2",NA,17103,"40-80 cm",0,0,NA
"E2",NA,17103,"80-120 cm",0,0,NA
"E2",NA,17103,"120-160 cm",0,0,NA
"E2",NA,17103,"160-200 cm",0,0,NA
"E2",NA,17103,">200 cm",0,0,NA
"E2",NA,17104,"<40 cm",0,0,NA
"E2",NA,17104,"40-80 cm",0,0,NA
"E2",NA,17104,"80-120 cm",0,0,NA
"E2",NA,17104,"120-160 cm",0,0,NA
"E2",NA,17104,"160-200 cm",0,0,NA
"E2",NA,17104,">200 cm",0,0,NA
"E2",NA,17105,"<40 cm",0,0,NA
"E2",NA,17105,"40-80 cm",0,0,NA
"E2",NA,17105,"80-120 cm",0,0,NA
"E2",NA,17105,"120-160 cm",0,0,NA
"E2",NA,17105,"160-200 cm",0,0,NA
"E2",NA,17105,">200 cm",0,0,NA
"E2",NA,17106,"<40 cm",0,0,NA
"E2",NA,17106,"40-80 cm",0,0,NA
"E2",NA,17106,"80-120 cm",0,0,NA
"E2",NA,17106,"120-160 cm",0,0,NA
"E2",NA,17106,"160-200 cm",0,0,NA
"E2",NA,17106,">200 cm",0,0,NA
"E2",NA,17107,"<40 cm",0,0,NA
"E2",NA,17107,"40-80 cm",0,0,NA
"E2",NA,17107,"80-120 cm",0,0,NA
"E2",NA,17107,"120-160 cm",0,0,NA
"E2",NA,17107,"160-200 cm",0,0,NA
"E2",NA,17107,">200 cm",0,0,NA
"E2",NA,17108,"<40 cm",0,0,NA
"E2",NA,17108,"40-80 cm",0,0,NA
"E2",NA,17108,"80-120 cm",0,0,NA
"E2",NA,17108,"120-160 cm",0,0,NA
"E2",NA,17108,"160-200 cm",0,0,NA
"E2",NA,17108,">200 cm",0,0,NA
"E2",NA,17109,"<40 cm",0,0,NA
"E2",NA,17109,"40-80 cm",0,0,NA
"E2",NA,17109,"80-120 cm",0,0,NA
"E2",NA,17109,"120-160 cm",0,0,NA
"E2",NA,17109,"160-200 cm",0,0,NA
"E2",NA,17109,">200 cm",0,0,NA
"E2",NA,17110,"<40 cm",0,0,NA
"E2",NA,17110,"40-80 cm",0,0,NA
"E2",NA,17110,"80-120 cm",0,0,NA
"E2",NA,17110,"120-160 cm",0,0,NA
"E2",NA,17110,"160-200 cm",0,0,NA
"E2",NA,17110,">200 cm",0,0,NA
"E2",NA,18101,"<40 cm",0,0,NA
"E2",NA,18101,"40-80 cm",0,0,NA
"E2",NA,18101,"80-120 cm",0,0,NA
"E2",NA,18101,"120-160 cm",0,0,NA
"E2",NA,18101,"160-200 cm",0,0,NA
"E2",NA,18101,">200 cm",0,0,NA
"E2",NA,18102,"<40 cm",0,0,NA
"E2",NA,18102,"40-80 cm",0,0,NA
"E2",NA,18102,"80-120 cm",0,0,NA
"E2",NA,18102,"120-160 cm",0,0,NA
"E2",NA,18102,"160-200 cm",0,0,NA
"E2",NA,18102,">200 cm",0,0,NA
"E2",NA,18103,"<40 cm",0,0,NA
"E2",NA,18103,"40-80 cm",0,0,NA
"E2",NA,18103,"80-120 cm",0,0,NA
"E2",NA,18103,"120-160 cm",0,0,NA
"E2",NA,18103,"160-200 cm",0,0,NA
"E2",NA,18103,">200 cm",0,0,NA
"E2",NA,18104,"<40 cm",0,0,NA
"E2",NA,18104,"40-80 cm",0,0,NA
"E2",NA,18104,"80-120 cm",0,0,NA
"E2",NA,18104,"120-160 cm",0,0,NA
"E2",NA,18104,"160-200 cm",0,0,NA
"E2",NA,18104,">200 cm",0,0,NA
"E2",NA,18105,"<40 cm",0,0,NA
"E2",NA,18105,"40-80 cm",0,0,NA
"E2",NA,18105,"80-120 cm",0,0,NA
"E2",NA,18105,"120-160 cm",0,0,NA
"E2",NA,18105,"160-200 cm",0,0,NA
"E2",NA,18105,">200 cm",0,0,NA
"E2",NA,18106,"<40 cm",0,0,NA
"E2",NA,18106,"40-80 cm",0,0,NA
"E2",NA,18106,"80-120 cm",0,0,NA
"E2",NA,18106,"120-160 cm",0,0,NA
"E2",NA,18106,"160-200 cm",0,0,NA
"E2",NA,18106,">200 cm",0,0,NA
"E2",NA,18107,"<40 cm",0,0,NA
"E2",NA,18107,"40-80 cm",0,0,NA
"E2",NA,18107,"80-120 cm",0,0,NA
"E2",NA,18107,"120-160 cm",0,0,NA
"E2",NA,18107,"160-200 cm",0,0,NA
"E2",NA,18107,">200 cm",0,0,NA
"E2",NA,18108,"<40 cm",0,0,NA
"E2",NA,18108,"40-80 cm",0,0,NA
"E2",NA,18108,"80-120 cm",0,0,NA
"E2",NA,18108,"120-160 cm",0,0,NA
"E2",NA,18108,"160-200 cm",0,0,NA
"E2",NA,18108,">200 cm",0,0,NA
"E2",NA,18109,"<40 cm",0,0,NA
"E2",NA,18109,"40-80 cm",0,0,NA
"E2",NA,18109,"80-120 cm",0,0,NA
"E2",NA,18109,"120-160 cm",0,0,NA
"E2",NA,18109,"160-200 cm",0,0,NA
"E2",NA,18109,">200 cm",0,0,NA
"E2",NA,18110,"<40 cm",0,0,NA
"E2",NA,18110,"40-80 cm",0,0,NA
"E2",NA,18110,"80-120 cm",0,0,NA
"E2",NA,18110,"120-160 cm",0,0,NA
"E2",NA,18110,"160-200 cm",0,0,NA
"E2",NA,18110,">200 cm",0,0,NA
"E2",NA,19101,"<40 cm",0,0,NA
"E2",NA,19101,"40-80 cm",0,0,NA
"E2",NA,19101,"80-120 cm",0,0,NA
"E2",NA,19101,"120-160 cm",0,0,NA
"E2",NA,19101,"160-200 cm",0,0,NA
"E2",NA,19101,">200 cm",0,0,NA
"E2",NA,19102,"<40 cm",0,0,NA
"E2",NA,19102,"40-80 cm",0,0,NA
"E2",NA,19102,"80-120 cm",0,0,NA
"E2",NA,19102,"120-160 cm",0,0,NA
"E2",NA,19102,"160-200 cm",0,0,NA
"E2",NA,19102,">200 cm",0,0,NA
"E2",NA,19103,"<40 cm",0,0,NA
"E2",NA,19103,"40-80 cm",0,0,NA
"E2",NA,19103,"80-120 cm",0,0,NA
"E2",NA,19103,"120-160 cm",0,0,NA
"E2",NA,19103,"160-200 cm",0,0,NA
"E2",NA,19103,">200 cm",0,0,NA
"E2",NA,19104,"<40 cm",0,0,NA
"E2",NA,19104,"40-80 cm",0,0,NA
"E2",NA,19104,"80-120 cm",0,0,NA
"E2",NA,19104,"120-160 cm",0,0,NA
"E2",NA,19104,"160-200 cm",0,0,NA
"E2",NA,19104,">200 cm",0,0,NA
"E2",NA,19105,"<40 cm",0,0,NA
"E2",NA,19105,"40-80 cm",0,0,NA
"E2",NA,19105,"80-120 cm",0,0,NA
"E2",NA,19105,"120-160 cm",0,0,NA
"E2",NA,19105,"160-200 cm",0,0,NA
"E2",NA,19105,">200 cm",0,0,NA
"E2",NA,19106,"<40 cm",0,0,NA
"E2",NA,19106,"40-80 cm",0,0,NA
"E2",NA,19106,"80-120 cm",0,0,NA
"E2",NA,19106,"120-160 cm",0,0,NA
"E2",NA,19106,"160-200 cm",0,0,NA
"E2",NA,19106,">200 cm",0,0,NA
"E2",NA,19107,"<40 cm",0,0,NA
"E2",NA,19107,"40-80 cm",0,0,NA
"E2",NA,19107,"80-120 cm",0,0,NA
"E2",NA,19107,"120-160 cm",0,0,NA
"E2",NA,19107,"160-200 cm",0,0,NA
"E2",NA,19107,">200 cm",0,0,NA
"E2",NA,19108,"<40 cm",0,0,NA
"E2",NA,19108,"40-80 cm",0,0,NA
"E2",NA,19108,"80-120 cm",0,0,NA
"E2",NA,19108,"120-160 cm",0,0,NA
"E2",NA,19108,"160-200 cm",0,0,NA
"E2",NA,19108,">200 cm",0,0,NA
"E2",NA,19109,"<40 cm",0,0,NA
"E2",NA,19109,"40-80 cm",0,0,NA
"E2",NA,19109,"80-120 cm",0,0,NA
"E2",NA,19109,"120-160 cm",0,0,NA
"E2",NA,19109,"160-200 cm",0,0,NA
"E2",NA,19109,">200 cm",0,0,NA
"E2",NA,19110,"<40 cm",0,0,NA
"E2",NA,19110,"40-80 cm",0,0,NA
"E2",NA,19110,"80-120 cm",0,0,NA
"E2",NA,19110,"120-160 cm",0,0,NA
"E2",NA,19110,"160-200 cm",0,0,NA
"E2",NA,19110,">200 cm",0,0,NA
"E2",NA,20101,"<40 cm",0,0,NA
"E2",NA,20101,"40-80 cm",0,0,NA
"E2",NA,20101,"80-120 cm",0,0,NA
"E2",NA,20101,"120-160 cm",0,0,NA
"E2",NA,20101,"160-200 cm",0,0,NA
"E2",NA,20101,">200 cm",0,0,NA
"E2",NA,20102,"<40 cm",0,0,NA
"E2",NA,20102,"40-80 cm",0,0,NA
"E2",NA,20102,"80-120 cm",0,0,NA
"E2",NA,20102,"120-160 cm",0,0,NA
"E2",NA,20102,"160-200 cm",0,0,NA
"E2",NA,20102,">200 cm",0,0,NA
"E2",NA,20103,"<40 cm",0,0,NA
"E2",NA,20103,"40-80 cm",0,0,NA
"E2",NA,20103,"80-120 cm",0,0,NA
"E2",NA,20103,"120-160 cm",0,0,NA
"E2",NA,20103,"160-200 cm",0,0,NA
"E2",NA,20103,">200 cm",0,0,NA
"E2",NA,20104,"<40 cm",0,0,NA
"E2",NA,20104,"40-80 cm",0,0,NA
"E2",NA,20104,"80-120 cm",0,0,NA
"E2",NA,20104,"120-160 cm",0,0,NA
"E2",NA,20104,"160-200 cm",0,0,NA
"E2",NA,20104,">200 cm",0,0,NA
"E2",NA,20105,"<40 cm",0,0,NA
"E2",NA,20105,"40-80 cm",0,0,NA
"E2",NA,20105,"80-120 cm",0,0,NA
"E2",NA,20105,"120-160 cm",0,0,NA
"E2",NA,20105,"160-200 cm",0,0,NA
"E2",NA,20105,">200 cm",0,0,NA
"E2",NA,20106,"<40 cm",0,0,NA
"E2",NA,20106,"40-80 cm",0,0,NA
"E2",NA,20106,"80-120 cm",0,0,NA
"E2",NA,20106,"120-160 cm",0,0,NA
"E2",NA,20106,"160-200 cm",0,0,NA
"E2",NA,20106,">200 cm",0,0,NA
"E2",NA,20107,"<40 cm",0,0,NA
"E2",NA,20107,"40-80 cm",0,0,NA
"E2",NA,20107,"80-120 cm",0,0,NA
"E2",NA,20107,"120-160 cm",0,0,NA
"E2",NA,20107,"160-200 cm",0,0,NA
"E2",NA,20107,">200 cm",0,0,NA
"E2",NA,20108,"<40 cm",0,0,NA
"E2",NA,20108,"40-80 cm",0,0,NA
"E2",NA,20108,"80-120 cm",0,0,NA
"E2",NA,20108,"120-160 cm",0,0,NA
"E2",NA,20108,"160-200 cm",0,0,NA
"E2",NA,20108,">200 cm",0,0,NA
"E2",NA,20109,"<40 cm",0,0,NA
"E2",NA,20109,"40-80 cm",0,0,NA
"E2",NA,20109,"80-120 cm",0,0,NA
"E2",NA,20109,"120-160 cm",0,0,NA
"E2",NA,20109,"160-200 cm",0,0,NA
"E2",NA,20109,">200 cm",0,0,NA
"E2",NA,20110,"<40 cm",0,0,NA
"E2",NA,20110,"40-80 cm",0,0,NA
"E2",NA,20110,"80-120 cm",0,0,NA
"E2",NA,20110,"120-160 cm",0,0,NA
"E2",NA,20110,"160-200 cm",0,0,NA
"E2",NA,20110,">200 cm",0,0,NA
"E2",NA,21101,"<40 cm",0,0,NA
"E2",NA,21101,"40-80 cm",0,0,NA
"E2",NA,21101,"80-120 cm",0,0,NA
"E2",NA,21101,"120-160 cm",0,0,NA
"E2",NA,21101,"160-200 cm",0,0,NA
"E2",NA,21101,">200 cm",0,0,NA
"E2",NA,21102,"<40 cm",0,0,NA
"E2",NA,21102,"40-80 cm",0,0,NA
"E2",NA,21102,"80-120 cm",0,0,NA
"E2",NA,21102,"120-160 cm",0,0,NA
"E2",NA,21102,"160-200 cm",0,0,NA
"E2",NA,21102,">200 cm",0,0,NA
"E2",NA,21103,"<40 cm",0,0,NA
"E2",NA,21103,"40-80 cm",0,0,NA
"E2",NA,21103,"80-120 cm",0,0,NA
"E2",NA,21103,"120-160 cm",0,0,NA
"E2",NA,21103,"160-200 cm",0,0,NA
"E2",NA,21103,">200 cm",0,0,NA
"E2",NA,21104,"<40 cm",0,0,NA
"E2",NA,21104,"40-80 cm",0,0,NA
"E2",NA,21104,"80-120 cm",0,0,NA
"E2",NA,21104,"120-160 cm",0,0,NA
"E2",NA,21104,"160-200 cm",0,0,NA
"E2",NA,21104,">200 cm",0,0,NA
"E2",NA,21105,"<40 cm",0,0,NA
"E2",NA,21105,"40-80 cm",0,0,NA
"E2",NA,21105,"80-120 cm",0,0,NA
"E2",NA,21105,"120-160 cm",0,0,NA
"E2",NA,21105,"160-200 cm",0,0,NA
"E2",NA,21105,">200 cm",0,0,NA
"E2",NA,21106,"<40 cm",0,0,NA
"E2",NA,21106,"40-80 cm",0,0,NA
"E2",NA,21106,"80-120 cm",0,0,NA
"E2",NA,21106,"120-160 cm",0,0,NA
"E2",NA,21106,"160-200 cm",0,0,NA
"E2",NA,21106,">200 cm",0,0,NA
"E2",NA,21107,"<40 cm",0,0,NA
"E2",NA,21107,"40-80 cm",0,0,NA
"E2",NA,21107,"80-120 cm",0,0,NA
"E2",NA,21107,"120-160 cm",0,0,NA
"E2",NA,21107,"160-200 cm",0,0,NA
"E2",NA,21107,">200 cm",0,0,NA
"E2",NA,21108,"<40 cm",0,0,NA
"E2",NA,21108,"40-80 cm",0,0,NA
"E2",NA,21108,"80-120 cm",0,0,NA
"E2",NA,21108,"120-160 cm",0,0,NA
"E2",NA,21108,"160-200 cm",0,0,NA
"E2",NA,21108,">200 cm",0,0,NA
"E2",NA,21109,"<40 cm",0,0,NA
"E2",NA,21109,"40-80 cm",0,0,NA
"E2",NA,21109,"80-120 cm",0,0,NA
"E2",NA,21109,"120-160 cm",0,0,NA
"E2",NA,21109,"160-200 cm",0,0,NA
"E2",NA,21109,">200 cm",0,0,NA
"E2",NA,21110,"<40 cm",0,0,NA
"E2",NA,21110,"40-80 cm",0,0,NA
"E2",NA,21110,"80-120 cm",0,0,NA
"E2",NA,21110,"120-160 cm",0,0,NA
"E2",NA,21110,"160-200 cm",0,0,NA
"E2",NA,21110,">200 cm",0,0,NA
"E2",NA,22101,"<40 cm",0,0,NA
"E2",NA,22101,"40-80 cm",0,0,NA
"E2",NA,22101,"80-120 cm",0,0,NA
"E2",NA,22101,"120-160 cm",0,0,NA
"E2",NA,22101,"160-200 cm",0,0,NA
"E2",NA,22101,">200 cm",0,0,NA
"E2",NA,22102,"<40 cm",0,0,NA
"E2",NA,22102,"40-80 cm",0,0,NA
"E2",NA,22102,"80-120 cm",0,0,NA
"E2",NA,22102,"120-160 cm",0,0,NA
"E2",NA,22102,"160-200 cm",0,0,NA
"E2",NA,22102,">200 cm",0,0,NA
"E2",NA,22103,"<40 cm",0,0,NA
"E2",NA,22103,"40-80 cm",0,0,NA
"E2",NA,22103,"80-120 cm",0,0,NA
"E2",NA,22103,"120-160 cm",0,0,NA
"E2",NA,22103,"160-200 cm",0,0,NA
"E2",NA,22103,">200 cm",0,0,NA
"E2",NA,22104,"<40 cm",0,0,NA
"E2",NA,22104,"40-80 cm",0,0,NA
"E2",NA,22104,"80-120 cm",0,0,NA
"E2",NA,22104,"120-160 cm",0,0,NA
"E2",NA,22104,"160-200 cm",0,0,NA
"E2",NA,22104,">200 cm",0,0,NA
"E2",NA,22105,"<40 cm",0,0,NA
"E2",NA,22105,"40-80 cm",0,0,NA
"E2",NA,22105,"80-120 cm",0,0,NA
"E2",NA,22105,"120-160 cm",0,0,NA
"E2",NA,22105,"160-200 cm",0,0,NA
"E2",NA,22105,">200 cm",0,0,NA
"E2",NA,22106,"<40 cm",0,0,NA
"E2",NA,22106,"40-80 cm",0,0,NA
"E2",NA,22106,"80-120 cm",0,0,NA
"E2",NA,22106,"120-160 cm",0,0,NA
"E2",NA,22106,"160-200 cm",0,0,NA
"E2",NA,22106,">200 cm",0,0,NA
"E2",NA,22107,"<40 cm",0,0,NA
"E2",NA,22107,"40-80 cm",0,0,NA
"E2",NA,22107,"80-120 cm",0,0,NA
"E2",NA,22107,"120-160 cm",0,0,NA
"E2",NA,22107,"160-200 cm",0,0,NA
"E2",NA,22107,">200 cm",0,0,NA
"E2",NA,22108,"<40 cm",0,0,NA
"E2",NA,22108,"40-80 cm",0,0,NA
"E2",NA,22108,"80-120 cm",0,0,NA
"E2",NA,22108,"120-160 cm",0,0,NA
"E2",NA,22108,"160-200 cm",0,0,NA
"E2",NA,22108,">200 cm",0,0,NA
"E2",NA,22109,"<40 cm",0,0,NA
"E2",NA,22109,"40-80 cm",0,0,NA
"E2",NA,22109,"80-120 cm",0,0,NA
"E2",NA,22109,"120-160 cm",0,0,NA
"E2",NA,22109,"160-200 cm",0,0,NA
"E2",NA,22109,">200 cm",0,0,NA
"E2",NA,22110,"<40 cm",0,0,NA
"E2",NA,22110,"40-80 cm",0,0,NA
"E2",NA,22110,"80-120 cm",0,0,NA
"E2",NA,22110,"120-160 cm",0,0,NA
"E2",NA,22110,"160-200 cm",0,0,NA
"E2",NA,22110,">200 cm",0,0,NA
"E2",NA,23101,"<40 cm",0,0,NA
"E2",NA,23101,"40-80 cm",0,0,NA
"E2",NA,23101,"80-120 cm",0,0,NA
"E2",NA,23101,"120-160 cm",0,0,NA
"E2",NA,23101,"160-200 cm",0,0,NA
"E2",NA,23101,">200 cm",0,0,NA
"E2",NA,23102,"<40 cm",0,0,NA
"E2",NA,23102,"40-80 cm",0,0,NA
"E2",NA,23102,"80-120 cm",0,0,NA
"E2",NA,23102,"120-160 cm",0,0,NA
"E2",NA,23102,"160-200 cm",0,0,NA
"E2",NA,23102,">200 cm",0,0,NA
"E2",NA,23103,"<40 cm",0,0,NA
"E2",NA,23103,"40-80 cm",0,0,NA
"E2",NA,23103,"80-120 cm",0,0,NA
"E2",NA,23103,"120-160 cm",0,0,NA
"E2",NA,23103,"160-200 cm",0,0,NA
"E2",NA,23103,">200 cm",0,0,NA
"E2",NA,23104,"<40 cm",0,0,NA
"E2",NA,23104,"40-80 cm",0,0,NA
"E2",NA,23104,"80-120 cm",0,0,NA
"E2",NA,23104,"120-160 cm",0,0,NA
"E2",NA,23104,"160-200 cm",0,0,NA
"E2",NA,23104,">200 cm",0,0,NA
"E2",NA,23105,"<40 cm",0,0,NA
"E2",NA,23105,"40-80 cm",0,0,NA
"E2",NA,23105,"80-120 cm",0,0,NA
"E2",NA,23105,"120-160 cm",0,0,NA
"E2",NA,23105,"160-200 cm",0,0,NA
"E2",NA,23105,">200 cm",0,0,NA
"E2",NA,23106,"<40 cm",0,0,NA
"E2",NA,23106,"40-80 cm",0,0,NA
"E2",NA,23106,"80-120 cm",0,0,NA
"E2",NA,23106,"120-160 cm",0,0,NA
"E2",NA,23106,"160-200 cm",0,0,NA
"E2",NA,23106,">200 cm",0,0,NA
"E2",NA,23107,"<40 cm",0,0,NA
"E2",NA,23107,"40-80 cm",0,0,NA
"E2",NA,23107,"80-120 cm",0,0,NA
"E2",NA,23107,"120-160 cm",0,0,NA
"E2",NA,23107,"160-200 cm",0,0,NA
"E2",NA,23107,">200 cm",0,0,NA
"E2",NA,23108,"<40 cm",0,0,NA
"E2",NA,23108,"40-80 cm",0,0,NA
"E2",NA,23108,"80-120 cm",0,0,NA
"E2",NA,23108,"120-160 cm",0,0,NA
"E2",NA,23108,"160-200 cm",0,0,NA
"E2",NA,23108,">200 cm",0,0,NA
"E2",NA,23109,"<40 cm",0,0,NA
"E2",NA,23109,"40-80 cm",0,0,NA
"E2",NA,23109,"80-120 cm",0,0,NA
"E2",NA,23109,"120-160 cm",0,0,NA
"E2",NA,23109,"160-200 cm",0,0,NA
"E2",NA,23109,">200 cm",0,0,NA
"E2",NA,23110,"<40 cm",0,0,NA
"E2",NA,23110,"40-80 cm",0,0,NA
"E2",NA,23110,"80-120 cm",0,0,NA
"E2",NA,23110,"120-160 cm",0,0,NA
"E2",NA,23110,"160-200 cm",0,0,NA
"E2",NA,23110,">200 cm",0,0,NA
"E2",NA,24101,"<40 cm",0,0,NA
"E2",NA,24101,"40-80 cm",0,0,NA
"E2",NA,24101,"80-120 cm",0,0,NA
"E2",NA,24101,"120-160 cm",0,0,NA
"E2",NA,24101,"160-200 cm",0,0,NA
"E2",NA,24101,">200 cm",0,0,NA
"E2",NA,24102,"<40 cm",0,0,NA
"E2",NA,24102,"40-80 cm",0,0,NA
"E2",NA,24102,"80-120 cm",0,0,NA
"E2",NA,24102,"120-160 cm",0,0,NA
"E2",NA,24102,"160-200 cm",0,0,NA
"E2",NA,24102,">200 cm",0,0,NA
"E2",NA,24103,"<40 cm",0,0,NA
"E2",NA,24103,"40-80 cm",0,0,NA
"E2",NA,24103,"80-120 cm",0,0,NA
"E2",NA,24103,"120-160 cm",0,0,NA
"E2",NA,24103,"160-200 cm",0,0,NA
"E2",NA,24103,">200 cm",0,0,NA
"E2",NA,24104,"<40 cm",0,0,NA
"E2",NA,24104,"40-80 cm",0,0,NA
"E2",NA,24104,"80-120 cm",0,0,NA
"E2",NA,24104,"120-160 cm",0,0,NA
"E2",NA,24104,"160-200 cm",0,0,NA
"E2",NA,24104,">200 cm",0,0,NA
"E2",NA,24105,"<40 cm",0,0,NA
"E2",NA,24105,"40-80 cm",0,0,NA
"E2",NA,24105,"80-120 cm",0,0,NA
"E2",NA,24105,"120-160 cm",0,0,NA
"E2",NA,24105,"160-200 cm",0,0,NA
"E2",NA,24105,">200 cm",0,0,NA
"E2",NA,24106,"<40 cm",0,0,NA
"E2",NA,24106,"40-80 cm",0,0,NA
"E2",NA,24106,"80-120 cm",0,0,NA
"E2",NA,24106,"120-160 cm",0,0,NA
"E2",NA,24106,"160-200 cm",0,0,NA
"E2",NA,24106,">200 cm",0,0,NA
"E2",NA,24107,"<40 cm",0,0,NA
"E2",NA,24107,"40-80 cm",0,0,NA
"E2",NA,24107,"80-120 cm",0,0,NA
"E2",NA,24107,"120-160 cm",0,0,NA
"E2",NA,24107,"160-200 cm",0,0,NA
"E2",NA,24107,">200 cm",0,0,NA
"E2",NA,24108,"<40 cm",0,0,NA
"E2",NA,24108,"40-80 cm",0,0,NA
"E2",NA,24108,"80-120 cm",0,0,NA
"E2",NA,24108,"120-160 cm",0,0,NA
"E2",NA,24108,"160-200 cm",0,0,NA
"E2",NA,24108,">200 cm",0,0,NA
"E2",NA,24109,"<40 cm",0,0,NA
"E2",NA,24109,"40-80 cm",0,0,NA
"E2",NA,24109,"80-120 cm",0,0,NA
"E2",NA,24109,"120-160 cm",0,0,NA
"E2",NA,24109,"160-200 cm",0,0,NA
"E2",NA,24109,">200 cm",0,0,NA
"E2",NA,24110,"<40 cm",0,0,NA
"E2",NA,24110,"40-80 cm",0,0,NA
"E2",NA,24110,"80-120 cm",0,0,NA
"E2",NA,24110,"120-160 cm",0,0,NA
"E2",NA,24110,"160-200 cm",0,0,NA
"E2",NA,24110,">200 cm",0,0,NA
"E2",NA,25101,"<40 cm",0,0,NA
"E2",NA,25101,"40-80 cm",0,0,NA
"E2",NA,25101,"80-120 cm",0,0,NA
"E2",NA,25101,"120-160 cm",0,0,NA
"E2",NA,25101,"160-200 cm",0,0,NA
"E2",NA,25101,">200 cm",0,0,NA
"E2",NA,25102,"<40 cm",0,0,NA
"E2",NA,25102,"40-80 cm",0,0,NA
"E2",NA,25102,"80-120 cm",0,0,NA
"E2",NA,25102,"120-160 cm",0,0,NA
"E2",NA,25102,"160-200 cm",0,0,NA
"E2",NA,25102,">200 cm",0,0,NA
"E2",NA,25103,"<40 cm",0,0,NA
"E2",NA,25103,"40-80 cm",0,0,NA
"E2",NA,25103,"80-120 cm",0,0,NA
"E2",NA,25103,"120-160 cm",0,0,NA
"E2",NA,25103,"160-200 cm",0,0,NA
"E2",NA,25103,">200 cm",0,0,NA
"E2",NA,25104,"<40 cm",0,0,NA
"E2",NA,25104,"40-80 cm",0,0,NA
"E2",NA,25104,"80-120 cm",0,0,NA
"E2",NA,25104,"120-160 cm",0,0,NA
"E2",NA,25104,"160-200 cm",0,0,NA
"E2",NA,25104,">200 cm",0,0,NA
"E2",NA,25105,"<40 cm",0,0,NA
"E2",NA,25105,"40-80 cm",0,0,NA
"E2",NA,25105,"80-120 cm",0,0,NA
"E2",NA,25105,"120-160 cm",0,0,NA
"E2",NA,25105,"160-200 cm",0,0,NA
"E2",NA,25105,">200 cm",0,0,NA
"E2",NA,25106,"<40 cm",0,0,NA
"E2",NA,25106,"40-80 cm",0,0,NA
"E2",NA,25106,"80-120 cm",0,0,NA
"E2",NA,25106,"120-160 cm",0,0,NA
"E2",NA,25106,"160-200 cm",0,0,NA
"E2",NA,25106,">200 cm",0,0,NA
"E2",NA,25107,"<40 cm",0,0,NA
"E2",NA,25107,"40-80 cm",0,0,NA
"E2",NA,25107,"80-120 cm",0,0,NA
"E2",NA,25107,"120-160 cm",0,0,NA
"E2",NA,25107,"160-200 cm",0,0,NA
"E2",NA,25107,">200 cm",0,0,NA
"E2",NA,25108,"<40 cm",0,0,NA
"E2",NA,25108,"40-80 cm",0,0,NA
"E2",NA,25108,"80-120 cm",0,0,NA
"E2",NA,25108,"120-160 cm",0,0,NA
"E2",NA,25108,"160-200 cm",0,0,NA
"E2",NA,25108,">200 cm",0,0,NA
"E2",NA,25109,"<40 cm",0,0,NA
"E2",NA,25109,"40-80 cm",0,0,NA
"E2",NA,25109,"80-120 cm",0,0,NA
"E2",NA,25109,"120-160 cm",0,0,NA
"E2",NA,25109,"160-200 cm",0,0,NA
"E2",NA,25109,">200 cm",0,0,NA
"E2",NA,25110,"<40 cm",0,0,NA
"E2",NA,25110,"40-80 cm",0,0,NA
"E2",NA,25110,"80-120 cm",0,0,NA
"E2",NA,25110,"120-160 cm",0,0,NA
"E2",NA,25110,"160-200 cm",0,0,NA
"E2",NA,25110,">200 cm",0,0,NA
"E2",NA,26101,"<40 cm",0,0,NA
"E2",NA,26101,"40-80 cm",0,0,NA
"E2",NA,26101,"80-120 cm",0,0,NA
"E2",NA,26101,"120-160 cm",0,0,NA
"E2",NA,26101,"160-200 cm",0,0,NA
"E2",NA,26101,">200 cm",0,0,NA
"E2",NA,26102,"<40 cm",0,0,NA
"E2",NA,26102,"40-80 cm",0,0,NA
"E2",NA,26102,"80-120 cm",0,0,NA
"E2",NA,26102,"120-160 cm",0,0,NA
"E2",NA,26102,"160-200 cm",0,0,NA
"E2",NA,26102,">200 cm",0,0,NA
"E2",NA,26103,"<40 cm",0,0,NA
"E2",NA,26103,"40-80 cm",0,0,NA
"E2",NA,26103,"80-120 cm",0,0,NA
"E2",NA,26103,"120-160 cm",0,0,NA
"E2",NA,26103,"160-200 cm",0,0,NA
"E2",NA,26103,">200 cm",0,0,NA
"E2",NA,26104,"<40 cm",0,0,NA
"E2",NA,26104,"40-80 cm",0,0,NA
"E2",NA,26104,"80-120 cm",0,0,NA
"E2",NA,26104,"120-160 cm",0,0,NA
"E2",NA,26104,"160-200 cm",0,0,NA
"E2",NA,26104,">200 cm",0,0,NA
"E2",NA,26105,"<40 cm",0,0,NA
"E2",NA,26105,"40-80 cm",0,0,NA
"E2",NA,26105,"80-120 cm",0,0,NA
"E2",NA,26105,"120-160 cm",0,0,NA
"E2",NA,26105,"160-200 cm",0,0,NA
"E2",NA,26105,">200 cm",0,0,NA
"E2",NA,26106,"<40 cm",0,0,NA
"E2",NA,26106,"40-80 cm",0,0,NA
"E2",NA,26106,"80-120 cm",0,0,NA
"E2",NA,26106,"120-160 cm",0,0,NA
"E2",NA,26106,"160-200 cm",0,0,NA
"E2",NA,26106,">200 cm",0,0,NA
"E2",NA,26107,"<40 cm",0,0,NA
"E2",NA,26107,"40-80 cm",0,0,NA
"E2",NA,26107,"80-120 cm",0,0,NA
"E2",NA,26107,"120-160 cm",0,0,NA
"E2",NA,26107,"160-200 cm",0,0,NA
"E2",NA,26107,">200 cm",0,0,NA
"E2",NA,26108,"<40 cm",0,0,NA
"E2",NA,26108,"40-80 cm",0,0,NA
"E2",NA,26108,"80-120 cm",0,0,NA
"E2",NA,26108,"120-160 cm",0,0,NA
"E2",NA,26108,"160-200 cm",0,0,NA
"E2",NA,26108,">200 cm",0,0,NA
"E2",NA,26109,"<40 cm",0,0,NA
"E2",NA,26109,"40-80 cm",0,0,NA
"E2",NA,26109,"80-120 cm",0,0,NA
"E2",NA,26109,"120-160 cm",0,0,NA
"E2",NA,26109,"160-200 cm",0,0,NA
"E2",NA,26109,">200 cm",0,0,NA
"E2",NA,26110,"<40 cm",0,0,NA
"E2",NA,26110,"40-80 cm",0,0,NA
"E2",NA,26110,"80-120 cm",0,0,NA
"E2",NA,26110,"120-160 cm",0,0,NA
"E2",NA,26110,"160-200 cm",0,0,NA
"E2",NA,26110,">200 cm",0,0,NA
"E2",NA,27101,"<40 cm",0,0,NA
"E2",NA,27101,"40-80 cm",0,0,NA
"E2",NA,27101,"80-120 cm",0,0,NA
"E2",NA,27101,"120-160 cm",0,0,NA
"E2",NA,27101,"160-200 cm",0,0,NA
"E2",NA,27101,">200 cm",0,0,NA
"E2",NA,27102,"<40 cm",0,0,NA
"E2",NA,27102,"40-80 cm",0,0,NA
"E2",NA,27102,"80-120 cm",0,0,NA
"E2",NA,27102,"120-160 cm",0,0,NA
"E2",NA,27102,"160-200 cm",0,0,NA
"E2",NA,27102,">200 cm",0,0,NA
"E2",NA,27103,"<40 cm",0,0,NA
"E2",NA,27103,"40-80 cm",0,0,NA
"E2",NA,27103,"80-120 cm",0,0,NA
"E2",NA,27103,"120-160 cm",0,0,NA
"E2",NA,27103,"160-200 cm",0,0,NA
"E2",NA,27103,">200 cm",0,0,NA
"E2",NA,27104,"<40 cm",0,0,NA
"E2",NA,27104,"40-80 cm",0,0,NA
"E2",NA,27104,"80-120 cm",0,0,NA
"E2",NA,27104,"120-160 cm",0,0,NA
"E2",NA,27104,"160-200 cm",0,0,NA
"E2",NA,27104,">200 cm",0,0,NA
"E2",NA,27105,"<40 cm",0,0,NA
"E2",NA,27105,"40-80 cm",0,0,NA
"E2",NA,27105,"80-120 cm",0,0,NA
"E2",NA,27105,"120-160 cm",0,0,NA
"E2",NA,27105,"160-200 cm",0,0,NA
"E2",NA,27105,">200 cm",0,0,NA
"E2",NA,27106,"<40 cm",0,0,NA
"E2",NA,27106,"40-80 cm",0,0,NA
"E2",NA,27106,"80-120 cm",0,0,NA
"E2",NA,27106,"120-160 cm",0,0,NA
"E2",NA,27106,"160-200 cm",0,0,NA
"E2",NA,27106,">200 cm",0,0,NA
"E2",NA,27107,"<40 cm",0,0,NA
"E2",NA,27107,"40-80 cm",0,0,NA
"E2",NA,27107,"80-120 cm",0,0,NA
"E2",NA,27107,"120-160 cm",0,0,NA
"E2",NA,27107,"160-200 cm",0,0,NA
"E2",NA,27107,">200 cm",0,0,NA
"E2",NA,27108,"<40 cm",0,0,NA
"E2",NA,27108,"40-80 cm",0,0,NA
"E2",NA,27108,"80-120 cm",0,0,NA
"E2",NA,27108,"120-160 cm",0,0,NA
"E2",NA,27108,"160-200 cm",0,0,NA
"E2",NA,27108,">200 cm",0,0,NA
"E2",NA,27109,"<40 cm",0,0,NA
"E2",NA,27109,"40-80 cm",0,0,NA
"E2",NA,27109,"80-120 cm",0,0,NA
"E2",NA,27109,"120-160 cm",0,0,NA
"E2",NA,27109,"160-200 cm",0,0,NA
"E2",NA,27109,">200 cm",0,0,NA
"E2",NA,27110,"<40 cm",0,0,NA
"E2",NA,27110,"40-80 cm",0,0,NA
"E2",NA,27110,"80-120 cm",0,0,NA
"E2",NA,27110,"120-160 cm",0,0,NA
"E2",NA,27110,"160-200 cm",0,0,NA
"E2",NA,27110,">200 cm",0,0,NA
"E2",NA,28101,"<40 cm",0,0,NA
"E2",NA,28101,"40-80 cm",0,0,NA
"E2",NA,28101,"80-120 cm",0,0,NA
"E2",NA,28101,"120-160 cm",0,0,NA
"E2",NA,28101,"160-200 cm",0,0,NA
"E2",NA,28101,">200 cm",0,0,NA
"E2",NA,28102,"<40 cm",0,0,NA
"E2",NA,28102,"40-80 cm",0,0,NA
"E2",NA,28102,"80-120 cm",0,0,NA
"E2",NA,28102,"120-160 cm",0,0,NA
"E2",NA,28102,"160-200 cm",0,0,NA
"E2",NA,28102,">200 cm",0,0,NA
"E2",NA,28103,"<40 cm",0,0,NA
"E2",NA,28103,"40-80 cm",0,0,NA
"E2",NA,28103,"80-120 cm",0,0,NA
"E2",NA,28103,"120-160 cm",0,0,NA
"E2",NA,28103,"160-200 cm",0,0,NA
"E2",NA,28103,">200 cm",0,0,NA
"E2",NA,28104,"<40 cm",0,0,NA
"E2",NA,28104,"40-80 cm",0,0,NA
"E2",NA,28104,"80-120 cm",0,0,NA
"E2",NA,28104,"120-160 cm",0,0,NA
"E2",NA,28104,"160-200 cm",0,0,NA
"E2",NA,28104,">200 cm",0,0,NA
"E2",NA,28105,"<40 cm",0,0,NA
"E2",NA,28105,"40-80 cm",0,0,NA
"E2",NA,28105,"80-120 cm",0,0,NA
"E2",NA,28105,"120-160 cm",0,0,NA
"E2",NA,28105,"160-200 cm",0,0,NA
"E2",NA,28105,">200 cm",0,0,NA
"E2",NA,28106,"<40 cm",0,0,NA
"E2",NA,28106,"40-80 cm",0,0,NA
"E2",NA,28106,"80-120 cm",0,0,NA
"E2",NA,28106,"120-160 cm",0,0,NA
"E2",NA,28106,"160-200 cm",0,0,NA
"E2",NA,28106,">200 cm",0,0,NA
"E2",NA,28107,"<40 cm",0,0,NA
"E2",NA,28107,"40-80 cm",0,0,NA
"E2",NA,28107,"80-120 cm",0,0,NA
"E2",NA,28107,"120-160 cm",0,0,NA
"E2",NA,28107,"160-200 cm",0,0,NA
"E2",NA,28107,">200 cm",0,0,NA
"E2",NA,28108,"<40 cm",0,0,NA
"E2",NA,28108,"40-80 cm",0,0,NA
"E2",NA,28108,"80-120 cm",0,0,NA
"E2",NA,28108,"120-160 cm",0,0,NA
"E2",NA,28108,"160-200 cm",0,0,NA
"E2",NA,28108,">200 cm",0,0,NA
"E2",NA,28109,"<40 cm",0,0,NA
"E2",NA,28109,"40-80 cm",0,0,NA
"E2",NA,28109,"80-120 cm",0,0,NA
"E2",NA,28109,"120-160 cm",0,0,NA
"E2",NA,28109,"160-200 cm",0,0,NA
"E2",NA,28109,">200 cm",0,0,NA
"E2",NA,28110,"<40 cm",0,0,NA
"E2",NA,28110,"40-80 cm",0,0,NA
"E2",NA,28110,"80-120 cm",0,0,NA
"E2",NA,28110,"120-160 cm",0,0,NA
"E2",NA,28110,"160-200 cm",0,0,NA
"E2",NA,28110,">200 cm",0,0,NA
"E2",NA,29101,"<40 cm",0,0,NA
"E2",NA,29101,"40-80 cm",0,0,NA
"E2",NA,29101,"80-120 cm",0,0,NA
"E2",NA,29101,"120-160 cm",0,0,NA
"E2",NA,29101,"160-200 cm",0,0,NA
"E2",NA,29101,">200 cm",0,0,NA
"E2",NA,29102,"<40 cm",0,0,NA
"E2",NA,29102,"40-80 cm",0,0,NA
"E2",NA,29102,"80-120 cm",0,0,NA
"E2",NA,29102,"120-160 cm",0,0,NA
"E2",NA,29102,"160-200 cm",0,0,NA
"E2",NA,29102,">200 cm",0,0,NA
"E2",NA,29103,"<40 cm",0,0,NA
"E2",NA,29103,"40-80 cm",0,0,NA
"E2",NA,29103,"80-120 cm",0,0,NA
"E2",NA,29103,"120-160 cm",0,0,NA
"E2",NA,29103,"160-200 cm",0,0,NA
"E2",NA,29103,">200 cm",0,0,NA
"E2",NA,29104,"<40 cm",0,0,NA
"E2",NA,29104,"40-80 cm",0,0,NA
"E2",NA,29104,"80-120 cm",0,0,NA
"E2",NA,29104,"120-160 cm",0,0,NA
"E2",NA,29104,"160-200 cm",0,0,NA
"E2",NA,29104,">200 cm",0,0,NA
"E2",NA,29105,"<40 cm",0,0,NA
"E2",NA,29105,"40-80 cm",0,0,NA
"E2",NA,29105,"80-120 cm",0,0,NA
"E2",NA,29105,"120-160 cm",0,0,NA
"E2",NA,29105,"160-200 cm",0,0,NA
"E2",NA,29105,">200 cm",0,0,NA
"E2",NA,29106,"<40 cm",0,0,NA
"E2",NA,29106,"40-80 cm",0,0,NA
"E2",NA,29106,"80-120 cm",0,0,NA
"E2",NA,29106,"120-160 cm",0,0,NA
"E2",NA,29106,"160-200 cm",0,0,NA
"E2",NA,29106,">200 cm",0,0,NA
"E2",NA,29107,"<40 cm",0,0,NA
"E2",NA,29107,"40-80 cm",0,0,NA
"E2",NA,29107,"80-120 cm",0,0,NA
"E2",NA,29107,"120-160 cm",0,0,NA
"E2",NA,29107,"160-200 cm",0,0,NA
"E2",NA,29107,">200 cm",0,0,NA
"E2",NA,29108,"<40 cm",0,0,NA
"E2",NA,29108,"40-80 cm",0,0,NA
"E2",NA,29108,"80-120 cm",0,0,NA
"E2",NA,29108,"120-160 cm",0,0,NA
"E2",NA,29108,"160-200 cm",0,0,NA
"E2",NA,29108,">200 cm",0,0,NA
"E2",NA,29109,"<40 cm",0,0,NA
"E2",NA,29109,"40-80 cm",0,0,NA
"E2",NA,29109,"80-120 cm",0,0,NA
"E2",NA,29109,"120-160 cm",0,0,NA
"E2",NA,29109,"160-200 cm",0,0,NA
"E2",NA,29109,">200 cm",0,0,NA
"E2",NA,29110,"<40 cm",0,0,NA
"E2",NA,29110,"40-80 cm",0,0,NA
"E2",NA,29110,"80-120 cm",0,0,NA
"E2",NA,29110,"120-160 cm",0,0,NA
"E2",NA,29110,"160-200 cm",0,0,NA
"E2",NA,29110,">200 cm",0,0,NA
"E2",NA,30101,"<40 cm",0,0,NA
"E2",NA,30101,"40-80 cm",0,0,NA
"E2",NA,30101,"80-120 cm",0,0,NA
"E2",NA,30101,"120-160 cm",0,0,NA
"E2",NA,30101,"160-200 cm",0,0,NA
"E2",NA,30101,">200 cm",0,0,NA
"E2",NA,30102,"<40 cm",0,0,NA
"E2",NA,30102,"40-80 cm",0,0,NA
"E2",NA,30102,"80-120 cm",0,0,NA
"E2",NA,30102,"120-160 cm",0,0,NA
"E2",NA,30102,"160-200 cm",0,0,NA
"E2",NA,30102,">200 cm",0,0,NA
"E2",NA,30103,"<40 cm",0,0,NA
"E2",NA,30103,"40-80 cm",0,0,NA
"E2",NA,30103,"80-120 cm",0,0,NA
"E2",NA,30103,"120-160 cm",0,0,NA
"E2",NA,30103,"160-200 cm",0,0,NA
"E2",NA,30103,">200 cm",0,0,NA
"E2",NA,30104,"<40 cm",0,0,NA
"E2",NA,30104,"40-80 cm",0,0,NA
"E2",NA,30104,"80-120 cm",0,0,NA
"E2",NA,30104,"120-160 cm",0,0,NA
"E2",NA,30104,"160-200 cm",0,0,NA
"E2",NA,30104,">200 cm",0,0,NA
"E2",NA,30105,"<40 cm",0,0,NA
"E2",NA,30105,"40-80 cm",0,0,NA
"E2",NA,30105,"80-120 cm",0,0,NA
"E2",NA,30105,"120-160 cm",0,0,NA
"E2",NA,30105,"160-200 cm",0,0,NA
"E2",NA,30105,">200 cm",0,0,NA
"E2",NA,30106,"<40 cm",0,0,NA
"E2",NA,30106,"40-80 cm",0,0,NA
"E2",NA,30106,"80-120 cm",0,0,NA
"E2",NA,30106,"120-160 cm",0,0,NA
"E2",NA,30106,"160-200 cm",0,0,NA
"E2",NA,30106,">200 cm",0,0,NA
"E2",NA,30107,"<40 cm",0,0,NA
"E2",NA,30107,"40-80 cm",0,0,NA
"E2",NA,30107,"80-120 cm",0,0,NA
"E2",NA,30107,"120-160 cm",0,0,NA
"E2",NA,30107,"160-200 cm",0,0,NA
"E2",NA,30107,">200 cm",0,0,NA
"E2",NA,30108,"<40 cm",0,0,NA
"E2",NA,30108,"40-80 cm",0,0,NA
"E2",NA,30108,"80-120 cm",0,0,NA
"E2",NA,30108,"120-160 cm",0,0,NA
"E2",NA,30108,"160-200 cm",0,0,NA
"E2",NA,30108,">200 cm",0,0,NA
"E2",NA,30109,"<40 cm",0,0,NA
"E2",NA,30109,"40-80 cm",0,0,NA
"E2",NA,30109,"80-120 cm",0,0,NA
"E2",NA,30109,"120-160 cm",0,0,NA
"E2",NA,30109,"160-200 cm",0,0,NA
"E2",NA,30109,">200 cm",0,0,NA
"E2",NA,30110,"<40 cm",0,0,NA
"E2",NA,30110,"40-80 cm",0,0,NA
"E2",NA,30110,"80-120 cm",0,0,NA
"E2",NA,30110,"120-160 cm",0,0,NA
"E2",NA,30110,"160-200 cm",0,0,NA
"E2",NA,30110,">200 cm",0,0,NA
