"experiment_id","scenario","run_seed","horizontal_zone","larvae","total_larvae","proportion"
"E3","V3A",1101,"zone1 (nearest)",1863,2250,0.828
"E3","V3A",1101,"zone2",216,2250,0.096
"E3","V3A",1101,"zone3",126,2250,0.056
"E3","V3A",1101,"zone4",36,2250,0.016
"E3","V3A",1101,"zone5 (farthest)",9,2250,0.004
"E3","V3A",1102,"zone1 (nearest)",836,1000,0.836
"E3","V3A",1102,"zone2",80,1000,0.08
"E3","V3A",1102,"zone3",40,1000,0.04
"E3","V3A",1102,"zone4",28,1000,0.028
"E3","V3A",1102,"zone5 (farthest)",16,1000,0.016
"E3","V3A",1103,"zone1 (nearest)",848,1000,0.848
"E3","V3A",1103,"zone2",68,1000,0.068
"E3","V3A",1103,"zone3",44,1000,0.044
"E3","V3A",1103,"zone4",32,1000,0.032
"E3","V3A",1103,"zone5 (farthest)",8,1000,0.008
"E3","V3A",1104,"zone1 (nearest)",876,1000,0.876
"E3","V3A",1104,"zone2",68,1000,0.068
"E3","V3A",1104,"zone3",40,1000,0.04
"E3","V3A",1104,"zone4",8,1000,0.008
"E3","V3A",1104,"zone5 (farthest)",8,1000,0.008
"E3","V3A",1105,"zone1 (nearest)",820,1000,0.82
"E3","V3A",1105,"zone2",116,1000,0.116
"E3","V3A",1105,"zone3",40,1000,0.04
"E3","V3A",1105,"zone4",12,1000,0.012
"E3","V3A",1105,"zone5 (farthest)",12,1000,0.012
"E3","V3A",1106,"zone1 (nearest)",856,1000,0.856
"E3","V3A",1106,"zone2",64,1000,0.064
"E3","V3A",1106,"zone3",68,1000,0.068
"E3","V3A",1106,"zone4",8,1000,0.008
"E3","V3A",1106,"zone5 (farthest)",4,1000,0.004
"E3","V3A",1107,"zone1 (nearest)",856,1000,0.856
"E3","V3A",1107,"zone2",84,1000,0.084
"E3","V3A",1107,"zone3",32,1000,0.032
"E3","V3A",1107,"zone4",16,1000,0.016
"E3","V3A",1107,"zone5 (farthest)",12,1000,0.012
"E3","V3A",1108,"zone1 (nearest)",820,1000,0.82
"E3","V3A",1108,"zone2",120,1000,0.12
"E3","V3A",1108,"zone3",36,1000,0.036
"E3","V3A",1108,"zone4",24,1000,0.024
"E3","V3A",1108,"zone5 (farthest)",0,1000,0
"E3","V3A",1109,"zone1 (nearest)",828,1000,0.828
"E3","V3A",1109,"zone2",112,1000,0.112
"E3","V3A",1109,"zone3",40,1000,0.04
"E3","V3A",1109,"zone4",16,1000,0.016
"E3","V3A",1109,"zone5 (farthest)",4,1000,0.004
"E3","V3A",1110,"zone1 (nearest)",864,1000,0.864
"E3","V3A",1110,"zone2",80,1000,0.08
"E3","V3A",1110,"zone3",40,1000,0.04
"E3","V3A",1110,"zone4",12,1000,0.012
"E3","V3A",1110,"zone5 (farthest)",4,1000,0.004
"E3","V3A",2101,"zone1 (nearest)",1701,2250,0.756
"E3","V3A",2101,"zone2",234,2250,0.104
"E3","V3A",2101,"zone3",99,2250,0.044
"E3","V3A",2101,"zone4",72,2250,0.032
"E3","V3A",2101,"zone5 (farthest)",144,2250,0.064
"E3","V3A",2102,"zone1 (nearest)",780,1000,0.78
"E3","V3A",2102,"zone2",100,1000,0.1
"E3","V3A",2102,"zone3",36,1000,0.036
"E3","V3A",2102,"zone4",40,1000,0.04
"E3","V3A",2102,"zone5 (farthest)",44,1000,0.044
"E3","V3A",2103,"zone1 (nearest)",724,1000,0.724
"E3","V3A",2103,"zone2",108,1000,0.108
"E3","V3A",2103,"zone3",72,1000,0.072
"E3","V3A",2103,"zone4",32,1000,0.032
"E3","V3A",2103,"zone5 (farthest)",64,1000,0.064
"E3","V3A",2104,"zone1 (nearest)",800,1000,0.8
"E3","V3A",2104,"zone2",100,1000,0.1
"E3","V3A",2104,"zone3",44,1000,0.044
"E3","V3A",2104,"zone4",32,1000,0.032
"E3","V3A",2104,"zone5 (farthest)",24,1000,0.024
"E3","V3A",2105,"zone1 (nearest)",736,1000,0.736
"E3","V3A",2105,"zone2",104,1000,0.104
"E3","V3A",2105,"zone3",48,1000,0.048
"E3","V3A",2105,"zone4",40,1000,0.04
"E3","V3A",2105,"zone5 (farthest)",72,1000,0.072
"E3","V3A",2106,"zone1 (nearest)",752,1000,0.752
"E3","V3A",2106,"zone2",144,1000,0.144
"E3","V3A",2106,"zone3",20,1000,0.02
"E3","V3A",2106,"zone4",32,1000,0.032
"E3","V3A",2106,"zone5 (farthest)",52,1000,0.052
"E3","V3A",2107,"zone1 (nearest)",800,1000,0.8
"E3","V3A",2107,"zone2",80,1000,0.08
"E3","V3A",2107,"zone3",36,1000,0.036
"E3","V3A",2107,"zone4",24,1000,0.024
"E3","V3A",2107,"zone5 (farthest)",60,1000,0.06
"E3","V3A",2108,"zone1 (nearest)",732,1000,0.732
"E3","V3A",2108,"zone2",128,1000,0.128
"E3","V3A",2108,"zone3",40,1000,0.04
"E3","V3A",2108,"zone4",32,1000,0.032
"E3","V3A",2108,"zone5 (farthest)",68,1000,0.068
"E3","V3A",2109,"zone1 (nearest)",780,1000,0.78
"E3","V3A",2109,"zone2",104,1000,0.104
"E3","V3A",2109,"zone3",40,1000,0.04
"E3","V3A",2109,"zone4",24,1000,0.024
"E3","V3A",2109,"zone5 (farthest)",52,1000,0.052
"E3","V3A",2110,"zone1 (nearest)",744,1000,0.744
"E3","V3A",2110,"zone2",112,1000,0.112
"E3","V3A",2110,"zone3",40,1000,0.04
"E3","V3A",2110,"zone4",44,1000,0.044
"E3","V3A",2110,"zone5 (farthest)",60,1000,0.06
"E3","V3A",3101,"zone1 (nearest)",1917,2250,0.852
"E3","V3A",3101,"zone2",180,2250,0.08
"E3","V3A",3101,"zone3",72,2250,0.032
"E3","V3A",3101,"zone4",45,2250,0.02
"E3","V3A",3101,"zone5 (farthest)",36,2250,0.016
"E3","V3A",3102,"zone1 (nearest)",872,1000,0.872
"E3","V3A",3102,"zone2",72,1000,0.072
"E3","V3A",3102,"zone3",28,1000,0.028
"E3","V3A",3102,"zone4",0,1000,0
"E3","V3A",3102,"zone5 (farthest)",28,1000,0.028
"E3","V3A",3103,"zone1 (nearest)",876,1000,0.876
"E3","V3A",3103,"zone2",76,1000,0.076
"E3","V3A",3103,"zone3",24,1000,0.024
"E3","V3A",3103,"zone4",4,1000,0.004
"E3","V3A",3103,"zone5 (farthest)",20,1000,0.02
"E3","V3A",3104,"zone1 (nearest)",900,1000,0.9
"E3","V3A",3104,"zone2",72,1000,0.072
"E3","V3A",3104,"zone3",4,1000,0.004
"E3","V3A",3104,"zone4",8,1000,0.008
"E3","V3A",3104,"zone5 (farthest)",16,1000,0.016
"E3","V3A",3105,"zone1 (nearest)",876,1000,0.876
"E3","V3A",3105,"zone2",68,1000,0.068
"E3","V3A",3105,"zone3",24,1000,0.024
"E3","V3A",3105,"zone4",24,1000,0.024
"E3","V3A",3105,"zone5 (farthest)",8,1000,0.008
"E3","V3A",3106,"zone1 (nearest)",864,1000,0.864
"E3","V3A",3106,"zone2",84,1000,0.084
"E3","V3A",3106,"zone3",28,1000,0.028
"E3","V3A",3106,"zone4",8,1000,0.008
"E3","V3A",3106,"zone5 (farthest)",16,1000,0.016
"E3","V3A",3107,"zone1 (nearest)",884,1000,0.884
"E3","V3A",3107,"zone2",68,1000,0.068
"E3","V3A",3107,"zone3",28,1000,0.028
"E3","V3A",3107,"zone4",4,1000,0.004
"E3","V3A",3107,"zone5 (farthest)",16,1000,0.016
"E3","V3A",3108,"zone1 (nearest)",864,1000,0.864
"E3","V3A",3108,"zone2",84,1000,0.084
"E3","V3A",3108,"zone3",24,1000,0.024
"E3","V3A",3108,"zone4",20,1000,0.02
"E3","V3A",3108,"zone5 (farthest)",8,1000,0.008
"E3","V3A",3109,"zone1 (nearest)",876,1000,0.876
"E3","V3A",3109,"zone2",84,1000,0.084
"E3","V3A",3109,"zone3",20,1000,0.02
"E3","V3A",3109,"zone4",8,1000,0.008
"E3","V3A",3109,"zone5 (farthest)",12,1000,0.012
"E3","V3A",3110,"zone1 (nearest)",868,1000,0.868
"E3","V3A",3110,"zone2",60,1000,0.06
"E3","V3A",3110,"zone3",32,1000,0.032
"E3","V3A",3110,"zone4",28,1000,0.028
"E3","V3A",3110,"zone5 (farthest)",12,1000,0.012
"E3","V3A",4101,"zone1 (nearest)",1917,2250,0.852
"E3","V3A",4101,"zone2",54,2250,0.024
"E3","V3A",4101,"zone3",99,2250,0.044
"E3","V3A",4101,"zone4",63,2250,0.028
"E3","V3A",4101,"zone5 (farthest)",117,2250,0.052
"E3","V3A",4102,"zone1 (nearest)",836,1000,0.836
"E3","V3A",4102,"zone2",40,1000,0.04
"E3","V3A",4102,"zone3",44,1000,0.044
"E3","V3A",4102,"zone4",28,1000,0.028
"E3","V3A",4102,"zone5 (farthest)",52,1000,0.052
"E3","V3A",4103,"zone1 (nearest)",828,1000,0.828
"E3","V3A",4103,"zone2",36,1000,0.036
"E3","V3A",4103,"zone3",40,1000,0.04
"E3","V3A",4103,"zone4",44,1000,0.044
"E3","V3A",4103,"zone5 (farthest)",52,1000,0.052
"E3","V3A",4104,"zone1 (nearest)",820,1000,0.82
"E3","V3A",4104,"zone2",40,1000,0.04
"E3","V3A",4104,"zone3",48,1000,0.048
"E3","V3A",4104,"zone4",28,1000,0.028
"E3","V3A",4104,"zone5 (farthest)",64,1000,0.064
"E3","V3A",4105,"zone1 (nearest)",812,1000,0.812
"E3","V3A",4105,"zone2",24,1000,0.024
"E3","V3A",4105,"zone3",44,1000,0.044
"E3","V3A",4105,"zone4",52,1000,0.052
"E3","V3A",4105,"zone5 (farthest)",68,1000,0.068
"E3","V3A",4106,"zone1 (nearest)",856,1000,0.856
"E3","V3A",4106,"zone2",8,1000,0.008
"E3","V3A",4106,"zone3",56,1000,0.056
"E3","V3A",4106,"zone4",28,1000,0.028
"E3","V3A",4106,"zone5 (farthest)",52,1000,0.052
"E3","V3A",4107,"zone1 (nearest)",844,1000,0.844
"E3","V3A",4107,"zone2",28,1000,0.028
"E3","V3A",4107,"zone3",24,1000,0.024
"E3","V3A",4107,"zone4",44,1000,0.044
"E3","V3A",4107,"zone5 (farthest)",60,1000,0.06
"E3","V3A",4108,"zone1 (nearest)",816,1000,0.816
"E3","V3A",4108,"zone2",20,1000,0.02
"E3","V3A",4108,"zone3",56,1000,0.056
"E3","V3A",4108,"zone4",52,1000,0.052
"E3","V3A",4108,"zone5 (farthest)",56,1000,0.056
"E3","V3A",4109,"zone1 (nearest)",832,1000,0.832
"E3","V3A",4109,"zone2",24,1000,0.024
"E3","V3A",4109,"zone3",40,1000,0.04
"E3","V3A",4109,"zone4",32,1000,0.032
"E3","V3A",4109,"zone5 (farthest)",72,1000,0.072
"E3","V3A",4110,"zone1 (nearest)",868,1000,0.868
"E3","V3A",4110,"zone2",24,1000,0.024
"E3","V3A",4110,"zone3",44,1000,0.044
"E3","V3A",4110,"zone4",36,1000,0.036
"E3","V3A",4110,"zone5 (farthest)",28,1000,0.028
"E3","V3A",5101,"zone1 (nearest)",1953,2250,0.868
"E3","V3A",5101,"zone2",126,2250,0.056
"E3","V3A",5101,"zone3",45,2250,0.02
"E3","V3A",5101,"zone4",81,2250,0.036
"E3","V3A",5101,"zone5 (farthest)",45,2250,0.02
"E3","V3A",5102,"zone1 (nearest)",852,1000,0.852
"E3","V3A",5102,"zone2",56,1000,0.056
"E3","V3A",5102,"zone3",28,1000,0.028
"E3","V3A",5102,"zone4",56,1000,0.056
"E3","V3A",5102,"zone5 (farthest)",8,1000,0.008
"E3","V3A",5103,"zone1 (nearest)",884,1000,0.884
"E3","V3A",5103,"zone2",68,1000,0.068
"E3","V3A",5103,"zone3",24,1000,0.024
"E3","V3A",5103,"zone4",8,1000,0.008
"E3","V3A",5103,"zone5 (farthest)",16,1000,0.016
"E3","V3A",5104,"zone1 (nearest)",872,1000,0.872
"E3","V3A",5104,"zone2",32,1000,0.032
"E3","V3A",5104,"zone3",32,1000,0.032
"E3","V3A",5104,"zone4",36,1000,0.036
"E3","V3A",5104,"zone5 (farthest)",28,1000,0.028
"E3","V3A",5105,"zone1 (nearest)",880,1000,0.88
"E3","V3A",5105,"zone2",64,1000,0.064
"E3","V3A",5105,"zone3",16,1000,0.016
"E3","V3A",5105,"zone4",24,1000,0.024
"E3","V3A",5105,"zone5 (farthest)",16,1000,0.016
"E3","V3A",5106,"zone1 (nearest)",876,1000,0.876
"E3","V3A",5106,"zone2",52,1000,0.052
"E3","V3A",5106,"zone3",28,1000,0.028
"E3","V3A",5106,"zone4",36,1000,0.036
"E3","V3A",5106,"zone5 (farthest)",8,1000,0.008
"E3","V3A",5107,"zone1 (nearest)",852,1000,0.852
"E3","V3A",5107,"zone2",56,1000,0.056
"E3","V3A",5107,"zone3",32,1000,0.032
"E3","V3A",5107,"zone4",44,1000,0.044
"E3","V3A",5107,"zone5 (farthest)",16,1000,0.016
"E3","V3A",5108,"zone1 (nearest)",860,1000,0.86
"E3","V3A",5108,"zone2",48,1000,0.048
"E3","V3A",5108,"zone3",36,1000,0.036
"E3","V3A",5108,"zone4",44,1000,0.044
"E3","V3A",5108,"zone5 (farthest)",12,1000,0.012
"E3","V3A",5109,"zone1 (nearest)",852,1000,0.852
"E3","V3A",5109,"zone2",68,1000,0.068
"E3","V3A",5109,"zone3",36,1000,0.036
"E3","V3A",5109,"zone4",24,1000,0.024
"E3","V3A",5109,"zone5 (farthest)",20,1000,0.02
"E3","V3A",5110,"zone1 (nearest)",860,1000,0.86
"E3","V3A",5110,"zone2",52,1000,0.052
"E3","V3A",5110,"zone3",24,1000,0.024
"E3","V3A",5110,"zone4",32,1000,0.032
"E3","V3A",5110,"zone5 (farthest)",32,1000,0.032
"E3","V3A",6101,"zone1 (nearest)",1530,2250,0.68
"E3","V3A",6101,"zone2",216,2250,0.096
"E3","V3A",6101,"zone3",234,2250,0.104
"E3","V3A",6101,"zone4",126,2250,0.056
"E3","V3A",6101,"zone5 (farthest)",144,2250,0.064
"E3","V3A",6102,"zone1 (nearest)",648,1000,0.648
"E3","V3A",6102,"zone2",88,1000,0.088
"E3","V3A",6102,"zone3",104,1000,0.104
"E3","V3A",6102,"zone4",84,1000,0.084
"E3","V3A",6102,"zone5 (farthest)",76,1000,0.076
"E3","V3A",6103,"zone1 (nearest)",612,1000,0.612
"E3","V3A",6103,"zone2",64,1000,0.064
"E3","V3A",6103,"zone3",136,1000,0.136
"E3","V3A",6103,"zone4",100,1000,0.1
"E3","V3A",6103,"zone5 (farthest)",88,1000,0.088
"E3","V3A",6104,"zone1 (nearest)",728,1000,0.728
"E3","V3A",6104,"zone2",108,1000,0.108
"E3","V3A",6104,"zone3",72,1000,0.072
"E3","V3A",6104,"zone4",60,1000,0.06
"E3","V3A",6104,"zone5 (farthest)",32,1000,0.032
"E3","V3A",6105,"zone1 (nearest)",720,1000,0.72
"E3","V3A",6105,"zone2",68,1000,0.068
"E3","V3A",6105,"zone3",72,1000,0.072
"E3","V3A",6105,"zone4",76,1000,0.076
"E3","V3A",6105,"zone5 (farthest)",64,1000,0.064
"E3","V3A",6106,"zone1 (nearest)",668,1000,0.668
"E3","V3A",6106,"zone2",96,1000,0.096
"E3","V3A",6106,"zone3",92,1000,0.092
"E3","V3A",6106,"zone4",88,1000,0.088
"E3","V3A",6106,"zone5 (farthest)",56,1000,0.056
"E3","V3A",6107,"zone1 (nearest)",692,1000,0.692
"E3","V3A",6107,"zone2",88,1000,0.088
"E3","V3A",6107,"zone3",76,1000,0.076
"E3","V3A",6107,"zone4",92,1000,0.092
"E3","V3A",6107,"zone5 (farthest)",52,1000,0.052
"E3","V3A",6108,"zone1 (nearest)",684,1000,0.684
"E3","V3A",6108,"zone2",84,1000,0.084
"E3","V3A",6108,"zone3",68,1000,0.068
"E3","V3A",6108,"zone4",64,1000,0.064
"E3","V3A",6108,"zone5 (farthest)",100,1000,0.1
"E3","V3A",6109,"zone1 (nearest)",668,1000,0.668
"E3","V3A",6109,"zone2",68,1000,0.068
"E3","V3A",6109,"zone3",112,1000,0.112
"E3","V3A",6109,"zone4",52,1000,0.052
"E3","V3A",6109,"zone5 (farthest)",100,1000,0.1
"E3","V3A",6110,"zone1 (nearest)",704,1000,0.704
"E3","V3A",6110,"zone2",84,1000,0.084
"E3","V3A",6110,"zone3",88,1000,0.088
"E3","V3A",6110,"zone4",72,1000,0.072
"E3","V3A",6110,"zone5 (farthest)",52,1000,0.052
"E3","V3A",7101,"zone1 (nearest)",2052,2250,0.912
"E3","V3A",7101,"zone2",63,2250,0.028
"E3","V3A",7101,"zone3",63,2250,0.028
"E3","V3A",7101,"zone4",36,2250,0.016
"E3","V3A",7101,"zone5 (farthest)",36,2250,0.016
"E3","V3A",7102,"zone1 (nearest)",924,1000,0.924
"E3","V3A",7102,"zone2",28,1000,0.028
"E3","V3A",7102,"zone3",16,1000,0.016
"E3","V3A",7102,"zone4",16,1000,0.016
"E3","V3A",7102,"zone5 (farthest)",16,1000,0.016
"E3","V3A",7103,"zone1 (nearest)",904,1000,0.904
"E3","V3A",7103,"zone2",24,1000,0.024
"E3","V3A",7103,"zone3",20,1000,0.02
"E3","V3A",7103,"zone4",12,1000,0.012
"E3","V3A",7103,"zone5 (farthest)",40,1000,0.04
"E3","V3A",7104,"zone1 (nearest)",940,1000,0.94
"E3","V3A",7104,"zone2",12,1000,0.012
"E3","V3A",7104,"zone3",20,1000,0.02
"E3","V3A",7104,"zone4",12,1000,0.012
"E3","V3A",7104,"zone5 (farthest)",16,1000,0.016
"E3","V3A",7105,"zone1 (nearest)",928,1000,0.928
"E3","V3A",7105,"zone2",32,1000,0.032
"E3","V3A",7105,"zone3",12,1000,0.012
"E3","V3A",7105,"zone4",16,1000,0.016
"E3","V3A",7105,"zone5 (farthest)",12,1000,0.012
"E3","V3A",7106,"zone1 (nearest)",908,1000,0.908
"E3","V3A",7106,"zone2",20,1000,0.02
"E3","V3A",7106,"zone3",24,1000,0.024
"E3","V3A",7106,"zone4",24,1000,0.024
"E3","V3A",7106,"zone5 (farthest)",24,1000,0.024
"E3","V3A",7107,"zone1 (nearest)",932,1000,0.932
"E3","V3A",7107,"zone2",12,1000,0.012
"E3","V3A",7107,"zone3",16,1000,0.016
"E3","V3A",7107,"zone4",16,1000,0.016
"E3","V3A",7107,"zone5 (farthest)",24,1000,0.024
"E3","V3A",7108,"zone1 (nearest)",932,1000,0.932
"E3","V3A",7108,"zone2",20,1000,0.02
"E3","V3A",7108,"zone3",12,1000,0.012
"E3","V3A",7108,"zone4",24,1000,0.024
"E3","V3A",7108,"zone5 (farthest)",12,1000,0.012
"E3","V3A",7109,"zone1 (nearest)",920,1000,0.92
"E3","V3A",7109,"zone2",16,1000,0.016
"E3","V3A",7109,"zone3",32,1000,0.032
"E3","V3A",7109,"zone4",24,1000,0.024
"E3","V3A",7109,"zone5 (farthest)",8,1000,0.008
"E3","V3A",7110,"zone1 (nearest)",924,1000,0.924
"E3","V3A",7110,"zone2",28,1000,0.028
"E3","V3A",7110,"zone3",16,1000,0.016
"E3","V3A",7110,"zone4",20,1000,0.02
"E3","V3A",7110,"zone5 (farthest)",12,1000,0.012
"E3","V3A",8101,"zone1 (nearest)",2043,2250,0.908
"E3","V3A",8101,"zone2",90,2250,0.04
"E3","V3A",8101,"zone3",9,2250,0.004
"E3","V3A",8101,"zone4",18,2250,0.008
"E3","V3A",8101,"zone5 (farthest)",90,2250,0.04
"E3","V3A",8102,"zone1 (nearest)",924,1000,0.924
"E3","V3A",8102,"zone2",28,1000,0.028
"E3","V3A",8102,"zone3",12,1000,0.012
"E3","V3A",8102,"zone4",24,1000,0.024
"E3","V3A",8102,"zone5 (farthest)",12,1000,0.012
"E3","V3A",8103,"zone1 (nearest)",924,1000,0.924
"E3","V3A",8103,"zone2",28,1000,0.028
"E3","V3A",8103,"zone3",16,1000,0.016
"E3","V3A",8103,"zone4",8,1000,0.008
"E3","V3A",8103,"zone5 (farthest)",24,1000,0.024
"E3","V3A",8104,"zone1 (nearest)",936,1000,0.936
"E3","V3A",8104,"zone2",20,1000,0.02
"E3","V3A",8104,"zone3",16,1000,0.016
"E3","V3A",8104,"zone4",16,1000,0.016
"E3","V3A",8104,"zone5 (farthest)",12,1000,0.012
"E3","V3A",8105,"zone1 (nearest)",924,1000,0.924
"E3","V3A",8105,"zone2",32,1000,0.032
"E3","V3A",8105,"zone3",4,1000,0.004
"E3","V3A",8105,"zone4",20,1000,0.02
"E3","V3A",8105,"zone5 (farthest)",20,1000,0.02
"E3","V3A",8106,"zone1 (nearest)",916,1000,0.916
"E3","V3A",8106,"zone2",16,1000,0.016
"E3","V3A",8106,"zone3",12,1000,0.012
"E3","V3A",8106,"zone4",28,1000,0.028
"E3","V3A",8106,"zone5 (farthest)",28,1000,0.028
"E3","V3A",8107,"zone1 (nearest)",912,1000,0.912
"E3","V3A",8107,"zone2",8,1000,0.008
"E3","V3A",8107,"zone3",28,1000,0.028
"E3","V3A",8107,"zone4",16,1000,0.016
"E3","V3A",8107,"zone5 (farthest)",36,1000,0.036
"E3","V3A",8108,"zone1 (nearest)",912,1000,0.912
"E3","V3A",8108,"zone2",20,1000,0.02
"E3","V3A",8108,"zone3",20,1000,0.02
"E3","V3A",8108,"zone4",24,1000,0.024
"E3","V3A",8108,"zone5 (farthest)",24,1000,0.024
"E3","V3A",8109,"zone1 (nearest)",908,1000,0.908
"E3","V3A",8109,"zone2",36,1000,0.036
"E3","V3A",8109,"zone3",8,1000,0.008
"E3","V3A",8109,"zone4",28,1000,0.028
"E3","V3A",8109,"zone5 (farthest)",20,1000,0.02
"E3","V3A",8110,"zone1 (nearest)",924,1000,0.924
"E3","V3A",8110,"zone2",16,1000,0.016
"E3","V3A",8110,"zone3",16,1000,0.016
"E3","V3A",8110,"zone4",12,1000,0.012
"E3","V3A",8110,"zone5 (farthest)",32,1000,0.032
"E3","V3A",9101,"zone1 (nearest)",1872,2250,0.832
"E3","V3A",9101,"zone2",171,2250,0.076
"E3","V3A",9101,"zone3",45,2250,0.02
"E3","V3A",9101,"zone4",72,2250,0.032
"E3","V3A",9101,"zone5 (farthest)",90,2250,0.04
"E3","V3A",9102,"zone1 (nearest)",836,1000,0.836
"E3","V3A",9102,"zone2",76,1000,0.076
"E3","V3A",9102,"zone3",20,1000,0.02
"E3","V3A",9102,"zone4",28,1000,0.028
"E3","V3A",9102,"zone5 (farthest)",40,1000,0.04
"E3","V3A",9103,"zone1 (nearest)",812,1000,0.812
"E3","V3A",9103,"zone2",104,1000,0.104
"E3","V3A",9103,"zone3",52,1000,0.052
"E3","V3A",9103,"zone4",8,1000,0.008
"E3","V3A",9103,"zone5 (farthest)",24,1000,0.024
"E3","V3A",9104,"zone1 (nearest)",836,1000,0.836
"E3","V3A",9104,"zone2",76,1000,0.076
"E3","V3A",9104,"zone3",28,1000,0.028
"E3","V3A",9104,"zone4",24,1000,0.024
"E3","V3A",9104,"zone5 (farthest)",36,1000,0.036
"E3","V3A",9105,"zone1 (nearest)",804,1000,0.804
"E3","V3A",9105,"zone2",80,1000,0.08
"E3","V3A",9105,"zone3",32,1000,0.032
"E3","V3A",9105,"zone4",32,1000,0.032
"E3","V3A",9105,"zone5 (farthest)",52,1000,0.052
"E3","V3A",9106,"zone1 (nearest)",848,1000,0.848
"E3","V3A",9106,"zone2",76,1000,0.076
"E3","V3A",9106,"zone3",32,1000,0.032
"E3","V3A",9106,"zone4",28,1000,0.028
"E3","V3A",9106,"zone5 (farthest)",16,1000,0.016
"E3","V3A",9107,"zone1 (nearest)",848,1000,0.848
"E3","V3A",9107,"zone2",80,1000,0.08
"E3","V3A",9107,"zone3",12,1000,0.012
"E3","V3A",9107,"zone4",20,1000,0.02
"E3","V3A",9107,"zone5 (farthest)",40,1000,0.04
"E3","V3A",9108,"zone1 (nearest)",824,1000,0.824
"E3","V3A",9108,"zone2",64,1000,0.064
"E3","V3A",9108,"zone3",48,1000,0.048
"E3","V3A",9108,"zone4",32,1000,0.032
"E3","V3A",9108,"zone5 (farthest)",32,1000,0.032
"E3","V3A",9109,"zone1 (nearest)",828,1000,0.828
"E3","V3A",9109,"zone2",88,1000,0.088
"E3","V3A",9109,"zone3",36,1000,0.036
"E3","V3A",9109,"zone4",24,1000,0.024
"E3","V3A",9109,"zone5 (farthest)",24,1000,0.024
"E3","V3A",9110,"zone1 (nearest)",836,1000,0.836
"E3","V3A",9110,"zone2",60,1000,0.06
"E3","V3A",9110,"zone3",32,1000,0.032
"E3","V3A",9110,"zone4",48,1000,0.048
"E3","V3A",9110,"zone5 (farthest)",24,1000,0.024
"E3","V3A",10101,"zone1 (nearest)",1899,2250,0.844
"E3","V3A",10101,"zone2",27,2250,0.012
"E3","V3A",10101,"zone3",63,2250,0.028
"E3","V3A",10101,"zone4",108,2250,0.048
"E3","V3A",10101,"zone5 (farthest)",153,2250,0.068
"E3","V3A",10102,"zone1 (nearest)",848,1000,0.848
"E3","V3A",10102,"zone2",12,1000,0.012
"E3","V3A",10102,"zone3",28,1000,0.028
"E3","V3A",10102,"zone4",36,1000,0.036
"E3","V3A",10102,"zone5 (farthest)",76,1000,0.076
"E3","V3A",10103,"zone1 (nearest)",872,1000,0.872
"E3","V3A",10103,"zone2",20,1000,0.02
"E3","V3A",10103,"zone3",12,1000,0.012
"E3","V3A",10103,"zone4",44,1000,0.044
"E3","V3A",10103,"zone5 (farthest)",52,1000,0.052
"E3","V3A",10104,"zone1 (nearest)",852,1000,0.852
"E3","V3A",10104,"zone2",40,1000,0.04
"E3","V3A",10104,"zone3",24,1000,0.024
"E3","V3A",10104,"zone4",32,1000,0.032
"E3","V3A",10104,"zone5 (farthest)",52,1000,0.052
"E3","V3A",10105,"zone1 (nearest)",868,1000,0.868
"E3","V3A",10105,"zone2",12,1000,0.012
"E3","V3A",10105,"zone3",24,1000,0.024
"E3","V3A",10105,"zone4",32,1000,0.032
"E3","V3A",10105,"zone5 (farthest)",64,1000,0.064
"E3","V3A",10106,"zone1 (nearest)",832,1000,0.832
"E3","V3A",10106,"zone2",12,1000,0.012
"E3","V3A",10106,"zone3",32,1000,0.032
"E3","V3A",10106,"zone4",24,1000,0.024
"E3","V3A",10106,"zone5 (farthest)",100,1000,0.1
"E3","V3A",10107,"zone1 (nearest)",860,1000,0.86
"E3","V3A",10107,"zone2",24,1000,0.024
"E3","V3A",10107,"zone3",16,1000,0.016
"E3","V3A",10107,"zone4",24,1000,0.024
"E3","V3A",10107,"zone5 (farthest)",76,1000,0.076
"E3","V3A",10108,"zone1 (nearest)",852,1000,0.852
"E3","V3A",10108,"zone2",0,1000,0
"E3","V3A",10108,"zone3",32,1000,0.032
"E3","V3A",10108,"zone4",56,1000,0.056
"E3","V3A",10108,"zone5 (farthest)",60,1000,0.06
"E3","V3A",10109,"zone1 (nearest)",836,1000,0.836
"E3","V3A",10109,"zone2",8,1000,0.008
"E3","V3A",10109,"zone3",48,1000,0.048
"E3","V3A",10109,"zone4",44,1000,0.044
"E3","V3A",10109,"zone5 (farthest)",64,1000,0.064
"E3","V3A",10110,"zone1 (nearest)",848,1000,0.848
"E3","V3A",10110,"zone2",20,1000,0.02
"E3","V3A",10110,"zone3",32,1000,0.032
"E3","V3A",10110,"zone4",40,1000,0.04
"E3","V3A",10110,"zone5 (farthest)",60,1000,0.06
"E3","V3A",11101,"zone1 (nearest)",864,2250,0.384
"E3","V3A",11101,"zone2",531,2250,0.236
"E3","V3A",11101,"zone3",252,2250,0.112
"E3","V3A",11101,"zone4",288,2250,0.128
"E3","V3A",11101,"zone5 (farthest)",315,2250,0.14
"E3","V3A",11102,"zone1 (nearest)",408,1000,0.408
"E3","V3A",11102,"zone2",180,1000,0.18
"E3","V3A",11102,"zone3",128,1000,0.128
"E3","V3A",11102,"zone4",140,1000,0.14
"E3","V3A",11102,"zone5 (farthest)",144,1000,0.144
"E3","V3A",11103,"zone1 (nearest)",408,1000,0.408
"E3","V3A",11103,"zone2",188,1000,0.188
"E3","V3A",11103,"zone3",156,1000,0.156
"E3","V3A",11103,"zone4",96,1000,0.096
"E3","V3A",11103,"zone5 (farthest)",152,1000,0.152
"E3","V3A",11104,"zone1 (nearest)",416,1000,0.416
"E3","V3A",11104,"zone2",164,1000,0.164
"E3","V3A",11104,"zone3",164,1000,0.164
"E3","V3A",11104,"zone4",120,1000,0.12
"E3","V3A",11104,"zone5 (farthest)",136,1000,0.136
"E3","V3A",11105,"zone1 (nearest)",424,1000,0.424
"E3","V3A",11105,"zone2",160,1000,0.16
"E3","V3A",11105,"zone3",188,1000,0.188
"E3","V3A",11105,"zone4",104,1000,0.104
"E3","V3A",11105,"zone5 (farthest)",124,1000,0.124
"E3","V3A",11106,"zone1 (nearest)",424,1000,0.424
"E3","V3A",11106,"zone2",176,1000,0.176
"E3","V3A",11106,"zone3",140,1000,0.14
"E3","V3A",11106,"zone4",116,1000,0.116
"E3","V3A",11106,"zone5 (farthest)",144,1000,0.144
"E3","V3A",11107,"zone1 (nearest)",396,1000,0.396
"E3","V3A",11107,"zone2",208,1000,0.208
"E3","V3A",11107,"zone3",132,1000,0.132
"E3","V3A",11107,"zone4",124,1000,0.124
"E3","V3A",11107,"zone5 (farthest)",140,1000,0.14
"E3","V3A",11108,"zone1 (nearest)",468,1000,0.468
"E3","V3A",11108,"zone2",176,1000,0.176
"E3","V3A",11108,"zone3",108,1000,0.108
"E3","V3A",11108,"zone4",92,1000,0.092
"E3","V3A",11108,"zone5 (farthest)",156,1000,0.156
"E3","V3A",11109,"zone1 (nearest)",416,1000,0.416
"E3","V3A",11109,"zone2",184,1000,0.184
"E3","V3A",11109,"zone3",136,1000,0.136
"E3","V3A",11109,"zone4",128,1000,0.128
"E3","V3A",11109,"zone5 (farthest)",136,1000,0.136
"E3","V3A",11110,"zone1 (nearest)",424,1000,0.424
"E3","V3A",11110,"zone2",188,1000,0.188
"E3","V3A",11110,"zone3",120,1000,0.12
"E3","V3A",11110,"zone4",152,1000,0.152
"E3","V3A",11110,"zone5 (farthest)",116,1000,0.116
"E3","V3A",12101,"zone1 (nearest)",1962,2250,0.872
"E3","V3A",12101,"zone2",99,2250,0.044
"E3","V3A",12101,"zone3",27,2250,0.012
"E3","V3A",12101,"zone4",99,2250,0.044
"E3","V3A",12101,"zone5 (farthest)",63,2250,0.028
"E3","V3A",12102,"zone1 (nearest)",884,1000,0.884
"E3","V3A",12102,"zone2",40,1000,0.04
"E3","V3A",12102,"zone3",32,1000,0.032
"E3","V3A",12102,"zone4",24,1000,0.024
"E3","V3A",12102,"zone5 (farthest)",20,1000,0.02
"E3","V3A",12103,"zone1 (nearest)",868,1000,0.868
"E3","V3A",12103,"zone2",28,1000,0.028
"E3","V3A",12103,"zone3",48,1000,0.048
"E3","V3A",12103,"zone4",40,1000,0.04
"E3","V3A",12103,"zone5 (farthest)",16,1000,0.016
"E3","V3A",12104,"zone1 (nearest)",904,1000,0.904
"E3","V3A",12104,"zone2",32,1000,0.032
"E3","V3A",12104,"zone3",32,1000,0.032
"E3","V3A",12104,"zone4",20,1000,0.02
"E3","V3A",12104,"zone5 (farthest)",12,1000,0.012
"E3","V3A",12105,"zone1 (nearest)",904,1000,0.904
"E3","V3A",12105,"zone2",32,1000,0.032
"E3","V3A",12105,"zone3",32,1000,0.032
"E3","V3A",12105,"zone4",20,1000,0.02
"E3","V3A",12105,"zone5 (farthest)",12,1000,0.012
"E3","V3A",12106,"zone1 (nearest)",880,1000,0.88
"E3","V3A",12106,"zone2",44,1000,0.044
"E3","V3A",12106,"zone3",20,1000,0.02
"E3","V3A",12106,"zone4",36,1000,0.036
"E3","V3A",12106,"zone5 (farthest)",20,1000,0.02
"E3","V3A",12107,"zone1 (nearest)",932,1000,0.932
"E3","V3A",12107,"zone2",20,1000,0.02
"E3","V3A",12107,"zone3",16,1000,0.016
"E3","V3A",12107,"zone4",16,1000,0.016
"E3","V3A",12107,"zone5 (farthest)",16,1000,0.016
"E3","V3A",12108,"zone1 (nearest)",872,1000,0.872
"E3","V3A",12108,"zone2",20,1000,0.02
"E3","V3A",12108,"zone3",60,1000,0.06
"E3","V3A",12108,"zone4",32,1000,0.032
"E3","V3A",12108,"zone5 (farthest)",16,1000,0.016
"E3","V3A",12109,"zone1 (nearest)",912,1000,0.912
"E3","V3A",12109,"zone2",20,1000,0.02
"E3","V3A",12109,"zone3",44,1000,0.044
"E3","V3A",12109,"zone4",8,1000,0.008
"E3","V3A",12109,"zone5 (farthest)",16,1000,0.016
"E3","V3A",12110,"zone1 (nearest)",904,1000,0.904
"E3","V3A",12110,"zone2",20,1000,0.02
"E3","V3A",12110,"zone3",40,1000,0.04
"E3","V3A",12110,"zone4",24,1000,0.024
"E3","V3A",12110,"zone5 (farthest)",12,1000,0.012
"E3","V3A",13101,"zone1 (nearest)",2034,2250,0.904
"E3","V3A",13101,"zone2",36,2250,0.016
"E3","V3A",13101,"zone3",27,2250,0.012
"E3","V3A",13101,"zone4",63,2250,0.028
"E3","V3A",13101,"zone5 (farthest)",90,2250,0.04
"E3","V3A",13102,"zone1 (nearest)",892,1000,0.892
"E3","V3A",13102,"zone2",32,1000,0.032
"E3","V3A",13102,"zone3",24,1000,0.024
"E3","V3A",13102,"zone4",8,1000,0.008
"E3","V3A",13102,"zone5 (farthest)",44,1000,0.044
"E3","V3A",13103,"zone1 (nearest)",908,1000,0.908
"E3","V3A",13103,"zone2",24,1000,0.024
"E3","V3A",13103,"zone3",12,1000,0.012
"E3","V3A",13103,"zone4",16,1000,0.016
"E3","V3A",13103,"zone5 (farthest)",40,1000,0.04
"E3","V3A",13104,"zone1 (nearest)",904,1000,0.904
"E3","V3A",13104,"zone2",16,1000,0.016
"E3","V3A",13104,"zone3",28,1000,0.028
"E3","V3A",13104,"zone4",16,1000,0.016
"E3","V3A",13104,"zone5 (farthest)",36,1000,0.036
"E3","V3A",13105,"zone1 (nearest)",900,1000,0.9
"E3","V3A",13105,"zone2",32,1000,0.032
"E3","V3A",13105,"zone3",8,1000,0.008
"E3","V3A",13105,"zone4",20,1000,0.02
"E3","V3A",13105,"zone5 (farthest)",40,1000,0.04
"E3","V3A",13106,"zone1 (nearest)",892,1000,0.892
"E3","V3A",13106,"zone2",36,1000,0.036
"E3","V3A",13106,"zone3",24,1000,0.024
"E3","V3A",13106,"zone4",12,1000,0.012
"E3","V3A",13106,"zone5 (farthest)",36,1000,0.036
"E3","V3A",13107,"zone1 (nearest)",916,1000,0.916
"E3","V3A",13107,"zone2",16,1000,0.016
"E3","V3A",13107,"zone3",12,1000,0.012
"E3","V3A",13107,"zone4",12,1000,0.012
"E3","V3A",13107,"zone5 (farthest)",44,1000,0.044
"E3","V3A",13108,"zone1 (nearest)",908,1000,0.908
"E3","V3A",13108,"zone2",28,1000,0.028
"E3","V3A",13108,"zone3",32,1000,0.032
"E3","V3A",13108,"zone4",0,1000,0
"E3","V3A",13108,"zone5 (farthest)",32,1000,0.032
"E3","V3A",13109,"zone1 (nearest)",904,1000,0.904
"E3","V3A",13109,"zone2",20,1000,0.02
"E3","V3A",13109,"zone3",24,1000,0.024
"E3","V3A",13109,"zone4",12,1000,0.012
"E3","V3A",13109,"zone5 (farthest)",40,1000,0.04
"E3","V3A",13110,"zone1 (nearest)",912,1000,0.912
"E3","V3A",13110,"zone2",28,1000,0.028
"E3","V3A",13110,"zone3",0,1000,0
"E3","V3A",13110,"zone4",8,1000,0.008
"E3","V3A",13110,"zone5 (farthest)",52,1000,0.052
"E3","V3A",14101,"zone1 (nearest)",1998,2250,0.888
"E3","V3A",14101,"zone2",90,2250,0.04
"E3","V3A",14101,"zone3",63,2250,0.028
"E3","V3A",14101,"zone4",45,2250,0.02
"E3","V3A",14101,"zone5 (farthest)",54,2250,0.024
"E3","V3A",14102,"zone1 (nearest)",888,1000,0.888
"E3","V3A",14102,"zone2",60,1000,0.06
"E3","V3A",14102,"zone3",24,1000,0.024
"E3","V3A",14102,"zone4",16,1000,0.016
"E3","V3A",14102,"zone5 (farthest)",12,1000,0.012
"E3","V3A",14103,"zone1 (nearest)",888,1000,0.888
"E3","V3A",14103,"zone2",52,1000,0.052
"E3","V3A",14103,"zone3",16,1000,0.016
"E3","V3A",14103,"zone4",20,1000,0.02
"E3","V3A",14103,"zone5 (farthest)",24,1000,0.024
"E3","V3A",14104,"zone1 (nearest)",908,1000,0.908
"E3","V3A",14104,"zone2",36,1000,0.036
"E3","V3A",14104,"zone3",20,1000,0.02
"E3","V3A",14104,"zone4",24,1000,0.024
"E3","V3A",14104,"zone5 (farthest)",12,1000,0.012
"E3","V3A",14105,"zone1 (nearest)",888,1000,0.888
"E3","V3A",14105,"zone2",56,1000,0.056
"E3","V3A",14105,"zone3",24,1000,0.024
"E3","V3A",14105,"zone4",16,1000,0.016
"E3","V3A",14105,"zone5 (farthest)",16,1000,0.016
"E3","V3A",14106,"zone1 (nearest)",868,1000,0.868
"E3","V3A",14106,"zone2",72,1000,0.072
"E3","V3A",14106,"zone3",24,1000,0.024
"E3","V3A",14106,"zone4",28,1000,0.028
"E3","V3A",14106,"zone5 (farthest)",8,1000,0.008
"E3","V3A",14107,"zone1 (nearest)",872,1000,0.872
"E3","V3A",14107,"zone2",76,1000,0.076
"E3","V3A",14107,"zone3",24,1000,0.024
"E3","V3A",14107,"zone4",24,1000,0.024
"E3","V3A",14107,"zone5 (farthest)",4,1000,0.004
"E3","V3A",14108,"zone1 (nearest)",880,1000,0.88
"E3","V3A",14108,"zone2",56,1000,0.056
"E3","V3A",14108,"zone3",20,1000,0.02
"E3","V3A",14108,"zone4",36,1000,0.036
"E3","V3A",14108,"zone5 (farthest)",8,1000,0.008
"E3","V3A",14109,"zone1 (nearest)",904,1000,0.904
"E3","V3A",14109,"zone2",24,1000,0.024
"E3","V3A",14109,"zone3",8,1000,0.008
"E3","V3A",14109,"zone4",36,1000,0.036
"E3","V3A",14109,"zone5 (farthest)",28,1000,0.028
"E3","V3A",14110,"zone1 (nearest)",884,1000,0.884
"E3","V3A",14110,"zone2",68,1000,0.068
"E3","V3A",14110,"zone3",20,1000,0.02
"E3","V3A",14110,"zone4",20,1000,0.02
"E3","V3A",14110,"zone5 (farthest)",8,1000,0.008
"E3","V3A",15101,"zone1 (nearest)",1845,2250,0.82
"E3","V3A",15101,"zone2",117,2250,0.052
"E3","V3A",15101,"zone3",54,2250,0.024
"E3","V3A",15101,"zone4",72,2250,0.032
"E3","V3A",15101,"zone5 (farthest)",162,2250,0.072
"E3","V3A",15102,"zone1 (nearest)",788,1000,0.788
"E3","V3A",15102,"zone2",68,1000,0.068
"E3","V3A",15102,"zone3",44,1000,0.044
"E3","V3A",15102,"zone4",48,1000,0.048
"E3","V3A",15102,"zone5 (farthest)",52,1000,0.052
"E3","V3A",15103,"zone1 (nearest)",788,1000,0.788
"E3","V3A",15103,"zone2",40,1000,0.04
"E3","V3A",15103,"zone3",36,1000,0.036
"E3","V3A",15103,"zone4",60,1000,0.06
"E3","V3A",15103,"zone5 (farthest)",76,1000,0.076
"E3","V3A",15104,"zone1 (nearest)",772,1000,0.772
"E3","V3A",15104,"zone2",48,1000,0.048
"E3","V3A",15104,"zone3",44,1000,0.044
"E3","V3A",15104,"zone4",60,1000,0.06
"E3","V3A",15104,"zone5 (farthest)",76,1000,0.076
"E3","V3A",15105,"zone1 (nearest)",740,1000,0.74
"E3","V3A",15105,"zone2",56,1000,0.056
"E3","V3A",15105,"zone3",60,1000,0.06
"E3","V3A",15105,"zone4",60,1000,0.06
"E3","V3A",15105,"zone5 (farthest)",84,1000,0.084
"E3","V3A",15106,"zone1 (nearest)",804,1000,0.804
"E3","V3A",15106,"zone2",40,1000,0.04
"E3","V3A",15106,"zone3",28,1000,0.028
"E3","V3A",15106,"zone4",48,1000,0.048
"E3","V3A",15106,"zone5 (farthest)",80,1000,0.08
"E3","V3A",15107,"zone1 (nearest)",760,1000,0.76
"E3","V3A",15107,"zone2",36,1000,0.036
"E3","V3A",15107,"zone3",68,1000,0.068
"E3","V3A",15107,"zone4",68,1000,0.068
"E3","V3A",15107,"zone5 (farthest)",68,1000,0.068
"E3","V3A",15108,"zone1 (nearest)",836,1000,0.836
"E3","V3A",15108,"zone2",28,1000,0.028
"E3","V3A",15108,"zone3",36,1000,0.036
"E3","V3A",15108,"zone4",32,1000,0.032
"E3","V3A",15108,"zone5 (farthest)",68,1000,0.068
"E3","V3A",15109,"zone1 (nearest)",800,1000,0.8
"E3","V3A",15109,"zone2",44,1000,0.044
"E3","V3A",15109,"zone3",36,1000,0.036
"E3","V3A",15109,"zone4",32,1000,0.032
"E3","V3A",15109,"zone5 (farthest)",88,1000,0.088
"E3","V3A",15110,"zone1 (nearest)",784,1000,0.784
"E3","V3A",15110,"zone2",40,1000,0.04
"E3","V3A",15110,"zone3",68,1000,0.068
"E3","V3A",15110,"zone4",48,1000,0.048
"E3","V3A",15110,"zone5 (farthest)",60,1000,0.06
"E3","V3A",16101,"zone1 (nearest)",2106,2250,0.936
"E3","V3A",16101,"zone2",45,2250,0.02
"E3","V3A",16101,"zone3",36,2250,0.016
"E3","V3A",16101,"zone4",45,2250,0.02
"E3","V3A",16101,"zone5 (farthest)",18,2250,0.008
"E3","V3A",16102,"zone1 (nearest)",908,1000,0.908
"E3","V3A",16102,"zone2",36,1000,0.036
"E3","V3A",16102,"zone3",16,1000,0.016
"E3","V3A",16102,"zone4",20,1000,0.02
"E3","V3A",16102,"zone5 (farthest)",20,1000,0.02
"E3","V3A",16103,"zone1 (nearest)",872,1000,0.872
"E3","V3A",16103,"zone2",64,1000,0.064
"E3","V3A",16103,"zone3",24,1000,0.024
"E3","V3A",16103,"zone4",20,1000,0.02
"E3","V3A",16103,"zone5 (farthest)",20,1000,0.02
"E3","V3A",16104,"zone1 (nearest)",908,1000,0.908
"E3","V3A",16104,"zone2",24,1000,0.024
"E3","V3A",16104,"zone3",20,1000,0.02
"E3","V3A",16104,"zone4",28,1000,0.028
"E3","V3A",16104,"zone5 (farthest)",20,1000,0.02
"E3","V3A",16105,"zone1 (nearest)",892,1000,0.892
"E3","V3A",16105,"zone2",36,1000,0.036
"E3","V3A",16105,"zone3",28,1000,0.028
"E3","V3A",16105,"zone4",20,1000,0.02
"E3","V3A",16105,"zone5 (farthest)",24,1000,0.024
"E3","V3A",16106,"zone1 (nearest)",896,1000,0.896
"E3","V3A",16106,"zone2",36,1000,0.036
"E3","V3A",16106,"zone3",20,1000,0.02
"E3","V3A",16106,"zone4",28,1000,0.028
"E3","V3A",16106,"zone5 (farthest)",20,1000,0.02
"E3","V3A",16107,"zone1 (nearest)",912,1000,0.912
"E3","V3A",16107,"zone2",44,1000,0.044
"E3","V3A",16107,"zone3",24,1000,0.024
"E3","V3A",16107,"zone4",12,1000,0.012
"E3","V3A",16107,"zone5 (farthest)",8,1000,0.008
"E3","V3A",16108,"zone1 (nearest)",896,1000,0.896
"E3","V3A",16108,"zone2",48,1000,0.048
"E3","V3A",16108,"zone3",12,1000,0.012
"E3","V3A",16108,"zone4",28,1000,0.028
"E3","V3A",16108,"zone5 (farthest)",16,1000,0.016
"E3","V3A",16109,"zone1 (nearest)",892,1000,0.892
"E3","V3A",16109,"zone2",40,1000,0.04
"E3","V3A",16109,"zone3",32,1000,0.032
"E3","V3A",16109,"zone4",20,1000,0.02
"E3","V3A",16109,"zone5 (farthest)",16,1000,0.016
"E3","V3A",16110,"zone1 (nearest)",900,1000,0.9
"E3","V3A",16110,"zone2",40,1000,0.04
"E3","V3A",16110,"zone3",28,1000,0.028
"E3","V3A",16110,"zone4",8,1000,0.008
"E3","V3A",16110,"zone5 (farthest)",24,1000,0.024
"E3","V3A",17101,"zone1 (nearest)",1908,2250,0.848
"E3","V3A",17101,"zone2",189,2250,0.084
"E3","V3A",17101,"zone3",81,2250,0.036
"E3","V3A",17101,"zone4",27,2250,0.012
"E3","V3A",17101,"zone5 (farthest)",45,2250,0.02
"E3","V3A",17102,"zone1 (nearest)",852,1000,0.852
"E3","V3A",17102,"zone2",80,1000,0.08
"E3","V3A",17102,"zone3",44,1000,0.044
"E3","V3A",17102,"zone4",4,1000,0.004
"E3","V3A",17102,"zone5 (farthest)",20,1000,0.02
"E3","V3A",17103,"zone1 (nearest)",840,1000,0.84
"E3","V3A",17103,"zone2",108,1000,0.108
"E3","V3A",17103,"zone3",24,1000,0.024
"E3","V3A",17103,"zone4",12,1000,0.012
"E3","V3A",17103,"zone5 (farthest)",16,1000,0.016
"E3","V3A",17104,"zone1 (nearest)",872,1000,0.872
"E3","V3A",17104,"zone2",60,1000,0.06
"E3","V3A",17104,"zone3",48,1000,0.048
"E3","V3A",17104,"zone4",16,1000,0.016
"E3","V3A",17104,"zone5 (farthest)",4,1000,0.004
"E3","V3A",17105,"zone1 (nearest)",852,1000,0.852
"E3","V3A",17105,"zone2",68,1000,0.068
"E3","V3A",17105,"zone3",52,1000,0.052
"E3","V3A",17105,"zone4",8,1000,0.008
"E3","V3A",17105,"zone5 (farthest)",20,1000,0.02
"E3","V3A",17106,"zone1 (nearest)",860,1000,0.86
"E3","V3A",17106,"zone2",72,1000,0.072
"E3","V3A",17106,"zone3",28,1000,0.028
"E3","V3A",17106,"zone4",16,1000,0.016
"E3","V3A",17106,"zone5 (farthest)",24,1000,0.024
"E3","V3A",17107,"zone1 (nearest)",828,1000,0.828
"E3","V3A",17107,"zone2",100,1000,0.1
"E3","V3A",17107,"zone3",40,1000,0.04
"E3","V3A",17107,"zone4",20,1000,0.02
"E3","V3A",17107,"zone5 (farthest)",12,1000,0.012
"E3","V3A",17108,"zone1 (nearest)",880,1000,0.88
"E3","V3A",17108,"zone2",68,1000,0.068
"E3","V3A",17108,"zone3",24,1000,0.024
"E3","V3A",17108,"zone4",20,1000,0.02
"E3","V3A",17108,"zone5 (farthest)",8,1000,0.008
"E3","V3A",17109,"zone1 (nearest)",872,1000,0.872
"E3","V3A",17109,"zone2",64,1000,0.064
"E3","V3A",17109,"zone3",36,1000,0.036
"E3","V3A",17109,"zone4",20,1000,0.02
"E3","V3A",17109,"zone5 (farthest)",8,1000,0.008
"E3","V3A",17110,"zone1 (nearest)",856,1000,0.856
"E3","V3A",17110,"zone2",84,1000,0.084
"E3","V3A",17110,"zone3",20,1000,0.02
"E3","V3A",17110,"zone4",20,1000,0.02
"E3","V3A",17110,"zone5 (farthest)",20,1000,0.02
"E3","V3A",18101,"zone1 (nearest)",1746,2250,0.776
"E3","V3A",18101,"zone2",315,2250,0.14
"E3","V3A",18101,"zone3",54,2250,0.024
"E3","V3A",18101,"zone4",54,2250,0.024
"E3","V3A",18101,"zone5 (farthest)",81,2250,0.036
"E3","V3A",18102,"zone1 (nearest)",784,1000,0.784
"E3","V3A",18102,"zone2",132,1000,0.132
"E3","V3A",18102,"zone3",20,1000,0.02
"E3","V3A",18102,"zone4",24,1000,0.024
"E3","V3A",18102,"zone5 (farthest)",40,1000,0.04
"E3","V3A",18103,"zone1 (nearest)",760,1000,0.76
"E3","V3A",18103,"zone2",164,1000,0.164
"E3","V3A",18103,"zone3",20,1000,0.02
"E3","V3A",18103,"zone4",16,1000,0.016
"E3","V3A",18103,"zone5 (farthest)",40,1000,0.04
"E3","V3A",18104,"zone1 (nearest)",744,1000,0.744
"E3","V3A",18104,"zone2",160,1000,0.16
"E3","V3A",18104,"zone3",32,1000,0.032
"E3","V3A",18104,"zone4",20,1000,0.02
"E3","V3A",18104,"zone5 (farthest)",44,1000,0.044
"E3","V3A",18105,"zone1 (nearest)",796,1000,0.796
"E3","V3A",18105,"zone2",120,1000,0.12
"E3","V3A",18105,"zone3",32,1000,0.032
"E3","V3A",18105,"zone4",20,1000,0.02
"E3","V3A",18105,"zone5 (farthest)",32,1000,0.032
"E3","V3A",18106,"zone1 (nearest)",784,1000,0.784
"E3","V3A",18106,"zone2",128,1000,0.128
"E3","V3A",18106,"zone3",16,1000,0.016
"E3","V3A",18106,"zone4",28,1000,0.028
"E3","V3A",18106,"zone5 (farthest)",44,1000,0.044
"E3","V3A",18107,"zone1 (nearest)",820,1000,0.82
"E3","V3A",18107,"zone2",88,1000,0.088
"E3","V3A",18107,"zone3",32,1000,0.032
"E3","V3A",18107,"zone4",24,1000,0.024
"E3","V3A",18107,"zone5 (farthest)",36,1000,0.036
"E3","V3A",18108,"zone1 (nearest)",800,1000,0.8
"E3","V3A",18108,"zone2",116,1000,0.116
"E3","V3A",18108,"zone3",24,1000,0.024
"E3","V3A",18108,"zone4",20,1000,0.02
"E3","V3A",18108,"zone5 (farthest)",40,1000,0.04
"E3","V3A",18109,"zone1 (nearest)",812,1000,0.812
"E3","V3A",18109,"zone2",108,1000,0.108
"E3","V3A",18109,"zone3",12,1000,0.012
"E3","V3A",18109,"zone4",24,1000,0.024
"E3","V3A",18109,"zone5 (farthest)",44,1000,0.044
"E3","V3A",18110,"zone1 (nearest)",772,1000,0.772
"E3","V3A",18110,"zone2",136,1000,0.136
"E3","V3A",18110,"zone3",12,1000,0.012
"E3","V3A",18110,"zone4",28,1000,0.028
"E3","V3A",18110,"zone5 (farthest)",52,1000,0.052
"E3","V3A",19101,"zone1 (nearest)",2034,2250,0.904
"E3","V3A",19101,"zone2",72,2250,0.032
"E3","V3A",19101,"zone3",72,2250,0.032
"E3","V3A",19101,"zone4",18,2250,0.008
"E3","V3A",19101,"zone5 (farthest)",54,2250,0.024
"E3","V3A",19102,"zone1 (nearest)",880,1000,0.88
"E3","V3A",19102,"zone2",44,1000,0.044
"E3","V3A",19102,"zone3",44,1000,0.044
"E3","V3A",19102,"zone4",12,1000,0.012
"E3","V3A",19102,"zone5 (farthest)",20,1000,0.02
"E3","V3A",19103,"zone1 (nearest)",880,1000,0.88
"E3","V3A",19103,"zone2",64,1000,0.064
"E3","V3A",19103,"zone3",28,1000,0.028
"E3","V3A",19103,"zone4",20,1000,0.02
"E3","V3A",19103,"zone5 (farthest)",8,1000,0.008
"E3","V3A",19104,"zone1 (nearest)",892,1000,0.892
"E3","V3A",19104,"zone2",52,1000,0.052
"E3","V3A",19104,"zone3",12,1000,0.012
"E3","V3A",19104,"zone4",28,1000,0.028
"E3","V3A",19104,"zone5 (farthest)",16,1000,0.016
"E3","V3A",19105,"zone1 (nearest)",880,1000,0.88
"E3","V3A",19105,"zone2",52,1000,0.052
"E3","V3A",19105,"zone3",32,1000,0.032
"E3","V3A",19105,"zone4",20,1000,0.02
"E3","V3A",19105,"zone5 (farthest)",16,1000,0.016
"E3","V3A",19106,"zone1 (nearest)",908,1000,0.908
"E3","V3A",19106,"zone2",48,1000,0.048
"E3","V3A",19106,"zone3",20,1000,0.02
"E3","V3A",19106,"zone4",24,1000,0.024
"E3","V3A",19106,"zone5 (farthest)",0,1000,0
"E3","V3A",19107,"zone1 (nearest)",884,1000,0.884
"E3","V3A",19107,"zone2",52,1000,0.052
"E3","V3A",19107,"zone3",24,1000,0.024
"E3","V3A",19107,"zone4",28,1000,0.028
"E3","V3A",19107,"zone5 (farthest)",12,1000,0.012
"E3","V3A",19108,"zone1 (nearest)",896,1000,0.896
"E3","V3A",19108,"zone2",40,1000,0.04
"E3","V3A",19108,"zone3",32,1000,0.032
"E3","V3A",19108,"zone4",24,1000,0.024
"E3","V3A",19108,"zone5 (farthest)",8,1000,0.008
"E3","V3A",19109,"zone1 (nearest)",892,1000,0.892
"E3","V3A",19109,"zone2",48,1000,0.048
"E3","V3A",19109,"zone3",20,1000,0.02
"E3","V3A",19109,"zone4",24,1000,0.024
"E3","V3A",19109,"zone5 (farthest)",16,1000,0.016
"E3","V3A",19110,"zone1 (nearest)",884,1000,0.884
"E3","V3A",19110,"zone2",44,1000,0.044
"E3","V3A",19110,"zone3",20,1000,0.02
"E3","V3A",19110,"zone4",20,1000,0.02
"E3","V3A",19110,"zone5 (farthest)",32,1000,0.032
"E3","V3A",20101,"zone1 (nearest)",1980,2250,0.88
"E3","V3A",20101,"zone2",99,2250,0.044
"E3","V3A",20101,"zone3",99,2250,0.044
"E3","V3A",20101,"zone4",36,2250,0.016
"E3","V3A",20101,"zone5 (farthest)",36,2250,0.016
"E3","V3A",20102,"zone1 (nearest)",872,1000,0.872
"E3","V3A",20102,"zone2",72,1000,0.072
"E3","V3A",20102,"zone3",20,1000,0.02
"E3","V3A",20102,"zone4",12,1000,0.012
"E3","V3A",20102,"zone5 (farthest)",24,1000,0.024
"E3","V3A",20103,"zone1 (nearest)",888,1000,0.888
"E3","V3A",20103,"zone2",60,1000,0.06
"E3","V3A",20103,"zone3",28,1000,0.028
"E3","V3A",20103,"zone4",16,1000,0.016
"E3","V3A",20103,"zone5 (farthest)",8,1000,0.008
"E3","V3A",20104,"zone1 (nearest)",888,1000,0.888
"E3","V3A",20104,"zone2",48,1000,0.048
"E3","V3A",20104,"zone3",36,1000,0.036
"E3","V3A",20104,"zone4",20,1000,0.02
"E3","V3A",20104,"zone5 (farthest)",8,1000,0.008
"E3","V3A",20105,"zone1 (nearest)",876,1000,0.876
"E3","V3A",20105,"zone2",60,1000,0.06
"E3","V3A",20105,"zone3",20,1000,0.02
"E3","V3A",20105,"zone4",24,1000,0.024
"E3","V3A",20105,"zone5 (farthest)",20,1000,0.02
"E3","V3A",20106,"zone1 (nearest)",904,1000,0.904
"E3","V3A",20106,"zone2",48,1000,0.048
"E3","V3A",20106,"zone3",16,1000,0.016
"E3","V3A",20106,"zone4",12,1000,0.012
"E3","V3A",20106,"zone5 (farthest)",20,1000,0.02
"E3","V3A",20107,"zone1 (nearest)",912,1000,0.912
"E3","V3A",20107,"zone2",44,1000,0.044
"E3","V3A",20107,"zone3",28,1000,0.028
"E3","V3A",20107,"zone4",8,1000,0.008
"E3","V3A",20107,"zone5 (farthest)",8,1000,0.008
"E3","V3A",20108,"zone1 (nearest)",880,1000,0.88
"E3","V3A",20108,"zone2",60,1000,0.06
"E3","V3A",20108,"zone3",32,1000,0.032
"E3","V3A",20108,"zone4",8,1000,0.008
"E3","V3A",20108,"zone5 (farthest)",20,1000,0.02
"E3","V3A",20109,"zone1 (nearest)",900,1000,0.9
"E3","V3A",20109,"zone2",56,1000,0.056
"E3","V3A",20109,"zone3",16,1000,0.016
"E3","V3A",20109,"zone4",24,1000,0.024
"E3","V3A",20109,"zone5 (farthest)",4,1000,0.004
"E3","V3A",20110,"zone1 (nearest)",896,1000,0.896
"E3","V3A",20110,"zone2",52,1000,0.052
"E3","V3A",20110,"zone3",20,1000,0.02
"E3","V3A",20110,"zone4",12,1000,0.012
"E3","V3A",20110,"zone5 (farthest)",20,1000,0.02
"E3","V3A",21101,"zone1 (nearest)",2115,2250,0.94
"E3","V3A",21101,"zone2",36,2250,0.016
"E3","V3A",21101,"zone3",54,2250,0.024
"E3","V3A",21101,"zone4",18,2250,0.008
"E3","V3A",21101,"zone5 (farthest)",27,2250,0.012
"E3","V3A",21102,"zone1 (nearest)",932,1000,0.932
"E3","V3A",21102,"zone2",16,1000,0.016
"E3","V3A",21102,"zone3",20,1000,0.02
"E3","V3A",21102,"zone4",8,1000,0.008
"E3","V3A",21102,"zone5 (farthest)",24,1000,0.024
"E3","V3A",21103,"zone1 (nearest)",944,1000,0.944
"E3","V3A",21103,"zone2",12,1000,0.012
"E3","V3A",21103,"zone3",24,1000,0.024
"E3","V3A",21103,"zone4",8,1000,0.008
"E3","V3A",21103,"zone5 (farthest)",12,1000,0.012
"E3","V3A",21104,"zone1 (nearest)",940,1000,0.94
"E3","V3A",21104,"zone2",8,1000,0.008
"E3","V3A",21104,"zone3",20,1000,0.02
"E3","V3A",21104,"zone4",16,1000,0.016
"E3","V3A",21104,"zone5 (farthest)",16,1000,0.016
"E3","V3A",21105,"zone1 (nearest)",908,1000,0.908
"E3","V3A",21105,"zone2",20,1000,0.02
"E3","V3A",21105,"zone3",24,1000,0.024
"E3","V3A",21105,"zone4",24,1000,0.024
"E3","V3A",21105,"zone5 (farthest)",24,1000,0.024
"E3","V3A",21106,"zone1 (nearest)",932,1000,0.932
"E3","V3A",21106,"zone2",8,1000,0.008
"E3","V3A",21106,"zone3",16,1000,0.016
"E3","V3A",21106,"zone4",20,1000,0.02
"E3","V3A",21106,"zone5 (farthest)",24,1000,0.024
"E3","V3A",21107,"zone1 (nearest)",932,1000,0.932
"E3","V3A",21107,"zone2",20,1000,0.02
"E3","V3A",21107,"zone3",16,1000,0.016
"E3","V3A",21107,"zone4",12,1000,0.012
"E3","V3A",21107,"zone5 (farthest)",20,1000,0.02
"E3","V3A",21108,"zone1 (nearest)",936,1000,0.936
"E3","V3A",21108,"zone2",8,1000,0.008
"E3","V3A",21108,"zone3",8,1000,0.008
"E3","V3A",21108,"zone4",16,1000,0.016
"E3","V3A",21108,"zone5 (farthest)",32,1000,0.032
"E3","V3A",21109,"zone1 (nearest)",940,1000,0.94
"E3","V3A",21109,"zone2",8,1000,0.008
"E3","V3A",21109,"zone3",16,1000,0.016
"E3","V3A",21109,"zone4",20,1000,0.02
"E3","V3A",21109,"zone5 (farthest)",16,1000,0.016
"E3","V3A",21110,"zone1 (nearest)",924,1000,0.924
"E3","V3A",21110,"zone2",28,1000,0.028
"E3","V3A",21110,"zone3",16,1000,0.016
"E3","V3A",21110,"zone4",12,1000,0.012
"E3","V3A",21110,"zone5 (farthest)",20,1000,0.02
"E3","V3A",22101,"zone1 (nearest)",2088,2250,0.928
"E3","V3A",22101,"zone2",9,2250,0.004
"E3","V3A",22101,"zone3",18,2250,0.008
"E3","V3A",22101,"zone4",72,2250,0.032
"E3","V3A",22101,"zone5 (farthest)",63,2250,0.028
"E3","V3A",22102,"zone1 (nearest)",928,1000,0.928
"E3","V3A",22102,"zone2",24,1000,0.024
"E3","V3A",22102,"zone3",8,1000,0.008
"E3","V3A",22102,"zone4",36,1000,0.036
"E3","V3A",22102,"zone5 (farthest)",4,1000,0.004
"E3","V3A",22103,"zone1 (nearest)",920,1000,0.92
"E3","V3A",22103,"zone2",8,1000,0.008
"E3","V3A",22103,"zone3",20,1000,0.02
"E3","V3A",22103,"zone4",36,1000,0.036
"E3","V3A",22103,"zone5 (farthest)",16,1000,0.016
"E3","V3A",22104,"zone1 (nearest)",928,1000,0.928
"E3","V3A",22104,"zone2",28,1000,0.028
"E3","V3A",22104,"zone3",24,1000,0.024
"E3","V3A",22104,"zone4",12,1000,0.012
"E3","V3A",22104,"zone5 (farthest)",8,1000,0.008
"E3","V3A",22105,"zone1 (nearest)",924,1000,0.924
"E3","V3A",22105,"zone2",24,1000,0.024
"E3","V3A",22105,"zone3",16,1000,0.016
"E3","V3A",22105,"zone4",4,1000,0.004
"E3","V3A",22105,"zone5 (farthest)",32,1000,0.032
"E3","V3A",22106,"zone1 (nearest)",932,1000,0.932
"E3","V3A",22106,"zone2",32,1000,0.032
"E3","V3A",22106,"zone3",4,1000,0.004
"E3","V3A",22106,"zone4",20,1000,0.02
"E3","V3A",22106,"zone5 (farthest)",12,1000,0.012
"E3","V3A",22107,"zone1 (nearest)",928,1000,0.928
"E3","V3A",22107,"zone2",16,1000,0.016
"E3","V3A",22107,"zone3",20,1000,0.02
"E3","V3A",22107,"zone4",16,1000,0.016
"E3","V3A",22107,"zone5 (farthest)",20,1000,0.02
"E3","V3A",22108,"zone1 (nearest)",928,1000,0.928
"E3","V3A",22108,"zone2",28,1000,0.028
"E3","V3A",22108,"zone3",4,1000,0.004
"E3","V3A",22108,"zone4",28,1000,0.028
"E3","V3A",22108,"zone5 (farthest)",12,1000,0.012
"E3","V3A",22109,"zone1 (nearest)",932,1000,0.932
"E3","V3A",22109,"zone2",12,1000,0.012
"E3","V3A",22109,"zone3",32,1000,0.032
"E3","V3A",22109,"zone4",12,1000,0.012
"E3","V3A",22109,"zone5 (farthest)",12,1000,0.012
"E3","V3A",22110,"zone1 (nearest)",932,1000,0.932
"E3","V3A",22110,"zone2",20,1000,0.02
"E3","V3A",22110,"zone3",16,1000,0.016
"E3","V3A",22110,"zone4",24,1000,0.024
"E3","V3A",22110,"zone5 (farthest)",8,1000,0.008
"E3","V3A",23101,"zone1 (nearest)",1764,2250,0.784
"E3","V3A",23101,"zone2",18,2250,0.008
"E3","V3A",23101,"zone3",54,2250,0.024
"E3","V3A",23101,"zone4",9,2250,0.004
"E3","V3A",23101,"zone5 (farthest)",405,2250,0.18
"E3","V3A",23102,"zone1 (nearest)",816,1000,0.816
"E3","V3A",23102,"zone2",12,1000,0.012
"E3","V3A",23102,"zone3",28,1000,0.028
"E3","V3A",23102,"zone4",8,1000,0.008
"E3","V3A",23102,"zone5 (farthest)",136,1000,0.136
"E3","V3A",23103,"zone1 (nearest)",824,1000,0.824
"E3","V3A",23103,"zone2",12,1000,0.012
"E3","V3A",23103,"zone3",20,1000,0.02
"E3","V3A",23103,"zone4",12,1000,0.012
"E3","V3A",23103,"zone5 (farthest)",132,1000,0.132
"E3","V3A",23104,"zone1 (nearest)",836,1000,0.836
"E3","V3A",23104,"zone2",8,1000,0.008
"E3","V3A",23104,"zone3",20,1000,0.02
"E3","V3A",23104,"zone4",24,1000,0.024
"E3","V3A",23104,"zone5 (farthest)",112,1000,0.112
"E3","V3A",23105,"zone1 (nearest)",792,1000,0.792
"E3","V3A",23105,"zone2",4,1000,0.004
"E3","V3A",23105,"zone3",16,1000,0.016
"E3","V3A",23105,"zone4",16,1000,0.016
"E3","V3A",23105,"zone5 (farthest)",172,1000,0.172
"E3","V3A",23106,"zone1 (nearest)",800,1000,0.8
"E3","V3A",23106,"zone2",32,1000,0.032
"E3","V3A",23106,"zone3",24,1000,0.024
"E3","V3A",23106,"zone4",12,1000,0.012
"E3","V3A",23106,"zone5 (farthest)",132,1000,0.132
"E3","V3A",23107,"zone1 (nearest)",812,1000,0.812
"E3","V3A",23107,"zone2",16,1000,0.016
"E3","V3A",23107,"zone3",28,1000,0.028
"E3","V3A",23107,"zone4",20,1000,0.02
"E3","V3A",23107,"zone5 (farthest)",124,1000,0.124
"E3","V3A",23108,"zone1 (nearest)",768,1000,0.768
"E3","V3A",23108,"zone2",28,1000,0.028
"E3","V3A",23108,"zone3",28,1000,0.028
"E3","V3A",23108,"zone4",16,1000,0.016
"E3","V3A",23108,"zone5 (farthest)",160,1000,0.16
"E3","V3A",23109,"zone1 (nearest)",816,1000,0.816
"E3","V3A",23109,"zone2",16,1000,0.016
"E3","V3A",23109,"zone3",12,1000,0.012
"E3","V3A",23109,"zone4",24,1000,0.024
"E3","V3A",23109,"zone5 (farthest)",132,1000,0.132
"E3","V3A",23110,"zone1 (nearest)",784,1000,0.784
"E3","V3A",23110,"zone2",12,1000,0.012
"E3","V3A",23110,"zone3",20,1000,0.02
"E3","V3A",23110,"zone4",16,1000,0.016
"E3","V3A",23110,"zone5 (farthest)",168,1000,0.168
"E3","V3A",24101,"zone1 (nearest)",2079,2250,0.924
"E3","V3A",24101,"zone2",99,2250,0.044
"E3","V3A",24101,"zone3",36,2250,0.016
"E3","V3A",24101,"zone4",9,2250,0.004
"E3","V3A",24101,"zone5 (farthest)",27,2250,0.012
"E3","V3A",24102,"zone1 (nearest)",944,1000,0.944
"E3","V3A",24102,"zone2",28,1000,0.028
"E3","V3A",24102,"zone3",0,1000,0
"E3","V3A",24102,"zone4",4,1000,0.004
"E3","V3A",24102,"zone5 (farthest)",24,1000,0.024
"E3","V3A",24103,"zone1 (nearest)",944,1000,0.944
"E3","V3A",24103,"zone2",20,1000,0.02
"E3","V3A",24103,"zone3",20,1000,0.02
"E3","V3A",24103,"zone4",8,1000,0.008
"E3","V3A",24103,"zone5 (farthest)",8,1000,0.008
"E3","V3A",24104,"zone1 (nearest)",944,1000,0.944
"E3","V3A",24104,"zone2",20,1000,0.02
"E3","V3A",24104,"zone3",16,1000,0.016
"E3","V3A",24104,"zone4",12,1000,0.012
"E3","V3A",24104,"zone5 (farthest)",8,1000,0.008
"E3","V3A",24105,"zone1 (nearest)",952,1000,0.952
"E3","V3A",24105,"zone2",20,1000,0.02
"E3","V3A",24105,"zone3",8,1000,0.008
"E3","V3A",24105,"zone4",8,1000,0.008
"E3","V3A",24105,"zone5 (farthest)",12,1000,0.012
"E3","V3A",24106,"zone1 (nearest)",940,1000,0.94
"E3","V3A",24106,"zone2",28,1000,0.028
"E3","V3A",24106,"zone3",4,1000,0.004
"E3","V3A",24106,"zone4",4,1000,0.004
"E3","V3A",24106,"zone5 (farthest)",24,1000,0.024
"E3","V3A",24107,"zone1 (nearest)",948,1000,0.948
"E3","V3A",24107,"zone2",28,1000,0.028
"E3","V3A",24107,"zone3",8,1000,0.008
"E3","V3A",24107,"zone4",8,1000,0.008
"E3","V3A",24107,"zone5 (farthest)",8,1000,0.008
"E3","V3A",24108,"zone1 (nearest)",940,1000,0.94
"E3","V3A",24108,"zone2",24,1000,0.024
"E3","V3A",24108,"zone3",12,1000,0.012
"E3","V3A",24108,"zone4",8,1000,0.008
"E3","V3A",24108,"zone5 (farthest)",16,1000,0.016
"E3","V3A",24109,"zone1 (nearest)",952,1000,0.952
"E3","V3A",24109,"zone2",24,1000,0.024
"E3","V3A",24109,"zone3",8,1000,0.008
"E3","V3A",24109,"zone4",8,1000,0.008
"E3","V3A",24109,"zone5 (farthest)",8,1000,0.008
"E3","V3A",24110,"zone1 (nearest)",952,1000,0.952
"E3","V3A",24110,"zone2",16,1000,0.016
"E3","V3A",24110,"zone3",16,1000,0.016
"E3","V3A",24110,"zone4",4,1000,0.004
"E3","V3A",24110,"zone5 (farthest)",12,1000,0.012
"E3","V3A",25101,"zone1 (nearest)",2016,2250,0.896
"E3","V3A",25101,"zone2",90,2250,0.04
"E3","V3A",25101,"zone3",45,2250,0.02
"E3","V3A",25101,"zone4",63,2250,0.028
"E3","V3A",25101,"zone5 (farthest)",36,2250,0.016
"E3","V3A",25102,"zone1 (nearest)",908,1000,0.908
"E3","V3A",25102,"zone2",48,1000,0.048
"E3","V3A",25102,"zone3",24,1000,0.024
"E3","V3A",25102,"zone4",12,1000,0.012
"E3","V3A",25102,"zone5 (farthest)",8,1000,0.008
"E3","V3A",25103,"zone1 (nearest)",872,1000,0.872
"E3","V3A",25103,"zone2",68,1000,0.068
"E3","V3A",25103,"zone3",40,1000,0.04
"E3","V3A",25103,"zone4",8,1000,0.008
"E3","V3A",25103,"zone5 (farthest)",12,1000,0.012
"E3","V3A",25104,"zone1 (nearest)",896,1000,0.896
"E3","V3A",25104,"zone2",44,1000,0.044
"E3","V3A",25104,"zone3",20,1000,0.02
"E3","V3A",25104,"zone4",16,1000,0.016
"E3","V3A",25104,"zone5 (farthest)",24,1000,0.024
"E3","V3A",25105,"zone1 (nearest)",896,1000,0.896
"E3","V3A",25105,"zone2",56,1000,0.056
"E3","V3A",25105,"zone3",32,1000,0.032
"E3","V3A",25105,"zone4",12,1000,0.012
"E3","V3A",25105,"zone5 (farthest)",4,1000,0.004
"E3","V3A",25106,"zone1 (nearest)",880,1000,0.88
"E3","V3A",25106,"zone2",84,1000,0.084
"E3","V3A",25106,"zone3",12,1000,0.012
"E3","V3A",25106,"zone4",16,1000,0.016
"E3","V3A",25106,"zone5 (farthest)",8,1000,0.008
"E3","V3A",25107,"zone1 (nearest)",892,1000,0.892
"E3","V3A",25107,"zone2",56,1000,0.056
"E3","V3A",25107,"zone3",24,1000,0.024
"E3","V3A",25107,"zone4",16,1000,0.016
"E3","V3A",25107,"zone5 (farthest)",12,1000,0.012
"E3","V3A",25108,"zone1 (nearest)",888,1000,0.888
"E3","V3A",25108,"zone2",52,1000,0.052
"E3","V3A",25108,"zone3",16,1000,0.016
"E3","V3A",25108,"zone4",24,1000,0.024
"E3","V3A",25108,"zone5 (farthest)",20,1000,0.02
"E3","V3A",25109,"zone1 (nearest)",884,1000,0.884
"E3","V3A",25109,"zone2",76,1000,0.076
"E3","V3A",25109,"zone3",20,1000,0.02
"E3","V3A",25109,"zone4",12,1000,0.012
"E3","V3A",25109,"zone5 (farthest)",8,1000,0.008
"E3","V3A",25110,"zone1 (nearest)",904,1000,0.904
"E3","V3A",25110,"zone2",48,1000,0.048
"E3","V3A",25110,"zone3",12,1000,0.012
"E3","V3A",25110,"zone4",16,1000,0.016
"E3","V3A",25110,"zone5 (farthest)",20,1000,0.02
"E3","V3A",26101,"zone1 (nearest)",2016,2250,0.896
"E3","V3A",26101,"zone2",18,2250,0.008
"E3","V3A",26101,"zone3",90,2250,0.04
"E3","V3A",26101,"zone4",45,2250,0.02
"E3","V3A",26101,"zone5 (farthest)",81,2250,0.036
"E3","V3A",26102,"zone1 (nearest)",928,1000,0.928
"E3","V3A",26102,"zone2",12,1000,0.012
"E3","V3A",26102,"zone3",32,1000,0.032
"E3","V3A",26102,"zone4",12,1000,0.012
"E3","V3A",26102,"zone5 (farthest)",16,1000,0.016
"E3","V3A",26103,"zone1 (nearest)",928,1000,0.928
"E3","V3A",26103,"zone2",20,1000,0.02
"E3","V3A",26103,"zone3",20,1000,0.02
"E3","V3A",26103,"zone4",8,1000,0.008
"E3","V3A",26103,"zone5 (farthest)",24,1000,0.024
"E3","V3A",26104,"zone1 (nearest)",908,1000,0.908
"E3","V3A",26104,"zone2",4,1000,0.004
"E3","V3A",26104,"zone3",32,1000,0.032
"E3","V3A",26104,"zone4",20,1000,0.02
"E3","V3A",26104,"zone5 (farthest)",36,1000,0.036
"E3","V3A",26105,"zone1 (nearest)",920,1000,0.92
"E3","V3A",26105,"zone2",16,1000,0.016
"E3","V3A",26105,"zone3",12,1000,0.012
"E3","V3A",26105,"zone4",12,1000,0.012
"E3","V3A",26105,"zone5 (farthest)",40,1000,0.04
"E3","V3A",26106,"zone1 (nearest)",908,1000,0.908
"E3","V3A",26106,"zone2",24,1000,0.024
"E3","V3A",26106,"zone3",16,1000,0.016
"E3","V3A",26106,"zone4",20,1000,0.02
"E3","V3A",26106,"zone5 (farthest)",32,1000,0.032
"E3","V3A",26107,"zone1 (nearest)",920,1000,0.92
"E3","V3A",26107,"zone2",20,1000,0.02
"E3","V3A",26107,"zone3",16,1000,0.016
"E3","V3A",26107,"zone4",12,1000,0.012
"E3","V3A",26107,"zone5 (farthest)",32,1000,0.032
"E3","V3A",26108,"zone1 (nearest)",912,1000,0.912
"E3","V3A",26108,"zone2",24,1000,0.024
"E3","V3A",26108,"zone3",28,1000,0.028
"E3","V3A",26108,"zone4",12,1000,0.012
"E3","V3A",26108,"zone5 (farthest)",24,1000,0.024
"E3","V3A",26109,"zone1 (nearest)",920,1000,0.92
"E3","V3A",26109,"zone2",16,1000,0.016
"E3","V3A",26109,"zone3",32,1000,0.032
"E3","V3A",26109,"zone4",4,1000,0.004
"E3","V3A",26109,"zone5 (farthest)",28,1000,0.028
"E3","V3A",26110,"zone1 (nearest)",924,1000,0.924
"E3","V3A",26110,"zone2",8,1000,0.008
"E3","V3A",26110,"zone3",16,1000,0.016
"E3","V3A",26110,"zone4",16,1000,0.016
"E3","V3A",26110,"zone5 (farthest)",36,1000,0.036
"E3","V3A",27101,"zone1 (nearest)",1638,2250,0.728
"E3","V3A",27101,"zone2",171,2250,0.076
"E3","V3A",27101,"zone3",180,2250,0.08
"E3","V3A",27101,"zone4",72,2250,0.032
"E3","V3A",27101,"zone5 (farthest)",189,2250,0.084
"E3","V3A",27102,"zone1 (nearest)",760,1000,0.76
"E3","V3A",27102,"zone2",88,1000,0.088
"E3","V3A",27102,"zone3",64,1000,0.064
"E3","V3A",27102,"zone4",20,1000,0.02
"E3","V3A",27102,"zone5 (farthest)",68,1000,0.068
"E3","V3A",27103,"zone1 (nearest)",720,1000,0.72
"E3","V3A",27103,"zone2",100,1000,0.1
"E3","V3A",27103,"zone3",96,1000,0.096
"E3","V3A",27103,"zone4",28,1000,0.028
"E3","V3A",27103,"zone5 (farthest)",56,1000,0.056
"E3","V3A",27104,"zone1 (nearest)",736,1000,0.736
"E3","V3A",27104,"zone2",84,1000,0.084
"E3","V3A",27104,"zone3",84,1000,0.084
"E3","V3A",27104,"zone4",44,1000,0.044
"E3","V3A",27104,"zone5 (farthest)",52,1000,0.052
"E3","V3A",27105,"zone1 (nearest)",744,1000,0.744
"E3","V3A",27105,"zone2",40,1000,0.04
"E3","V3A",27105,"zone3",124,1000,0.124
"E3","V3A",27105,"zone4",36,1000,0.036
"E3","V3A",27105,"zone5 (farthest)",56,1000,0.056
"E3","V3A",27106,"zone1 (nearest)",736,1000,0.736
"E3","V3A",27106,"zone2",88,1000,0.088
"E3","V3A",27106,"zone3",84,1000,0.084
"E3","V3A",27106,"zone4",24,1000,0.024
"E3","V3A",27106,"zone5 (farthest)",68,1000,0.068
"E3","V3A",27107,"zone1 (nearest)",728,1000,0.728
"E3","V3A",27107,"zone2",96,1000,0.096
"E3","V3A",27107,"zone3",88,1000,0.088
"E3","V3A",27107,"zone4",44,1000,0.044
"E3","V3A",27107,"zone5 (farthest)",44,1000,0.044
"E3","V3A",27108,"zone1 (nearest)",684,1000,0.684
"E3","V3A",27108,"zone2",108,1000,0.108
"E3","V3A",27108,"zone3",124,1000,0.124
"E3","V3A",27108,"zone4",16,1000,0.016
"E3","V3A",27108,"zone5 (farthest)",68,1000,0.068
"E3","V3A",27109,"zone1 (nearest)",764,1000,0.764
"E3","V3A",27109,"zone2",76,1000,0.076
"E3","V3A",27109,"zone3",80,1000,0.08
"E3","V3A",27109,"zone4",28,1000,0.028
"E3","V3A",27109,"zone5 (farthest)",52,1000,0.052
"E3","V3A",27110,"zone1 (nearest)",720,1000,0.72
"E3","V3A",27110,"zone2",100,1000,0.1
"E3","V3A",27110,"zone3",88,1000,0.088
"E3","V3A",27110,"zone4",20,1000,0.02
"E3","V3A",27110,"zone5 (farthest)",72,1000,0.072
"E3","V3A",28101,"zone1 (nearest)",2133,2250,0.948
"E3","V3A",28101,"zone2",27,2250,0.012
"E3","V3A",28101,"zone3",18,2250,0.008
"E3","V3A",28101,"zone4",27,2250,0.012
"E3","V3A",28101,"zone5 (farthest)",45,2250,0.02
"E3","V3A",28102,"zone1 (nearest)",944,1000,0.944
"E3","V3A",28102,"zone2",16,1000,0.016
"E3","V3A",28102,"zone3",8,1000,0.008
"E3","V3A",28102,"zone4",12,1000,0.012
"E3","V3A",28102,"zone5 (farthest)",20,1000,0.02
"E3","V3A",28103,"zone1 (nearest)",892,1000,0.892
"E3","V3A",28103,"zone2",16,1000,0.016
"E3","V3A",28103,"zone3",20,1000,0.02
"E3","V3A",28103,"zone4",28,1000,0.028
"E3","V3A",28103,"zone5 (farthest)",44,1000,0.044
"E3","V3A",28104,"zone1 (nearest)",944,1000,0.944
"E3","V3A",28104,"zone2",12,1000,0.012
"E3","V3A",28104,"zone3",16,1000,0.016
"E3","V3A",28104,"zone4",16,1000,0.016
"E3","V3A",28104,"zone5 (farthest)",12,1000,0.012
"E3","V3A",28105,"zone1 (nearest)",928,1000,0.928
"E3","V3A",28105,"zone2",20,1000,0.02
"E3","V3A",28105,"zone3",16,1000,0.016
"E3","V3A",28105,"zone4",4,1000,0.004
"E3","V3A",28105,"zone5 (farthest)",32,1000,0.032
"E3","V3A",28106,"zone1 (nearest)",936,1000,0.936
"E3","V3A",28106,"zone2",12,1000,0.012
"E3","V3A",28106,"zone3",20,1000,0.02
"E3","V3A",28106,"zone4",8,1000,0.008
"E3","V3A",28106,"zone5 (farthest)",24,1000,0.024
"E3","V3A",28107,"zone1 (nearest)",932,1000,0.932
"E3","V3A",28107,"zone2",16,1000,0.016
"E3","V3A",28107,"zone3",8,1000,0.008
"E3","V3A",28107,"zone4",12,1000,0.012
"E3","V3A",28107,"zone5 (farthest)",32,1000,0.032
"E3","V3A",28108,"zone1 (nearest)",924,1000,0.924
"E3","V3A",28108,"zone2",12,1000,0.012
"E3","V3A",28108,"zone3",16,1000,0.016
"E3","V3A",28108,"zone4",20,1000,0.02
"E3","V3A",28108,"zone5 (farthest)",28,1000,0.028
"E3","V3A",28109,"zone1 (nearest)",912,1000,0.912
"E3","V3A",28109,"zone2",20,1000,0.02
"E3","V3A",28109,"zone3",16,1000,0.016
"E3","V3A",28109,"zone4",24,1000,0.024
"E3","V3A",28109,"zone5 (farthest)",28,1000,0.028
"E3","V3A",28110,"zone1 (nearest)",932,1000,0.932
"E3","V3A",28110,"zone2",20,1000,0.02
"E3","V3A",28110,"zone3",16,1000,0.016
"E3","V3A",28110,"zone4",20,1000,0.02
"E3","V3A",28110,"zone5 (farthest)",12,1000,0.012
"E3","V3A",29101,"zone1 (nearest)",1863,2250,0.828
"E3","V3A",29101,"zone2",180,2250,0.08
"E3","V3A",29101,"zone3",63,2250,0.028
"E3","V3A",29101,"zone4",72,2250,0.032
"E3","V3A",29101,"zone5 (farthest)",72,2250,0.032
"E3","V3A",29102,"zone1 (nearest)",828,1000,0.828
"E3","V3A",29102,"zone2",56,1000,0.056
"E3","V3A",29102,"zone3",32,1000,0.032
"E3","V3A",29102,"zone4",44,1000,0.044
"E3","V3A",29102,"zone5 (farthest)",40,1000,0.04
"E3","V3A",29103,"zone1 (nearest)",820,1000,0.82
"E3","V3A",29103,"zone2",80,1000,0.08
"E3","V3A",29103,"zone3",40,1000,0.04
"E3","V3A",29103,"zone4",28,1000,0.028
"E3","V3A",29103,"zone5 (farthest)",32,1000,0.032
"E3","V3A",29104,"zone1 (nearest)",804,1000,0.804
"E3","V3A",29104,"zone2",80,1000,0.08
"E3","V3A",29104,"zone3",28,1000,0.028
"E3","V3A",29104,"zone4",48,1000,0.048
"E3","V3A",29104,"zone5 (farthest)",40,1000,0.04
"E3","V3A",29105,"zone1 (nearest)",828,1000,0.828
"E3","V3A",29105,"zone2",72,1000,0.072
"E3","V3A",29105,"zone3",28,1000,0.028
"E3","V3A",29105,"zone4",24,1000,0.024
"E3","V3A",29105,"zone5 (farthest)",48,1000,0.048
"E3","V3A",29106,"zone1 (nearest)",848,1000,0.848
"E3","V3A",29106,"zone2",76,1000,0.076
"E3","V3A",29106,"zone3",16,1000,0.016
"E3","V3A",29106,"zone4",32,1000,0.032
"E3","V3A",29106,"zone5 (farthest)",28,1000,0.028
"E3","V3A",29107,"zone1 (nearest)",820,1000,0.82
"E3","V3A",29107,"zone2",80,1000,0.08
"E3","V3A",29107,"zone3",36,1000,0.036
"E3","V3A",29107,"zone4",44,1000,0.044
"E3","V3A",29107,"zone5 (farthest)",20,1000,0.02
"E3","V3A",29108,"zone1 (nearest)",836,1000,0.836
"E3","V3A",29108,"zone2",80,1000,0.08
"E3","V3A",29108,"zone3",12,1000,0.012
"E3","V3A",29108,"zone4",28,1000,0.028
"E3","V3A",29108,"zone5 (farthest)",44,1000,0.044
"E3","V3A",29109,"zone1 (nearest)",828,1000,0.828
"E3","V3A",29109,"zone2",80,1000,0.08
"E3","V3A",29109,"zone3",48,1000,0.048
"E3","V3A",29109,"zone4",28,1000,0.028
"E3","V3A",29109,"zone5 (farthest)",16,1000,0.016
"E3","V3A",29110,"zone1 (nearest)",816,1000,0.816
"E3","V3A",29110,"zone2",76,1000,0.076
"E3","V3A",29110,"zone3",28,1000,0.028
"E3","V3A",29110,"zone4",36,1000,0.036
"E3","V3A",29110,"zone5 (farthest)",44,1000,0.044
"E3","V3A",30101,"zone1 (nearest)",1431,2250,0.636
"E3","V3A",30101,"zone2",54,2250,0.024
"E3","V3A",30101,"zone3",36,2250,0.016
"E3","V3A",30101,"zone4",72,2250,0.032
"E3","V3A",30101,"zone5 (farthest)",657,2250,0.292
"E3","V3A",30102,"zone1 (nearest)",668,1000,0.668
"E3","V3A",30102,"zone2",16,1000,0.016
"E3","V3A",30102,"zone3",4,1000,0.004
"E3","V3A",30102,"zone4",24,1000,0.024
"E3","V3A",30102,"zone5 (farthest)",288,1000,0.288
"E3","V3A",30103,"zone1 (nearest)",632,1000,0.632
"E3","V3A",30103,"zone2",24,1000,0.024
"E3","V3A",30103,"zone3",12,1000,0.012
"E3","V3A",30103,"zone4",24,1000,0.024
"E3","V3A",30103,"zone5 (farthest)",308,1000,0.308
"E3","V3A",30104,"zone1 (nearest)",652,1000,0.652
"E3","V3A",30104,"zone2",20,1000,0.02
"E3","V3A",30104,"zone3",12,1000,0.012
"E3","V3A",30104,"zone4",16,1000,0.016
"E3","V3A",30104,"zone5 (farthest)",300,1000,0.3
"E3","V3A",30105,"zone1 (nearest)",628,1000,0.628
"E3","V3A",30105,"zone2",12,1000,0.012
"E3","V3A",30105,"zone3",16,1000,0.016
"E3","V3A",30105,"zone4",20,1000,0.02
"E3","V3A",30105,"zone5 (farthest)",324,1000,0.324
"E3","V3A",30106,"zone1 (nearest)",604,1000,0.604
"E3","V3A",30106,"zone2",12,1000,0.012
"E3","V3A",30106,"zone3",12,1000,0.012
"E3","V3A",30106,"zone4",48,1000,0.048
"E3","V3A",30106,"zone5 (farthest)",324,1000,0.324
"E3","V3A",30107,"zone1 (nearest)",696,1000,0.696
"E3","V3A",30107,"zone2",12,1000,0.012
"E3","V3A",30107,"zone3",12,1000,0.012
"E3","V3A",30107,"zone4",32,1000,0.032
"E3","V3A",30107,"zone5 (farthest)",248,1000,0.248
"E3","V3A",30108,"zone1 (nearest)",656,1000,0.656
"E3","V3A",30108,"zone2",36,1000,0.036
"E3","V3A",30108,"zone3",24,1000,0.024
"E3","V3A",30108,"zone4",24,1000,0.024
"E3","V3A",30108,"zone5 (farthest)",260,1000,0.26
"E3","V3A",30109,"zone1 (nearest)",636,1000,0.636
"E3","V3A",30109,"zone2",32,1000,0.032
"E3","V3A",30109,"zone3",24,1000,0.024
"E3","V3A",30109,"zone4",24,1000,0.024
"E3","V3A",30109,"zone5 (farthest)",284,1000,0.284
"E3","V3A",30110,"zone1 (nearest)",668,1000,0.668
"E3","V3A",30110,"zone2",20,1000,0.02
"E3","V3A",30110,"zone3",16,1000,0.016
"E3","V3A",30110,"zone4",12,1000,0.012
"E3","V3A",30110,"zone5 (farthest)",284,1000,0.284
"E3","V3B",1101,"zone1 (nearest)",2178,2250,0.968
"E3","V3B",1101,"zone2",54,2250,0.024
"E3","V3B",1101,"zone3",9,2250,0.004
"E3","V3B",1101,"zone4",9,2250,0.004
"E3","V3B",1101,"zone5 (farthest)",0,2250,0
"E3","V3B",1102,"zone1 (nearest)",980,1000,0.98
"E3","V3B",1102,"zone2",12,1000,0.012
"E3","V3B",1102,"zone3",4,1000,0.004
"E3","V3B",1102,"zone4",0,1000,0
"E3","V3B",1102,"zone5 (farthest)",4,1000,0.004
"E3","V3B",1103,"zone1 (nearest)",960,1000,0.96
"E3","V3B",1103,"zone2",12,1000,0.012
"E3","V3B",1103,"zone3",4,1000,0.004
"E3","V3B",1103,"zone4",12,1000,0.012
"E3","V3B",1103,"zone5 (farthest)",12,1000,0.012
"E3","V3B",1104,"zone1 (nearest)",972,1000,0.972
"E3","V3B",1104,"zone2",8,1000,0.008
"E3","V3B",1104,"zone3",12,1000,0.012
"E3","V3B",1104,"zone4",4,1000,0.004
"E3","V3B",1104,"zone5 (farthest)",4,1000,0.004
"E3","V3B",1105,"zone1 (nearest)",984,1000,0.984
"E3","V3B",1105,"zone2",4,1000,0.004
"E3","V3B",1105,"zone3",0,1000,0
"E3","V3B",1105,"zone4",4,1000,0.004
"E3","V3B",1105,"zone5 (farthest)",8,1000,0.008
"E3","V3B",1106,"zone1 (nearest)",976,1000,0.976
"E3","V3B",1106,"zone2",0,1000,0
"E3","V3B",1106,"zone3",8,1000,0.008
"E3","V3B",1106,"zone4",4,1000,0.004
"E3","V3B",1106,"zone5 (farthest)",12,1000,0.012
"E3","V3B",1107,"zone1 (nearest)",976,1000,0.976
"E3","V3B",1107,"zone2",12,1000,0.012
"E3","V3B",1107,"zone3",0,1000,0
"E3","V3B",1107,"zone4",8,1000,0.008
"E3","V3B",1107,"zone5 (farthest)",4,1000,0.004
"E3","V3B",1108,"zone1 (nearest)",976,1000,0.976
"E3","V3B",1108,"zone2",12,1000,0.012
"E3","V3B",1108,"zone3",0,1000,0
"E3","V3B",1108,"zone4",4,1000,0.004
"E3","V3B",1108,"zone5 (farthest)",8,1000,0.008
"E3","V3B",1109,"zone1 (nearest)",984,1000,0.984
"E3","V3B",1109,"zone2",4,1000,0.004
"E3","V3B",1109,"zone3",8,1000,0.008
"E3","V3B",1109,"zone4",4,1000,0.004
"E3","V3B",1109,"zone5 (farthest)",0,1000,0
"E3","V3B",1110,"zone1 (nearest)",980,1000,0.98
"E3","V3B",1110,"zone2",4,1000,0.004
"E3","V3B",1110,"zone3",0,1000,0
"E3","V3B",1110,"zone4",16,1000,0.016
"E3","V3B",1110,"zone5 (farthest)",0,1000,0
"E3","V3B",2101,"zone1 (nearest)",2061,2250,0.916
"E3","V3B",2101,"zone2",45,2250,0.02
"E3","V3B",2101,"zone3",45,2250,0.02
"E3","V3B",2101,"zone4",45,2250,0.02
"E3","V3B",2101,"zone5 (farthest)",54,2250,0.024
"E3","V3B",2102,"zone1 (nearest)",896,1000,0.896
"E3","V3B",2102,"zone2",28,1000,0.028
"E3","V3B",2102,"zone3",28,1000,0.028
"E3","V3B",2102,"zone4",16,1000,0.016
"E3","V3B",2102,"zone5 (farthest)",32,1000,0.032
"E3","V3B",2103,"zone1 (nearest)",916,1000,0.916
"E3","V3B",2103,"zone2",12,1000,0.012
"E3","V3B",2103,"zone3",28,1000,0.028
"E3","V3B",2103,"zone4",16,1000,0.016
"E3","V3B",2103,"zone5 (farthest)",28,1000,0.028
"E3","V3B",2104,"zone1 (nearest)",872,1000,0.872
"E3","V3B",2104,"zone2",8,1000,0.008
"E3","V3B",2104,"zone3",12,1000,0.012
"E3","V3B",2104,"zone4",44,1000,0.044
"E3","V3B",2104,"zone5 (farthest)",64,1000,0.064
"E3","V3B",2105,"zone1 (nearest)",924,1000,0.924
"E3","V3B",2105,"zone2",12,1000,0.012
"E3","V3B",2105,"zone3",24,1000,0.024
"E3","V3B",2105,"zone4",20,1000,0.02
"E3","V3B",2105,"zone5 (farthest)",20,1000,0.02
"E3","V3B",2106,"zone1 (nearest)",900,1000,0.9
"E3","V3B",2106,"zone2",8,1000,0.008
"E3","V3B",2106,"zone3",44,1000,0.044
"E3","V3B",2106,"zone4",12,1000,0.012
"E3","V3B",2106,"zone5 (farthest)",36,1000,0.036
"E3","V3B",2107,"zone1 (nearest)",896,1000,0.896
"E3","V3B",2107,"zone2",24,1000,0.024
"E3","V3B",2107,"zone3",28,1000,0.028
"E3","V3B",2107,"zone4",24,1000,0.024
"E3","V3B",2107,"zone5 (farthest)",28,1000,0.028
"E3","V3B",2108,"zone1 (nearest)",888,1000,0.888
"E3","V3B",2108,"zone2",36,1000,0.036
"E3","V3B",2108,"zone3",24,1000,0.024
"E3","V3B",2108,"zone4",24,1000,0.024
"E3","V3B",2108,"zone5 (farthest)",28,1000,0.028
"E3","V3B",2109,"zone1 (nearest)",888,1000,0.888
"E3","V3B",2109,"zone2",8,1000,0.008
"E3","V3B",2109,"zone3",32,1000,0.032
"E3","V3B",2109,"zone4",32,1000,0.032
"E3","V3B",2109,"zone5 (farthest)",40,1000,0.04
"E3","V3B",2110,"zone1 (nearest)",912,1000,0.912
"E3","V3B",2110,"zone2",12,1000,0.012
"E3","V3B",2110,"zone3",12,1000,0.012
"E3","V3B",2110,"zone4",36,1000,0.036
"E3","V3B",2110,"zone5 (farthest)",28,1000,0.028
"E3","V3B",3101,"zone1 (nearest)",2214,2250,0.984
"E3","V3B",3101,"zone2",9,2250,0.004
"E3","V3B",3101,"zone3",9,2250,0.004
"E3","V3B",3101,"zone4",9,2250,0.004
"E3","V3B",3101,"zone5 (farthest)",9,2250,0.004
"E3","V3B",3102,"zone1 (nearest)",972,1000,0.972
"E3","V3B",3102,"zone2",0,1000,0
"E3","V3B",3102,"zone3",16,1000,0.016
"E3","V3B",3102,"zone4",8,1000,0.008
"E3","V3B",3102,"zone5 (farthest)",4,1000,0.004
"E3","V3B",3103,"zone1 (nearest)",968,1000,0.968
"E3","V3B",3103,"zone2",4,1000,0.004
"E3","V3B",3103,"zone3",12,1000,0.012
"E3","V3B",3103,"zone4",0,1000,0
"E3","V3B",3103,"zone5 (farthest)",16,1000,0.016
"E3","V3B",3104,"zone1 (nearest)",964,1000,0.964
"E3","V3B",3104,"zone2",4,1000,0.004
"E3","V3B",3104,"zone3",4,1000,0.004
"E3","V3B",3104,"zone4",8,1000,0.008
"E3","V3B",3104,"zone5 (farthest)",20,1000,0.02
"E3","V3B",3105,"zone1 (nearest)",960,1000,0.96
"E3","V3B",3105,"zone2",16,1000,0.016
"E3","V3B",3105,"zone3",12,1000,0.012
"E3","V3B",3105,"zone4",12,1000,0.012
"E3","V3B",3105,"zone5 (farthest)",0,1000,0
"E3","V3B",3106,"zone1 (nearest)",964,1000,0.964
"E3","V3B",3106,"zone2",4,1000,0.004
"E3","V3B",3106,"zone3",12,1000,0.012
"E3","V3B",3106,"zone4",8,1000,0.008
"E3","V3B",3106,"zone5 (farthest)",12,1000,0.012
"E3","V3B",3107,"zone1 (nearest)",972,1000,0.972
"E3","V3B",3107,"zone2",4,1000,0.004
"E3","V3B",3107,"zone3",8,1000,0.008
"E3","V3B",3107,"zone4",0,1000,0
"E3","V3B",3107,"zone5 (farthest)",16,1000,0.016
"E3","V3B",3108,"zone1 (nearest)",972,1000,0.972
"E3","V3B",3108,"zone2",4,1000,0.004
"E3","V3B",3108,"zone3",4,1000,0.004
"E3","V3B",3108,"zone4",8,1000,0.008
"E3","V3B",3108,"zone5 (farthest)",12,1000,0.012
"E3","V3B",3109,"zone1 (nearest)",964,1000,0.964
"E3","V3B",3109,"zone2",0,1000,0
"E3","V3B",3109,"zone3",16,1000,0.016
"E3","V3B",3109,"zone4",4,1000,0.004
"E3","V3B",3109,"zone5 (farthest)",16,1000,0.016
"E3","V3B",3110,"zone1 (nearest)",972,1000,0.972
"E3","V3B",3110,"zone2",12,1000,0.012
"E3","V3B",3110,"zone3",4,1000,0.004
"E3","V3B",3110,"zone4",4,1000,0.004
"E3","V3B",3110,"zone5 (farthest)",8,1000,0.008
"E3","V3B",4101,"zone1 (nearest)",2178,2250,0.968
"E3","V3B",4101,"zone2",9,2250,0.004
"E3","V3B",4101,"zone3",0,2250,0
"E3","V3B",4101,"zone4",0,2250,0
"E3","V3B",4101,"zone5 (farthest)",63,2250,0.028
"E3","V3B",4102,"zone1 (nearest)",964,1000,0.964
"E3","V3B",4102,"zone2",4,1000,0.004
"E3","V3B",4102,"zone3",0,1000,0
"E3","V3B",4102,"zone4",4,1000,0.004
"E3","V3B",4102,"zone5 (farthest)",28,1000,0.028
"E3","V3B",4103,"zone1 (nearest)",960,1000,0.96
"E3","V3B",4103,"zone2",0,1000,0
"E3","V3B",4103,"zone3",4,1000,0.004
"E3","V3B",4103,"zone4",8,1000,0.008
"E3","V3B",4103,"zone5 (farthest)",28,1000,0.028
"E3","V3B",4104,"zone1 (nearest)",964,1000,0.964
"E3","V3B",4104,"zone2",0,1000,0
"E3","V3B",4104,"zone3",0,1000,0
"E3","V3B",4104,"zone4",4,1000,0.004
"E3","V3B",4104,"zone5 (farthest)",32,1000,0.032
"E3","V3B",4105,"zone1 (nearest)",980,1000,0.98
"E3","V3B",4105,"zone2",0,1000,0
"E3","V3B",4105,"zone3",4,1000,0.004
"E3","V3B",4105,"zone4",0,1000,0
"E3","V3B",4105,"zone5 (farthest)",16,1000,0.016
"E3","V3B",4106,"zone1 (nearest)",984,1000,0.984
"E3","V3B",4106,"zone2",4,1000,0.004
"E3","V3B",4106,"zone3",0,1000,0
"E3","V3B",4106,"zone4",0,1000,0
"E3","V3B",4106,"zone5 (farthest)",12,1000,0.012
"E3","V3B",4107,"zone1 (nearest)",976,1000,0.976
"E3","V3B",4107,"zone2",4,1000,0.004
"E3","V3B",4107,"zone3",0,1000,0
"E3","V3B",4107,"zone4",4,1000,0.004
"E3","V3B",4107,"zone5 (farthest)",16,1000,0.016
"E3","V3B",4108,"zone1 (nearest)",960,1000,0.96
"E3","V3B",4108,"zone2",4,1000,0.004
"E3","V3B",4108,"zone3",0,1000,0
"E3","V3B",4108,"zone4",4,1000,0.004
"E3","V3B",4108,"zone5 (farthest)",32,1000,0.032
"E3","V3B",4109,"zone1 (nearest)",968,1000,0.968
"E3","V3B",4109,"zone2",4,1000,0.004
"E3","V3B",4109,"zone3",4,1000,0.004
"E3","V3B",4109,"zone4",4,1000,0.004
"E3","V3B",4109,"zone5 (farthest)",20,1000,0.02
"E3","V3B",4110,"zone1 (nearest)",988,1000,0.988
"E3","V3B",4110,"zone2",4,1000,0.004
"E3","V3B",4110,"zone3",0,1000,0
"E3","V3B",4110,"zone4",4,1000,0.004
"E3","V3B",4110,"zone5 (farthest)",4,1000,0.004
"E3","V3B",5101,"zone1 (nearest)",2079,2250,0.924
"E3","V3B",5101,"zone2",54,2250,0.024
"E3","V3B",5101,"zone3",9,2250,0.004
"E3","V3B",5101,"zone4",63,2250,0.028
"E3","V3B",5101,"zone5 (farthest)",45,2250,0.02
"E3","V3B",5102,"zone1 (nearest)",928,1000,0.928
"E3","V3B",5102,"zone2",28,1000,0.028
"E3","V3B",5102,"zone3",4,1000,0.004
"E3","V3B",5102,"zone4",36,1000,0.036
"E3","V3B",5102,"zone5 (farthest)",4,1000,0.004
"E3","V3B",5103,"zone1 (nearest)",912,1000,0.912
"E3","V3B",5103,"zone2",8,1000,0.008
"E3","V3B",5103,"zone3",28,1000,0.028
"E3","V3B",5103,"zone4",32,1000,0.032
"E3","V3B",5103,"zone5 (farthest)",20,1000,0.02
"E3","V3B",5104,"zone1 (nearest)",940,1000,0.94
"E3","V3B",5104,"zone2",20,1000,0.02
"E3","V3B",5104,"zone3",16,1000,0.016
"E3","V3B",5104,"zone4",16,1000,0.016
"E3","V3B",5104,"zone5 (farthest)",8,1000,0.008
"E3","V3B",5105,"zone1 (nearest)",932,1000,0.932
"E3","V3B",5105,"zone2",8,1000,0.008
"E3","V3B",5105,"zone3",24,1000,0.024
"E3","V3B",5105,"zone4",24,1000,0.024
"E3","V3B",5105,"zone5 (farthest)",12,1000,0.012
"E3","V3B",5106,"zone1 (nearest)",916,1000,0.916
"E3","V3B",5106,"zone2",24,1000,0.024
"E3","V3B",5106,"zone3",28,1000,0.028
"E3","V3B",5106,"zone4",12,1000,0.012
"E3","V3B",5106,"zone5 (farthest)",20,1000,0.02
"E3","V3B",5107,"zone1 (nearest)",940,1000,0.94
"E3","V3B",5107,"zone2",20,1000,0.02
"E3","V3B",5107,"zone3",12,1000,0.012
"E3","V3B",5107,"zone4",12,1000,0.012
"E3","V3B",5107,"zone5 (farthest)",16,1000,0.016
"E3","V3B",5108,"zone1 (nearest)",932,1000,0.932
"E3","V3B",5108,"zone2",28,1000,0.028
"E3","V3B",5108,"zone3",20,1000,0.02
"E3","V3B",5108,"zone4",8,1000,0.008
"E3","V3B",5108,"zone5 (farthest)",12,1000,0.012
"E3","V3B",5109,"zone1 (nearest)",920,1000,0.92
"E3","V3B",5109,"zone2",16,1000,0.016
"E3","V3B",5109,"zone3",36,1000,0.036
"E3","V3B",5109,"zone4",20,1000,0.02
"E3","V3B",5109,"zone5 (farthest)",8,1000,0.008
"E3","V3B",5110,"zone1 (nearest)",940,1000,0.94
"E3","V3B",5110,"zone2",20,1000,0.02
"E3","V3B",5110,"zone3",12,1000,0.012
"E3","V3B",5110,"zone4",24,1000,0.024
"E3","V3B",5110,"zone5 (farthest)",4,1000,0.004
"E3","V3B",6101,"zone1 (nearest)",2151,2250,0.956
"E3","V3B",6101,"zone2",27,2250,0.012
"E3","V3B",6101,"zone3",9,2250,0.004
"E3","V3B",6101,"zone4",18,2250,0.008
"E3","V3B",6101,"zone5 (farthest)",45,2250,0.02
"E3","V3B",6102,"zone1 (nearest)",956,1000,0.956
"E3","V3B",6102,"zone2",24,1000,0.024
"E3","V3B",6102,"zone3",0,1000,0
"E3","V3B",6102,"zone4",12,1000,0.012
"E3","V3B",6102,"zone5 (farthest)",8,1000,0.008
"E3","V3B",6103,"zone1 (nearest)",972,1000,0.972
"E3","V3B",6103,"zone2",8,1000,0.008
"E3","V3B",6103,"zone3",8,1000,0.008
"E3","V3B",6103,"zone4",8,1000,0.008
"E3","V3B",6103,"zone5 (farthest)",4,1000,0.004
"E3","V3B",6104,"zone1 (nearest)",944,1000,0.944
"E3","V3B",6104,"zone2",28,1000,0.028
"E3","V3B",6104,"zone3",4,1000,0.004
"E3","V3B",6104,"zone4",4,1000,0.004
"E3","V3B",6104,"zone5 (farthest)",20,1000,0.02
"E3","V3B",6105,"zone1 (nearest)",964,1000,0.964
"E3","V3B",6105,"zone2",12,1000,0.012
"E3","V3B",6105,"zone3",4,1000,0.004
"E3","V3B",6105,"zone4",4,1000,0.004
"E3","V3B",6105,"zone5 (farthest)",16,1000,0.016
"E3","V3B",6106,"zone1 (nearest)",944,1000,0.944
"E3","V3B",6106,"zone2",12,1000,0.012
"E3","V3B",6106,"zone3",20,1000,0.02
"E3","V3B",6106,"zone4",16,1000,0.016
"E3","V3B",6106,"zone5 (farthest)",8,1000,0.008
"E3","V3B",6107,"zone1 (nearest)",956,1000,0.956
"E3","V3B",6107,"zone2",0,1000,0
"E3","V3B",6107,"zone3",8,1000,0.008
"E3","V3B",6107,"zone4",20,1000,0.02
"E3","V3B",6107,"zone5 (farthest)",16,1000,0.016
"E3","V3B",6108,"zone1 (nearest)",960,1000,0.96
"E3","V3B",6108,"zone2",8,1000,0.008
"E3","V3B",6108,"zone3",8,1000,0.008
"E3","V3B",6108,"zone4",12,1000,0.012
"E3","V3B",6108,"zone5 (farthest)",12,1000,0.012
"E3","V3B",6109,"zone1 (nearest)",964,1000,0.964
"E3","V3B",6109,"zone2",8,1000,0.008
"E3","V3B",6109,"zone3",12,1000,0.012
"E3","V3B",6109,"zone4",4,1000,0.004
"E3","V3B",6109,"zone5 (farthest)",12,1000,0.012
"E3","V3B",6110,"zone1 (nearest)",960,1000,0.96
"E3","V3B",6110,"zone2",16,1000,0.016
"E3","V3B",6110,"zone3",0,1000,0
"E3","V3B",6110,"zone4",8,1000,0.008
"E3","V3B",6110,"zone5 (farthest)",16,1000,0.016
"E3","V3B",7101,"zone1 (nearest)",2196,2250,0.976
"E3","V3B",7101,"zone2",18,2250,0.008
"E3","V3B",7101,"zone3",0,2250,0
"E3","V3B",7101,"zone4",9,2250,0.004
"E3","V3B",7101,"zone5 (farthest)",27,2250,0.012
"E3","V3B",7102,"zone1 (nearest)",976,1000,0.976
"E3","V3B",7102,"zone2",0,1000,0
"E3","V3B",7102,"zone3",0,1000,0
"E3","V3B",7102,"zone4",12,1000,0.012
"E3","V3B",7102,"zone5 (farthest)",12,1000,0.012
"E3","V3B",7103,"zone1 (nearest)",984,1000,0.984
"E3","V3B",7103,"zone2",0,1000,0
"E3","V3B",7103,"zone3",4,1000,0.004
"E3","V3B",7103,"zone4",0,1000,0
"E3","V3B",7103,"zone5 (farthest)",12,1000,0.012
"E3","V3B",7104,"zone1 (nearest)",976,1000,0.976
"E3","V3B",7104,"zone2",12,1000,0.012
"E3","V3B",7104,"zone3",4,1000,0.004
"E3","V3B",7104,"zone4",4,1000,0.004
"E3","V3B",7104,"zone5 (farthest)",4,1000,0.004
"E3","V3B",7105,"zone1 (nearest)",976,1000,0.976
"E3","V3B",7105,"zone2",0,1000,0
"E3","V3B",7105,"zone3",4,1000,0.004
"E3","V3B",7105,"zone4",8,1000,0.008
"E3","V3B",7105,"zone5 (farthest)",12,1000,0.012
"E3","V3B",7106,"zone1 (nearest)",976,1000,0.976
"E3","V3B",7106,"zone2",0,1000,0
"E3","V3B",7106,"zone3",0,1000,0
"E3","V3B",7106,"zone4",4,1000,0.004
"E3","V3B",7106,"zone5 (farthest)",20,1000,0.02
"E3","V3B",7107,"zone1 (nearest)",976,1000,0.976
"E3","V3B",7107,"zone2",12,1000,0.012
"E3","V3B",7107,"zone3",0,1000,0
"E3","V3B",7107,"zone4",0,1000,0
"E3","V3B",7107,"zone5 (farthest)",12,1000,0.012
"E3","V3B",7108,"zone1 (nearest)",976,1000,0.976
"E3","V3B",7108,"zone2",8,1000,0.008
"E3","V3B",7108,"zone3",4,1000,0.004
"E3","V3B",7108,"zone4",4,1000,0.004
"E3","V3B",7108,"zone5 (farthest)",8,1000,0.008
"E3","V3B",7109,"zone1 (nearest)",964,1000,0.964
"E3","V3B",7109,"zone2",12,1000,0.012
"E3","V3B",7109,"zone3",4,1000,0.004
"E3","V3B",7109,"zone4",4,1000,0.004
"E3","V3B",7109,"zone5 (farthest)",16,1000,0.016
"E3","V3B",7110,"zone1 (nearest)",980,1000,0.98
"E3","V3B",7110,"zone2",4,1000,0.004
"E3","V3B",7110,"zone3",0,1000,0
"E3","V3B",7110,"zone4",8,1000,0.008
"E3","V3B",7110,"zone5 (farthest)",8,1000,0.008
"E3","V3B",8101,"zone1 (nearest)",2151,2250,0.956
"E3","V3B",8101,"zone2",27,2250,0.012
"E3","V3B",8101,"zone3",0,2250,0
"E3","V3B",8101,"zone4",45,2250,0.02
"E3","V3B",8101,"zone5 (farthest)",27,2250,0.012
"E3","V3B",8102,"zone1 (nearest)",960,1000,0.96
"E3","V3B",8102,"zone2",12,1000,0.012
"E3","V3B",8102,"zone3",4,1000,0.004
"E3","V3B",8102,"zone4",20,1000,0.02
"E3","V3B",8102,"zone5 (farthest)",4,1000,0.004
"E3","V3B",8103,"zone1 (nearest)",948,1000,0.948
"E3","V3B",8103,"zone2",20,1000,0.02
"E3","V3B",8103,"zone3",8,1000,0.008
"E3","V3B",8103,"zone4",4,1000,0.004
"E3","V3B",8103,"zone5 (farthest)",20,1000,0.02
"E3","V3B",8104,"zone1 (nearest)",964,1000,0.964
"E3","V3B",8104,"zone2",0,1000,0
"E3","V3B",8104,"zone3",4,1000,0.004
"E3","V3B",8104,"zone4",8,1000,0.008
"E3","V3B",8104,"zone5 (farthest)",24,1000,0.024
"E3","V3B",8105,"zone1 (nearest)",944,1000,0.944
"E3","V3B",8105,"zone2",16,1000,0.016
"E3","V3B",8105,"zone3",4,1000,0.004
"E3","V3B",8105,"zone4",20,1000,0.02
"E3","V3B",8105,"zone5 (farthest)",16,1000,0.016
"E3","V3B",8106,"zone1 (nearest)",956,1000,0.956
"E3","V3B",8106,"zone2",4,1000,0.004
"E3","V3B",8106,"zone3",16,1000,0.016
"E3","V3B",8106,"zone4",8,1000,0.008
"E3","V3B",8106,"zone5 (farthest)",16,1000,0.016
"E3","V3B",8107,"zone1 (nearest)",952,1000,0.952
"E3","V3B",8107,"zone2",20,1000,0.02
"E3","V3B",8107,"zone3",16,1000,0.016
"E3","V3B",8107,"zone4",4,1000,0.004
"E3","V3B",8107,"zone5 (farthest)",8,1000,0.008
"E3","V3B",8108,"zone1 (nearest)",936,1000,0.936
"E3","V3B",8108,"zone2",16,1000,0.016
"E3","V3B",8108,"zone3",16,1000,0.016
"E3","V3B",8108,"zone4",12,1000,0.012
"E3","V3B",8108,"zone5 (farthest)",20,1000,0.02
"E3","V3B",8109,"zone1 (nearest)",964,1000,0.964
"E3","V3B",8109,"zone2",0,1000,0
"E3","V3B",8109,"zone3",20,1000,0.02
"E3","V3B",8109,"zone4",8,1000,0.008
"E3","V3B",8109,"zone5 (farthest)",8,1000,0.008
"E3","V3B",8110,"zone1 (nearest)",948,1000,0.948
"E3","V3B",8110,"zone2",24,1000,0.024
"E3","V3B",8110,"zone3",16,1000,0.016
"E3","V3B",8110,"zone4",0,1000,0
"E3","V3B",8110,"zone5 (farthest)",12,1000,0.012
"E3","V3B",9101,"zone1 (nearest)",2097,2250,0.932
"E3","V3B",9101,"zone2",63,2250,0.028
"E3","V3B",9101,"zone3",45,2250,0.02
"E3","V3B",9101,"zone4",18,2250,0.008
"E3","V3B",9101,"zone5 (farthest)",27,2250,0.012
"E3","V3B",9102,"zone1 (nearest)",928,1000,0.928
"E3","V3B",9102,"zone2",16,1000,0.016
"E3","V3B",9102,"zone3",12,1000,0.012
"E3","V3B",9102,"zone4",20,1000,0.02
"E3","V3B",9102,"zone5 (farthest)",24,1000,0.024
"E3","V3B",9103,"zone1 (nearest)",900,1000,0.9
"E3","V3B",9103,"zone2",44,1000,0.044
"E3","V3B",9103,"zone3",24,1000,0.024
"E3","V3B",9103,"zone4",20,1000,0.02
"E3","V3B",9103,"zone5 (farthest)",12,1000,0.012
"E3","V3B",9104,"zone1 (nearest)",920,1000,0.92
"E3","V3B",9104,"zone2",20,1000,0.02
"E3","V3B",9104,"zone3",24,1000,0.024
"E3","V3B",9104,"zone4",24,1000,0.024
"E3","V3B",9104,"zone5 (farthest)",12,1000,0.012
"E3","V3B",9105,"zone1 (nearest)",940,1000,0.94
"E3","V3B",9105,"zone2",12,1000,0.012
"E3","V3B",9105,"zone3",24,1000,0.024
"E3","V3B",9105,"zone4",16,1000,0.016
"E3","V3B",9105,"zone5 (farthest)",8,1000,0.008
"E3","V3B",9106,"zone1 (nearest)",928,1000,0.928
"E3","V3B",9106,"zone2",16,1000,0.016
"E3","V3B",9106,"zone3",16,1000,0.016
"E3","V3B",9106,"zone4",28,1000,0.028
"E3","V3B",9106,"zone5 (farthest)",12,1000,0.012
"E3","V3B",9107,"zone1 (nearest)",944,1000,0.944
"E3","V3B",9107,"zone2",4,1000,0.004
"E3","V3B",9107,"zone3",12,1000,0.012
"E3","V3B",9107,"zone4",28,1000,0.028
"E3","V3B",9107,"zone5 (farthest)",12,1000,0.012
"E3","V3B",9108,"zone1 (nearest)",912,1000,0.912
"E3","V3B",9108,"zone2",20,1000,0.02
"E3","V3B",9108,"zone3",24,1000,0.024
"E3","V3B",9108,"zone4",32,1000,0.032
"E3","V3B",9108,"zone5 (farthest)",12,1000,0.012
"E3","V3B",9109,"zone1 (nearest)",916,1000,0.916
"E3","V3B",9109,"zone2",24,1000,0.024
"E3","V3B",9109,"zone3",20,1000,0.02
"E3","V3B",9109,"zone4",24,1000,0.024
"E3","V3B",9109,"zone5 (farthest)",16,1000,0.016
"E3","V3B",9110,"zone1 (nearest)",916,1000,0.916
"E3","V3B",9110,"zone2",32,1000,0.032
"E3","V3B",9110,"zone3",28,1000,0.028
"E3","V3B",9110,"zone4",24,1000,0.024
"E3","V3B",9110,"zone5 (farthest)",0,1000,0
"E3","V3B",10101,"zone1 (nearest)",1926,2250,0.856
"E3","V3B",10101,"zone2",135,2250,0.06
"E3","V3B",10101,"zone3",36,2250,0.016
"E3","V3B",10101,"zone4",45,2250,0.02
"E3","V3B",10101,"zone5 (farthest)",108,2250,0.048
"E3","V3B",10102,"zone1 (nearest)",836,1000,0.836
"E3","V3B",10102,"zone2",92,1000,0.092
"E3","V3B",10102,"zone3",8,1000,0.008
"E3","V3B",10102,"zone4",8,1000,0.008
"E3","V3B",10102,"zone5 (farthest)",56,1000,0.056
"E3","V3B",10103,"zone1 (nearest)",840,1000,0.84
"E3","V3B",10103,"zone2",96,1000,0.096
"E3","V3B",10103,"zone3",8,1000,0.008
"E3","V3B",10103,"zone4",16,1000,0.016
"E3","V3B",10103,"zone5 (farthest)",40,1000,0.04
"E3","V3B",10104,"zone1 (nearest)",820,1000,0.82
"E3","V3B",10104,"zone2",108,1000,0.108
"E3","V3B",10104,"zone3",16,1000,0.016
"E3","V3B",10104,"zone4",16,1000,0.016
"E3","V3B",10104,"zone5 (farthest)",40,1000,0.04
"E3","V3B",10105,"zone1 (nearest)",868,1000,0.868
"E3","V3B",10105,"zone2",64,1000,0.064
"E3","V3B",10105,"zone3",12,1000,0.012
"E3","V3B",10105,"zone4",8,1000,0.008
"E3","V3B",10105,"zone5 (farthest)",48,1000,0.048
"E3","V3B",10106,"zone1 (nearest)",860,1000,0.86
"E3","V3B",10106,"zone2",76,1000,0.076
"E3","V3B",10106,"zone3",0,1000,0
"E3","V3B",10106,"zone4",16,1000,0.016
"E3","V3B",10106,"zone5 (farthest)",48,1000,0.048
"E3","V3B",10107,"zone1 (nearest)",896,1000,0.896
"E3","V3B",10107,"zone2",44,1000,0.044
"E3","V3B",10107,"zone3",12,1000,0.012
"E3","V3B",10107,"zone4",12,1000,0.012
"E3","V3B",10107,"zone5 (farthest)",36,1000,0.036
"E3","V3B",10108,"zone1 (nearest)",872,1000,0.872
"E3","V3B",10108,"zone2",76,1000,0.076
"E3","V3B",10108,"zone3",8,1000,0.008
"E3","V3B",10108,"zone4",8,1000,0.008
"E3","V3B",10108,"zone5 (farthest)",36,1000,0.036
"E3","V3B",10109,"zone1 (nearest)",876,1000,0.876
"E3","V3B",10109,"zone2",60,1000,0.06
"E3","V3B",10109,"zone3",16,1000,0.016
"E3","V3B",10109,"zone4",8,1000,0.008
"E3","V3B",10109,"zone5 (farthest)",40,1000,0.04
"E3","V3B",10110,"zone1 (nearest)",872,1000,0.872
"E3","V3B",10110,"zone2",64,1000,0.064
"E3","V3B",10110,"zone3",8,1000,0.008
"E3","V3B",10110,"zone4",8,1000,0.008
"E3","V3B",10110,"zone5 (farthest)",48,1000,0.048
"E3","V3B",11101,"zone1 (nearest)",441,2250,0.196
"E3","V3B",11101,"zone2",405,2250,0.18
"E3","V3B",11101,"zone3",315,2250,0.14
"E3","V3B",11101,"zone4",459,2250,0.204
"E3","V3B",11101,"zone5 (farthest)",630,2250,0.28
"E3","V3B",11102,"zone1 (nearest)",208,1000,0.208
"E3","V3B",11102,"zone2",160,1000,0.16
"E3","V3B",11102,"zone3",180,1000,0.18
"E3","V3B",11102,"zone4",160,1000,0.16
"E3","V3B",11102,"zone5 (farthest)",292,1000,0.292
"E3","V3B",11103,"zone1 (nearest)",184,1000,0.184
"E3","V3B",11103,"zone2",184,1000,0.184
"E3","V3B",11103,"zone3",168,1000,0.168
"E3","V3B",11103,"zone4",196,1000,0.196
"E3","V3B",11103,"zone5 (farthest)",268,1000,0.268
"E3","V3B",11104,"zone1 (nearest)",152,1000,0.152
"E3","V3B",11104,"zone2",152,1000,0.152
"E3","V3B",11104,"zone3",212,1000,0.212
"E3","V3B",11104,"zone4",172,1000,0.172
"E3","V3B",11104,"zone5 (farthest)",312,1000,0.312
"E3","V3B",11105,"zone1 (nearest)",216,1000,0.216
"E3","V3B",11105,"zone2",168,1000,0.168
"E3","V3B",11105,"zone3",180,1000,0.18
"E3","V3B",11105,"zone4",176,1000,0.176
"E3","V3B",11105,"zone5 (farthest)",260,1000,0.26
"E3","V3B",11106,"zone1 (nearest)",188,1000,0.188
"E3","V3B",11106,"zone2",148,1000,0.148
"E3","V3B",11106,"zone3",180,1000,0.18
"E3","V3B",11106,"zone4",212,1000,0.212
"E3","V3B",11106,"zone5 (farthest)",272,1000,0.272
"E3","V3B",11107,"zone1 (nearest)",124,1000,0.124
"E3","V3B",11107,"zone2",188,1000,0.188
"E3","V3B",11107,"zone3",160,1000,0.16
"E3","V3B",11107,"zone4",180,1000,0.18
"E3","V3B",11107,"zone5 (farthest)",348,1000,0.348
"E3","V3B",11108,"zone1 (nearest)",188,1000,0.188
"E3","V3B",11108,"zone2",168,1000,0.168
"E3","V3B",11108,"zone3",164,1000,0.164
"E3","V3B",11108,"zone4",176,1000,0.176
"E3","V3B",11108,"zone5 (farthest)",304,1000,0.304
"E3","V3B",11109,"zone1 (nearest)",172,1000,0.172
"E3","V3B",11109,"zone2",132,1000,0.132
"E3","V3B",11109,"zone3",212,1000,0.212
"E3","V3B",11109,"zone4",196,1000,0.196
"E3","V3B",11109,"zone5 (farthest)",288,1000,0.288
"E3","V3B",11110,"zone1 (nearest)",164,1000,0.164
"E3","V3B",11110,"zone2",176,1000,0.176
"E3","V3B",11110,"zone3",172,1000,0.172
"E3","V3B",11110,"zone4",136,1000,0.136
"E3","V3B",11110,"zone5 (farthest)",352,1000,0.352
"E3","V3B",12101,"zone1 (nearest)",2205,2250,0.98
"E3","V3B",12101,"zone2",18,2250,0.008
"E3","V3B",12101,"zone3",9,2250,0.004
"E3","V3B",12101,"zone4",9,2250,0.004
"E3","V3B",12101,"zone5 (farthest)",9,2250,0.004
"E3","V3B",12102,"zone1 (nearest)",956,1000,0.956
"E3","V3B",12102,"zone2",12,1000,0.012
"E3","V3B",12102,"zone3",12,1000,0.012
"E3","V3B",12102,"zone4",8,1000,0.008
"E3","V3B",12102,"zone5 (farthest)",12,1000,0.012
"E3","V3B",12103,"zone1 (nearest)",972,1000,0.972
"E3","V3B",12103,"zone2",16,1000,0.016
"E3","V3B",12103,"zone3",8,1000,0.008
"E3","V3B",12103,"zone4",4,1000,0.004
"E3","V3B",12103,"zone5 (farthest)",0,1000,0
"E3","V3B",12104,"zone1 (nearest)",972,1000,0.972
"E3","V3B",12104,"zone2",4,1000,0.004
"E3","V3B",12104,"zone3",0,1000,0
"E3","V3B",12104,"zone4",4,1000,0.004
"E3","V3B",12104,"zone5 (farthest)",20,1000,0.02
"E3","V3B",12105,"zone1 (nearest)",968,1000,0.968
"E3","V3B",12105,"zone2",4,1000,0.004
"E3","V3B",12105,"zone3",16,1000,0.016
"E3","V3B",12105,"zone4",8,1000,0.008
"E3","V3B",12105,"zone5 (farthest)",4,1000,0.004
"E3","V3B",12106,"zone1 (nearest)",964,1000,0.964
"E3","V3B",12106,"zone2",20,1000,0.02
"E3","V3B",12106,"zone3",0,1000,0
"E3","V3B",12106,"zone4",12,1000,0.012
"E3","V3B",12106,"zone5 (farthest)",4,1000,0.004
"E3","V3B",12107,"zone1 (nearest)",976,1000,0.976
"E3","V3B",12107,"zone2",4,1000,0.004
"E3","V3B",12107,"zone3",4,1000,0.004
"E3","V3B",12107,"zone4",12,1000,0.012
"E3","V3B",12107,"zone5 (farthest)",4,1000,0.004
"E3","V3B",12108,"zone1 (nearest)",964,1000,0.964
"E3","V3B",12108,"zone2",12,1000,0.012
"E3","V3B",12108,"zone3",16,1000,0.016
"E3","V3B",12108,"zone4",4,1000,0.004
"E3","V3B",12108,"zone5 (farthest)",4,1000,0.004
"E3","V3B",12109,"zone1 (nearest)",968,1000,0.968
"E3","V3B",12109,"zone2",0,1000,0
"E3","V3B",12109,"zone3",12,1000,0.012
"E3","V3B",12109,"zone4",0,1000,0
"E3","V3B",12109,"zone5 (farthest)",20,1000,0.02
"E3","V3B",12110,"zone1 (nearest)",976,1000,0.976
"E3","V3B",12110,"zone2",8,1000,0.008
"E3","V3B",12110,"zone3",8,1000,0.008
"E3","V3B",12110,"zone4",4,1000,0.004
"E3","V3B",12110,"zone5 (farthest)",4,1000,0.004
"E3","V3B",13101,"zone1 (nearest)",2088,2250,0.928
"E3","V3B",13101,"zone2",45,2250,0.02
"E3","V3B",13101,"zone3",54,2250,0.024
"E3","V3B",13101,"zone4",9,2250,0.004
"E3","V3B",13101,"zone5 (farthest)",54,2250,0.024
"E3","V3B",13102,"zone1 (nearest)",932,1000,0.932
"E3","V3B",13102,"zone2",12,1000,0.012
"E3","V3B",13102,"zone3",12,1000,0.012
"E3","V3B",13102,"zone4",16,1000,0.016
"E3","V3B",13102,"zone5 (farthest)",28,1000,0.028
"E3","V3B",13103,"zone1 (nearest)",936,1000,0.936
"E3","V3B",13103,"zone2",12,1000,0.012
"E3","V3B",13103,"zone3",12,1000,0.012
"E3","V3B",13103,"zone4",4,1000,0.004
"E3","V3B",13103,"zone5 (farthest)",36,1000,0.036
"E3","V3B",13104,"zone1 (nearest)",928,1000,0.928
"E3","V3B",13104,"zone2",20,1000,0.02
"E3","V3B",13104,"zone3",20,1000,0.02
"E3","V3B",13104,"zone4",4,1000,0.004
"E3","V3B",13104,"zone5 (farthest)",28,1000,0.028
"E3","V3B",13105,"zone1 (nearest)",956,1000,0.956
"E3","V3B",13105,"zone2",8,1000,0.008
"E3","V3B",13105,"zone3",8,1000,0.008
"E3","V3B",13105,"zone4",4,1000,0.004
"E3","V3B",13105,"zone5 (farthest)",24,1000,0.024
"E3","V3B",13106,"zone1 (nearest)",940,1000,0.94
"E3","V3B",13106,"zone2",20,1000,0.02
"E3","V3B",13106,"zone3",4,1000,0.004
"E3","V3B",13106,"zone4",20,1000,0.02
"E3","V3B",13106,"zone5 (farthest)",16,1000,0.016
"E3","V3B",13107,"zone1 (nearest)",936,1000,0.936
"E3","V3B",13107,"zone2",16,1000,0.016
"E3","V3B",13107,"zone3",20,1000,0.02
"E3","V3B",13107,"zone4",4,1000,0.004
"E3","V3B",13107,"zone5 (farthest)",24,1000,0.024
"E3","V3B",13108,"zone1 (nearest)",928,1000,0.928
"E3","V3B",13108,"zone2",16,1000,0.016
"E3","V3B",13108,"zone3",20,1000,0.02
"E3","V3B",13108,"zone4",4,1000,0.004
"E3","V3B",13108,"zone5 (farthest)",32,1000,0.032
"E3","V3B",13109,"zone1 (nearest)",916,1000,0.916
"E3","V3B",13109,"zone2",20,1000,0.02
"E3","V3B",13109,"zone3",16,1000,0.016
"E3","V3B",13109,"zone4",12,1000,0.012
"E3","V3B",13109,"zone5 (farthest)",36,1000,0.036
"E3","V3B",13110,"zone1 (nearest)",928,1000,0.928
"E3","V3B",13110,"zone2",8,1000,0.008
"E3","V3B",13110,"zone3",8,1000,0.008
"E3","V3B",13110,"zone4",12,1000,0.012
"E3","V3B",13110,"zone5 (farthest)",44,1000,0.044
"E3","V3B",14101,"zone1 (nearest)",2169,2250,0.964
"E3","V3B",14101,"zone2",18,2250,0.008
"E3","V3B",14101,"zone3",36,2250,0.016
"E3","V3B",14101,"zone4",0,2250,0
"E3","V3B",14101,"zone5 (farthest)",27,2250,0.012
"E3","V3B",14102,"zone1 (nearest)",940,1000,0.94
"E3","V3B",14102,"zone2",20,1000,0.02
"E3","V3B",14102,"zone3",12,1000,0.012
"E3","V3B",14102,"zone4",16,1000,0.016
"E3","V3B",14102,"zone5 (farthest)",12,1000,0.012
"E3","V3B",14103,"zone1 (nearest)",956,1000,0.956
"E3","V3B",14103,"zone2",0,1000,0
"E3","V3B",14103,"zone3",24,1000,0.024
"E3","V3B",14103,"zone4",8,1000,0.008
"E3","V3B",14103,"zone5 (farthest)",12,1000,0.012
"E3","V3B",14104,"zone1 (nearest)",948,1000,0.948
"E3","V3B",14104,"zone2",20,1000,0.02
"E3","V3B",14104,"zone3",4,1000,0.004
"E3","V3B",14104,"zone4",4,1000,0.004
"E3","V3B",14104,"zone5 (farthest)",24,1000,0.024
"E3","V3B",14105,"zone1 (nearest)",968,1000,0.968
"E3","V3B",14105,"zone2",8,1000,0.008
"E3","V3B",14105,"zone3",16,1000,0.016
"E3","V3B",14105,"zone4",4,1000,0.004
"E3","V3B",14105,"zone5 (farthest)",4,1000,0.004
"E3","V3B",14106,"zone1 (nearest)",952,1000,0.952
"E3","V3B",14106,"zone2",12,1000,0.012
"E3","V3B",14106,"zone3",16,1000,0.016
"E3","V3B",14106,"zone4",12,1000,0.012
"E3","V3B",14106,"zone5 (farthest)",8,1000,0.008
"E3","V3B",14107,"zone1 (nearest)",952,1000,0.952
"E3","V3B",14107,"zone2",20,1000,0.02
"E3","V3B",14107,"zone3",24,1000,0.024
"E3","V3B",14107,"zone4",4,1000,0.004
"E3","V3B",14107,"zone5 (farthest)",0,1000,0
"E3","V3B",14108,"zone1 (nearest)",944,1000,0.944
"E3","V3B",14108,"zone2",12,1000,0.012
"E3","V3B",14108,"zone3",12,1000,0.012
"E3","V3B",14108,"zone4",24,1000,0.024
"E3","V3B",14108,"zone5 (farthest)",8,1000,0.008
"E3","V3B",14109,"zone1 (nearest)",968,1000,0.968
"E3","V3B",14109,"zone2",8,1000,0.008
"E3","V3B",14109,"zone3",8,1000,0.008
"E3","V3B",14109,"zone4",0,1000,0
"E3","V3B",14109,"zone5 (farthest)",16,1000,0.016
"E3","V3B",14110,"zone1 (nearest)",952,1000,0.952
"E3","V3B",14110,"zone2",12,1000,0.012
"E3","V3B",14110,"zone3",16,1000,0.016
"E3","V3B",14110,"zone4",12,1000,0.012
"E3","V3B",14110,"zone5 (farthest)",8,1000,0.008
"E3","V3B",15101,"zone1 (nearest)",1719,2250,0.764
"E3","V3B",15101,"zone2",243,2250,0.108
"E3","V3B",15101,"zone3",72,2250,0.032
"E3","V3B",15101,"zone4",81,2250,0.036
"E3","V3B",15101,"zone5 (farthest)",135,2250,0.06
"E3","V3B",15102,"zone1 (nearest)",736,1000,0.736
"E3","V3B",15102,"zone2",140,1000,0.14
"E3","V3B",15102,"zone3",48,1000,0.048
"E3","V3B",15102,"zone4",36,1000,0.036
"E3","V3B",15102,"zone5 (farthest)",40,1000,0.04
"E3","V3B",15103,"zone1 (nearest)",692,1000,0.692
"E3","V3B",15103,"zone2",176,1000,0.176
"E3","V3B",15103,"zone3",36,1000,0.036
"E3","V3B",15103,"zone4",40,1000,0.04
"E3","V3B",15103,"zone5 (farthest)",56,1000,0.056
"E3","V3B",15104,"zone1 (nearest)",792,1000,0.792
"E3","V3B",15104,"zone2",108,1000,0.108
"E3","V3B",15104,"zone3",36,1000,0.036
"E3","V3B",15104,"zone4",28,1000,0.028
"E3","V3B",15104,"zone5 (farthest)",36,1000,0.036
"E3","V3B",15105,"zone1 (nearest)",688,1000,0.688
"E3","V3B",15105,"zone2",184,1000,0.184
"E3","V3B",15105,"zone3",36,1000,0.036
"E3","V3B",15105,"zone4",48,1000,0.048
"E3","V3B",15105,"zone5 (farthest)",44,1000,0.044
"E3","V3B",15106,"zone1 (nearest)",752,1000,0.752
"E3","V3B",15106,"zone2",124,1000,0.124
"E3","V3B",15106,"zone3",48,1000,0.048
"E3","V3B",15106,"zone4",20,1000,0.02
"E3","V3B",15106,"zone5 (farthest)",56,1000,0.056
"E3","V3B",15107,"zone1 (nearest)",768,1000,0.768
"E3","V3B",15107,"zone2",144,1000,0.144
"E3","V3B",15107,"zone3",24,1000,0.024
"E3","V3B",15107,"zone4",32,1000,0.032
"E3","V3B",15107,"zone5 (farthest)",32,1000,0.032
"E3","V3B",15108,"zone1 (nearest)",740,1000,0.74
"E3","V3B",15108,"zone2",152,1000,0.152
"E3","V3B",15108,"zone3",36,1000,0.036
"E3","V3B",15108,"zone4",28,1000,0.028
"E3","V3B",15108,"zone5 (farthest)",44,1000,0.044
"E3","V3B",15109,"zone1 (nearest)",792,1000,0.792
"E3","V3B",15109,"zone2",100,1000,0.1
"E3","V3B",15109,"zone3",28,1000,0.028
"E3","V3B",15109,"zone4",32,1000,0.032
"E3","V3B",15109,"zone5 (farthest)",48,1000,0.048
"E3","V3B",15110,"zone1 (nearest)",764,1000,0.764
"E3","V3B",15110,"zone2",144,1000,0.144
"E3","V3B",15110,"zone3",32,1000,0.032
"E3","V3B",15110,"zone4",28,1000,0.028
"E3","V3B",15110,"zone5 (farthest)",32,1000,0.032
"E3","V3B",16101,"zone1 (nearest)",2151,2250,0.956
"E3","V3B",16101,"zone2",36,2250,0.016
"E3","V3B",16101,"zone3",0,2250,0
"E3","V3B",16101,"zone4",9,2250,0.004
"E3","V3B",16101,"zone5 (farthest)",54,2250,0.024
"E3","V3B",16102,"zone1 (nearest)",968,1000,0.968
"E3","V3B",16102,"zone2",12,1000,0.012
"E3","V3B",16102,"zone3",4,1000,0.004
"E3","V3B",16102,"zone4",4,1000,0.004
"E3","V3B",16102,"zone5 (farthest)",12,1000,0.012
"E3","V3B",16103,"zone1 (nearest)",956,1000,0.956
"E3","V3B",16103,"zone2",12,1000,0.012
"E3","V3B",16103,"zone3",12,1000,0.012
"E3","V3B",16103,"zone4",4,1000,0.004
"E3","V3B",16103,"zone5 (farthest)",16,1000,0.016
"E3","V3B",16104,"zone1 (nearest)",960,1000,0.96
"E3","V3B",16104,"zone2",4,1000,0.004
"E3","V3B",16104,"zone3",8,1000,0.008
"E3","V3B",16104,"zone4",8,1000,0.008
"E3","V3B",16104,"zone5 (farthest)",20,1000,0.02
"E3","V3B",16105,"zone1 (nearest)",964,1000,0.964
"E3","V3B",16105,"zone2",8,1000,0.008
"E3","V3B",16105,"zone3",0,1000,0
"E3","V3B",16105,"zone4",8,1000,0.008
"E3","V3B",16105,"zone5 (farthest)",20,1000,0.02
"E3","V3B",16106,"zone1 (nearest)",956,1000,0.956
"E3","V3B",16106,"zone2",8,1000,0.008
"E3","V3B",16106,"zone3",16,1000,0.016
"E3","V3B",16106,"zone4",8,1000,0.008
"E3","V3B",16106,"zone5 (farthest)",12,1000,0.012
"E3","V3B",16107,"zone1 (nearest)",940,1000,0.94
"E3","V3B",16107,"zone2",16,1000,0.016
"E3","V3B",16107,"zone3",4,1000,0.004
"E3","V3B",16107,"zone4",20,1000,0.02
"E3","V3B",16107,"zone5 (farthest)",20,1000,0.02
"E3","V3B",16108,"zone1 (nearest)",976,1000,0.976
"E3","V3B",16108,"zone2",8,1000,0.008
"E3","V3B",16108,"zone3",0,1000,0
"E3","V3B",16108,"zone4",4,1000,0.004
"E3","V3B",16108,"zone5 (farthest)",12,1000,0.012
"E3","V3B",16109,"zone1 (nearest)",936,1000,0.936
"E3","V3B",16109,"zone2",24,1000,0.024
"E3","V3B",16109,"zone3",8,1000,0.008
"E3","V3B",16109,"zone4",8,1000,0.008
"E3","V3B",16109,"zone5 (farthest)",24,1000,0.024
"E3","V3B",16110,"zone1 (nearest)",956,1000,0.956
"E3","V3B",16110,"zone2",28,1000,0.028
"E3","V3B",16110,"zone3",0,1000,0
"E3","V3B",16110,"zone4",4,1000,0.004
"E3","V3B",16110,"zone5 (farthest)",12,1000,0.012
"E3","V3B",17101,"zone1 (nearest)",2142,2250,0.952
"E3","V3B",17101,"zone2",27,2250,0.012
"E3","V3B",17101,"zone3",9,2250,0.004
"E3","V3B",17101,"zone4",36,2250,0.016
"E3","V3B",17101,"zone5 (farthest)",36,2250,0.016
"E3","V3B",17102,"zone1 (nearest)",908,1000,0.908
"E3","V3B",17102,"zone2",36,1000,0.036
"E3","V3B",17102,"zone3",28,1000,0.028
"E3","V3B",17102,"zone4",12,1000,0.012
"E3","V3B",17102,"zone5 (farthest)",16,1000,0.016
"E3","V3B",17103,"zone1 (nearest)",944,1000,0.944
"E3","V3B",17103,"zone2",24,1000,0.024
"E3","V3B",17103,"zone3",12,1000,0.012
"E3","V3B",17103,"zone4",8,1000,0.008
"E3","V3B",17103,"zone5 (farthest)",12,1000,0.012
"E3","V3B",17104,"zone1 (nearest)",940,1000,0.94
"E3","V3B",17104,"zone2",20,1000,0.02
"E3","V3B",17104,"zone3",8,1000,0.008
"E3","V3B",17104,"zone4",16,1000,0.016
"E3","V3B",17104,"zone5 (farthest)",16,1000,0.016
"E3","V3B",17105,"zone1 (nearest)",960,1000,0.96
"E3","V3B",17105,"zone2",16,1000,0.016
"E3","V3B",17105,"zone3",4,1000,0.004
"E3","V3B",17105,"zone4",8,1000,0.008
"E3","V3B",17105,"zone5 (farthest)",12,1000,0.012
"E3","V3B",17106,"zone1 (nearest)",960,1000,0.96
"E3","V3B",17106,"zone2",20,1000,0.02
"E3","V3B",17106,"zone3",4,1000,0.004
"E3","V3B",17106,"zone4",4,1000,0.004
"E3","V3B",17106,"zone5 (farthest)",12,1000,0.012
"E3","V3B",17107,"zone1 (nearest)",932,1000,0.932
"E3","V3B",17107,"zone2",32,1000,0.032
"E3","V3B",17107,"zone3",20,1000,0.02
"E3","V3B",17107,"zone4",4,1000,0.004
"E3","V3B",17107,"zone5 (farthest)",12,1000,0.012
"E3","V3B",17108,"zone1 (nearest)",944,1000,0.944
"E3","V3B",17108,"zone2",16,1000,0.016
"E3","V3B",17108,"zone3",16,1000,0.016
"E3","V3B",17108,"zone4",16,1000,0.016
"E3","V3B",17108,"zone5 (farthest)",8,1000,0.008
"E3","V3B",17109,"zone1 (nearest)",952,1000,0.952
"E3","V3B",17109,"zone2",20,1000,0.02
"E3","V3B",17109,"zone3",8,1000,0.008
"E3","V3B",17109,"zone4",0,1000,0
"E3","V3B",17109,"zone5 (farthest)",20,1000,0.02
"E3","V3B",17110,"zone1 (nearest)",964,1000,0.964
"E3","V3B",17110,"zone2",16,1000,0.016
"E3","V3B",17110,"zone3",12,1000,0.012
"E3","V3B",17110,"zone4",8,1000,0.008
"E3","V3B",17110,"zone5 (farthest)",0,1000,0
"E3","V3B",18101,"zone1 (nearest)",981,2250,0.436
"E3","V3B",18101,"zone2",99,2250,0.044
"E3","V3B",18101,"zone3",117,2250,0.052
"E3","V3B",18101,"zone4",477,2250,0.212
"E3","V3B",18101,"zone5 (farthest)",576,2250,0.256
"E3","V3B",18102,"zone1 (nearest)",412,1000,0.412
"E3","V3B",18102,"zone2",72,1000,0.072
"E3","V3B",18102,"zone3",32,1000,0.032
"E3","V3B",18102,"zone4",224,1000,0.224
"E3","V3B",18102,"zone5 (farthest)",260,1000,0.26
"E3","V3B",18103,"zone1 (nearest)",412,1000,0.412
"E3","V3B",18103,"zone2",24,1000,0.024
"E3","V3B",18103,"zone3",32,1000,0.032
"E3","V3B",18103,"zone4",208,1000,0.208
"E3","V3B",18103,"zone5 (farthest)",324,1000,0.324
"E3","V3B",18104,"zone1 (nearest)",412,1000,0.412
"E3","V3B",18104,"zone2",56,1000,0.056
"E3","V3B",18104,"zone3",48,1000,0.048
"E3","V3B",18104,"zone4",188,1000,0.188
"E3","V3B",18104,"zone5 (farthest)",296,1000,0.296
"E3","V3B",18105,"zone1 (nearest)",428,1000,0.428
"E3","V3B",18105,"zone2",28,1000,0.028
"E3","V3B",18105,"zone3",60,1000,0.06
"E3","V3B",18105,"zone4",188,1000,0.188
"E3","V3B",18105,"zone5 (farthest)",296,1000,0.296
"E3","V3B",18106,"zone1 (nearest)",408,1000,0.408
"E3","V3B",18106,"zone2",64,1000,0.064
"E3","V3B",18106,"zone3",24,1000,0.024
"E3","V3B",18106,"zone4",232,1000,0.232
"E3","V3B",18106,"zone5 (farthest)",272,1000,0.272
"E3","V3B",18107,"zone1 (nearest)",432,1000,0.432
"E3","V3B",18107,"zone2",32,1000,0.032
"E3","V3B",18107,"zone3",32,1000,0.032
"E3","V3B",18107,"zone4",196,1000,0.196
"E3","V3B",18107,"zone5 (farthest)",308,1000,0.308
"E3","V3B",18108,"zone1 (nearest)",420,1000,0.42
"E3","V3B",18108,"zone2",28,1000,0.028
"E3","V3B",18108,"zone3",68,1000,0.068
"E3","V3B",18108,"zone4",224,1000,0.224
"E3","V3B",18108,"zone5 (farthest)",260,1000,0.26
"E3","V3B",18109,"zone1 (nearest)",412,1000,0.412
"E3","V3B",18109,"zone2",64,1000,0.064
"E3","V3B",18109,"zone3",48,1000,0.048
"E3","V3B",18109,"zone4",180,1000,0.18
"E3","V3B",18109,"zone5 (farthest)",296,1000,0.296
"E3","V3B",18110,"zone1 (nearest)",400,1000,0.4
"E3","V3B",18110,"zone2",32,1000,0.032
"E3","V3B",18110,"zone3",68,1000,0.068
"E3","V3B",18110,"zone4",216,1000,0.216
"E3","V3B",18110,"zone5 (farthest)",284,1000,0.284
"E3","V3B",19101,"zone1 (nearest)",2007,2250,0.892
"E3","V3B",19101,"zone2",126,2250,0.056
"E3","V3B",19101,"zone3",72,2250,0.032
"E3","V3B",19101,"zone4",0,2250,0
"E3","V3B",19101,"zone5 (farthest)",45,2250,0.02
"E3","V3B",19102,"zone1 (nearest)",900,1000,0.9
"E3","V3B",19102,"zone2",64,1000,0.064
"E3","V3B",19102,"zone3",16,1000,0.016
"E3","V3B",19102,"zone4",12,1000,0.012
"E3","V3B",19102,"zone5 (farthest)",8,1000,0.008
"E3","V3B",19103,"zone1 (nearest)",908,1000,0.908
"E3","V3B",19103,"zone2",48,1000,0.048
"E3","V3B",19103,"zone3",20,1000,0.02
"E3","V3B",19103,"zone4",16,1000,0.016
"E3","V3B",19103,"zone5 (farthest)",8,1000,0.008
"E3","V3B",19104,"zone1 (nearest)",916,1000,0.916
"E3","V3B",19104,"zone2",36,1000,0.036
"E3","V3B",19104,"zone3",32,1000,0.032
"E3","V3B",19104,"zone4",8,1000,0.008
"E3","V3B",19104,"zone5 (farthest)",8,1000,0.008
"E3","V3B",19105,"zone1 (nearest)",892,1000,0.892
"E3","V3B",19105,"zone2",64,1000,0.064
"E3","V3B",19105,"zone3",24,1000,0.024
"E3","V3B",19105,"zone4",8,1000,0.008
"E3","V3B",19105,"zone5 (farthest)",12,1000,0.012
"E3","V3B",19106,"zone1 (nearest)",872,1000,0.872
"E3","V3B",19106,"zone2",80,1000,0.08
"E3","V3B",19106,"zone3",20,1000,0.02
"E3","V3B",19106,"zone4",8,1000,0.008
"E3","V3B",19106,"zone5 (farthest)",20,1000,0.02
"E3","V3B",19107,"zone1 (nearest)",900,1000,0.9
"E3","V3B",19107,"zone2",52,1000,0.052
"E3","V3B",19107,"zone3",28,1000,0.028
"E3","V3B",19107,"zone4",8,1000,0.008
"E3","V3B",19107,"zone5 (farthest)",12,1000,0.012
"E3","V3B",19108,"zone1 (nearest)",916,1000,0.916
"E3","V3B",19108,"zone2",52,1000,0.052
"E3","V3B",19108,"zone3",8,1000,0.008
"E3","V3B",19108,"zone4",8,1000,0.008
"E3","V3B",19108,"zone5 (farthest)",16,1000,0.016
"E3","V3B",19109,"zone1 (nearest)",908,1000,0.908
"E3","V3B",19109,"zone2",64,1000,0.064
"E3","V3B",19109,"zone3",8,1000,0.008
"E3","V3B",19109,"zone4",8,1000,0.008
"E3","V3B",19109,"zone5 (farthest)",12,1000,0.012
"E3","V3B",19110,"zone1 (nearest)",908,1000,0.908
"E3","V3B",19110,"zone2",60,1000,0.06
"E3","V3B",19110,"zone3",12,1000,0.012
"E3","V3B",19110,"zone4",4,1000,0.004
"E3","V3B",19110,"zone5 (farthest)",16,1000,0.016
"E3","V3B",20101,"zone1 (nearest)",2169,2250,0.964
"E3","V3B",20101,"zone2",27,2250,0.012
"E3","V3B",20101,"zone3",9,2250,0.004
"E3","V3B",20101,"zone4",18,2250,0.008
"E3","V3B",20101,"zone5 (farthest)",27,2250,0.012
"E3","V3B",20102,"zone1 (nearest)",972,1000,0.972
"E3","V3B",20102,"zone2",4,1000,0.004
"E3","V3B",20102,"zone3",8,1000,0.008
"E3","V3B",20102,"zone4",12,1000,0.012
"E3","V3B",20102,"zone5 (farthest)",4,1000,0.004
"E3","V3B",20103,"zone1 (nearest)",964,1000,0.964
"E3","V3B",20103,"zone2",4,1000,0.004
"E3","V3B",20103,"zone3",8,1000,0.008
"E3","V3B",20103,"zone4",8,1000,0.008
"E3","V3B",20103,"zone5 (farthest)",16,1000,0.016
"E3","V3B",20104,"zone1 (nearest)",972,1000,0.972
"E3","V3B",20104,"zone2",0,1000,0
"E3","V3B",20104,"zone3",4,1000,0.004
"E3","V3B",20104,"zone4",0,1000,0
"E3","V3B",20104,"zone5 (farthest)",24,1000,0.024
"E3","V3B",20105,"zone1 (nearest)",960,1000,0.96
"E3","V3B",20105,"zone2",12,1000,0.012
"E3","V3B",20105,"zone3",4,1000,0.004
"E3","V3B",20105,"zone4",0,1000,0
"E3","V3B",20105,"zone5 (farthest)",24,1000,0.024
"E3","V3B",20106,"zone1 (nearest)",980,1000,0.98
"E3","V3B",20106,"zone2",4,1000,0.004
"E3","V3B",20106,"zone3",4,1000,0.004
"E3","V3B",20106,"zone4",0,1000,0
"E3","V3B",20106,"zone5 (farthest)",12,1000,0.012
"E3","V3B",20107,"zone1 (nearest)",964,1000,0.964
"E3","V3B",20107,"zone2",8,1000,0.008
"E3","V3B",20107,"zone3",4,1000,0.004
"E3","V3B",20107,"zone4",4,1000,0.004
"E3","V3B",20107,"zone5 (farthest)",20,1000,0.02
"E3","V3B",20108,"zone1 (nearest)",964,1000,0.964
"E3","V3B",20108,"zone2",4,1000,0.004
"E3","V3B",20108,"zone3",4,1000,0.004
"E3","V3B",20108,"zone4",4,1000,0.004
"E3","V3B",20108,"zone5 (farthest)",24,1000,0.024
"E3","V3B",20109,"zone1 (nearest)",968,1000,0.968
"E3","V3B",20109,"zone2",12,1000,0.012
"E3","V3B",20109,"zone3",4,1000,0.004
"E3","V3B",20109,"zone4",8,1000,0.008
"E3","V3B",20109,"zone5 (farthest)",8,1000,0.008
"E3","V3B",20110,"zone1 (nearest)",972,1000,0.972
"E3","V3B",20110,"zone2",4,1000,0.004
"E3","V3B",20110,"zone3",8,1000,0.008
"E3","V3B",20110,"zone4",0,1000,0
"E3","V3B",20110,"zone5 (farthest)",16,1000,0.016
"E3","V3B",21101,"zone1 (nearest)",2151,2250,0.956
"E3","V3B",21101,"zone2",36,2250,0.016
"E3","V3B",21101,"zone3",18,2250,0.008
"E3","V3B",21101,"zone4",9,2250,0.004
"E3","V3B",21101,"zone5 (farthest)",36,2250,0.016
"E3","V3B",21102,"zone1 (nearest)",948,1000,0.948
"E3","V3B",21102,"zone2",20,1000,0.02
"E3","V3B",21102,"zone3",12,1000,0.012
"E3","V3B",21102,"zone4",4,1000,0.004
"E3","V3B",21102,"zone5 (farthest)",16,1000,0.016
"E3","V3B",21103,"zone1 (nearest)",952,1000,0.952
"E3","V3B",21103,"zone2",16,1000,0.016
"E3","V3B",21103,"zone3",8,1000,0.008
"E3","V3B",21103,"zone4",4,1000,0.004
"E3","V3B",21103,"zone5 (farthest)",20,1000,0.02
"E3","V3B",21104,"zone1 (nearest)",960,1000,0.96
"E3","V3B",21104,"zone2",20,1000,0.02
"E3","V3B",21104,"zone3",4,1000,0.004
"E3","V3B",21104,"zone4",8,1000,0.008
"E3","V3B",21104,"zone5 (farthest)",8,1000,0.008
"E3","V3B",21105,"zone1 (nearest)",964,1000,0.964
"E3","V3B",21105,"zone2",16,1000,0.016
"E3","V3B",21105,"zone3",12,1000,0.012
"E3","V3B",21105,"zone4",4,1000,0.004
"E3","V3B",21105,"zone5 (farthest)",4,1000,0.004
"E3","V3B",21106,"zone1 (nearest)",952,1000,0.952
"E3","V3B",21106,"zone2",16,1000,0.016
"E3","V3B",21106,"zone3",16,1000,0.016
"E3","V3B",21106,"zone4",0,1000,0
"E3","V3B",21106,"zone5 (farthest)",16,1000,0.016
"E3","V3B",21107,"zone1 (nearest)",944,1000,0.944
"E3","V3B",21107,"zone2",24,1000,0.024
"E3","V3B",21107,"zone3",16,1000,0.016
"E3","V3B",21107,"zone4",4,1000,0.004
"E3","V3B",21107,"zone5 (farthest)",12,1000,0.012
"E3","V3B",21108,"zone1 (nearest)",952,1000,0.952
"E3","V3B",21108,"zone2",24,1000,0.024
"E3","V3B",21108,"zone3",8,1000,0.008
"E3","V3B",21108,"zone4",8,1000,0.008
"E3","V3B",21108,"zone5 (farthest)",8,1000,0.008
"E3","V3B",21109,"zone1 (nearest)",952,1000,0.952
"E3","V3B",21109,"zone2",16,1000,0.016
"E3","V3B",21109,"zone3",8,1000,0.008
"E3","V3B",21109,"zone4",4,1000,0.004
"E3","V3B",21109,"zone5 (farthest)",20,1000,0.02
"E3","V3B",21110,"zone1 (nearest)",944,1000,0.944
"E3","V3B",21110,"zone2",20,1000,0.02
"E3","V3B",21110,"zone3",12,1000,0.012
"E3","V3B",21110,"zone4",8,1000,0.008
"E3","V3B",21110,"zone5 (farthest)",16,1000,0.016
"E3","V3B",22101,"zone1 (nearest)",2142,2250,0.952
"E3","V3B",22101,"zone2",27,2250,0.012
"E3","V3B",22101,"zone3",27,2250,0.012
"E3","V3B",22101,"zone4",0,2250,0
"E3","V3B",22101,"zone5 (farthest)",54,2250,0.024
"E3","V3B",22102,"zone1 (nearest)",928,1000,0.928
"E3","V3B",22102,"zone2",24,1000,0.024
"E3","V3B",22102,"zone3",4,1000,0.004
"E3","V3B",22102,"zone4",16,1000,0.016
"E3","V3B",22102,"zone5 (farthest)",28,1000,0.028
"E3","V3B",22103,"zone1 (nearest)",956,1000,0.956
"E3","V3B",22103,"zone2",24,1000,0.024
"E3","V3B",22103,"zone3",8,1000,0.008
"E3","V3B",22103,"zone4",0,1000,0
"E3","V3B",22103,"zone5 (farthest)",12,1000,0.012
"E3","V3B",22104,"zone1 (nearest)",928,1000,0.928
"E3","V3B",22104,"zone2",8,1000,0.008
"E3","V3B",22104,"zone3",28,1000,0.028
"E3","V3B",22104,"zone4",8,1000,0.008
"E3","V3B",22104,"zone5 (farthest)",28,1000,0.028
"E3","V3B",22105,"zone1 (nearest)",960,1000,0.96
"E3","V3B",22105,"zone2",4,1000,0.004
"E3","V3B",22105,"zone3",12,1000,0.012
"E3","V3B",22105,"zone4",16,1000,0.016
"E3","V3B",22105,"zone5 (farthest)",8,1000,0.008
"E3","V3B",22106,"zone1 (nearest)",936,1000,0.936
"E3","V3B",22106,"zone2",8,1000,0.008
"E3","V3B",22106,"zone3",12,1000,0.012
"E3","V3B",22106,"zone4",28,1000,0.028
"E3","V3B",22106,"zone5 (farthest)",16,1000,0.016
"E3","V3B",22107,"zone1 (nearest)",940,1000,0.94
"E3","V3B",22107,"zone2",8,1000,0.008
"E3","V3B",22107,"zone3",12,1000,0.012
"E3","V3B",22107,"zone4",20,1000,0.02
"E3","V3B",22107,"zone5 (farthest)",20,1000,0.02
"E3","V3B",22108,"zone1 (nearest)",956,1000,0.956
"E3","V3B",22108,"zone2",12,1000,0.012
"E3","V3B",22108,"zone3",8,1000,0.008
"E3","V3B",22108,"zone4",8,1000,0.008
"E3","V3B",22108,"zone5 (farthest)",16,1000,0.016
"E3","V3B",22109,"zone1 (nearest)",928,1000,0.928
"E3","V3B",22109,"zone2",16,1000,0.016
"E3","V3B",22109,"zone3",20,1000,0.02
"E3","V3B",22109,"zone4",0,1000,0
"E3","V3B",22109,"zone5 (farthest)",36,1000,0.036
"E3","V3B",22110,"zone1 (nearest)",932,1000,0.932
"E3","V3B",22110,"zone2",8,1000,0.008
"E3","V3B",22110,"zone3",16,1000,0.016
"E3","V3B",22110,"zone4",12,1000,0.012
"E3","V3B",22110,"zone5 (farthest)",32,1000,0.032
"E3","V3B",23101,"zone1 (nearest)",2115,2250,0.94
"E3","V3B",23101,"zone2",27,2250,0.012
"E3","V3B",23101,"zone3",36,2250,0.016
"E3","V3B",23101,"zone4",9,2250,0.004
"E3","V3B",23101,"zone5 (farthest)",63,2250,0.028
"E3","V3B",23102,"zone1 (nearest)",928,1000,0.928
"E3","V3B",23102,"zone2",24,1000,0.024
"E3","V3B",23102,"zone3",4,1000,0.004
"E3","V3B",23102,"zone4",8,1000,0.008
"E3","V3B",23102,"zone5 (farthest)",36,1000,0.036
"E3","V3B",23103,"zone1 (nearest)",928,1000,0.928
"E3","V3B",23103,"zone2",8,1000,0.008
"E3","V3B",23103,"zone3",8,1000,0.008
"E3","V3B",23103,"zone4",8,1000,0.008
"E3","V3B",23103,"zone5 (farthest)",48,1000,0.048
"E3","V3B",23104,"zone1 (nearest)",916,1000,0.916
"E3","V3B",23104,"zone2",24,1000,0.024
"E3","V3B",23104,"zone3",4,1000,0.004
"E3","V3B",23104,"zone4",4,1000,0.004
"E3","V3B",23104,"zone5 (farthest)",52,1000,0.052
"E3","V3B",23105,"zone1 (nearest)",936,1000,0.936
"E3","V3B",23105,"zone2",16,1000,0.016
"E3","V3B",23105,"zone3",8,1000,0.008
"E3","V3B",23105,"zone4",12,1000,0.012
"E3","V3B",23105,"zone5 (farthest)",28,1000,0.028
"E3","V3B",23106,"zone1 (nearest)",920,1000,0.92
"E3","V3B",23106,"zone2",12,1000,0.012
"E3","V3B",23106,"zone3",4,1000,0.004
"E3","V3B",23106,"zone4",36,1000,0.036
"E3","V3B",23106,"zone5 (farthest)",28,1000,0.028
"E3","V3B",23107,"zone1 (nearest)",932,1000,0.932
"E3","V3B",23107,"zone2",12,1000,0.012
"E3","V3B",23107,"zone3",24,1000,0.024
"E3","V3B",23107,"zone4",8,1000,0.008
"E3","V3B",23107,"zone5 (farthest)",24,1000,0.024
"E3","V3B",23108,"zone1 (nearest)",944,1000,0.944
"E3","V3B",23108,"zone2",12,1000,0.012
"E3","V3B",23108,"zone3",24,1000,0.024
"E3","V3B",23108,"zone4",16,1000,0.016
"E3","V3B",23108,"zone5 (farthest)",4,1000,0.004
"E3","V3B",23109,"zone1 (nearest)",932,1000,0.932
"E3","V3B",23109,"zone2",16,1000,0.016
"E3","V3B",23109,"zone3",16,1000,0.016
"E3","V3B",23109,"zone4",16,1000,0.016
"E3","V3B",23109,"zone5 (farthest)",20,1000,0.02
"E3","V3B",23110,"zone1 (nearest)",932,1000,0.932
"E3","V3B",23110,"zone2",20,1000,0.02
"E3","V3B",23110,"zone3",8,1000,0.008
"E3","V3B",23110,"zone4",4,1000,0.004
"E3","V3B",23110,"zone5 (farthest)",36,1000,0.036
"E3","V3B",24101,"zone1 (nearest)",2178,2250,0.968
"E3","V3B",24101,"zone2",9,2250,0.004
"E3","V3B",24101,"zone3",18,2250,0.008
"E3","V3B",24101,"zone4",9,2250,0.004
"E3","V3B",24101,"zone5 (farthest)",36,2250,0.016
"E3","V3B",24102,"zone1 (nearest)",972,1000,0.972
"E3","V3B",24102,"zone2",4,1000,0.004
"E3","V3B",24102,"zone3",4,1000,0.004
"E3","V3B",24102,"zone4",8,1000,0.008
"E3","V3B",24102,"zone5 (farthest)",12,1000,0.012
"E3","V3B",24103,"zone1 (nearest)",964,1000,0.964
"E3","V3B",24103,"zone2",4,1000,0.004
"E3","V3B",24103,"zone3",4,1000,0.004
"E3","V3B",24103,"zone4",8,1000,0.008
"E3","V3B",24103,"zone5 (farthest)",20,1000,0.02
"E3","V3B",24104,"zone1 (nearest)",960,1000,0.96
"E3","V3B",24104,"zone2",12,1000,0.012
"E3","V3B",24104,"zone3",0,1000,0
"E3","V3B",24104,"zone4",0,1000,0
"E3","V3B",24104,"zone5 (farthest)",28,1000,0.028
"E3","V3B",24105,"zone1 (nearest)",964,1000,0.964
"E3","V3B",24105,"zone2",12,1000,0.012
"E3","V3B",24105,"zone3",4,1000,0.004
"E3","V3B",24105,"zone4",4,1000,0.004
"E3","V3B",24105,"zone5 (farthest)",16,1000,0.016
"E3","V3B",24106,"zone1 (nearest)",980,1000,0.98
"E3","V3B",24106,"zone2",4,1000,0.004
"E3","V3B",24106,"zone3",0,1000,0
"E3","V3B",24106,"zone4",4,1000,0.004
"E3","V3B",24106,"zone5 (farthest)",12,1000,0.012
"E3","V3B",24107,"zone1 (nearest)",964,1000,0.964
"E3","V3B",24107,"zone2",0,1000,0
"E3","V3B",24107,"zone3",8,1000,0.008
"E3","V3B",24107,"zone4",4,1000,0.004
"E3","V3B",24107,"zone5 (farthest)",24,1000,0.024
"E3","V3B",24108,"zone1 (nearest)",948,1000,0.948
"E3","V3B",24108,"zone2",4,1000,0.004
"E3","V3B",24108,"zone3",4,1000,0.004
"E3","V3B",24108,"zone4",8,1000,0.008
"E3","V3B",24108,"zone5 (farthest)",36,1000,0.036
"E3","V3B",24109,"zone1 (nearest)",972,1000,0.972
"E3","V3B",24109,"zone2",4,1000,0.004
"E3","V3B",24109,"zone3",12,1000,0.012
"E3","V3B",24109,"zone4",0,1000,0
"E3","V3B",24109,"zone5 (farthest)",12,1000,0.012
"E3","V3B",24110,"zone1 (nearest)",968,1000,0.968
"E3","V3B",24110,"zone2",4,1000,0.004
"E3","V3B",24110,"zone3",8,1000,0.008
"E3","V3B",24110,"zone4",0,1000,0
"E3","V3B",24110,"zone5 (farthest)",20,1000,0.02
"E3","V3B",25101,"zone1 (nearest)",2088,2250,0.928
"E3","V3B",25101,"zone2",54,2250,0.024
"E3","V3B",25101,"zone3",36,2250,0.016
"E3","V3B",25101,"zone4",18,2250,0.008
"E3","V3B",25101,"zone5 (farthest)",54,2250,0.024
"E3","V3B",25102,"zone1 (nearest)",924,1000,0.924
"E3","V3B",25102,"zone2",24,1000,0.024
"E3","V3B",25102,"zone3",12,1000,0.012
"E3","V3B",25102,"zone4",12,1000,0.012
"E3","V3B",25102,"zone5 (farthest)",28,1000,0.028
"E3","V3B",25103,"zone1 (nearest)",936,1000,0.936
"E3","V3B",25103,"zone2",16,1000,0.016
"E3","V3B",25103,"zone3",4,1000,0.004
"E3","V3B",25103,"zone4",24,1000,0.024
"E3","V3B",25103,"zone5 (farthest)",20,1000,0.02
"E3","V3B",25104,"zone1 (nearest)",948,1000,0.948
"E3","V3B",25104,"zone2",24,1000,0.024
"E3","V3B",25104,"zone3",12,1000,0.012
"E3","V3B",25104,"zone4",8,1000,0.008
"E3","V3B",25104,"zone5 (farthest)",8,1000,0.008
"E3","V3B",25105,"zone1 (nearest)",920,1000,0.92
"E3","V3B",25105,"zone2",32,1000,0.032
"E3","V3B",25105,"zone3",12,1000,0.012
"E3","V3B",25105,"zone4",20,1000,0.02
"E3","V3B",25105,"zone5 (farthest)",16,1000,0.016
"E3","V3B",25106,"zone1 (nearest)",932,1000,0.932
"E3","V3B",25106,"zone2",28,1000,0.028
"E3","V3B",25106,"zone3",12,1000,0.012
"E3","V3B",25106,"zone4",8,1000,0.008
"E3","V3B",25106,"zone5 (farthest)",20,1000,0.02
"E3","V3B",25107,"zone1 (nearest)",928,1000,0.928
"E3","V3B",25107,"zone2",28,1000,0.028
"E3","V3B",25107,"zone3",16,1000,0.016
"E3","V3B",25107,"zone4",16,1000,0.016
"E3","V3B",25107,"zone5 (farthest)",12,1000,0.012
"E3","V3B",25108,"zone1 (nearest)",940,1000,0.94
"E3","V3B",25108,"zone2",28,1000,0.028
"E3","V3B",25108,"zone3",8,1000,0.008
"E3","V3B",25108,"zone4",8,1000,0.008
"E3","V3B",25108,"zone5 (farthest)",16,1000,0.016
"E3","V3B",25109,"zone1 (nearest)",936,1000,0.936
"E3","V3B",25109,"zone2",20,1000,0.02
"E3","V3B",25109,"zone3",12,1000,0.012
"E3","V3B",25109,"zone4",16,1000,0.016
"E3","V3B",25109,"zone5 (farthest)",16,1000,0.016
"E3","V3B",25110,"zone1 (nearest)",920,1000,0.92
"E3","V3B",25110,"zone2",32,1000,0.032
"E3","V3B",25110,"zone3",20,1000,0.02
"E3","V3B",25110,"zone4",12,1000,0.012
"E3","V3B",25110,"zone5 (farthest)",16,1000,0.016
"E3","V3B",26101,"zone1 (nearest)",1737,2250,0.772
"E3","V3B",26101,"zone2",360,2250,0.16
"E3","V3B",26101,"zone3",108,2250,0.048
"E3","V3B",26101,"zone4",0,2250,0
"E3","V3B",26101,"zone5 (farthest)",45,2250,0.02
"E3","V3B",26102,"zone1 (nearest)",760,1000,0.76
"E3","V3B",26102,"zone2",152,1000,0.152
"E3","V3B",26102,"zone3",36,1000,0.036
"E3","V3B",26102,"zone4",8,1000,0.008
"E3","V3B",26102,"zone5 (farthest)",44,1000,0.044
"E3","V3B",26103,"zone1 (nearest)",784,1000,0.784
"E3","V3B",26103,"zone2",156,1000,0.156
"E3","V3B",26103,"zone3",32,1000,0.032
"E3","V3B",26103,"zone4",0,1000,0
"E3","V3B",26103,"zone5 (farthest)",28,1000,0.028
"E3","V3B",26104,"zone1 (nearest)",800,1000,0.8
"E3","V3B",26104,"zone2",132,1000,0.132
"E3","V3B",26104,"zone3",28,1000,0.028
"E3","V3B",26104,"zone4",4,1000,0.004
"E3","V3B",26104,"zone5 (farthest)",36,1000,0.036
"E3","V3B",26105,"zone1 (nearest)",788,1000,0.788
"E3","V3B",26105,"zone2",120,1000,0.12
"E3","V3B",26105,"zone3",48,1000,0.048
"E3","V3B",26105,"zone4",16,1000,0.016
"E3","V3B",26105,"zone5 (farthest)",28,1000,0.028
"E3","V3B",26106,"zone1 (nearest)",792,1000,0.792
"E3","V3B",26106,"zone2",128,1000,0.128
"E3","V3B",26106,"zone3",32,1000,0.032
"E3","V3B",26106,"zone4",8,1000,0.008
"E3","V3B",26106,"zone5 (farthest)",40,1000,0.04
"E3","V3B",26107,"zone1 (nearest)",816,1000,0.816
"E3","V3B",26107,"zone2",116,1000,0.116
"E3","V3B",26107,"zone3",24,1000,0.024
"E3","V3B",26107,"zone4",8,1000,0.008
"E3","V3B",26107,"zone5 (farthest)",36,1000,0.036
"E3","V3B",26108,"zone1 (nearest)",744,1000,0.744
"E3","V3B",26108,"zone2",164,1000,0.164
"E3","V3B",26108,"zone3",44,1000,0.044
"E3","V3B",26108,"zone4",4,1000,0.004
"E3","V3B",26108,"zone5 (farthest)",44,1000,0.044
"E3","V3B",26109,"zone1 (nearest)",780,1000,0.78
"E3","V3B",26109,"zone2",132,1000,0.132
"E3","V3B",26109,"zone3",52,1000,0.052
"E3","V3B",26109,"zone4",8,1000,0.008
"E3","V3B",26109,"zone5 (farthest)",28,1000,0.028
"E3","V3B",26110,"zone1 (nearest)",768,1000,0.768
"E3","V3B",26110,"zone2",168,1000,0.168
"E3","V3B",26110,"zone3",16,1000,0.016
"E3","V3B",26110,"zone4",8,1000,0.008
"E3","V3B",26110,"zone5 (farthest)",40,1000,0.04
"E3","V3B",27101,"zone1 (nearest)",2016,2250,0.896
"E3","V3B",27101,"zone2",54,2250,0.024
"E3","V3B",27101,"zone3",45,2250,0.02
"E3","V3B",27101,"zone4",36,2250,0.016
"E3","V3B",27101,"zone5 (farthest)",99,2250,0.044
"E3","V3B",27102,"zone1 (nearest)",848,1000,0.848
"E3","V3B",27102,"zone2",64,1000,0.064
"E3","V3B",27102,"zone3",24,1000,0.024
"E3","V3B",27102,"zone4",32,1000,0.032
"E3","V3B",27102,"zone5 (farthest)",32,1000,0.032
"E3","V3B",27103,"zone1 (nearest)",872,1000,0.872
"E3","V3B",27103,"zone2",40,1000,0.04
"E3","V3B",27103,"zone3",16,1000,0.016
"E3","V3B",27103,"zone4",32,1000,0.032
"E3","V3B",27103,"zone5 (farthest)",40,1000,0.04
"E3","V3B",27104,"zone1 (nearest)",888,1000,0.888
"E3","V3B",27104,"zone2",28,1000,0.028
"E3","V3B",27104,"zone3",36,1000,0.036
"E3","V3B",27104,"zone4",20,1000,0.02
"E3","V3B",27104,"zone5 (farthest)",28,1000,0.028
"E3","V3B",27105,"zone1 (nearest)",900,1000,0.9
"E3","V3B",27105,"zone2",36,1000,0.036
"E3","V3B",27105,"zone3",20,1000,0.02
"E3","V3B",27105,"zone4",4,1000,0.004
"E3","V3B",27105,"zone5 (farthest)",40,1000,0.04
"E3","V3B",27106,"zone1 (nearest)",888,1000,0.888
"E3","V3B",27106,"zone2",40,1000,0.04
"E3","V3B",27106,"zone3",20,1000,0.02
"E3","V3B",27106,"zone4",24,1000,0.024
"E3","V3B",27106,"zone5 (farthest)",28,1000,0.028
"E3","V3B",27107,"zone1 (nearest)",880,1000,0.88
"E3","V3B",27107,"zone2",48,1000,0.048
"E3","V3B",27107,"zone3",20,1000,0.02
"E3","V3B",27107,"zone4",12,1000,0.012
"E3","V3B",27107,"zone5 (farthest)",40,1000,0.04
"E3","V3B",27108,"zone1 (nearest)",880,1000,0.88
"E3","V3B",27108,"zone2",52,1000,0.052
"E3","V3B",27108,"zone3",8,1000,0.008
"E3","V3B",27108,"zone4",20,1000,0.02
"E3","V3B",27108,"zone5 (farthest)",40,1000,0.04
"E3","V3B",27109,"zone1 (nearest)",896,1000,0.896
"E3","V3B",27109,"zone2",32,1000,0.032
"E3","V3B",27109,"zone3",20,1000,0.02
"E3","V3B",27109,"zone4",4,1000,0.004
"E3","V3B",27109,"zone5 (farthest)",48,1000,0.048
"E3","V3B",27110,"zone1 (nearest)",908,1000,0.908
"E3","V3B",27110,"zone2",24,1000,0.024
"E3","V3B",27110,"zone3",8,1000,0.008
"E3","V3B",27110,"zone4",24,1000,0.024
"E3","V3B",27110,"zone5 (farthest)",36,1000,0.036
"E3","V3B",28101,"zone1 (nearest)",783,2250,0.348
"E3","V3B",28101,"zone2",414,2250,0.184
"E3","V3B",28101,"zone3",387,2250,0.172
"E3","V3B",28101,"zone4",639,2250,0.284
"E3","V3B",28101,"zone5 (farthest)",27,2250,0.012
"E3","V3B",28102,"zone1 (nearest)",360,1000,0.36
"E3","V3B",28102,"zone2",176,1000,0.176
"E3","V3B",28102,"zone3",156,1000,0.156
"E3","V3B",28102,"zone4",300,1000,0.3
"E3","V3B",28102,"zone5 (farthest)",8,1000,0.008
"E3","V3B",28103,"zone1 (nearest)",368,1000,0.368
"E3","V3B",28103,"zone2",192,1000,0.192
"E3","V3B",28103,"zone3",184,1000,0.184
"E3","V3B",28103,"zone4",252,1000,0.252
"E3","V3B",28103,"zone5 (farthest)",4,1000,0.004
"E3","V3B",28104,"zone1 (nearest)",336,1000,0.336
"E3","V3B",28104,"zone2",232,1000,0.232
"E3","V3B",28104,"zone3",128,1000,0.128
"E3","V3B",28104,"zone4",276,1000,0.276
"E3","V3B",28104,"zone5 (farthest)",28,1000,0.028
"E3","V3B",28105,"zone1 (nearest)",436,1000,0.436
"E3","V3B",28105,"zone2",160,1000,0.16
"E3","V3B",28105,"zone3",116,1000,0.116
"E3","V3B",28105,"zone4",268,1000,0.268
"E3","V3B",28105,"zone5 (farthest)",20,1000,0.02
"E3","V3B",28106,"zone1 (nearest)",352,1000,0.352
"E3","V3B",28106,"zone2",144,1000,0.144
"E3","V3B",28106,"zone3",164,1000,0.164
"E3","V3B",28106,"zone4",316,1000,0.316
"E3","V3B",28106,"zone5 (farthest)",24,1000,0.024
"E3","V3B",28107,"zone1 (nearest)",352,1000,0.352
"E3","V3B",28107,"zone2",172,1000,0.172
"E3","V3B",28107,"zone3",168,1000,0.168
"E3","V3B",28107,"zone4",292,1000,0.292
"E3","V3B",28107,"zone5 (farthest)",16,1000,0.016
"E3","V3B",28108,"zone1 (nearest)",380,1000,0.38
"E3","V3B",28108,"zone2",164,1000,0.164
"E3","V3B",28108,"zone3",172,1000,0.172
"E3","V3B",28108,"zone4",272,1000,0.272
"E3","V3B",28108,"zone5 (farthest)",12,1000,0.012
"E3","V3B",28109,"zone1 (nearest)",352,1000,0.352
"E3","V3B",28109,"zone2",180,1000,0.18
"E3","V3B",28109,"zone3",136,1000,0.136
"E3","V3B",28109,"zone4",312,1000,0.312
"E3","V3B",28109,"zone5 (farthest)",20,1000,0.02
"E3","V3B",28110,"zone1 (nearest)",360,1000,0.36
"E3","V3B",28110,"zone2",200,1000,0.2
"E3","V3B",28110,"zone3",172,1000,0.172
"E3","V3B",28110,"zone4",256,1000,0.256
"E3","V3B",28110,"zone5 (farthest)",12,1000,0.012
"E3","V3B",29101,"zone1 (nearest)",2061,2250,0.916
"E3","V3B",29101,"zone2",54,2250,0.024
"E3","V3B",29101,"zone3",27,2250,0.012
"E3","V3B",29101,"zone4",81,2250,0.036
"E3","V3B",29101,"zone5 (farthest)",27,2250,0.012
"E3","V3B",29102,"zone1 (nearest)",912,1000,0.912
"E3","V3B",29102,"zone2",28,1000,0.028
"E3","V3B",29102,"zone3",12,1000,0.012
"E3","V3B",29102,"zone4",32,1000,0.032
"E3","V3B",29102,"zone5 (farthest)",16,1000,0.016
"E3","V3B",29103,"zone1 (nearest)",912,1000,0.912
"E3","V3B",29103,"zone2",24,1000,0.024
"E3","V3B",29103,"zone3",24,1000,0.024
"E3","V3B",29103,"zone4",8,1000,0.008
"E3","V3B",29103,"zone5 (farthest)",32,1000,0.032
"E3","V3B",29104,"zone1 (nearest)",912,1000,0.912
"E3","V3B",29104,"zone2",24,1000,0.024
"E3","V3B",29104,"zone3",16,1000,0.016
"E3","V3B",29104,"zone4",36,1000,0.036
"E3","V3B",29104,"zone5 (farthest)",12,1000,0.012
"E3","V3B",29105,"zone1 (nearest)",912,1000,0.912
"E3","V3B",29105,"zone2",36,1000,0.036
"E3","V3B",29105,"zone3",24,1000,0.024
"E3","V3B",29105,"zone4",20,1000,0.02
"E3","V3B",29105,"zone5 (farthest)",8,1000,0.008
"E3","V3B",29106,"zone1 (nearest)",896,1000,0.896
"E3","V3B",29106,"zone2",28,1000,0.028
"E3","V3B",29106,"zone3",24,1000,0.024
"E3","V3B",29106,"zone4",24,1000,0.024
"E3","V3B",29106,"zone5 (farthest)",28,1000,0.028
"E3","V3B",29107,"zone1 (nearest)",900,1000,0.9
"E3","V3B",29107,"zone2",28,1000,0.028
"E3","V3B",29107,"zone3",24,1000,0.024
"E3","V3B",29107,"zone4",16,1000,0.016
"E3","V3B",29107,"zone5 (farthest)",32,1000,0.032
"E3","V3B",29108,"zone1 (nearest)",904,1000,0.904
"E3","V3B",29108,"zone2",24,1000,0.024
"E3","V3B",29108,"zone3",28,1000,0.028
"E3","V3B",29108,"zone4",20,1000,0.02
"E3","V3B",29108,"zone5 (farthest)",24,1000,0.024
"E3","V3B",29109,"zone1 (nearest)",888,1000,0.888
"E3","V3B",29109,"zone2",44,1000,0.044
"E3","V3B",29109,"zone3",16,1000,0.016
"E3","V3B",29109,"zone4",28,1000,0.028
"E3","V3B",29109,"zone5 (farthest)",24,1000,0.024
"E3","V3B",29110,"zone1 (nearest)",924,1000,0.924
"E3","V3B",29110,"zone2",28,1000,0.028
"E3","V3B",29110,"zone3",20,1000,0.02
"E3","V3B",29110,"zone4",12,1000,0.012
"E3","V3B",29110,"zone5 (farthest)",16,1000,0.016
"E3","V3B",30101,"zone1 (nearest)",2025,2250,0.9
"E3","V3B",30101,"zone2",90,2250,0.04
"E3","V3B",30101,"zone3",90,2250,0.04
"E3","V3B",30101,"zone4",9,2250,0.004
"E3","V3B",30101,"zone5 (farthest)",36,2250,0.016
"E3","V3B",30102,"zone1 (nearest)",836,1000,0.836
"E3","V3B",30102,"zone2",64,1000,0.064
"E3","V3B",30102,"zone3",56,1000,0.056
"E3","V3B",30102,"zone4",16,1000,0.016
"E3","V3B",30102,"zone5 (farthest)",28,1000,0.028
"E3","V3B",30103,"zone1 (nearest)",888,1000,0.888
"E3","V3B",30103,"zone2",60,1000,0.06
"E3","V3B",30103,"zone3",28,1000,0.028
"E3","V3B",30103,"zone4",8,1000,0.008
"E3","V3B",30103,"zone5 (farthest)",16,1000,0.016
"E3","V3B",30104,"zone1 (nearest)",860,1000,0.86
"E3","V3B",30104,"zone2",84,1000,0.084
"E3","V3B",30104,"zone3",20,1000,0.02
"E3","V3B",30104,"zone4",4,1000,0.004
"E3","V3B",30104,"zone5 (farthest)",32,1000,0.032
"E3","V3B",30105,"zone1 (nearest)",908,1000,0.908
"E3","V3B",30105,"zone2",48,1000,0.048
"E3","V3B",30105,"zone3",24,1000,0.024
"E3","V3B",30105,"zone4",8,1000,0.008
"E3","V3B",30105,"zone5 (farthest)",12,1000,0.012
"E3","V3B",30106,"zone1 (nearest)",904,1000,0.904
"E3","V3B",30106,"zone2",56,1000,0.056
"E3","V3B",30106,"zone3",20,1000,0.02
"E3","V3B",30106,"zone4",8,1000,0.008
"E3","V3B",30106,"zone5 (farthest)",12,1000,0.012
"E3","V3B",30107,"zone1 (nearest)",856,1000,0.856
"E3","V3B",30107,"zone2",60,1000,0.06
"E3","V3B",30107,"zone3",48,1000,0.048
"E3","V3B",30107,"zone4",4,1000,0.004
"E3","V3B",30107,"zone5 (farthest)",32,1000,0.032
"E3","V3B",30108,"zone1 (nearest)",884,1000,0.884
"E3","V3B",30108,"zone2",44,1000,0.044
"E3","V3B",30108,"zone3",44,1000,0.044
"E3","V3B",30108,"zone4",8,1000,0.008
"E3","V3B",30108,"zone5 (farthest)",20,1000,0.02
"E3","V3B",30109,"zone1 (nearest)",860,1000,0.86
"E3","V3B",30109,"zone2",76,1000,0.076
"E3","V3B",30109,"zone3",48,1000,0.048
"E3","V3B",30109,"zone4",8,1000,0.008
"E3","V3B",30109,"zone5 (farthest)",8,1000,0.008
"E3","V3B",30110,"zone1 (nearest)",888,1000,0.888
"E3","V3B",30110,"zone2",48,1000,0.048
"E3","V3B",30110,"zone3",36,1000,0.036
"E3","V3B",30110,"zone4",8,1000,0.008
"E3","V3B",30110,"zone5 (farthest)",20,1000,0.02
"E3","V3C",1101,"zone1 (nearest)",2187,2250,0.972
"E3","V3C",1101,"zone2",0,2250,0
"E3","V3C",1101,"zone3",45,2250,0.02
"E3","V3C",1101,"zone4",9,2250,0.004
"E3","V3C",1101,"zone5 (farthest)",9,2250,0.004
"E3","V3C",1102,"zone1 (nearest)",976,1000,0.976
"E3","V3C",1102,"zone2",0,1000,0
"E3","V3C",1102,"zone3",8,1000,0.008
"E3","V3C",1102,"zone4",8,1000,0.008
"E3","V3C",1102,"zone5 (farthest)",8,1000,0.008
"E3","V3C",1103,"zone1 (nearest)",980,1000,0.98
"E3","V3C",1103,"zone2",0,1000,0
"E3","V3C",1103,"zone3",12,1000,0.012
"E3","V3C",1103,"zone4",4,1000,0.004
"E3","V3C",1103,"zone5 (farthest)",4,1000,0.004
"E3","V3C",1104,"zone1 (nearest)",980,1000,0.98
"E3","V3C",1104,"zone2",8,1000,0.008
"E3","V3C",1104,"zone3",8,1000,0.008
"E3","V3C",1104,"zone4",4,1000,0.004
"E3","V3C",1104,"zone5 (farthest)",0,1000,0
"E3","V3C",1105,"zone1 (nearest)",980,1000,0.98
"E3","V3C",1105,"zone2",0,1000,0
"E3","V3C",1105,"zone3",12,1000,0.012
"E3","V3C",1105,"zone4",4,1000,0.004
"E3","V3C",1105,"zone5 (farthest)",4,1000,0.004
"E3","V3C",1106,"zone1 (nearest)",980,1000,0.98
"E3","V3C",1106,"zone2",8,1000,0.008
"E3","V3C",1106,"zone3",8,1000,0.008
"E3","V3C",1106,"zone4",0,1000,0
"E3","V3C",1106,"zone5 (farthest)",4,1000,0.004
"E3","V3C",1107,"zone1 (nearest)",980,1000,0.98
"E3","V3C",1107,"zone2",4,1000,0.004
"E3","V3C",1107,"zone3",12,1000,0.012
"E3","V3C",1107,"zone4",0,1000,0
"E3","V3C",1107,"zone5 (farthest)",4,1000,0.004
"E3","V3C",1108,"zone1 (nearest)",976,1000,0.976
"E3","V3C",1108,"zone2",12,1000,0.012
"E3","V3C",1108,"zone3",0,1000,0
"E3","V3C",1108,"zone4",12,1000,0.012
"E3","V3C",1108,"zone5 (farthest)",0,1000,0
"E3","V3C",1109,"zone1 (nearest)",976,1000,0.976
"E3","V3C",1109,"zone2",8,1000,0.008
"E3","V3C",1109,"zone3",4,1000,0.004
"E3","V3C",1109,"zone4",8,1000,0.008
"E3","V3C",1109,"zone5 (farthest)",4,1000,0.004
"E3","V3C",1110,"zone1 (nearest)",984,1000,0.984
"E3","V3C",1110,"zone2",4,1000,0.004
"E3","V3C",1110,"zone3",4,1000,0.004
"E3","V3C",1110,"zone4",4,1000,0.004
"E3","V3C",1110,"zone5 (farthest)",4,1000,0.004
"E3","V3C",2101,"zone1 (nearest)",2007,2250,0.892
"E3","V3C",2101,"zone2",36,2250,0.016
"E3","V3C",2101,"zone3",72,2250,0.032
"E3","V3C",2101,"zone4",18,2250,0.008
"E3","V3C",2101,"zone5 (farthest)",117,2250,0.052
"E3","V3C",2102,"zone1 (nearest)",880,1000,0.88
"E3","V3C",2102,"zone2",24,1000,0.024
"E3","V3C",2102,"zone3",32,1000,0.032
"E3","V3C",2102,"zone4",24,1000,0.024
"E3","V3C",2102,"zone5 (farthest)",40,1000,0.04
"E3","V3C",2103,"zone1 (nearest)",900,1000,0.9
"E3","V3C",2103,"zone2",24,1000,0.024
"E3","V3C",2103,"zone3",32,1000,0.032
"E3","V3C",2103,"zone4",12,1000,0.012
"E3","V3C",2103,"zone5 (farthest)",32,1000,0.032
"E3","V3C",2104,"zone1 (nearest)",948,1000,0.948
"E3","V3C",2104,"zone2",16,1000,0.016
"E3","V3C",2104,"zone3",0,1000,0
"E3","V3C",2104,"zone4",24,1000,0.024
"E3","V3C",2104,"zone5 (farthest)",12,1000,0.012
"E3","V3C",2105,"zone1 (nearest)",860,1000,0.86
"E3","V3C",2105,"zone2",28,1000,0.028
"E3","V3C",2105,"zone3",20,1000,0.02
"E3","V3C",2105,"zone4",36,1000,0.036
"E3","V3C",2105,"zone5 (farthest)",56,1000,0.056
"E3","V3C",2106,"zone1 (nearest)",900,1000,0.9
"E3","V3C",2106,"zone2",28,1000,0.028
"E3","V3C",2106,"zone3",12,1000,0.012
"E3","V3C",2106,"zone4",24,1000,0.024
"E3","V3C",2106,"zone5 (farthest)",36,1000,0.036
"E3","V3C",2107,"zone1 (nearest)",908,1000,0.908
"E3","V3C",2107,"zone2",24,1000,0.024
"E3","V3C",2107,"zone3",16,1000,0.016
"E3","V3C",2107,"zone4",32,1000,0.032
"E3","V3C",2107,"zone5 (farthest)",20,1000,0.02
"E3","V3C",2108,"zone1 (nearest)",876,1000,0.876
"E3","V3C",2108,"zone2",24,1000,0.024
"E3","V3C",2108,"zone3",40,1000,0.04
"E3","V3C",2108,"zone4",20,1000,0.02
"E3","V3C",2108,"zone5 (farthest)",40,1000,0.04
"E3","V3C",2109,"zone1 (nearest)",904,1000,0.904
"E3","V3C",2109,"zone2",28,1000,0.028
"E3","V3C",2109,"zone3",20,1000,0.02
"E3","V3C",2109,"zone4",28,1000,0.028
"E3","V3C",2109,"zone5 (farthest)",20,1000,0.02
"E3","V3C",2110,"zone1 (nearest)",900,1000,0.9
"E3","V3C",2110,"zone2",12,1000,0.012
"E3","V3C",2110,"zone3",24,1000,0.024
"E3","V3C",2110,"zone4",32,1000,0.032
"E3","V3C",2110,"zone5 (farthest)",32,1000,0.032
"E3","V3C",3101,"zone1 (nearest)",2178,2250,0.968
"E3","V3C",3101,"zone2",0,2250,0
"E3","V3C",3101,"zone3",9,2250,0.004
"E3","V3C",3101,"zone4",36,2250,0.016
"E3","V3C",3101,"zone5 (farthest)",27,2250,0.012
"E3","V3C",3102,"zone1 (nearest)",964,1000,0.964
"E3","V3C",3102,"zone2",12,1000,0.012
"E3","V3C",3102,"zone3",0,1000,0
"E3","V3C",3102,"zone4",0,1000,0
"E3","V3C",3102,"zone5 (farthest)",24,1000,0.024
"E3","V3C",3103,"zone1 (nearest)",968,1000,0.968
"E3","V3C",3103,"zone2",12,1000,0.012
"E3","V3C",3103,"zone3",4,1000,0.004
"E3","V3C",3103,"zone4",0,1000,0
"E3","V3C",3103,"zone5 (farthest)",16,1000,0.016
"E3","V3C",3104,"zone1 (nearest)",972,1000,0.972
"E3","V3C",3104,"zone2",8,1000,0.008
"E3","V3C",3104,"zone3",0,1000,0
"E3","V3C",3104,"zone4",12,1000,0.012
"E3","V3C",3104,"zone5 (farthest)",8,1000,0.008
"E3","V3C",3105,"zone1 (nearest)",960,1000,0.96
"E3","V3C",3105,"zone2",16,1000,0.016
"E3","V3C",3105,"zone3",8,1000,0.008
"E3","V3C",3105,"zone4",4,1000,0.004
"E3","V3C",3105,"zone5 (farthest)",12,1000,0.012
"E3","V3C",3106,"zone1 (nearest)",972,1000,0.972
"E3","V3C",3106,"zone2",12,1000,0.012
"E3","V3C",3106,"zone3",0,1000,0
"E3","V3C",3106,"zone4",8,1000,0.008
"E3","V3C",3106,"zone5 (farthest)",8,1000,0.008
"E3","V3C",3107,"zone1 (nearest)",976,1000,0.976
"E3","V3C",3107,"zone2",12,1000,0.012
"E3","V3C",3107,"zone3",0,1000,0
"E3","V3C",3107,"zone4",4,1000,0.004
"E3","V3C",3107,"zone5 (farthest)",8,1000,0.008
"E3","V3C",3108,"zone1 (nearest)",984,1000,0.984
"E3","V3C",3108,"zone2",0,1000,0
"E3","V3C",3108,"zone3",4,1000,0.004
"E3","V3C",3108,"zone4",8,1000,0.008
"E3","V3C",3108,"zone5 (farthest)",4,1000,0.004
"E3","V3C",3109,"zone1 (nearest)",972,1000,0.972
"E3","V3C",3109,"zone2",16,1000,0.016
"E3","V3C",3109,"zone3",4,1000,0.004
"E3","V3C",3109,"zone4",0,1000,0
"E3","V3C",3109,"zone5 (farthest)",8,1000,0.008
"E3","V3C",3110,"zone1 (nearest)",964,1000,0.964
"E3","V3C",3110,"zone2",4,1000,0.004
"E3","V3C",3110,"zone3",16,1000,0.016
"E3","V3C",3110,"zone4",8,1000,0.008
"E3","V3C",3110,"zone5 (farthest)",8,1000,0.008
"E3","V3C",4101,"zone1 (nearest)",2142,2250,0.952
"E3","V3C",4101,"zone2",0,2250,0
"E3","V3C",4101,"zone3",18,2250,0.008
"E3","V3C",4101,"zone4",0,2250,0
"E3","V3C",4101,"zone5 (farthest)",90,2250,0.04
"E3","V3C",4102,"zone1 (nearest)",960,1000,0.96
"E3","V3C",4102,"zone2",12,1000,0.012
"E3","V3C",4102,"zone3",0,1000,0
"E3","V3C",4102,"zone4",4,1000,0.004
"E3","V3C",4102,"zone5 (farthest)",24,1000,0.024
"E3","V3C",4103,"zone1 (nearest)",972,1000,0.972
"E3","V3C",4103,"zone2",4,1000,0.004
"E3","V3C",4103,"zone3",0,1000,0
"E3","V3C",4103,"zone4",0,1000,0
"E3","V3C",4103,"zone5 (farthest)",24,1000,0.024
"E3","V3C",4104,"zone1 (nearest)",968,1000,0.968
"E3","V3C",4104,"zone2",0,1000,0
"E3","V3C",4104,"zone3",0,1000,0
"E3","V3C",4104,"zone4",0,1000,0
"E3","V3C",4104,"zone5 (farthest)",32,1000,0.032
"E3","V3C",4105,"zone1 (nearest)",968,1000,0.968
"E3","V3C",4105,"zone2",4,1000,0.004
"E3","V3C",4105,"zone3",4,1000,0.004
"E3","V3C",4105,"zone4",0,1000,0
"E3","V3C",4105,"zone5 (farthest)",24,1000,0.024
"E3","V3C",4106,"zone1 (nearest)",980,1000,0.98
"E3","V3C",4106,"zone2",0,1000,0
"E3","V3C",4106,"zone3",4,1000,0.004
"E3","V3C",4106,"zone4",4,1000,0.004
"E3","V3C",4106,"zone5 (farthest)",12,1000,0.012
"E3","V3C",4107,"zone1 (nearest)",960,1000,0.96
"E3","V3C",4107,"zone2",0,1000,0
"E3","V3C",4107,"zone3",12,1000,0.012
"E3","V3C",4107,"zone4",0,1000,0
"E3","V3C",4107,"zone5 (farthest)",28,1000,0.028
"E3","V3C",4108,"zone1 (nearest)",964,1000,0.964
"E3","V3C",4108,"zone2",4,1000,0.004
"E3","V3C",4108,"zone3",4,1000,0.004
"E3","V3C",4108,"zone4",4,1000,0.004
"E3","V3C",4108,"zone5 (farthest)",24,1000,0.024
"E3","V3C",4109,"zone1 (nearest)",972,1000,0.972
"E3","V3C",4109,"zone2",4,1000,0.004
"E3","V3C",4109,"zone3",0,1000,0
"E3","V3C",4109,"zone4",0,1000,0
"E3","V3C",4109,"zone5 (farthest)",24,1000,0.024
"E3","V3C",4110,"zone1 (nearest)",980,1000,0.98
"E3","V3C",4110,"zone2",0,1000,0
"E3","V3C",4110,"zone3",8,1000,0.008
"E3","V3C",4110,"zone4",4,1000,0.004
"E3","V3C",4110,"zone5 (farthest)",8,1000,0.008
"E3","V3C",5101,"zone1 (nearest)",2097,2250,0.932
"E3","V3C",5101,"zone2",9,2250,0.004
"E3","V3C",5101,"zone3",54,2250,0.024
"E3","V3C",5101,"zone4",45,2250,0.02
"E3","V3C",5101,"zone5 (farthest)",45,2250,0.02
"E3","V3C",5102,"zone1 (nearest)",928,1000,0.928
"E3","V3C",5102,"zone2",12,1000,0.012
"E3","V3C",5102,"zone3",28,1000,0.028
"E3","V3C",5102,"zone4",24,1000,0.024
"E3","V3C",5102,"zone5 (farthest)",8,1000,0.008
"E3","V3C",5103,"zone1 (nearest)",952,1000,0.952
"E3","V3C",5103,"zone2",20,1000,0.02
"E3","V3C",5103,"zone3",4,1000,0.004
"E3","V3C",5103,"zone4",12,1000,0.012
"E3","V3C",5103,"zone5 (farthest)",12,1000,0.012
"E3","V3C",5104,"zone1 (nearest)",920,1000,0.92
"E3","V3C",5104,"zone2",12,1000,0.012
"E3","V3C",5104,"zone3",28,1000,0.028
"E3","V3C",5104,"zone4",12,1000,0.012
"E3","V3C",5104,"zone5 (farthest)",28,1000,0.028
"E3","V3C",5105,"zone1 (nearest)",940,1000,0.94
"E3","V3C",5105,"zone2",16,1000,0.016
"E3","V3C",5105,"zone3",16,1000,0.016
"E3","V3C",5105,"zone4",16,1000,0.016
"E3","V3C",5105,"zone5 (farthest)",12,1000,0.012
"E3","V3C",5106,"zone1 (nearest)",932,1000,0.932
"E3","V3C",5106,"zone2",20,1000,0.02
"E3","V3C",5106,"zone3",24,1000,0.024
"E3","V3C",5106,"zone4",16,1000,0.016
"E3","V3C",5106,"zone5 (farthest)",8,1000,0.008
"E3","V3C",5107,"zone1 (nearest)",928,1000,0.928
"E3","V3C",5107,"zone2",20,1000,0.02
"E3","V3C",5107,"zone3",20,1000,0.02
"E3","V3C",5107,"zone4",20,1000,0.02
"E3","V3C",5107,"zone5 (farthest)",12,1000,0.012
"E3","V3C",5108,"zone1 (nearest)",896,1000,0.896
"E3","V3C",5108,"zone2",28,1000,0.028
"E3","V3C",5108,"zone3",24,1000,0.024
"E3","V3C",5108,"zone4",40,1000,0.04
"E3","V3C",5108,"zone5 (farthest)",12,1000,0.012
"E3","V3C",5109,"zone1 (nearest)",920,1000,0.92
"E3","V3C",5109,"zone2",36,1000,0.036
"E3","V3C",5109,"zone3",8,1000,0.008
"E3","V3C",5109,"zone4",24,1000,0.024
"E3","V3C",5109,"zone5 (farthest)",12,1000,0.012
"E3","V3C",5110,"zone1 (nearest)",912,1000,0.912
"E3","V3C",5110,"zone2",12,1000,0.012
"E3","V3C",5110,"zone3",20,1000,0.02
"E3","V3C",5110,"zone4",28,1000,0.028
"E3","V3C",5110,"zone5 (farthest)",28,1000,0.028
"E3","V3C",6101,"zone1 (nearest)",2169,2250,0.964
"E3","V3C",6101,"zone2",27,2250,0.012
"E3","V3C",6101,"zone3",18,2250,0.008
"E3","V3C",6101,"zone4",18,2250,0.008
"E3","V3C",6101,"zone5 (farthest)",18,2250,0.008
"E3","V3C",6102,"zone1 (nearest)",956,1000,0.956
"E3","V3C",6102,"zone2",12,1000,0.012
"E3","V3C",6102,"zone3",20,1000,0.02
"E3","V3C",6102,"zone4",4,1000,0.004
"E3","V3C",6102,"zone5 (farthest)",8,1000,0.008
"E3","V3C",6103,"zone1 (nearest)",964,1000,0.964
"E3","V3C",6103,"zone2",4,1000,0.004
"E3","V3C",6103,"zone3",4,1000,0.004
"E3","V3C",6103,"zone4",16,1000,0.016
"E3","V3C",6103,"zone5 (farthest)",12,1000,0.012
"E3","V3C",6104,"zone1 (nearest)",968,1000,0.968
"E3","V3C",6104,"zone2",8,1000,0.008
"E3","V3C",6104,"zone3",12,1000,0.012
"E3","V3C",6104,"zone4",4,1000,0.004
"E3","V3C",6104,"zone5 (farthest)",8,1000,0.008
"E3","V3C",6105,"zone1 (nearest)",952,1000,0.952
"E3","V3C",6105,"zone2",4,1000,0.004
"E3","V3C",6105,"zone3",8,1000,0.008
"E3","V3C",6105,"zone4",20,1000,0.02
"E3","V3C",6105,"zone5 (farthest)",16,1000,0.016
"E3","V3C",6106,"zone1 (nearest)",952,1000,0.952
"E3","V3C",6106,"zone2",28,1000,0.028
"E3","V3C",6106,"zone3",4,1000,0.004
"E3","V3C",6106,"zone4",4,1000,0.004
"E3","V3C",6106,"zone5 (farthest)",12,1000,0.012
"E3","V3C",6107,"zone1 (nearest)",976,1000,0.976
"E3","V3C",6107,"zone2",8,1000,0.008
"E3","V3C",6107,"zone3",0,1000,0
"E3","V3C",6107,"zone4",12,1000,0.012
"E3","V3C",6107,"zone5 (farthest)",4,1000,0.004
"E3","V3C",6108,"zone1 (nearest)",932,1000,0.932
"E3","V3C",6108,"zone2",24,1000,0.024
"E3","V3C",6108,"zone3",12,1000,0.012
"E3","V3C",6108,"zone4",16,1000,0.016
"E3","V3C",6108,"zone5 (farthest)",16,1000,0.016
"E3","V3C",6109,"zone1 (nearest)",956,1000,0.956
"E3","V3C",6109,"zone2",12,1000,0.012
"E3","V3C",6109,"zone3",8,1000,0.008
"E3","V3C",6109,"zone4",8,1000,0.008
"E3","V3C",6109,"zone5 (farthest)",16,1000,0.016
"E3","V3C",6110,"zone1 (nearest)",960,1000,0.96
"E3","V3C",6110,"zone2",4,1000,0.004
"E3","V3C",6110,"zone3",4,1000,0.004
"E3","V3C",6110,"zone4",16,1000,0.016
"E3","V3C",6110,"zone5 (farthest)",16,1000,0.016
"E3","V3C",7101,"zone1 (nearest)",2196,2250,0.976
"E3","V3C",7101,"zone2",9,2250,0.004
"E3","V3C",7101,"zone3",9,2250,0.004
"E3","V3C",7101,"zone4",9,2250,0.004
"E3","V3C",7101,"zone5 (farthest)",27,2250,0.012
"E3","V3C",7102,"zone1 (nearest)",972,1000,0.972
"E3","V3C",7102,"zone2",0,1000,0
"E3","V3C",7102,"zone3",0,1000,0
"E3","V3C",7102,"zone4",8,1000,0.008
"E3","V3C",7102,"zone5 (farthest)",20,1000,0.02
"E3","V3C",7103,"zone1 (nearest)",952,1000,0.952
"E3","V3C",7103,"zone2",4,1000,0.004
"E3","V3C",7103,"zone3",4,1000,0.004
"E3","V3C",7103,"zone4",8,1000,0.008
"E3","V3C",7103,"zone5 (farthest)",32,1000,0.032
"E3","V3C",7104,"zone1 (nearest)",964,1000,0.964
"E3","V3C",7104,"zone2",0,1000,0
"E3","V3C",7104,"zone3",0,1000,0
"E3","V3C",7104,"zone4",12,1000,0.012
"E3","V3C",7104,"zone5 (farthest)",24,1000,0.024
"E3","V3C",7105,"zone1 (nearest)",972,1000,0.972
"E3","V3C",7105,"zone2",4,1000,0.004
"E3","V3C",7105,"zone3",4,1000,0.004
"E3","V3C",7105,"zone4",12,1000,0.012
"E3","V3C",7105,"zone5 (farthest)",8,1000,0.008
"E3","V3C",7106,"zone1 (nearest)",968,1000,0.968
"E3","V3C",7106,"zone2",0,1000,0
"E3","V3C",7106,"zone3",4,1000,0.004
"E3","V3C",7106,"zone4",4,1000,0.004
"E3","V3C",7106,"zone5 (farthest)",24,1000,0.024
"E3","V3C",7107,"zone1 (nearest)",964,1000,0.964
"E3","V3C",7107,"zone2",0,1000,0
"E3","V3C",7107,"zone3",4,1000,0.004
"E3","V3C",7107,"zone4",4,1000,0.004
"E3","V3C",7107,"zone5 (farthest)",28,1000,0.028
"E3","V3C",7108,"zone1 (nearest)",960,1000,0.96
"E3","V3C",7108,"zone2",4,1000,0.004
"E3","V3C",7108,"zone3",16,1000,0.016
"E3","V3C",7108,"zone4",8,1000,0.008
"E3","V3C",7108,"zone5 (farthest)",12,1000,0.012
"E3","V3C",7109,"zone1 (nearest)",972,1000,0.972
"E3","V3C",7109,"zone2",4,1000,0.004
"E3","V3C",7109,"zone3",4,1000,0.004
"E3","V3C",7109,"zone4",12,1000,0.012
"E3","V3C",7109,"zone5 (farthest)",8,1000,0.008
"E3","V3C",7110,"zone1 (nearest)",964,1000,0.964
"E3","V3C",7110,"zone2",8,1000,0.008
"E3","V3C",7110,"zone3",4,1000,0.004
"E3","V3C",7110,"zone4",8,1000,0.008
"E3","V3C",7110,"zone5 (farthest)",16,1000,0.016
"E3","V3C",8101,"zone1 (nearest)",2142,2250,0.952
"E3","V3C",8101,"zone2",18,2250,0.008
"E3","V3C",8101,"zone3",9,2250,0.004
"E3","V3C",8101,"zone4",36,2250,0.016
"E3","V3C",8101,"zone5 (farthest)",45,2250,0.02
"E3","V3C",8102,"zone1 (nearest)",936,1000,0.936
"E3","V3C",8102,"zone2",12,1000,0.012
"E3","V3C",8102,"zone3",16,1000,0.016
"E3","V3C",8102,"zone4",28,1000,0.028
"E3","V3C",8102,"zone5 (farthest)",8,1000,0.008
"E3","V3C",8103,"zone1 (nearest)",948,1000,0.948
"E3","V3C",8103,"zone2",8,1000,0.008
"E3","V3C",8103,"zone3",16,1000,0.016
"E3","V3C",8103,"zone4",4,1000,0.004
"E3","V3C",8103,"zone5 (farthest)",24,1000,0.024
"E3","V3C",8104,"zone1 (nearest)",948,1000,0.948
"E3","V3C",8104,"zone2",8,1000,0.008
"E3","V3C",8104,"zone3",16,1000,0.016
"E3","V3C",8104,"zone4",16,1000,0.016
"E3","V3C",8104,"zone5 (farthest)",12,1000,0.012
"E3","V3C",8105,"zone1 (nearest)",940,1000,0.94
"E3","V3C",8105,"zone2",12,1000,0.012
"E3","V3C",8105,"zone3",12,1000,0.012
"E3","V3C",8105,"zone4",20,1000,0.02
"E3","V3C",8105,"zone5 (farthest)",16,1000,0.016
"E3","V3C",8106,"zone1 (nearest)",932,1000,0.932
"E3","V3C",8106,"zone2",24,1000,0.024
"E3","V3C",8106,"zone3",8,1000,0.008
"E3","V3C",8106,"zone4",16,1000,0.016
"E3","V3C",8106,"zone5 (farthest)",20,1000,0.02
"E3","V3C",8107,"zone1 (nearest)",932,1000,0.932
"E3","V3C",8107,"zone2",12,1000,0.012
"E3","V3C",8107,"zone3",28,1000,0.028
"E3","V3C",8107,"zone4",8,1000,0.008
"E3","V3C",8107,"zone5 (farthest)",20,1000,0.02
"E3","V3C",8108,"zone1 (nearest)",960,1000,0.96
"E3","V3C",8108,"zone2",16,1000,0.016
"E3","V3C",8108,"zone3",12,1000,0.012
"E3","V3C",8108,"zone4",12,1000,0.012
"E3","V3C",8108,"zone5 (farthest)",0,1000,0
"E3","V3C",8109,"zone1 (nearest)",948,1000,0.948
"E3","V3C",8109,"zone2",12,1000,0.012
"E3","V3C",8109,"zone3",4,1000,0.004
"E3","V3C",8109,"zone4",28,1000,0.028
"E3","V3C",8109,"zone5 (farthest)",8,1000,0.008
"E3","V3C",8110,"zone1 (nearest)",940,1000,0.94
"E3","V3C",8110,"zone2",16,1000,0.016
"E3","V3C",8110,"zone3",24,1000,0.024
"E3","V3C",8110,"zone4",12,1000,0.012
"E3","V3C",8110,"zone5 (farthest)",8,1000,0.008
"E3","V3C",9101,"zone1 (nearest)",2052,2250,0.912
"E3","V3C",9101,"zone2",36,2250,0.016
"E3","V3C",9101,"zone3",54,2250,0.024
"E3","V3C",9101,"zone4",36,2250,0.016
"E3","V3C",9101,"zone5 (farthest)",72,2250,0.032
"E3","V3C",9102,"zone1 (nearest)",928,1000,0.928
"E3","V3C",9102,"zone2",12,1000,0.012
"E3","V3C",9102,"zone3",16,1000,0.016
"E3","V3C",9102,"zone4",8,1000,0.008
"E3","V3C",9102,"zone5 (farthest)",36,1000,0.036
"E3","V3C",9103,"zone1 (nearest)",908,1000,0.908
"E3","V3C",9103,"zone2",28,1000,0.028
"E3","V3C",9103,"zone3",40,1000,0.04
"E3","V3C",9103,"zone4",12,1000,0.012
"E3","V3C",9103,"zone5 (farthest)",12,1000,0.012
"E3","V3C",9104,"zone1 (nearest)",904,1000,0.904
"E3","V3C",9104,"zone2",36,1000,0.036
"E3","V3C",9104,"zone3",16,1000,0.016
"E3","V3C",9104,"zone4",8,1000,0.008
"E3","V3C",9104,"zone5 (farthest)",36,1000,0.036
"E3","V3C",9105,"zone1 (nearest)",908,1000,0.908
"E3","V3C",9105,"zone2",24,1000,0.024
"E3","V3C",9105,"zone3",20,1000,0.02
"E3","V3C",9105,"zone4",16,1000,0.016
"E3","V3C",9105,"zone5 (farthest)",32,1000,0.032
"E3","V3C",9106,"zone1 (nearest)",928,1000,0.928
"E3","V3C",9106,"zone2",24,1000,0.024
"E3","V3C",9106,"zone3",12,1000,0.012
"E3","V3C",9106,"zone4",28,1000,0.028
"E3","V3C",9106,"zone5 (farthest)",8,1000,0.008
"E3","V3C",9107,"zone1 (nearest)",924,1000,0.924
"E3","V3C",9107,"zone2",8,1000,0.008
"E3","V3C",9107,"zone3",12,1000,0.012
"E3","V3C",9107,"zone4",28,1000,0.028
"E3","V3C",9107,"zone5 (farthest)",28,1000,0.028
"E3","V3C",9108,"zone1 (nearest)",916,1000,0.916
"E3","V3C",9108,"zone2",32,1000,0.032
"E3","V3C",9108,"zone3",24,1000,0.024
"E3","V3C",9108,"zone4",16,1000,0.016
"E3","V3C",9108,"zone5 (farthest)",12,1000,0.012
"E3","V3C",9109,"zone1 (nearest)",928,1000,0.928
"E3","V3C",9109,"zone2",24,1000,0.024
"E3","V3C",9109,"zone3",16,1000,0.016
"E3","V3C",9109,"zone4",20,1000,0.02
"E3","V3C",9109,"zone5 (farthest)",12,1000,0.012
"E3","V3C",9110,"zone1 (nearest)",892,1000,0.892
"E3","V3C",9110,"zone2",44,1000,0.044
"E3","V3C",9110,"zone3",24,1000,0.024
"E3","V3C",9110,"zone4",24,1000,0.024
"E3","V3C",9110,"zone5 (farthest)",16,1000,0.016
"E3","V3C",10101,"zone1 (nearest)",1944,2250,0.864
"E3","V3C",10101,"zone2",144,2250,0.064
"E3","V3C",10101,"zone3",45,2250,0.02
"E3","V3C",10101,"zone4",27,2250,0.012
"E3","V3C",10101,"zone5 (farthest)",90,2250,0.04
"E3","V3C",10102,"zone1 (nearest)",868,1000,0.868
"E3","V3C",10102,"zone2",64,1000,0.064
"E3","V3C",10102,"zone3",12,1000,0.012
"E3","V3C",10102,"zone4",24,1000,0.024
"E3","V3C",10102,"zone5 (farthest)",32,1000,0.032
"E3","V3C",10103,"zone1 (nearest)",840,1000,0.84
"E3","V3C",10103,"zone2",92,1000,0.092
"E3","V3C",10103,"zone3",16,1000,0.016
"E3","V3C",10103,"zone4",24,1000,0.024
"E3","V3C",10103,"zone5 (farthest)",28,1000,0.028
"E3","V3C",10104,"zone1 (nearest)",860,1000,0.86
"E3","V3C",10104,"zone2",80,1000,0.08
"E3","V3C",10104,"zone3",4,1000,0.004
"E3","V3C",10104,"zone4",16,1000,0.016
"E3","V3C",10104,"zone5 (farthest)",40,1000,0.04
"E3","V3C",10105,"zone1 (nearest)",864,1000,0.864
"E3","V3C",10105,"zone2",56,1000,0.056
"E3","V3C",10105,"zone3",12,1000,0.012
"E3","V3C",10105,"zone4",20,1000,0.02
"E3","V3C",10105,"zone5 (farthest)",48,1000,0.048
"E3","V3C",10106,"zone1 (nearest)",860,1000,0.86
"E3","V3C",10106,"zone2",52,1000,0.052
"E3","V3C",10106,"zone3",16,1000,0.016
"E3","V3C",10106,"zone4",12,1000,0.012
"E3","V3C",10106,"zone5 (farthest)",60,1000,0.06
"E3","V3C",10107,"zone1 (nearest)",856,1000,0.856
"E3","V3C",10107,"zone2",76,1000,0.076
"E3","V3C",10107,"zone3",8,1000,0.008
"E3","V3C",10107,"zone4",16,1000,0.016
"E3","V3C",10107,"zone5 (farthest)",44,1000,0.044
"E3","V3C",10108,"zone1 (nearest)",828,1000,0.828
"E3","V3C",10108,"zone2",72,1000,0.072
"E3","V3C",10108,"zone3",20,1000,0.02
"E3","V3C",10108,"zone4",28,1000,0.028
"E3","V3C",10108,"zone5 (farthest)",52,1000,0.052
"E3","V3C",10109,"zone1 (nearest)",824,1000,0.824
"E3","V3C",10109,"zone2",104,1000,0.104
"E3","V3C",10109,"zone3",24,1000,0.024
"E3","V3C",10109,"zone4",12,1000,0.012
"E3","V3C",10109,"zone5 (farthest)",36,1000,0.036
"E3","V3C",10110,"zone1 (nearest)",848,1000,0.848
"E3","V3C",10110,"zone2",76,1000,0.076
"E3","V3C",10110,"zone3",20,1000,0.02
"E3","V3C",10110,"zone4",12,1000,0.012
"E3","V3C",10110,"zone5 (farthest)",44,1000,0.044
"E3","V3C",11101,"zone1 (nearest)",378,2250,0.168
"E3","V3C",11101,"zone2",342,2250,0.152
"E3","V3C",11101,"zone3",423,2250,0.188
"E3","V3C",11101,"zone4",486,2250,0.216
"E3","V3C",11101,"zone5 (farthest)",621,2250,0.276
"E3","V3C",11102,"zone1 (nearest)",148,1000,0.148
"E3","V3C",11102,"zone2",196,1000,0.196
"E3","V3C",11102,"zone3",160,1000,0.16
"E3","V3C",11102,"zone4",188,1000,0.188
"E3","V3C",11102,"zone5 (farthest)",308,1000,0.308
"E3","V3C",11103,"zone1 (nearest)",140,1000,0.14
"E3","V3C",11103,"zone2",188,1000,0.188
"E3","V3C",11103,"zone3",224,1000,0.224
"E3","V3C",11103,"zone4",168,1000,0.168
"E3","V3C",11103,"zone5 (farthest)",280,1000,0.28
"E3","V3C",11104,"zone1 (nearest)",152,1000,0.152
"E3","V3C",11104,"zone2",212,1000,0.212
"E3","V3C",11104,"zone3",152,1000,0.152
"E3","V3C",11104,"zone4",204,1000,0.204
"E3","V3C",11104,"zone5 (farthest)",280,1000,0.28
"E3","V3C",11105,"zone1 (nearest)",136,1000,0.136
"E3","V3C",11105,"zone2",200,1000,0.2
"E3","V3C",11105,"zone3",172,1000,0.172
"E3","V3C",11105,"zone4",204,1000,0.204
"E3","V3C",11105,"zone5 (farthest)",288,1000,0.288
"E3","V3C",11106,"zone1 (nearest)",168,1000,0.168
"E3","V3C",11106,"zone2",164,1000,0.164
"E3","V3C",11106,"zone3",180,1000,0.18
"E3","V3C",11106,"zone4",208,1000,0.208
"E3","V3C",11106,"zone5 (farthest)",280,1000,0.28
"E3","V3C",11107,"zone1 (nearest)",148,1000,0.148
"E3","V3C",11107,"zone2",244,1000,0.244
"E3","V3C",11107,"zone3",168,1000,0.168
"E3","V3C",11107,"zone4",192,1000,0.192
"E3","V3C",11107,"zone5 (farthest)",248,1000,0.248
"E3","V3C",11108,"zone1 (nearest)",156,1000,0.156
"E3","V3C",11108,"zone2",184,1000,0.184
"E3","V3C",11108,"zone3",160,1000,0.16
"E3","V3C",11108,"zone4",184,1000,0.184
"E3","V3C",11108,"zone5 (farthest)",316,1000,0.316
"E3","V3C",11109,"zone1 (nearest)",140,1000,0.14
"E3","V3C",11109,"zone2",172,1000,0.172
"E3","V3C",11109,"zone3",196,1000,0.196
"E3","V3C",11109,"zone4",184,1000,0.184
"E3","V3C",11109,"zone5 (farthest)",308,1000,0.308
"E3","V3C",11110,"zone1 (nearest)",140,1000,0.14
"E3","V3C",11110,"zone2",164,1000,0.164
"E3","V3C",11110,"zone3",232,1000,0.232
"E3","V3C",11110,"zone4",180,1000,0.18
"E3","V3C",11110,"zone5 (farthest)",284,1000,0.284
"E3","V3C",12101,"zone1 (nearest)",2178,2250,0.968
"E3","V3C",12101,"zone2",18,2250,0.008
"E3","V3C",12101,"zone3",9,2250,0.004
"E3","V3C",12101,"zone4",9,2250,0.004
"E3","V3C",12101,"zone5 (farthest)",36,2250,0.016
"E3","V3C",12102,"zone1 (nearest)",980,1000,0.98
"E3","V3C",12102,"zone2",12,1000,0.012
"E3","V3C",12102,"zone3",4,1000,0.004
"E3","V3C",12102,"zone4",4,1000,0.004
"E3","V3C",12102,"zone5 (farthest)",0,1000,0
"E3","V3C",12103,"zone1 (nearest)",960,1000,0.96
"E3","V3C",12103,"zone2",4,1000,0.004
"E3","V3C",12103,"zone3",24,1000,0.024
"E3","V3C",12103,"zone4",4,1000,0.004
"E3","V3C",12103,"zone5 (farthest)",8,1000,0.008
"E3","V3C",12104,"zone1 (nearest)",972,1000,0.972
"E3","V3C",12104,"zone2",4,1000,0.004
"E3","V3C",12104,"zone3",8,1000,0.008
"E3","V3C",12104,"zone4",12,1000,0.012
"E3","V3C",12104,"zone5 (farthest)",4,1000,0.004
"E3","V3C",12105,"zone1 (nearest)",972,1000,0.972
"E3","V3C",12105,"zone2",16,1000,0.016
"E3","V3C",12105,"zone3",4,1000,0.004
"E3","V3C",12105,"zone4",8,1000,0.008
"E3","V3C",12105,"zone5 (farthest)",0,1000,0
"E3","V3C",12106,"zone1 (nearest)",968,1000,0.968
"E3","V3C",12106,"zone2",4,1000,0.004
"E3","V3C",12106,"zone3",16,1000,0.016
"E3","V3C",12106,"zone4",8,1000,0.008
"E3","V3C",12106,"zone5 (farthest)",4,1000,0.004
"E3","V3C",12107,"zone1 (nearest)",980,1000,0.98
"E3","V3C",12107,"zone2",0,1000,0
"E3","V3C",12107,"zone3",0,1000,0
"E3","V3C",12107,"zone4",8,1000,0.008
"E3","V3C",12107,"zone5 (farthest)",12,1000,0.012
"E3","V3C",12108,"zone1 (nearest)",968,1000,0.968
"E3","V3C",12108,"zone2",20,1000,0.02
"E3","V3C",12108,"zone3",4,1000,0.004
"E3","V3C",12108,"zone4",4,1000,0.004
"E3","V3C",12108,"zone5 (farthest)",4,1000,0.004
"E3","V3C",12109,"zone1 (nearest)",980,1000,0.98
"E3","V3C",12109,"zone2",8,1000,0.008
"E3","V3C",12109,"zone3",8,1000,0.008
"E3","V3C",12109,"zone4",0,1000,0
"E3","V3C",12109,"zone5 (farthest)",4,1000,0.004
"E3","V3C",12110,"zone1 (nearest)",964,1000,0.964
"E3","V3C",12110,"zone2",4,1000,0.004
"E3","V3C",12110,"zone3",16,1000,0.016
"E3","V3C",12110,"zone4",8,1000,0.008
"E3","V3C",12110,"zone5 (farthest)",8,1000,0.008
"E3","V3C",13101,"zone1 (nearest)",2061,2250,0.916
"E3","V3C",13101,"zone2",45,2250,0.02
"E3","V3C",13101,"zone3",54,2250,0.024
"E3","V3C",13101,"zone4",45,2250,0.02
"E3","V3C",13101,"zone5 (farthest)",45,2250,0.02
"E3","V3C",13102,"zone1 (nearest)",940,1000,0.94
"E3","V3C",13102,"zone2",4,1000,0.004
"E3","V3C",13102,"zone3",20,1000,0.02
"E3","V3C",13102,"zone4",8,1000,0.008
"E3","V3C",13102,"zone5 (farthest)",28,1000,0.028
"E3","V3C",13103,"zone1 (nearest)",948,1000,0.948
"E3","V3C",13103,"zone2",0,1000,0
"E3","V3C",13103,"zone3",4,1000,0.004
"E3","V3C",13103,"zone4",12,1000,0.012
"E3","V3C",13103,"zone5 (farthest)",36,1000,0.036
"E3","V3C",13104,"zone1 (nearest)",924,1000,0.924
"E3","V3C",13104,"zone2",4,1000,0.004
"E3","V3C",13104,"zone3",28,1000,0.028
"E3","V3C",13104,"zone4",16,1000,0.016
"E3","V3C",13104,"zone5 (farthest)",28,1000,0.028
"E3","V3C",13105,"zone1 (nearest)",928,1000,0.928
"E3","V3C",13105,"zone2",16,1000,0.016
"E3","V3C",13105,"zone3",16,1000,0.016
"E3","V3C",13105,"zone4",20,1000,0.02
"E3","V3C",13105,"zone5 (farthest)",20,1000,0.02
"E3","V3C",13106,"zone1 (nearest)",940,1000,0.94
"E3","V3C",13106,"zone2",4,1000,0.004
"E3","V3C",13106,"zone3",16,1000,0.016
"E3","V3C",13106,"zone4",12,1000,0.012
"E3","V3C",13106,"zone5 (farthest)",28,1000,0.028
"E3","V3C",13107,"zone1 (nearest)",908,1000,0.908
"E3","V3C",13107,"zone2",28,1000,0.028
"E3","V3C",13107,"zone3",12,1000,0.012
"E3","V3C",13107,"zone4",20,1000,0.02
"E3","V3C",13107,"zone5 (farthest)",32,1000,0.032
"E3","V3C",13108,"zone1 (nearest)",936,1000,0.936
"E3","V3C",13108,"zone2",28,1000,0.028
"E3","V3C",13108,"zone3",0,1000,0
"E3","V3C",13108,"zone4",8,1000,0.008
"E3","V3C",13108,"zone5 (farthest)",28,1000,0.028
"E3","V3C",13109,"zone1 (nearest)",920,1000,0.92
"E3","V3C",13109,"zone2",28,1000,0.028
"E3","V3C",13109,"zone3",24,1000,0.024
"E3","V3C",13109,"zone4",8,1000,0.008
"E3","V3C",13109,"zone5 (farthest)",20,1000,0.02
"E3","V3C",13110,"zone1 (nearest)",928,1000,0.928
"E3","V3C",13110,"zone2",12,1000,0.012
"E3","V3C",13110,"zone3",12,1000,0.012
"E3","V3C",13110,"zone4",8,1000,0.008
"E3","V3C",13110,"zone5 (farthest)",40,1000,0.04
"E3","V3C",14101,"zone1 (nearest)",2133,2250,0.948
"E3","V3C",14101,"zone2",45,2250,0.02
"E3","V3C",14101,"zone3",18,2250,0.008
"E3","V3C",14101,"zone4",36,2250,0.016
"E3","V3C",14101,"zone5 (farthest)",18,2250,0.008
"E3","V3C",14102,"zone1 (nearest)",964,1000,0.964
"E3","V3C",14102,"zone2",8,1000,0.008
"E3","V3C",14102,"zone3",16,1000,0.016
"E3","V3C",14102,"zone4",12,1000,0.012
"E3","V3C",14102,"zone5 (farthest)",0,1000,0
"E3","V3C",14103,"zone1 (nearest)",956,1000,0.956
"E3","V3C",14103,"zone2",20,1000,0.02
"E3","V3C",14103,"zone3",4,1000,0.004
"E3","V3C",14103,"zone4",12,1000,0.012
"E3","V3C",14103,"zone5 (farthest)",8,1000,0.008
"E3","V3C",14104,"zone1 (nearest)",964,1000,0.964
"E3","V3C",14104,"zone2",4,1000,0.004
"E3","V3C",14104,"zone3",12,1000,0.012
"E3","V3C",14104,"zone4",8,1000,0.008
"E3","V3C",14104,"zone5 (farthest)",12,1000,0.012
"E3","V3C",14105,"zone1 (nearest)",952,1000,0.952
"E3","V3C",14105,"zone2",20,1000,0.02
"E3","V3C",14105,"zone3",12,1000,0.012
"E3","V3C",14105,"zone4",12,1000,0.012
"E3","V3C",14105,"zone5 (farthest)",4,1000,0.004
"E3","V3C",14106,"zone1 (nearest)",952,1000,0.952
"E3","V3C",14106,"zone2",12,1000,0.012
"E3","V3C",14106,"zone3",16,1000,0.016
"E3","V3C",14106,"zone4",16,1000,0.016
"E3","V3C",14106,"zone5 (farthest)",4,1000,0.004
"E3","V3C",14107,"zone1 (nearest)",944,1000,0.944
"E3","V3C",14107,"zone2",24,1000,0.024
"E3","V3C",14107,"zone3",20,1000,0.02
"E3","V3C",14107,"zone4",8,1000,0.008
"E3","V3C",14107,"zone5 (farthest)",4,1000,0.004
"E3","V3C",14108,"zone1 (nearest)",964,1000,0.964
"E3","V3C",14108,"zone2",4,1000,0.004
"E3","V3C",14108,"zone3",12,1000,0.012
"E3","V3C",14108,"zone4",20,1000,0.02
"E3","V3C",14108,"zone5 (farthest)",0,1000,0
"E3","V3C",14109,"zone1 (nearest)",956,1000,0.956
"E3","V3C",14109,"zone2",0,1000,0
"E3","V3C",14109,"zone3",12,1000,0.012
"E3","V3C",14109,"zone4",20,1000,0.02
"E3","V3C",14109,"zone5 (farthest)",12,1000,0.012
"E3","V3C",14110,"zone1 (nearest)",948,1000,0.948
"E3","V3C",14110,"zone2",24,1000,0.024
"E3","V3C",14110,"zone3",12,1000,0.012
"E3","V3C",14110,"zone4",8,1000,0.008
"E3","V3C",14110,"zone5 (farthest)",8,1000,0.008
"E3","V3C",15101,"zone1 (nearest)",1701,2250,0.756
"E3","V3C",15101,"zone2",288,2250,0.128
"E3","V3C",15101,"zone3",54,2250,0.024
"E3","V3C",15101,"zone4",63,2250,0.028
"E3","V3C",15101,"zone5 (farthest)",144,2250,0.064
"E3","V3C",15102,"zone1 (nearest)",736,1000,0.736
"E3","V3C",15102,"zone2",164,1000,0.164
"E3","V3C",15102,"zone3",28,1000,0.028
"E3","V3C",15102,"zone4",36,1000,0.036
"E3","V3C",15102,"zone5 (farthest)",36,1000,0.036
"E3","V3C",15103,"zone1 (nearest)",732,1000,0.732
"E3","V3C",15103,"zone2",136,1000,0.136
"E3","V3C",15103,"zone3",40,1000,0.04
"E3","V3C",15103,"zone4",28,1000,0.028
"E3","V3C",15103,"zone5 (farthest)",64,1000,0.064
"E3","V3C",15104,"zone1 (nearest)",720,1000,0.72
"E3","V3C",15104,"zone2",128,1000,0.128
"E3","V3C",15104,"zone3",60,1000,0.06
"E3","V3C",15104,"zone4",44,1000,0.044
"E3","V3C",15104,"zone5 (farthest)",48,1000,0.048
"E3","V3C",15105,"zone1 (nearest)",740,1000,0.74
"E3","V3C",15105,"zone2",128,1000,0.128
"E3","V3C",15105,"zone3",36,1000,0.036
"E3","V3C",15105,"zone4",36,1000,0.036
"E3","V3C",15105,"zone5 (farthest)",60,1000,0.06
"E3","V3C",15106,"zone1 (nearest)",768,1000,0.768
"E3","V3C",15106,"zone2",124,1000,0.124
"E3","V3C",15106,"zone3",20,1000,0.02
"E3","V3C",15106,"zone4",32,1000,0.032
"E3","V3C",15106,"zone5 (farthest)",56,1000,0.056
"E3","V3C",15107,"zone1 (nearest)",724,1000,0.724
"E3","V3C",15107,"zone2",132,1000,0.132
"E3","V3C",15107,"zone3",44,1000,0.044
"E3","V3C",15107,"zone4",52,1000,0.052
"E3","V3C",15107,"zone5 (farthest)",48,1000,0.048
"E3","V3C",15108,"zone1 (nearest)",748,1000,0.748
"E3","V3C",15108,"zone2",132,1000,0.132
"E3","V3C",15108,"zone3",36,1000,0.036
"E3","V3C",15108,"zone4",28,1000,0.028
"E3","V3C",15108,"zone5 (farthest)",56,1000,0.056
"E3","V3C",15109,"zone1 (nearest)",736,1000,0.736
"E3","V3C",15109,"zone2",148,1000,0.148
"E3","V3C",15109,"zone3",20,1000,0.02
"E3","V3C",15109,"zone4",28,1000,0.028
"E3","V3C",15109,"zone5 (farthest)",68,1000,0.068
"E3","V3C",15110,"zone1 (nearest)",740,1000,0.74
"E3","V3C",15110,"zone2",116,1000,0.116
"E3","V3C",15110,"zone3",48,1000,0.048
"E3","V3C",15110,"zone4",28,1000,0.028
"E3","V3C",15110,"zone5 (farthest)",68,1000,0.068
"E3","V3C",16101,"zone1 (nearest)",2151,2250,0.956
"E3","V3C",16101,"zone2",63,2250,0.028
"E3","V3C",16101,"zone3",27,2250,0.012
"E3","V3C",16101,"zone4",9,2250,0.004
"E3","V3C",16101,"zone5 (farthest)",0,2250,0
"E3","V3C",16102,"zone1 (nearest)",960,1000,0.96
"E3","V3C",16102,"zone2",12,1000,0.012
"E3","V3C",16102,"zone3",12,1000,0.012
"E3","V3C",16102,"zone4",8,1000,0.008
"E3","V3C",16102,"zone5 (farthest)",8,1000,0.008
"E3","V3C",16103,"zone1 (nearest)",960,1000,0.96
"E3","V3C",16103,"zone2",12,1000,0.012
"E3","V3C",16103,"zone3",12,1000,0.012
"E3","V3C",16103,"zone4",0,1000,0
"E3","V3C",16103,"zone5 (farthest)",16,1000,0.016
"E3","V3C",16104,"zone1 (nearest)",968,1000,0.968
"E3","V3C",16104,"zone2",4,1000,0.004
"E3","V3C",16104,"zone3",4,1000,0.004
"E3","V3C",16104,"zone4",12,1000,0.012
"E3","V3C",16104,"zone5 (farthest)",12,1000,0.012
"E3","V3C",16105,"zone1 (nearest)",972,1000,0.972
"E3","V3C",16105,"zone2",20,1000,0.02
"E3","V3C",16105,"zone3",0,1000,0
"E3","V3C",16105,"zone4",4,1000,0.004
"E3","V3C",16105,"zone5 (farthest)",4,1000,0.004
"E3","V3C",16106,"zone1 (nearest)",956,1000,0.956
"E3","V3C",16106,"zone2",20,1000,0.02
"E3","V3C",16106,"zone3",8,1000,0.008
"E3","V3C",16106,"zone4",0,1000,0
"E3","V3C",16106,"zone5 (farthest)",16,1000,0.016
"E3","V3C",16107,"zone1 (nearest)",972,1000,0.972
"E3","V3C",16107,"zone2",16,1000,0.016
"E3","V3C",16107,"zone3",8,1000,0.008
"E3","V3C",16107,"zone4",4,1000,0.004
"E3","V3C",16107,"zone5 (farthest)",0,1000,0
"E3","V3C",16108,"zone1 (nearest)",952,1000,0.952
"E3","V3C",16108,"zone2",16,1000,0.016
"E3","V3C",16108,"zone3",4,1000,0.004
"E3","V3C",16108,"zone4",8,1000,0.008
"E3","V3C",16108,"zone5 (farthest)",20,1000,0.02
"E3","V3C",16109,"zone1 (nearest)",960,1000,0.96
"E3","V3C",16109,"zone2",16,1000,0.016
"E3","V3C",16109,"zone3",8,1000,0.008
"E3","V3C",16109,"zone4",0,1000,0
"E3","V3C",16109,"zone5 (farthest)",16,1000,0.016
"E3","V3C",16110,"zone1 (nearest)",952,1000,0.952
"E3","V3C",16110,"zone2",16,1000,0.016
"E3","V3C",16110,"zone3",8,1000,0.008
"E3","V3C",16110,"zone4",8,1000,0.008
"E3","V3C",16110,"zone5 (farthest)",16,1000,0.016
"E3","V3C",17101,"zone1 (nearest)",2169,2250,0.964
"E3","V3C",17101,"zone2",9,2250,0.004
"E3","V3C",17101,"zone3",27,2250,0.012
"E3","V3C",17101,"zone4",9,2250,0.004
"E3","V3C",17101,"zone5 (farthest)",36,2250,0.016
"E3","V3C",17102,"zone1 (nearest)",924,1000,0.924
"E3","V3C",17102,"zone2",24,1000,0.024
"E3","V3C",17102,"zone3",28,1000,0.028
"E3","V3C",17102,"zone4",4,1000,0.004
"E3","V3C",17102,"zone5 (farthest)",20,1000,0.02
"E3","V3C",17103,"zone1 (nearest)",928,1000,0.928
"E3","V3C",17103,"zone2",24,1000,0.024
"E3","V3C",17103,"zone3",20,1000,0.02
"E3","V3C",17103,"zone4",24,1000,0.024
"E3","V3C",17103,"zone5 (farthest)",4,1000,0.004
"E3","V3C",17104,"zone1 (nearest)",980,1000,0.98
"E3","V3C",17104,"zone2",0,1000,0
"E3","V3C",17104,"zone3",8,1000,0.008
"E3","V3C",17104,"zone4",8,1000,0.008
"E3","V3C",17104,"zone5 (farthest)",4,1000,0.004
"E3","V3C",17105,"zone1 (nearest)",940,1000,0.94
"E3","V3C",17105,"zone2",20,1000,0.02
"E3","V3C",17105,"zone3",8,1000,0.008
"E3","V3C",17105,"zone4",12,1000,0.012
"E3","V3C",17105,"zone5 (farthest)",20,1000,0.02
"E3","V3C",17106,"zone1 (nearest)",960,1000,0.96
"E3","V3C",17106,"zone2",8,1000,0.008
"E3","V3C",17106,"zone3",4,1000,0.004
"E3","V3C",17106,"zone4",16,1000,0.016
"E3","V3C",17106,"zone5 (farthest)",12,1000,0.012
"E3","V3C",17107,"zone1 (nearest)",960,1000,0.96
"E3","V3C",17107,"zone2",8,1000,0.008
"E3","V3C",17107,"zone3",16,1000,0.016
"E3","V3C",17107,"zone4",8,1000,0.008
"E3","V3C",17107,"zone5 (farthest)",8,1000,0.008
"E3","V3C",17108,"zone1 (nearest)",948,1000,0.948
"E3","V3C",17108,"zone2",8,1000,0.008
"E3","V3C",17108,"zone3",20,1000,0.02
"E3","V3C",17108,"zone4",8,1000,0.008
"E3","V3C",17108,"zone5 (farthest)",16,1000,0.016
"E3","V3C",17109,"zone1 (nearest)",964,1000,0.964
"E3","V3C",17109,"zone2",8,1000,0.008
"E3","V3C",17109,"zone3",16,1000,0.016
"E3","V3C",17109,"zone4",8,1000,0.008
"E3","V3C",17109,"zone5 (farthest)",4,1000,0.004
"E3","V3C",17110,"zone1 (nearest)",944,1000,0.944
"E3","V3C",17110,"zone2",12,1000,0.012
"E3","V3C",17110,"zone3",24,1000,0.024
"E3","V3C",17110,"zone4",8,1000,0.008
"E3","V3C",17110,"zone5 (farthest)",12,1000,0.012
"E3","V3C",18101,"zone1 (nearest)",990,2250,0.44
"E3","V3C",18101,"zone2",117,2250,0.052
"E3","V3C",18101,"zone3",99,2250,0.044
"E3","V3C",18101,"zone4",495,2250,0.22
"E3","V3C",18101,"zone5 (farthest)",549,2250,0.244
"E3","V3C",18102,"zone1 (nearest)",420,1000,0.42
"E3","V3C",18102,"zone2",16,1000,0.016
"E3","V3C",18102,"zone3",40,1000,0.04
"E3","V3C",18102,"zone4",220,1000,0.22
"E3","V3C",18102,"zone5 (farthest)",304,1000,0.304
"E3","V3C",18103,"zone1 (nearest)",428,1000,0.428
"E3","V3C",18103,"zone2",36,1000,0.036
"E3","V3C",18103,"zone3",52,1000,0.052
"E3","V3C",18103,"zone4",164,1000,0.164
"E3","V3C",18103,"zone5 (farthest)",320,1000,0.32
"E3","V3C",18104,"zone1 (nearest)",420,1000,0.42
"E3","V3C",18104,"zone2",40,1000,0.04
"E3","V3C",18104,"zone3",52,1000,0.052
"E3","V3C",18104,"zone4",224,1000,0.224
"E3","V3C",18104,"zone5 (farthest)",264,1000,0.264
"E3","V3C",18105,"zone1 (nearest)",416,1000,0.416
"E3","V3C",18105,"zone2",32,1000,0.032
"E3","V3C",18105,"zone3",56,1000,0.056
"E3","V3C",18105,"zone4",224,1000,0.224
"E3","V3C",18105,"zone5 (farthest)",272,1000,0.272
"E3","V3C",18106,"zone1 (nearest)",416,1000,0.416
"E3","V3C",18106,"zone2",36,1000,0.036
"E3","V3C",18106,"zone3",60,1000,0.06
"E3","V3C",18106,"zone4",176,1000,0.176
"E3","V3C",18106,"zone5 (farthest)",312,1000,0.312
"E3","V3C",18107,"zone1 (nearest)",420,1000,0.42
"E3","V3C",18107,"zone2",32,1000,0.032
"E3","V3C",18107,"zone3",44,1000,0.044
"E3","V3C",18107,"zone4",208,1000,0.208
"E3","V3C",18107,"zone5 (farthest)",296,1000,0.296
"E3","V3C",18108,"zone1 (nearest)",420,1000,0.42
"E3","V3C",18108,"zone2",36,1000,0.036
"E3","V3C",18108,"zone3",32,1000,0.032
"E3","V3C",18108,"zone4",204,1000,0.204
"E3","V3C",18108,"zone5 (farthest)",308,1000,0.308
"E3","V3C",18109,"zone1 (nearest)",400,1000,0.4
"E3","V3C",18109,"zone2",48,1000,0.048
"E3","V3C",18109,"zone3",40,1000,0.04
"E3","V3C",18109,"zone4",220,1000,0.22
"E3","V3C",18109,"zone5 (farthest)",292,1000,0.292
"E3","V3C",18110,"zone1 (nearest)",416,1000,0.416
"E3","V3C",18110,"zone2",60,1000,0.06
"E3","V3C",18110,"zone3",48,1000,0.048
"E3","V3C",18110,"zone4",196,1000,0.196
"E3","V3C",18110,"zone5 (farthest)",280,1000,0.28
"E3","V3C",19101,"zone1 (nearest)",2025,2250,0.9
"E3","V3C",19101,"zone2",108,2250,0.048
"E3","V3C",19101,"zone3",63,2250,0.028
"E3","V3C",19101,"zone4",18,2250,0.008
"E3","V3C",19101,"zone5 (farthest)",36,2250,0.016
"E3","V3C",19102,"zone1 (nearest)",888,1000,0.888
"E3","V3C",19102,"zone2",72,1000,0.072
"E3","V3C",19102,"zone3",16,1000,0.016
"E3","V3C",19102,"zone4",4,1000,0.004
"E3","V3C",19102,"zone5 (farthest)",20,1000,0.02
"E3","V3C",19103,"zone1 (nearest)",896,1000,0.896
"E3","V3C",19103,"zone2",72,1000,0.072
"E3","V3C",19103,"zone3",12,1000,0.012
"E3","V3C",19103,"zone4",12,1000,0.012
"E3","V3C",19103,"zone5 (farthest)",8,1000,0.008
"E3","V3C",19104,"zone1 (nearest)",904,1000,0.904
"E3","V3C",19104,"zone2",48,1000,0.048
"E3","V3C",19104,"zone3",16,1000,0.016
"E3","V3C",19104,"zone4",16,1000,0.016
"E3","V3C",19104,"zone5 (farthest)",16,1000,0.016
"E3","V3C",19105,"zone1 (nearest)",920,1000,0.92
"E3","V3C",19105,"zone2",28,1000,0.028
"E3","V3C",19105,"zone3",36,1000,0.036
"E3","V3C",19105,"zone4",12,1000,0.012
"E3","V3C",19105,"zone5 (farthest)",4,1000,0.004
"E3","V3C",19106,"zone1 (nearest)",904,1000,0.904
"E3","V3C",19106,"zone2",72,1000,0.072
"E3","V3C",19106,"zone3",12,1000,0.012
"E3","V3C",19106,"zone4",8,1000,0.008
"E3","V3C",19106,"zone5 (farthest)",4,1000,0.004
"E3","V3C",19107,"zone1 (nearest)",904,1000,0.904
"E3","V3C",19107,"zone2",60,1000,0.06
"E3","V3C",19107,"zone3",20,1000,0.02
"E3","V3C",19107,"zone4",8,1000,0.008
"E3","V3C",19107,"zone5 (farthest)",8,1000,0.008
"E3","V3C",19108,"zone1 (nearest)",924,1000,0.924
"E3","V3C",19108,"zone2",36,1000,0.036
"E3","V3C",19108,"zone3",20,1000,0.02
"E3","V3C",19108,"zone4",8,1000,0.008
"E3","V3C",19108,"zone5 (farthest)",12,1000,0.012
"E3","V3C",19109,"zone1 (nearest)",900,1000,0.9
"E3","V3C",19109,"zone2",60,1000,0.06
"E3","V3C",19109,"zone3",12,1000,0.012
"E3","V3C",19109,"zone4",16,1000,0.016
"E3","V3C",19109,"zone5 (farthest)",12,1000,0.012
"E3","V3C",19110,"zone1 (nearest)",900,1000,0.9
"E3","V3C",19110,"zone2",52,1000,0.052
"E3","V3C",19110,"zone3",8,1000,0.008
"E3","V3C",19110,"zone4",12,1000,0.012
"E3","V3C",19110,"zone5 (farthest)",28,1000,0.028
"E3","V3C",20101,"zone1 (nearest)",2178,2250,0.968
"E3","V3C",20101,"zone2",9,2250,0.004
"E3","V3C",20101,"zone3",27,2250,0.012
"E3","V3C",20101,"zone4",0,2250,0
"E3","V3C",20101,"zone5 (farthest)",36,2250,0.016
"E3","V3C",20102,"zone1 (nearest)",960,1000,0.96
"E3","V3C",20102,"zone2",8,1000,0.008
"E3","V3C",20102,"zone3",4,1000,0.004
"E3","V3C",20102,"zone4",4,1000,0.004
"E3","V3C",20102,"zone5 (farthest)",24,1000,0.024
"E3","V3C",20103,"zone1 (nearest)",976,1000,0.976
"E3","V3C",20103,"zone2",8,1000,0.008
"E3","V3C",20103,"zone3",4,1000,0.004
"E3","V3C",20103,"zone4",0,1000,0
"E3","V3C",20103,"zone5 (farthest)",12,1000,0.012
"E3","V3C",20104,"zone1 (nearest)",980,1000,0.98
"E3","V3C",20104,"zone2",4,1000,0.004
"E3","V3C",20104,"zone3",0,1000,0
"E3","V3C",20104,"zone4",8,1000,0.008
"E3","V3C",20104,"zone5 (farthest)",8,1000,0.008
"E3","V3C",20105,"zone1 (nearest)",964,1000,0.964
"E3","V3C",20105,"zone2",0,1000,0
"E3","V3C",20105,"zone3",8,1000,0.008
"E3","V3C",20105,"zone4",12,1000,0.012
"E3","V3C",20105,"zone5 (farthest)",16,1000,0.016
"E3","V3C",20106,"zone1 (nearest)",972,1000,0.972
"E3","V3C",20106,"zone2",12,1000,0.012
"E3","V3C",20106,"zone3",4,1000,0.004
"E3","V3C",20106,"zone4",0,1000,0
"E3","V3C",20106,"zone5 (farthest)",12,1000,0.012
"E3","V3C",20107,"zone1 (nearest)",976,1000,0.976
"E3","V3C",20107,"zone2",12,1000,0.012
"E3","V3C",20107,"zone3",4,1000,0.004
"E3","V3C",20107,"zone4",4,1000,0.004
"E3","V3C",20107,"zone5 (farthest)",4,1000,0.004
"E3","V3C",20108,"zone1 (nearest)",968,1000,0.968
"E3","V3C",20108,"zone2",4,1000,0.004
"E3","V3C",20108,"zone3",8,1000,0.008
"E3","V3C",20108,"zone4",4,1000,0.004
"E3","V3C",20108,"zone5 (farthest)",16,1000,0.016
"E3","V3C",20109,"zone1 (nearest)",968,1000,0.968
"E3","V3C",20109,"zone2",8,1000,0.008
"E3","V3C",20109,"zone3",12,1000,0.012
"E3","V3C",20109,"zone4",12,1000,0.012
"E3","V3C",20109,"zone5 (farthest)",0,1000,0
"E3","V3C",20110,"zone1 (nearest)",972,1000,0.972
"E3","V3C",20110,"zone2",0,1000,0
"E3","V3C",20110,"zone3",4,1000,0.004
"E3","V3C",20110,"zone4",4,1000,0.004
"E3","V3C",20110,"zone5 (farthest)",20,1000,0.02
"E3","V3C",21101,"zone1 (nearest)",2124,2250,0.944
"E3","V3C",21101,"zone2",45,2250,0.02
"E3","V3C",21101,"zone3",27,2250,0.012
"E3","V3C",21101,"zone4",9,2250,0.004
"E3","V3C",21101,"zone5 (farthest)",45,2250,0.02
"E3","V3C",21102,"zone1 (nearest)",936,1000,0.936
"E3","V3C",21102,"zone2",28,1000,0.028
"E3","V3C",21102,"zone3",16,1000,0.016
"E3","V3C",21102,"zone4",4,1000,0.004
"E3","V3C",21102,"zone5 (farthest)",16,1000,0.016
"E3","V3C",21103,"zone1 (nearest)",944,1000,0.944
"E3","V3C",21103,"zone2",36,1000,0.036
"E3","V3C",21103,"zone3",0,1000,0
"E3","V3C",21103,"zone4",8,1000,0.008
"E3","V3C",21103,"zone5 (farthest)",12,1000,0.012
"E3","V3C",21104,"zone1 (nearest)",956,1000,0.956
"E3","V3C",21104,"zone2",8,1000,0.008
"E3","V3C",21104,"zone3",12,1000,0.012
"E3","V3C",21104,"zone4",8,1000,0.008
"E3","V3C",21104,"zone5 (farthest)",16,1000,0.016
"E3","V3C",21105,"zone1 (nearest)",928,1000,0.928
"E3","V3C",21105,"zone2",8,1000,0.008
"E3","V3C",21105,"zone3",24,1000,0.024
"E3","V3C",21105,"zone4",20,1000,0.02
"E3","V3C",21105,"zone5 (farthest)",20,1000,0.02
"E3","V3C",21106,"zone1 (nearest)",920,1000,0.92
"E3","V3C",21106,"zone2",32,1000,0.032
"E3","V3C",21106,"zone3",8,1000,0.008
"E3","V3C",21106,"zone4",20,1000,0.02
"E3","V3C",21106,"zone5 (farthest)",20,1000,0.02
"E3","V3C",21107,"zone1 (nearest)",944,1000,0.944
"E3","V3C",21107,"zone2",28,1000,0.028
"E3","V3C",21107,"zone3",0,1000,0
"E3","V3C",21107,"zone4",20,1000,0.02
"E3","V3C",21107,"zone5 (farthest)",8,1000,0.008
"E3","V3C",21108,"zone1 (nearest)",944,1000,0.944
"E3","V3C",21108,"zone2",20,1000,0.02
"E3","V3C",21108,"zone3",12,1000,0.012
"E3","V3C",21108,"zone4",8,1000,0.008
"E3","V3C",21108,"zone5 (farthest)",16,1000,0.016
"E3","V3C",21109,"zone1 (nearest)",936,1000,0.936
"E3","V3C",21109,"zone2",28,1000,0.028
"E3","V3C",21109,"zone3",8,1000,0.008
"E3","V3C",21109,"zone4",12,1000,0.012
"E3","V3C",21109,"zone5 (farthest)",16,1000,0.016
"E3","V3C",21110,"zone1 (nearest)",920,1000,0.92
"E3","V3C",21110,"zone2",44,1000,0.044
"E3","V3C",21110,"zone3",4,1000,0.004
"E3","V3C",21110,"zone4",12,1000,0.012
"E3","V3C",21110,"zone5 (farthest)",20,1000,0.02
"E3","V3C",22101,"zone1 (nearest)",2088,2250,0.928
"E3","V3C",22101,"zone2",18,2250,0.008
"E3","V3C",22101,"zone3",18,2250,0.008
"E3","V3C",22101,"zone4",54,2250,0.024
"E3","V3C",22101,"zone5 (farthest)",72,2250,0.032
"E3","V3C",22102,"zone1 (nearest)",952,1000,0.952
"E3","V3C",22102,"zone2",8,1000,0.008
"E3","V3C",22102,"zone3",20,1000,0.02
"E3","V3C",22102,"zone4",12,1000,0.012
"E3","V3C",22102,"zone5 (farthest)",8,1000,0.008
"E3","V3C",22103,"zone1 (nearest)",936,1000,0.936
"E3","V3C",22103,"zone2",4,1000,0.004
"E3","V3C",22103,"zone3",28,1000,0.028
"E3","V3C",22103,"zone4",16,1000,0.016
"E3","V3C",22103,"zone5 (farthest)",16,1000,0.016
"E3","V3C",22104,"zone1 (nearest)",952,1000,0.952
"E3","V3C",22104,"zone2",20,1000,0.02
"E3","V3C",22104,"zone3",8,1000,0.008
"E3","V3C",22104,"zone4",4,1000,0.004
"E3","V3C",22104,"zone5 (farthest)",16,1000,0.016
"E3","V3C",22105,"zone1 (nearest)",940,1000,0.94
"E3","V3C",22105,"zone2",16,1000,0.016
"E3","V3C",22105,"zone3",8,1000,0.008
"E3","V3C",22105,"zone4",4,1000,0.004
"E3","V3C",22105,"zone5 (farthest)",32,1000,0.032
"E3","V3C",22106,"zone1 (nearest)",948,1000,0.948
"E3","V3C",22106,"zone2",16,1000,0.016
"E3","V3C",22106,"zone3",8,1000,0.008
"E3","V3C",22106,"zone4",8,1000,0.008
"E3","V3C",22106,"zone5 (farthest)",20,1000,0.02
"E3","V3C",22107,"zone1 (nearest)",940,1000,0.94
"E3","V3C",22107,"zone2",20,1000,0.02
"E3","V3C",22107,"zone3",8,1000,0.008
"E3","V3C",22107,"zone4",8,1000,0.008
"E3","V3C",22107,"zone5 (farthest)",24,1000,0.024
"E3","V3C",22108,"zone1 (nearest)",940,1000,0.94
"E3","V3C",22108,"zone2",12,1000,0.012
"E3","V3C",22108,"zone3",8,1000,0.008
"E3","V3C",22108,"zone4",24,1000,0.024
"E3","V3C",22108,"zone5 (farthest)",16,1000,0.016
"E3","V3C",22109,"zone1 (nearest)",948,1000,0.948
"E3","V3C",22109,"zone2",8,1000,0.008
"E3","V3C",22109,"zone3",20,1000,0.02
"E3","V3C",22109,"zone4",12,1000,0.012
"E3","V3C",22109,"zone5 (farthest)",12,1000,0.012
"E3","V3C",22110,"zone1 (nearest)",944,1000,0.944
"E3","V3C",22110,"zone2",28,1000,0.028
"E3","V3C",22110,"zone3",4,1000,0.004
"E3","V3C",22110,"zone4",16,1000,0.016
"E3","V3C",22110,"zone5 (farthest)",8,1000,0.008
"E3","V3C",23101,"zone1 (nearest)",2097,2250,0.932
"E3","V3C",23101,"zone2",45,2250,0.02
"E3","V3C",23101,"zone3",18,2250,0.008
"E3","V3C",23101,"zone4",18,2250,0.008
"E3","V3C",23101,"zone5 (farthest)",72,2250,0.032
"E3","V3C",23102,"zone1 (nearest)",932,1000,0.932
"E3","V3C",23102,"zone2",12,1000,0.012
"E3","V3C",23102,"zone3",16,1000,0.016
"E3","V3C",23102,"zone4",8,1000,0.008
"E3","V3C",23102,"zone5 (farthest)",32,1000,0.032
"E3","V3C",23103,"zone1 (nearest)",924,1000,0.924
"E3","V3C",23103,"zone2",4,1000,0.004
"E3","V3C",23103,"zone3",12,1000,0.012
"E3","V3C",23103,"zone4",8,1000,0.008
"E3","V3C",23103,"zone5 (farthest)",52,1000,0.052
"E3","V3C",23104,"zone1 (nearest)",936,1000,0.936
"E3","V3C",23104,"zone2",12,1000,0.012
"E3","V3C",23104,"zone3",16,1000,0.016
"E3","V3C",23104,"zone4",12,1000,0.012
"E3","V3C",23104,"zone5 (farthest)",24,1000,0.024
"E3","V3C",23105,"zone1 (nearest)",928,1000,0.928
"E3","V3C",23105,"zone2",20,1000,0.02
"E3","V3C",23105,"zone3",12,1000,0.012
"E3","V3C",23105,"zone4",8,1000,0.008
"E3","V3C",23105,"zone5 (farthest)",32,1000,0.032
"E3","V3C",23106,"zone1 (nearest)",944,1000,0.944
"E3","V3C",23106,"zone2",8,1000,0.008
"E3","V3C",23106,"zone3",8,1000,0.008
"E3","V3C",23106,"zone4",8,1000,0.008
"E3","V3C",23106,"zone5 (farthest)",32,1000,0.032
"E3","V3C",23107,"zone1 (nearest)",916,1000,0.916
"E3","V3C",23107,"zone2",16,1000,0.016
"E3","V3C",23107,"zone3",12,1000,0.012
"E3","V3C",23107,"zone4",8,1000,0.008
"E3","V3C",23107,"zone5 (farthest)",48,1000,0.048
"E3","V3C",23108,"zone1 (nearest)",940,1000,0.94
"E3","V3C",23108,"zone2",20,1000,0.02
"E3","V3C",23108,"zone3",8,1000,0.008
"E3","V3C",23108,"zone4",8,1000,0.008
"E3","V3C",23108,"zone5 (farthest)",24,1000,0.024
"E3","V3C",23109,"zone1 (nearest)",912,1000,0.912
"E3","V3C",23109,"zone2",24,1000,0.024
"E3","V3C",23109,"zone3",4,1000,0.004
"E3","V3C",23109,"zone4",12,1000,0.012
"E3","V3C",23109,"zone5 (farthest)",48,1000,0.048
"E3","V3C",23110,"zone1 (nearest)",896,1000,0.896
"E3","V3C",23110,"zone2",8,1000,0.008
"E3","V3C",23110,"zone3",24,1000,0.024
"E3","V3C",23110,"zone4",8,1000,0.008
"E3","V3C",23110,"zone5 (farthest)",64,1000,0.064
"E3","V3C",24101,"zone1 (nearest)",2187,2250,0.972
"E3","V3C",24101,"zone2",9,2250,0.004
"E3","V3C",24101,"zone3",36,2250,0.016
"E3","V3C",24101,"zone4",0,2250,0
"E3","V3C",24101,"zone5 (farthest)",18,2250,0.008
"E3","V3C",24102,"zone1 (nearest)",968,1000,0.968
"E3","V3C",24102,"zone2",4,1000,0.004
"E3","V3C",24102,"zone3",8,1000,0.008
"E3","V3C",24102,"zone4",0,1000,0
"E3","V3C",24102,"zone5 (farthest)",20,1000,0.02
"E3","V3C",24103,"zone1 (nearest)",984,1000,0.984
"E3","V3C",24103,"zone2",8,1000,0.008
"E3","V3C",24103,"zone3",4,1000,0.004
"E3","V3C",24103,"zone4",0,1000,0
"E3","V3C",24103,"zone5 (farthest)",4,1000,0.004
"E3","V3C",24104,"zone1 (nearest)",980,1000,0.98
"E3","V3C",24104,"zone2",4,1000,0.004
"E3","V3C",24104,"zone3",12,1000,0.012
"E3","V3C",24104,"zone4",4,1000,0.004
"E3","V3C",24104,"zone5 (farthest)",0,1000,0
"E3","V3C",24105,"zone1 (nearest)",976,1000,0.976
"E3","V3C",24105,"zone2",8,1000,0.008
"E3","V3C",24105,"zone3",0,1000,0
"E3","V3C",24105,"zone4",4,1000,0.004
"E3","V3C",24105,"zone5 (farthest)",12,1000,0.012
"E3","V3C",24106,"zone1 (nearest)",972,1000,0.972
"E3","V3C",24106,"zone2",4,1000,0.004
"E3","V3C",24106,"zone3",4,1000,0.004
"E3","V3C",24106,"zone4",4,1000,0.004
"E3","V3C",24106,"zone5 (farthest)",16,1000,0.016
"E3","V3C",24107,"zone1 (nearest)",980,1000,0.98
"E3","V3C",24107,"zone2",4,1000,0.004
"E3","V3C",24107,"zone3",8,1000,0.008
"E3","V3C",24107,"zone4",4,1000,0.004
"E3","V3C",24107,"zone5 (farthest)",4,1000,0.004
"E3","V3C",24108,"zone1 (nearest)",968,1000,0.968
"E3","V3C",24108,"zone2",12,1000,0.012
"E3","V3C",24108,"zone3",12,1000,0.012
"E3","V3C",24108,"zone4",0,1000,0
"E3","V3C",24108,"zone5 (farthest)",8,1000,0.008
"E3","V3C",24109,"zone1 (nearest)",972,1000,0.972
"E3","V3C",24109,"zone2",8,1000,0.008
"E3","V3C",24109,"zone3",8,1000,0.008
"E3","V3C",24109,"zone4",4,1000,0.004
"E3","V3C",24109,"zone5 (farthest)",8,1000,0.008
"E3","V3C",24110,"zone1 (nearest)",976,1000,0.976
"E3","V3C",24110,"zone2",4,1000,0.004
"E3","V3C",24110,"zone3",4,1000,0.004
"E3","V3C",24110,"zone4",8,1000,0.008
"E3","V3C",24110,"zone5 (farthest)",8,1000,0.008
"E3","V3C",25101,"zone1 (nearest)",2097,2250,0.932
"E3","V3C",25101,"zone2",72,2250,0.032
"E3","V3C",25101,"zone3",27,2250,0.012
"E3","V3C",25101,"zone4",36,2250,0.016
"E3","V3C",25101,"zone5 (farthest)",18,2250,0.008
"E3","V3C",25102,"zone1 (nearest)",944,1000,0.944
"E3","V3C",25102,"zone2",36,1000,0.036
"E3","V3C",25102,"zone3",8,1000,0.008
"E3","V3C",25102,"zone4",4,1000,0.004
"E3","V3C",25102,"zone5 (farthest)",8,1000,0.008
"E3","V3C",25103,"zone1 (nearest)",952,1000,0.952
"E3","V3C",25103,"zone2",16,1000,0.016
"E3","V3C",25103,"zone3",16,1000,0.016
"E3","V3C",25103,"zone4",12,1000,0.012
"E3","V3C",25103,"zone5 (farthest)",4,1000,0.004
"E3","V3C",25104,"zone1 (nearest)",940,1000,0.94
"E3","V3C",25104,"zone2",20,1000,0.02
"E3","V3C",25104,"zone3",4,1000,0.004
"E3","V3C",25104,"zone4",16,1000,0.016
"E3","V3C",25104,"zone5 (farthest)",20,1000,0.02
"E3","V3C",25105,"zone1 (nearest)",960,1000,0.96
"E3","V3C",25105,"zone2",12,1000,0.012
"E3","V3C",25105,"zone3",16,1000,0.016
"E3","V3C",25105,"zone4",8,1000,0.008
"E3","V3C",25105,"zone5 (farthest)",4,1000,0.004
"E3","V3C",25106,"zone1 (nearest)",956,1000,0.956
"E3","V3C",25106,"zone2",32,1000,0.032
"E3","V3C",25106,"zone3",4,1000,0.004
"E3","V3C",25106,"zone4",8,1000,0.008
"E3","V3C",25106,"zone5 (farthest)",0,1000,0
"E3","V3C",25107,"zone1 (nearest)",944,1000,0.944
"E3","V3C",25107,"zone2",20,1000,0.02
"E3","V3C",25107,"zone3",16,1000,0.016
"E3","V3C",25107,"zone4",16,1000,0.016
"E3","V3C",25107,"zone5 (farthest)",4,1000,0.004
"E3","V3C",25108,"zone1 (nearest)",948,1000,0.948
"E3","V3C",25108,"zone2",20,1000,0.02
"E3","V3C",25108,"zone3",12,1000,0.012
"E3","V3C",25108,"zone4",12,1000,0.012
"E3","V3C",25108,"zone5 (farthest)",8,1000,0.008
"E3","V3C",25109,"zone1 (nearest)",964,1000,0.964
"E3","V3C",25109,"zone2",8,1000,0.008
"E3","V3C",25109,"zone3",12,1000,0.012
"E3","V3C",25109,"zone4",8,1000,0.008
"E3","V3C",25109,"zone5 (farthest)",8,1000,0.008
"E3","V3C",25110,"zone1 (nearest)",956,1000,0.956
"E3","V3C",25110,"zone2",24,1000,0.024
"E3","V3C",25110,"zone3",8,1000,0.008
"E3","V3C",25110,"zone4",8,1000,0.008
"E3","V3C",25110,"zone5 (farthest)",4,1000,0.004
"E3","V3C",26101,"zone1 (nearest)",1620,2250,0.72
"E3","V3C",26101,"zone2",441,2250,0.196
"E3","V3C",26101,"zone3",72,2250,0.032
"E3","V3C",26101,"zone4",36,2250,0.016
"E3","V3C",26101,"zone5 (farthest)",81,2250,0.036
"E3","V3C",26102,"zone1 (nearest)",780,1000,0.78
"E3","V3C",26102,"zone2",152,1000,0.152
"E3","V3C",26102,"zone3",36,1000,0.036
"E3","V3C",26102,"zone4",16,1000,0.016
"E3","V3C",26102,"zone5 (farthest)",16,1000,0.016
"E3","V3C",26103,"zone1 (nearest)",724,1000,0.724
"E3","V3C",26103,"zone2",228,1000,0.228
"E3","V3C",26103,"zone3",16,1000,0.016
"E3","V3C",26103,"zone4",16,1000,0.016
"E3","V3C",26103,"zone5 (farthest)",16,1000,0.016
"E3","V3C",26104,"zone1 (nearest)",736,1000,0.736
"E3","V3C",26104,"zone2",216,1000,0.216
"E3","V3C",26104,"zone3",8,1000,0.008
"E3","V3C",26104,"zone4",4,1000,0.004
"E3","V3C",26104,"zone5 (farthest)",36,1000,0.036
"E3","V3C",26105,"zone1 (nearest)",752,1000,0.752
"E3","V3C",26105,"zone2",184,1000,0.184
"E3","V3C",26105,"zone3",16,1000,0.016
"E3","V3C",26105,"zone4",12,1000,0.012
"E3","V3C",26105,"zone5 (farthest)",36,1000,0.036
"E3","V3C",26106,"zone1 (nearest)",784,1000,0.784
"E3","V3C",26106,"zone2",152,1000,0.152
"E3","V3C",26106,"zone3",36,1000,0.036
"E3","V3C",26106,"zone4",16,1000,0.016
"E3","V3C",26106,"zone5 (farthest)",12,1000,0.012
"E3","V3C",26107,"zone1 (nearest)",724,1000,0.724
"E3","V3C",26107,"zone2",216,1000,0.216
"E3","V3C",26107,"zone3",28,1000,0.028
"E3","V3C",26107,"zone4",12,1000,0.012
"E3","V3C",26107,"zone5 (farthest)",20,1000,0.02
"E3","V3C",26108,"zone1 (nearest)",740,1000,0.74
"E3","V3C",26108,"zone2",204,1000,0.204
"E3","V3C",26108,"zone3",32,1000,0.032
"E3","V3C",26108,"zone4",8,1000,0.008
"E3","V3C",26108,"zone5 (farthest)",16,1000,0.016
"E3","V3C",26109,"zone1 (nearest)",760,1000,0.76
"E3","V3C",26109,"zone2",180,1000,0.18
"E3","V3C",26109,"zone3",20,1000,0.02
"E3","V3C",26109,"zone4",12,1000,0.012
"E3","V3C",26109,"zone5 (farthest)",28,1000,0.028
"E3","V3C",26110,"zone1 (nearest)",756,1000,0.756
"E3","V3C",26110,"zone2",168,1000,0.168
"E3","V3C",26110,"zone3",40,1000,0.04
"E3","V3C",26110,"zone4",12,1000,0.012
"E3","V3C",26110,"zone5 (farthest)",24,1000,0.024
"E3","V3C",27101,"zone1 (nearest)",2016,2250,0.896
"E3","V3C",27101,"zone2",99,2250,0.044
"E3","V3C",27101,"zone3",27,2250,0.012
"E3","V3C",27101,"zone4",45,2250,0.02
"E3","V3C",27101,"zone5 (farthest)",63,2250,0.028
"E3","V3C",27102,"zone1 (nearest)",908,1000,0.908
"E3","V3C",27102,"zone2",36,1000,0.036
"E3","V3C",27102,"zone3",24,1000,0.024
"E3","V3C",27102,"zone4",20,1000,0.02
"E3","V3C",27102,"zone5 (farthest)",12,1000,0.012
"E3","V3C",27103,"zone1 (nearest)",904,1000,0.904
"E3","V3C",27103,"zone2",48,1000,0.048
"E3","V3C",27103,"zone3",12,1000,0.012
"E3","V3C",27103,"zone4",12,1000,0.012
"E3","V3C",27103,"zone5 (farthest)",24,1000,0.024
"E3","V3C",27104,"zone1 (nearest)",912,1000,0.912
"E3","V3C",27104,"zone2",36,1000,0.036
"E3","V3C",27104,"zone3",32,1000,0.032
"E3","V3C",27104,"zone4",12,1000,0.012
"E3","V3C",27104,"zone5 (farthest)",8,1000,0.008
"E3","V3C",27105,"zone1 (nearest)",912,1000,0.912
"E3","V3C",27105,"zone2",32,1000,0.032
"E3","V3C",27105,"zone3",28,1000,0.028
"E3","V3C",27105,"zone4",20,1000,0.02
"E3","V3C",27105,"zone5 (farthest)",8,1000,0.008
"E3","V3C",27106,"zone1 (nearest)",916,1000,0.916
"E3","V3C",27106,"zone2",24,1000,0.024
"E3","V3C",27106,"zone3",24,1000,0.024
"E3","V3C",27106,"zone4",16,1000,0.016
"E3","V3C",27106,"zone5 (farthest)",20,1000,0.02
"E3","V3C",27107,"zone1 (nearest)",904,1000,0.904
"E3","V3C",27107,"zone2",32,1000,0.032
"E3","V3C",27107,"zone3",20,1000,0.02
"E3","V3C",27107,"zone4",24,1000,0.024
"E3","V3C",27107,"zone5 (farthest)",20,1000,0.02
"E3","V3C",27108,"zone1 (nearest)",928,1000,0.928
"E3","V3C",27108,"zone2",20,1000,0.02
"E3","V3C",27108,"zone3",16,1000,0.016
"E3","V3C",27108,"zone4",24,1000,0.024
"E3","V3C",27108,"zone5 (farthest)",12,1000,0.012
"E3","V3C",27109,"zone1 (nearest)",916,1000,0.916
"E3","V3C",27109,"zone2",32,1000,0.032
"E3","V3C",27109,"zone3",24,1000,0.024
"E3","V3C",27109,"zone4",16,1000,0.016
"E3","V3C",27109,"zone5 (farthest)",12,1000,0.012
"E3","V3C",27110,"zone1 (nearest)",920,1000,0.92
"E3","V3C",27110,"zone2",16,1000,0.016
"E3","V3C",27110,"zone3",20,1000,0.02
"E3","V3C",27110,"zone4",16,1000,0.016
"E3","V3C",27110,"zone5 (farthest)",28,1000,0.028
"E3","V3C",28101,"zone1 (nearest)",756,2250,0.336
"E3","V3C",28101,"zone2",414,2250,0.184
"E3","V3C",28101,"zone3",342,2250,0.152
"E3","V3C",28101,"zone4",720,2250,0.32
"E3","V3C",28101,"zone5 (farthest)",18,2250,0.008
"E3","V3C",28102,"zone1 (nearest)",372,1000,0.372
"E3","V3C",28102,"zone2",148,1000,0.148
"E3","V3C",28102,"zone3",184,1000,0.184
"E3","V3C",28102,"zone4",280,1000,0.28
"E3","V3C",28102,"zone5 (farthest)",16,1000,0.016
"E3","V3C",28103,"zone1 (nearest)",284,1000,0.284
"E3","V3C",28103,"zone2",232,1000,0.232
"E3","V3C",28103,"zone3",160,1000,0.16
"E3","V3C",28103,"zone4",304,1000,0.304
"E3","V3C",28103,"zone5 (farthest)",20,1000,0.02
"E3","V3C",28104,"zone1 (nearest)",324,1000,0.324
"E3","V3C",28104,"zone2",192,1000,0.192
"E3","V3C",28104,"zone3",176,1000,0.176
"E3","V3C",28104,"zone4",296,1000,0.296
"E3","V3C",28104,"zone5 (farthest)",12,1000,0.012
"E3","V3C",28105,"zone1 (nearest)",324,1000,0.324
"E3","V3C",28105,"zone2",148,1000,0.148
"E3","V3C",28105,"zone3",144,1000,0.144
"E3","V3C",28105,"zone4",360,1000,0.36
"E3","V3C",28105,"zone5 (farthest)",24,1000,0.024
"E3","V3C",28106,"zone1 (nearest)",356,1000,0.356
"E3","V3C",28106,"zone2",176,1000,0.176
"E3","V3C",28106,"zone3",152,1000,0.152
"E3","V3C",28106,"zone4",304,1000,0.304
"E3","V3C",28106,"zone5 (farthest)",12,1000,0.012
"E3","V3C",28107,"zone1 (nearest)",364,1000,0.364
"E3","V3C",28107,"zone2",196,1000,0.196
"E3","V3C",28107,"zone3",140,1000,0.14
"E3","V3C",28107,"zone4",284,1000,0.284
"E3","V3C",28107,"zone5 (farthest)",16,1000,0.016
"E3","V3C",28108,"zone1 (nearest)",356,1000,0.356
"E3","V3C",28108,"zone2",176,1000,0.176
"E3","V3C",28108,"zone3",152,1000,0.152
"E3","V3C",28108,"zone4",300,1000,0.3
"E3","V3C",28108,"zone5 (farthest)",16,1000,0.016
"E3","V3C",28109,"zone1 (nearest)",372,1000,0.372
"E3","V3C",28109,"zone2",184,1000,0.184
"E3","V3C",28109,"zone3",168,1000,0.168
"E3","V3C",28109,"zone4",264,1000,0.264
"E3","V3C",28109,"zone5 (farthest)",12,1000,0.012
"E3","V3C",28110,"zone1 (nearest)",328,1000,0.328
"E3","V3C",28110,"zone2",192,1000,0.192
"E3","V3C",28110,"zone3",164,1000,0.164
"E3","V3C",28110,"zone4",304,1000,0.304
"E3","V3C",28110,"zone5 (farthest)",12,1000,0.012
"E3","V3C",29101,"zone1 (nearest)",2016,2250,0.896
"E3","V3C",29101,"zone2",54,2250,0.024
"E3","V3C",29101,"zone3",54,2250,0.024
"E3","V3C",29101,"zone4",63,2250,0.028
"E3","V3C",29101,"zone5 (farthest)",63,2250,0.028
"E3","V3C",29102,"zone1 (nearest)",892,1000,0.892
"E3","V3C",29102,"zone2",16,1000,0.016
"E3","V3C",29102,"zone3",36,1000,0.036
"E3","V3C",29102,"zone4",12,1000,0.012
"E3","V3C",29102,"zone5 (farthest)",44,1000,0.044
"E3","V3C",29103,"zone1 (nearest)",876,1000,0.876
"E3","V3C",29103,"zone2",56,1000,0.056
"E3","V3C",29103,"zone3",24,1000,0.024
"E3","V3C",29103,"zone4",16,1000,0.016
"E3","V3C",29103,"zone5 (farthest)",28,1000,0.028
"E3","V3C",29104,"zone1 (nearest)",900,1000,0.9
"E3","V3C",29104,"zone2",28,1000,0.028
"E3","V3C",29104,"zone3",20,1000,0.02
"E3","V3C",29104,"zone4",28,1000,0.028
"E3","V3C",29104,"zone5 (farthest)",24,1000,0.024
"E3","V3C",29105,"zone1 (nearest)",884,1000,0.884
"E3","V3C",29105,"zone2",24,1000,0.024
"E3","V3C",29105,"zone3",32,1000,0.032
"E3","V3C",29105,"zone4",20,1000,0.02
"E3","V3C",29105,"zone5 (farthest)",40,1000,0.04
"E3","V3C",29106,"zone1 (nearest)",916,1000,0.916
"E3","V3C",29106,"zone2",28,1000,0.028
"E3","V3C",29106,"zone3",20,1000,0.02
"E3","V3C",29106,"zone4",20,1000,0.02
"E3","V3C",29106,"zone5 (farthest)",16,1000,0.016
"E3","V3C",29107,"zone1 (nearest)",896,1000,0.896
"E3","V3C",29107,"zone2",32,1000,0.032
"E3","V3C",29107,"zone3",28,1000,0.028
"E3","V3C",29107,"zone4",28,1000,0.028
"E3","V3C",29107,"zone5 (farthest)",16,1000,0.016
"E3","V3C",29108,"zone1 (nearest)",900,1000,0.9
"E3","V3C",29108,"zone2",24,1000,0.024
"E3","V3C",29108,"zone3",24,1000,0.024
"E3","V3C",29108,"zone4",16,1000,0.016
"E3","V3C",29108,"zone5 (farthest)",36,1000,0.036
"E3","V3C",29109,"zone1 (nearest)",888,1000,0.888
"E3","V3C",29109,"zone2",48,1000,0.048
"E3","V3C",29109,"zone3",24,1000,0.024
"E3","V3C",29109,"zone4",32,1000,0.032
"E3","V3C",29109,"zone5 (farthest)",8,1000,0.008
"E3","V3C",29110,"zone1 (nearest)",896,1000,0.896
"E3","V3C",29110,"zone2",20,1000,0.02
"E3","V3C",29110,"zone3",28,1000,0.028
"E3","V3C",29110,"zone4",20,1000,0.02
"E3","V3C",29110,"zone5 (farthest)",36,1000,0.036
"E3","V3C",30101,"zone1 (nearest)",2025,2250,0.9
"E3","V3C",30101,"zone2",99,2250,0.044
"E3","V3C",30101,"zone3",63,2250,0.028
"E3","V3C",30101,"zone4",18,2250,0.008
"E3","V3C",30101,"zone5 (farthest)",45,2250,0.02
"E3","V3C",30102,"zone1 (nearest)",904,1000,0.904
"E3","V3C",30102,"zone2",56,1000,0.056
"E3","V3C",30102,"zone3",20,1000,0.02
"E3","V3C",30102,"zone4",4,1000,0.004
"E3","V3C",30102,"zone5 (farthest)",16,1000,0.016
"E3","V3C",30103,"zone1 (nearest)",868,1000,0.868
"E3","V3C",30103,"zone2",68,1000,0.068
"E3","V3C",30103,"zone3",28,1000,0.028
"E3","V3C",30103,"zone4",4,1000,0.004
"E3","V3C",30103,"zone5 (farthest)",32,1000,0.032
"E3","V3C",30104,"zone1 (nearest)",912,1000,0.912
"E3","V3C",30104,"zone2",40,1000,0.04
"E3","V3C",30104,"zone3",44,1000,0.044
"E3","V3C",30104,"zone4",4,1000,0.004
"E3","V3C",30104,"zone5 (farthest)",0,1000,0
"E3","V3C",30105,"zone1 (nearest)",884,1000,0.884
"E3","V3C",30105,"zone2",52,1000,0.052
"E3","V3C",30105,"zone3",36,1000,0.036
"E3","V3C",30105,"zone4",4,1000,0.004
"E3","V3C",30105,"zone5 (farthest)",24,1000,0.024
"E3","V3C",30106,"zone1 (nearest)",900,1000,0.9
"E3","V3C",30106,"zone2",48,1000,0.048
"E3","V3C",30106,"zone3",36,1000,0.036
"E3","V3C",30106,"zone4",8,1000,0.008
"E3","V3C",30106,"zone5 (farthest)",8,1000,0.008
"E3","V3C",30107,"zone1 (nearest)",884,1000,0.884
"E3","V3C",30107,"zone2",44,1000,0.044
"E3","V3C",30107,"zone3",44,1000,0.044
"E3","V3C",30107,"zone4",8,1000,0.008
"E3","V3C",30107,"zone5 (farthest)",20,1000,0.02
"E3","V3C",30108,"zone1 (nearest)",892,1000,0.892
"E3","V3C",30108,"zone2",72,1000,0.072
"E3","V3C",30108,"zone3",28,1000,0.028
"E3","V3C",30108,"zone4",4,1000,0.004
"E3","V3C",30108,"zone5 (farthest)",4,1000,0.004
"E3","V3C",30109,"zone1 (nearest)",876,1000,0.876
"E3","V3C",30109,"zone2",56,1000,0.056
"E3","V3C",30109,"zone3",44,1000,0.044
"E3","V3C",30109,"zone4",8,1000,0.008
"E3","V3C",30109,"zone5 (farthest)",16,1000,0.016
"E3","V3C",30110,"zone1 (nearest)",924,1000,0.924
"E3","V3C",30110,"zone2",32,1000,0.032
"E3","V3C",30110,"zone3",24,1000,0.024
"E3","V3C",30110,"zone4",8,1000,0.008
"E3","V3C",30110,"zone5 (farthest)",12,1000,0.012
"E3","V3D",1101,"zone1 (nearest)",639,2250,0.284
"E3","V3D",1101,"zone2",351,2250,0.156
"E3","V3D",1101,"zone3",360,2250,0.16
"E3","V3D",1101,"zone4",387,2250,0.172
"E3","V3D",1101,"zone5 (farthest)",513,2250,0.228
"E3","V3D",1102,"zone1 (nearest)",248,1000,0.248
"E3","V3D",1102,"zone2",192,1000,0.192
"E3","V3D",1102,"zone3",208,1000,0.208
"E3","V3D",1102,"zone4",176,1000,0.176
"E3","V3D",1102,"zone5 (farthest)",176,1000,0.176
"E3","V3D",1103,"zone1 (nearest)",244,1000,0.244
"E3","V3D",1103,"zone2",228,1000,0.228
"E3","V3D",1103,"zone3",136,1000,0.136
"E3","V3D",1103,"zone4",180,1000,0.18
"E3","V3D",1103,"zone5 (farthest)",212,1000,0.212
"E3","V3D",1104,"zone1 (nearest)",256,1000,0.256
"E3","V3D",1104,"zone2",208,1000,0.208
"E3","V3D",1104,"zone3",164,1000,0.164
"E3","V3D",1104,"zone4",168,1000,0.168
"E3","V3D",1104,"zone5 (farthest)",204,1000,0.204
"E3","V3D",1105,"zone1 (nearest)",264,1000,0.264
"E3","V3D",1105,"zone2",148,1000,0.148
"E3","V3D",1105,"zone3",184,1000,0.184
"E3","V3D",1105,"zone4",188,1000,0.188
"E3","V3D",1105,"zone5 (farthest)",216,1000,0.216
"E3","V3D",1106,"zone1 (nearest)",284,1000,0.284
"E3","V3D",1106,"zone2",208,1000,0.208
"E3","V3D",1106,"zone3",148,1000,0.148
"E3","V3D",1106,"zone4",148,1000,0.148
"E3","V3D",1106,"zone5 (farthest)",212,1000,0.212
"E3","V3D",1107,"zone1 (nearest)",268,1000,0.268
"E3","V3D",1107,"zone2",200,1000,0.2
"E3","V3D",1107,"zone3",164,1000,0.164
"E3","V3D",1107,"zone4",180,1000,0.18
"E3","V3D",1107,"zone5 (farthest)",188,1000,0.188
"E3","V3D",1108,"zone1 (nearest)",236,1000,0.236
"E3","V3D",1108,"zone2",196,1000,0.196
"E3","V3D",1108,"zone3",184,1000,0.184
"E3","V3D",1108,"zone4",180,1000,0.18
"E3","V3D",1108,"zone5 (farthest)",204,1000,0.204
"E3","V3D",1109,"zone1 (nearest)",228,1000,0.228
"E3","V3D",1109,"zone2",204,1000,0.204
"E3","V3D",1109,"zone3",196,1000,0.196
"E3","V3D",1109,"zone4",168,1000,0.168
"E3","V3D",1109,"zone5 (farthest)",204,1000,0.204
"E3","V3D",1110,"zone1 (nearest)",240,1000,0.24
"E3","V3D",1110,"zone2",180,1000,0.18
"E3","V3D",1110,"zone3",152,1000,0.152
"E3","V3D",1110,"zone4",200,1000,0.2
"E3","V3D",1110,"zone5 (farthest)",228,1000,0.228
"E3","V3D",2101,"zone1 (nearest)",1926,2250,0.856
"E3","V3D",2101,"zone2",135,2250,0.06
"E3","V3D",2101,"zone3",99,2250,0.044
"E3","V3D",2101,"zone4",45,2250,0.02
"E3","V3D",2101,"zone5 (farthest)",45,2250,0.02
"E3","V3D",2102,"zone1 (nearest)",852,1000,0.852
"E3","V3D",2102,"zone2",40,1000,0.04
"E3","V3D",2102,"zone3",36,1000,0.036
"E3","V3D",2102,"zone4",36,1000,0.036
"E3","V3D",2102,"zone5 (farthest)",36,1000,0.036
"E3","V3D",2103,"zone1 (nearest)",844,1000,0.844
"E3","V3D",2103,"zone2",48,1000,0.048
"E3","V3D",2103,"zone3",36,1000,0.036
"E3","V3D",2103,"zone4",36,1000,0.036
"E3","V3D",2103,"zone5 (farthest)",36,1000,0.036
"E3","V3D",2104,"zone1 (nearest)",872,1000,0.872
"E3","V3D",2104,"zone2",60,1000,0.06
"E3","V3D",2104,"zone3",20,1000,0.02
"E3","V3D",2104,"zone4",28,1000,0.028
"E3","V3D",2104,"zone5 (farthest)",20,1000,0.02
"E3","V3D",2105,"zone1 (nearest)",844,1000,0.844
"E3","V3D",2105,"zone2",32,1000,0.032
"E3","V3D",2105,"zone3",28,1000,0.028
"E3","V3D",2105,"zone4",40,1000,0.04
"E3","V3D",2105,"zone5 (farthest)",56,1000,0.056
"E3","V3D",2106,"zone1 (nearest)",872,1000,0.872
"E3","V3D",2106,"zone2",36,1000,0.036
"E3","V3D",2106,"zone3",20,1000,0.02
"E3","V3D",2106,"zone4",32,1000,0.032
"E3","V3D",2106,"zone5 (farthest)",40,1000,0.04
"E3","V3D",2107,"zone1 (nearest)",888,1000,0.888
"E3","V3D",2107,"zone2",28,1000,0.028
"E3","V3D",2107,"zone3",16,1000,0.016
"E3","V3D",2107,"zone4",32,1000,0.032
"E3","V3D",2107,"zone5 (farthest)",36,1000,0.036
"E3","V3D",2108,"zone1 (nearest)",852,1000,0.852
"E3","V3D",2108,"zone2",32,1000,0.032
"E3","V3D",2108,"zone3",48,1000,0.048
"E3","V3D",2108,"zone4",20,1000,0.02
"E3","V3D",2108,"zone5 (farthest)",48,1000,0.048
"E3","V3D",2109,"zone1 (nearest)",860,1000,0.86
"E3","V3D",2109,"zone2",52,1000,0.052
"E3","V3D",2109,"zone3",20,1000,0.02
"E3","V3D",2109,"zone4",36,1000,0.036
"E3","V3D",2109,"zone5 (farthest)",32,1000,0.032
"E3","V3D",2110,"zone1 (nearest)",856,1000,0.856
"E3","V3D",2110,"zone2",52,1000,0.052
"E3","V3D",2110,"zone3",28,1000,0.028
"E3","V3D",2110,"zone4",36,1000,0.036
"E3","V3D",2110,"zone5 (farthest)",28,1000,0.028
"E3","V3D",3101,"zone1 (nearest)",1206,2250,0.536
"E3","V3D",3101,"zone2",171,2250,0.076
"E3","V3D",3101,"zone3",36,2250,0.016
"E3","V3D",3101,"zone4",90,2250,0.04
"E3","V3D",3101,"zone5 (farthest)",747,2250,0.332
"E3","V3D",3102,"zone1 (nearest)",560,1000,0.56
"E3","V3D",3102,"zone2",60,1000,0.06
"E3","V3D",3102,"zone3",12,1000,0.012
"E3","V3D",3102,"zone4",24,1000,0.024
"E3","V3D",3102,"zone5 (farthest)",344,1000,0.344
"E3","V3D",3103,"zone1 (nearest)",548,1000,0.548
"E3","V3D",3103,"zone2",80,1000,0.08
"E3","V3D",3103,"zone3",32,1000,0.032
"E3","V3D",3103,"zone4",28,1000,0.028
"E3","V3D",3103,"zone5 (farthest)",312,1000,0.312
"E3","V3D",3104,"zone1 (nearest)",568,1000,0.568
"E3","V3D",3104,"zone2",72,1000,0.072
"E3","V3D",3104,"zone3",16,1000,0.016
"E3","V3D",3104,"zone4",32,1000,0.032
"E3","V3D",3104,"zone5 (farthest)",312,1000,0.312
"E3","V3D",3105,"zone1 (nearest)",536,1000,0.536
"E3","V3D",3105,"zone2",84,1000,0.084
"E3","V3D",3105,"zone3",20,1000,0.02
"E3","V3D",3105,"zone4",40,1000,0.04
"E3","V3D",3105,"zone5 (farthest)",320,1000,0.32
"E3","V3D",3106,"zone1 (nearest)",556,1000,0.556
"E3","V3D",3106,"zone2",68,1000,0.068
"E3","V3D",3106,"zone3",36,1000,0.036
"E3","V3D",3106,"zone4",28,1000,0.028
"E3","V3D",3106,"zone5 (farthest)",312,1000,0.312
"E3","V3D",3107,"zone1 (nearest)",560,1000,0.56
"E3","V3D",3107,"zone2",64,1000,0.064
"E3","V3D",3107,"zone3",20,1000,0.02
"E3","V3D",3107,"zone4",20,1000,0.02
"E3","V3D",3107,"zone5 (farthest)",336,1000,0.336
"E3","V3D",3108,"zone1 (nearest)",560,1000,0.56
"E3","V3D",3108,"zone2",52,1000,0.052
"E3","V3D",3108,"zone3",12,1000,0.012
"E3","V3D",3108,"zone4",48,1000,0.048
"E3","V3D",3108,"zone5 (farthest)",328,1000,0.328
"E3","V3D",3109,"zone1 (nearest)",556,1000,0.556
"E3","V3D",3109,"zone2",64,1000,0.064
"E3","V3D",3109,"zone3",20,1000,0.02
"E3","V3D",3109,"zone4",28,1000,0.028
"E3","V3D",3109,"zone5 (farthest)",332,1000,0.332
"E3","V3D",3110,"zone1 (nearest)",556,1000,0.556
"E3","V3D",3110,"zone2",52,1000,0.052
"E3","V3D",3110,"zone3",20,1000,0.02
"E3","V3D",3110,"zone4",40,1000,0.04
"E3","V3D",3110,"zone5 (farthest)",332,1000,0.332
"E3","V3D",4101,"zone1 (nearest)",1989,2250,0.884
"E3","V3D",4101,"zone2",117,2250,0.052
"E3","V3D",4101,"zone3",27,2250,0.012
"E3","V3D",4101,"zone4",18,2250,0.008
"E3","V3D",4101,"zone5 (farthest)",99,2250,0.044
"E3","V3D",4102,"zone1 (nearest)",896,1000,0.896
"E3","V3D",4102,"zone2",44,1000,0.044
"E3","V3D",4102,"zone3",20,1000,0.02
"E3","V3D",4102,"zone4",4,1000,0.004
"E3","V3D",4102,"zone5 (farthest)",36,1000,0.036
"E3","V3D",4103,"zone1 (nearest)",900,1000,0.9
"E3","V3D",4103,"zone2",44,1000,0.044
"E3","V3D",4103,"zone3",12,1000,0.012
"E3","V3D",4103,"zone4",0,1000,0
"E3","V3D",4103,"zone5 (farthest)",44,1000,0.044
"E3","V3D",4104,"zone1 (nearest)",884,1000,0.884
"E3","V3D",4104,"zone2",52,1000,0.052
"E3","V3D",4104,"zone3",8,1000,0.008
"E3","V3D",4104,"zone4",8,1000,0.008
"E3","V3D",4104,"zone5 (farthest)",48,1000,0.048
"E3","V3D",4105,"zone1 (nearest)",912,1000,0.912
"E3","V3D",4105,"zone2",20,1000,0.02
"E3","V3D",4105,"zone3",8,1000,0.008
"E3","V3D",4105,"zone4",12,1000,0.012
"E3","V3D",4105,"zone5 (farthest)",48,1000,0.048
"E3","V3D",4106,"zone1 (nearest)",900,1000,0.9
"E3","V3D",4106,"zone2",48,1000,0.048
"E3","V3D",4106,"zone3",16,1000,0.016
"E3","V3D",4106,"zone4",8,1000,0.008
"E3","V3D",4106,"zone5 (farthest)",28,1000,0.028
"E3","V3D",4107,"zone1 (nearest)",888,1000,0.888
"E3","V3D",4107,"zone2",48,1000,0.048
"E3","V3D",4107,"zone3",12,1000,0.012
"E3","V3D",4107,"zone4",12,1000,0.012
"E3","V3D",4107,"zone5 (farthest)",40,1000,0.04
"E3","V3D",4108,"zone1 (nearest)",892,1000,0.892
"E3","V3D",4108,"zone2",28,1000,0.028
"E3","V3D",4108,"zone3",24,1000,0.024
"E3","V3D",4108,"zone4",12,1000,0.012
"E3","V3D",4108,"zone5 (farthest)",44,1000,0.044
"E3","V3D",4109,"zone1 (nearest)",896,1000,0.896
"E3","V3D",4109,"zone2",36,1000,0.036
"E3","V3D",4109,"zone3",20,1000,0.02
"E3","V3D",4109,"zone4",4,1000,0.004
"E3","V3D",4109,"zone5 (farthest)",44,1000,0.044
"E3","V3D",4110,"zone1 (nearest)",900,1000,0.9
"E3","V3D",4110,"zone2",48,1000,0.048
"E3","V3D",4110,"zone3",16,1000,0.016
"E3","V3D",4110,"zone4",8,1000,0.008
"E3","V3D",4110,"zone5 (farthest)",28,1000,0.028
"E3","V3D",5101,"zone1 (nearest)",612,2250,0.272
"E3","V3D",5101,"zone2",630,2250,0.28
"E3","V3D",5101,"zone3",396,2250,0.176
"E3","V3D",5101,"zone4",270,2250,0.12
"E3","V3D",5101,"zone5 (farthest)",342,2250,0.152
"E3","V3D",5102,"zone1 (nearest)",264,1000,0.264
"E3","V3D",5102,"zone2",260,1000,0.26
"E3","V3D",5102,"zone3",176,1000,0.176
"E3","V3D",5102,"zone4",160,1000,0.16
"E3","V3D",5102,"zone5 (farthest)",140,1000,0.14
"E3","V3D",5103,"zone1 (nearest)",284,1000,0.284
"E3","V3D",5103,"zone2",212,1000,0.212
"E3","V3D",5103,"zone3",236,1000,0.236
"E3","V3D",5103,"zone4",112,1000,0.112
"E3","V3D",5103,"zone5 (farthest)",156,1000,0.156
"E3","V3D",5104,"zone1 (nearest)",276,1000,0.276
"E3","V3D",5104,"zone2",260,1000,0.26
"E3","V3D",5104,"zone3",168,1000,0.168
"E3","V3D",5104,"zone4",152,1000,0.152
"E3","V3D",5104,"zone5 (farthest)",144,1000,0.144
"E3","V3D",5105,"zone1 (nearest)",292,1000,0.292
"E3","V3D",5105,"zone2",232,1000,0.232
"E3","V3D",5105,"zone3",152,1000,0.152
"E3","V3D",5105,"zone4",120,1000,0.12
"E3","V3D",5105,"zone5 (farthest)",204,1000,0.204
"E3","V3D",5106,"zone1 (nearest)",276,1000,0.276
"E3","V3D",5106,"zone2",212,1000,0.212
"E3","V3D",5106,"zone3",196,1000,0.196
"E3","V3D",5106,"zone4",188,1000,0.188
"E3","V3D",5106,"zone5 (farthest)",128,1000,0.128
"E3","V3D",5107,"zone1 (nearest)",276,1000,0.276
"E3","V3D",5107,"zone2",272,1000,0.272
"E3","V3D",5107,"zone3",180,1000,0.18
"E3","V3D",5107,"zone4",172,1000,0.172
"E3","V3D",5107,"zone5 (farthest)",100,1000,0.1
"E3","V3D",5108,"zone1 (nearest)",244,1000,0.244
"E3","V3D",5108,"zone2",256,1000,0.256
"E3","V3D",5108,"zone3",208,1000,0.208
"E3","V3D",5108,"zone4",140,1000,0.14
"E3","V3D",5108,"zone5 (farthest)",152,1000,0.152
"E3","V3D",5109,"zone1 (nearest)",224,1000,0.224
"E3","V3D",5109,"zone2",304,1000,0.304
"E3","V3D",5109,"zone3",180,1000,0.18
"E3","V3D",5109,"zone4",168,1000,0.168
"E3","V3D",5109,"zone5 (farthest)",124,1000,0.124
"E3","V3D",5110,"zone1 (nearest)",256,1000,0.256
"E3","V3D",5110,"zone2",268,1000,0.268
"E3","V3D",5110,"zone3",180,1000,0.18
"E3","V3D",5110,"zone4",156,1000,0.156
"E3","V3D",5110,"zone5 (farthest)",140,1000,0.14
"E3","V3D",6101,"zone1 (nearest)",684,2250,0.304
"E3","V3D",6101,"zone2",684,2250,0.304
"E3","V3D",6101,"zone3",396,2250,0.176
"E3","V3D",6101,"zone4",423,2250,0.188
"E3","V3D",6101,"zone5 (farthest)",63,2250,0.028
"E3","V3D",6102,"zone1 (nearest)",260,1000,0.26
"E3","V3D",6102,"zone2",244,1000,0.244
"E3","V3D",6102,"zone3",224,1000,0.224
"E3","V3D",6102,"zone4",224,1000,0.224
"E3","V3D",6102,"zone5 (farthest)",48,1000,0.048
"E3","V3D",6103,"zone1 (nearest)",304,1000,0.304
"E3","V3D",6103,"zone2",252,1000,0.252
"E3","V3D",6103,"zone3",196,1000,0.196
"E3","V3D",6103,"zone4",200,1000,0.2
"E3","V3D",6103,"zone5 (farthest)",48,1000,0.048
"E3","V3D",6104,"zone1 (nearest)",228,1000,0.228
"E3","V3D",6104,"zone2",272,1000,0.272
"E3","V3D",6104,"zone3",228,1000,0.228
"E3","V3D",6104,"zone4",236,1000,0.236
"E3","V3D",6104,"zone5 (farthest)",36,1000,0.036
"E3","V3D",6105,"zone1 (nearest)",232,1000,0.232
"E3","V3D",6105,"zone2",264,1000,0.264
"E3","V3D",6105,"zone3",208,1000,0.208
"E3","V3D",6105,"zone4",236,1000,0.236
"E3","V3D",6105,"zone5 (farthest)",60,1000,0.06
"E3","V3D",6106,"zone1 (nearest)",264,1000,0.264
"E3","V3D",6106,"zone2",260,1000,0.26
"E3","V3D",6106,"zone3",212,1000,0.212
"E3","V3D",6106,"zone4",244,1000,0.244
"E3","V3D",6106,"zone5 (farthest)",20,1000,0.02
"E3","V3D",6107,"zone1 (nearest)",264,1000,0.264
"E3","V3D",6107,"zone2",316,1000,0.316
"E3","V3D",6107,"zone3",204,1000,0.204
"E3","V3D",6107,"zone4",176,1000,0.176
"E3","V3D",6107,"zone5 (farthest)",40,1000,0.04
"E3","V3D",6108,"zone1 (nearest)",304,1000,0.304
"E3","V3D",6108,"zone2",260,1000,0.26
"E3","V3D",6108,"zone3",184,1000,0.184
"E3","V3D",6108,"zone4",196,1000,0.196
"E3","V3D",6108,"zone5 (farthest)",56,1000,0.056
"E3","V3D",6109,"zone1 (nearest)",244,1000,0.244
"E3","V3D",6109,"zone2",256,1000,0.256
"E3","V3D",6109,"zone3",232,1000,0.232
"E3","V3D",6109,"zone4",212,1000,0.212
"E3","V3D",6109,"zone5 (farthest)",56,1000,0.056
"E3","V3D",6110,"zone1 (nearest)",264,1000,0.264
"E3","V3D",6110,"zone2",248,1000,0.248
"E3","V3D",6110,"zone3",232,1000,0.232
"E3","V3D",6110,"zone4",216,1000,0.216
"E3","V3D",6110,"zone5 (farthest)",40,1000,0.04
"E3","V3D",7101,"zone1 (nearest)",1332,2250,0.592
"E3","V3D",7101,"zone2",153,2250,0.068
"E3","V3D",7101,"zone3",180,2250,0.08
"E3","V3D",7101,"zone4",216,2250,0.096
"E3","V3D",7101,"zone5 (farthest)",369,2250,0.164
"E3","V3D",7102,"zone1 (nearest)",600,1000,0.6
"E3","V3D",7102,"zone2",72,1000,0.072
"E3","V3D",7102,"zone3",104,1000,0.104
"E3","V3D",7102,"zone4",92,1000,0.092
"E3","V3D",7102,"zone5 (farthest)",132,1000,0.132
"E3","V3D",7103,"zone1 (nearest)",628,1000,0.628
"E3","V3D",7103,"zone2",44,1000,0.044
"E3","V3D",7103,"zone3",72,1000,0.072
"E3","V3D",7103,"zone4",116,1000,0.116
"E3","V3D",7103,"zone5 (farthest)",140,1000,0.14
"E3","V3D",7104,"zone1 (nearest)",608,1000,0.608
"E3","V3D",7104,"zone2",80,1000,0.08
"E3","V3D",7104,"zone3",84,1000,0.084
"E3","V3D",7104,"zone4",100,1000,0.1
"E3","V3D",7104,"zone5 (farthest)",128,1000,0.128
"E3","V3D",7105,"zone1 (nearest)",596,1000,0.596
"E3","V3D",7105,"zone2",44,1000,0.044
"E3","V3D",7105,"zone3",76,1000,0.076
"E3","V3D",7105,"zone4",140,1000,0.14
"E3","V3D",7105,"zone5 (farthest)",144,1000,0.144
"E3","V3D",7106,"zone1 (nearest)",648,1000,0.648
"E3","V3D",7106,"zone2",80,1000,0.08
"E3","V3D",7106,"zone3",84,1000,0.084
"E3","V3D",7106,"zone4",64,1000,0.064
"E3","V3D",7106,"zone5 (farthest)",124,1000,0.124
"E3","V3D",7107,"zone1 (nearest)",664,1000,0.664
"E3","V3D",7107,"zone2",48,1000,0.048
"E3","V3D",7107,"zone3",68,1000,0.068
"E3","V3D",7107,"zone4",104,1000,0.104
"E3","V3D",7107,"zone5 (farthest)",116,1000,0.116
"E3","V3D",7108,"zone1 (nearest)",588,1000,0.588
"E3","V3D",7108,"zone2",76,1000,0.076
"E3","V3D",7108,"zone3",76,1000,0.076
"E3","V3D",7108,"zone4",120,1000,0.12
"E3","V3D",7108,"zone5 (farthest)",140,1000,0.14
"E3","V3D",7109,"zone1 (nearest)",612,1000,0.612
"E3","V3D",7109,"zone2",68,1000,0.068
"E3","V3D",7109,"zone3",84,1000,0.084
"E3","V3D",7109,"zone4",120,1000,0.12
"E3","V3D",7109,"zone5 (farthest)",116,1000,0.116
"E3","V3D",7110,"zone1 (nearest)",604,1000,0.604
"E3","V3D",7110,"zone2",56,1000,0.056
"E3","V3D",7110,"zone3",76,1000,0.076
"E3","V3D",7110,"zone4",136,1000,0.136
"E3","V3D",7110,"zone5 (farthest)",128,1000,0.128
"E3","V3D",8101,"zone1 (nearest)",1287,2250,0.572
"E3","V3D",8101,"zone2",198,2250,0.088
"E3","V3D",8101,"zone3",198,2250,0.088
"E3","V3D",8101,"zone4",153,2250,0.068
"E3","V3D",8101,"zone5 (farthest)",414,2250,0.184
"E3","V3D",8102,"zone1 (nearest)",536,1000,0.536
"E3","V3D",8102,"zone2",76,1000,0.076
"E3","V3D",8102,"zone3",112,1000,0.112
"E3","V3D",8102,"zone4",68,1000,0.068
"E3","V3D",8102,"zone5 (farthest)",208,1000,0.208
"E3","V3D",8103,"zone1 (nearest)",612,1000,0.612
"E3","V3D",8103,"zone2",60,1000,0.06
"E3","V3D",8103,"zone3",84,1000,0.084
"E3","V3D",8103,"zone4",88,1000,0.088
"E3","V3D",8103,"zone5 (farthest)",156,1000,0.156
"E3","V3D",8104,"zone1 (nearest)",604,1000,0.604
"E3","V3D",8104,"zone2",52,1000,0.052
"E3","V3D",8104,"zone3",80,1000,0.08
"E3","V3D",8104,"zone4",96,1000,0.096
"E3","V3D",8104,"zone5 (farthest)",168,1000,0.168
"E3","V3D",8105,"zone1 (nearest)",552,1000,0.552
"E3","V3D",8105,"zone2",40,1000,0.04
"E3","V3D",8105,"zone3",72,1000,0.072
"E3","V3D",8105,"zone4",144,1000,0.144
"E3","V3D",8105,"zone5 (farthest)",192,1000,0.192
"E3","V3D",8106,"zone1 (nearest)",572,1000,0.572
"E3","V3D",8106,"zone2",76,1000,0.076
"E3","V3D",8106,"zone3",104,1000,0.104
"E3","V3D",8106,"zone4",92,1000,0.092
"E3","V3D",8106,"zone5 (farthest)",156,1000,0.156
"E3","V3D",8107,"zone1 (nearest)",596,1000,0.596
"E3","V3D",8107,"zone2",52,1000,0.052
"E3","V3D",8107,"zone3",104,1000,0.104
"E3","V3D",8107,"zone4",112,1000,0.112
"E3","V3D",8107,"zone5 (farthest)",136,1000,0.136
"E3","V3D",8108,"zone1 (nearest)",600,1000,0.6
"E3","V3D",8108,"zone2",80,1000,0.08
"E3","V3D",8108,"zone3",56,1000,0.056
"E3","V3D",8108,"zone4",108,1000,0.108
"E3","V3D",8108,"zone5 (farthest)",156,1000,0.156
"E3","V3D",8109,"zone1 (nearest)",544,1000,0.544
"E3","V3D",8109,"zone2",72,1000,0.072
"E3","V3D",8109,"zone3",108,1000,0.108
"E3","V3D",8109,"zone4",116,1000,0.116
"E3","V3D",8109,"zone5 (farthest)",160,1000,0.16
"E3","V3D",8110,"zone1 (nearest)",568,1000,0.568
"E3","V3D",8110,"zone2",76,1000,0.076
"E3","V3D",8110,"zone3",108,1000,0.108
"E3","V3D",8110,"zone4",124,1000,0.124
"E3","V3D",8110,"zone5 (farthest)",124,1000,0.124
"E3","V3D",9101,"zone1 (nearest)",1089,2250,0.484
"E3","V3D",9101,"zone2",450,2250,0.2
"E3","V3D",9101,"zone3",414,2250,0.184
"E3","V3D",9101,"zone4",144,2250,0.064
"E3","V3D",9101,"zone5 (farthest)",153,2250,0.068
"E3","V3D",9102,"zone1 (nearest)",516,1000,0.516
"E3","V3D",9102,"zone2",208,1000,0.208
"E3","V3D",9102,"zone3",144,1000,0.144
"E3","V3D",9102,"zone4",68,1000,0.068
"E3","V3D",9102,"zone5 (farthest)",64,1000,0.064
"E3","V3D",9103,"zone1 (nearest)",540,1000,0.54
"E3","V3D",9103,"zone2",152,1000,0.152
"E3","V3D",9103,"zone3",208,1000,0.208
"E3","V3D",9103,"zone4",44,1000,0.044
"E3","V3D",9103,"zone5 (farthest)",56,1000,0.056
"E3","V3D",9104,"zone1 (nearest)",512,1000,0.512
"E3","V3D",9104,"zone2",220,1000,0.22
"E3","V3D",9104,"zone3",144,1000,0.144
"E3","V3D",9104,"zone4",52,1000,0.052
"E3","V3D",9104,"zone5 (farthest)",72,1000,0.072
"E3","V3D",9105,"zone1 (nearest)",484,1000,0.484
"E3","V3D",9105,"zone2",196,1000,0.196
"E3","V3D",9105,"zone3",200,1000,0.2
"E3","V3D",9105,"zone4",40,1000,0.04
"E3","V3D",9105,"zone5 (farthest)",80,1000,0.08
"E3","V3D",9106,"zone1 (nearest)",504,1000,0.504
"E3","V3D",9106,"zone2",224,1000,0.224
"E3","V3D",9106,"zone3",168,1000,0.168
"E3","V3D",9106,"zone4",72,1000,0.072
"E3","V3D",9106,"zone5 (farthest)",32,1000,0.032
"E3","V3D",9107,"zone1 (nearest)",528,1000,0.528
"E3","V3D",9107,"zone2",172,1000,0.172
"E3","V3D",9107,"zone3",160,1000,0.16
"E3","V3D",9107,"zone4",76,1000,0.076
"E3","V3D",9107,"zone5 (farthest)",64,1000,0.064
"E3","V3D",9108,"zone1 (nearest)",496,1000,0.496
"E3","V3D",9108,"zone2",196,1000,0.196
"E3","V3D",9108,"zone3",200,1000,0.2
"E3","V3D",9108,"zone4",52,1000,0.052
"E3","V3D",9108,"zone5 (farthest)",56,1000,0.056
"E3","V3D",9109,"zone1 (nearest)",504,1000,0.504
"E3","V3D",9109,"zone2",220,1000,0.22
"E3","V3D",9109,"zone3",192,1000,0.192
"E3","V3D",9109,"zone4",44,1000,0.044
"E3","V3D",9109,"zone5 (farthest)",40,1000,0.04
"E3","V3D",9110,"zone1 (nearest)",456,1000,0.456
"E3","V3D",9110,"zone2",204,1000,0.204
"E3","V3D",9110,"zone3",212,1000,0.212
"E3","V3D",9110,"zone4",60,1000,0.06
"E3","V3D",9110,"zone5 (farthest)",68,1000,0.068
"E3","V3D",10101,"zone1 (nearest)",1980,2250,0.88
"E3","V3D",10101,"zone2",36,2250,0.016
"E3","V3D",10101,"zone3",36,2250,0.016
"E3","V3D",10101,"zone4",63,2250,0.028
"E3","V3D",10101,"zone5 (farthest)",135,2250,0.06
"E3","V3D",10102,"zone1 (nearest)",864,1000,0.864
"E3","V3D",10102,"zone2",12,1000,0.012
"E3","V3D",10102,"zone3",16,1000,0.016
"E3","V3D",10102,"zone4",44,1000,0.044
"E3","V3D",10102,"zone5 (farthest)",64,1000,0.064
"E3","V3D",10103,"zone1 (nearest)",892,1000,0.892
"E3","V3D",10103,"zone2",20,1000,0.02
"E3","V3D",10103,"zone3",8,1000,0.008
"E3","V3D",10103,"zone4",32,1000,0.032
"E3","V3D",10103,"zone5 (farthest)",48,1000,0.048
"E3","V3D",10104,"zone1 (nearest)",884,1000,0.884
"E3","V3D",10104,"zone2",24,1000,0.024
"E3","V3D",10104,"zone3",12,1000,0.012
"E3","V3D",10104,"zone4",24,1000,0.024
"E3","V3D",10104,"zone5 (farthest)",56,1000,0.056
"E3","V3D",10105,"zone1 (nearest)",892,1000,0.892
"E3","V3D",10105,"zone2",8,1000,0.008
"E3","V3D",10105,"zone3",12,1000,0.012
"E3","V3D",10105,"zone4",16,1000,0.016
"E3","V3D",10105,"zone5 (farthest)",72,1000,0.072
"E3","V3D",10106,"zone1 (nearest)",876,1000,0.876
"E3","V3D",10106,"zone2",12,1000,0.012
"E3","V3D",10106,"zone3",8,1000,0.008
"E3","V3D",10106,"zone4",24,1000,0.024
"E3","V3D",10106,"zone5 (farthest)",80,1000,0.08
"E3","V3D",10107,"zone1 (nearest)",892,1000,0.892
"E3","V3D",10107,"zone2",16,1000,0.016
"E3","V3D",10107,"zone3",4,1000,0.004
"E3","V3D",10107,"zone4",24,1000,0.024
"E3","V3D",10107,"zone5 (farthest)",64,1000,0.064
"E3","V3D",10108,"zone1 (nearest)",880,1000,0.88
"E3","V3D",10108,"zone2",12,1000,0.012
"E3","V3D",10108,"zone3",16,1000,0.016
"E3","V3D",10108,"zone4",36,1000,0.036
"E3","V3D",10108,"zone5 (farthest)",56,1000,0.056
"E3","V3D",10109,"zone1 (nearest)",868,1000,0.868
"E3","V3D",10109,"zone2",16,1000,0.016
"E3","V3D",10109,"zone3",28,1000,0.028
"E3","V3D",10109,"zone4",28,1000,0.028
"E3","V3D",10109,"zone5 (farthest)",60,1000,0.06
"E3","V3D",10110,"zone1 (nearest)",872,1000,0.872
"E3","V3D",10110,"zone2",24,1000,0.024
"E3","V3D",10110,"zone3",32,1000,0.032
"E3","V3D",10110,"zone4",28,1000,0.028
"E3","V3D",10110,"zone5 (farthest)",44,1000,0.044
"E3","V3D",11101,"zone1 (nearest)",1764,2250,0.784
"E3","V3D",11101,"zone2",153,2250,0.068
"E3","V3D",11101,"zone3",81,2250,0.036
"E3","V3D",11101,"zone4",72,2250,0.032
"E3","V3D",11101,"zone5 (farthest)",180,2250,0.08
"E3","V3D",11102,"zone1 (nearest)",796,1000,0.796
"E3","V3D",11102,"zone2",68,1000,0.068
"E3","V3D",11102,"zone3",28,1000,0.028
"E3","V3D",11102,"zone4",28,1000,0.028
"E3","V3D",11102,"zone5 (farthest)",80,1000,0.08
"E3","V3D",11103,"zone1 (nearest)",824,1000,0.824
"E3","V3D",11103,"zone2",68,1000,0.068
"E3","V3D",11103,"zone3",28,1000,0.028
"E3","V3D",11103,"zone4",16,1000,0.016
"E3","V3D",11103,"zone5 (farthest)",64,1000,0.064
"E3","V3D",11104,"zone1 (nearest)",808,1000,0.808
"E3","V3D",11104,"zone2",48,1000,0.048
"E3","V3D",11104,"zone3",36,1000,0.036
"E3","V3D",11104,"zone4",44,1000,0.044
"E3","V3D",11104,"zone5 (farthest)",64,1000,0.064
"E3","V3D",11105,"zone1 (nearest)",800,1000,0.8
"E3","V3D",11105,"zone2",80,1000,0.08
"E3","V3D",11105,"zone3",32,1000,0.032
"E3","V3D",11105,"zone4",36,1000,0.036
"E3","V3D",11105,"zone5 (farthest)",52,1000,0.052
"E3","V3D",11106,"zone1 (nearest)",812,1000,0.812
"E3","V3D",11106,"zone2",40,1000,0.04
"E3","V3D",11106,"zone3",24,1000,0.024
"E3","V3D",11106,"zone4",24,1000,0.024
"E3","V3D",11106,"zone5 (farthest)",100,1000,0.1
"E3","V3D",11107,"zone1 (nearest)",828,1000,0.828
"E3","V3D",11107,"zone2",44,1000,0.044
"E3","V3D",11107,"zone3",24,1000,0.024
"E3","V3D",11107,"zone4",56,1000,0.056
"E3","V3D",11107,"zone5 (farthest)",48,1000,0.048
"E3","V3D",11108,"zone1 (nearest)",820,1000,0.82
"E3","V3D",11108,"zone2",60,1000,0.06
"E3","V3D",11108,"zone3",16,1000,0.016
"E3","V3D",11108,"zone4",36,1000,0.036
"E3","V3D",11108,"zone5 (farthest)",68,1000,0.068
"E3","V3D",11109,"zone1 (nearest)",804,1000,0.804
"E3","V3D",11109,"zone2",52,1000,0.052
"E3","V3D",11109,"zone3",24,1000,0.024
"E3","V3D",11109,"zone4",52,1000,0.052
"E3","V3D",11109,"zone5 (farthest)",68,1000,0.068
"E3","V3D",11110,"zone1 (nearest)",824,1000,0.824
"E3","V3D",11110,"zone2",60,1000,0.06
"E3","V3D",11110,"zone3",20,1000,0.02
"E3","V3D",11110,"zone4",36,1000,0.036
"E3","V3D",11110,"zone5 (farthest)",60,1000,0.06
"E3","V3D",12101,"zone1 (nearest)",1953,2250,0.868
"E3","V3D",12101,"zone2",99,2250,0.044
"E3","V3D",12101,"zone3",54,2250,0.024
"E3","V3D",12101,"zone4",81,2250,0.036
"E3","V3D",12101,"zone5 (farthest)",63,2250,0.028
"E3","V3D",12102,"zone1 (nearest)",884,1000,0.884
"E3","V3D",12102,"zone2",48,1000,0.048
"E3","V3D",12102,"zone3",32,1000,0.032
"E3","V3D",12102,"zone4",20,1000,0.02
"E3","V3D",12102,"zone5 (farthest)",16,1000,0.016
"E3","V3D",12103,"zone1 (nearest)",864,1000,0.864
"E3","V3D",12103,"zone2",40,1000,0.04
"E3","V3D",12103,"zone3",40,1000,0.04
"E3","V3D",12103,"zone4",36,1000,0.036
"E3","V3D",12103,"zone5 (farthest)",20,1000,0.02
"E3","V3D",12104,"zone1 (nearest)",904,1000,0.904
"E3","V3D",12104,"zone2",24,1000,0.024
"E3","V3D",12104,"zone3",36,1000,0.036
"E3","V3D",12104,"zone4",28,1000,0.028
"E3","V3D",12104,"zone5 (farthest)",8,1000,0.008
"E3","V3D",12105,"zone1 (nearest)",900,1000,0.9
"E3","V3D",12105,"zone2",48,1000,0.048
"E3","V3D",12105,"zone3",24,1000,0.024
"E3","V3D",12105,"zone4",20,1000,0.02
"E3","V3D",12105,"zone5 (farthest)",8,1000,0.008
"E3","V3D",12106,"zone1 (nearest)",892,1000,0.892
"E3","V3D",12106,"zone2",32,1000,0.032
"E3","V3D",12106,"zone3",24,1000,0.024
"E3","V3D",12106,"zone4",28,1000,0.028
"E3","V3D",12106,"zone5 (farthest)",24,1000,0.024
"E3","V3D",12107,"zone1 (nearest)",924,1000,0.924
"E3","V3D",12107,"zone2",20,1000,0.02
"E3","V3D",12107,"zone3",24,1000,0.024
"E3","V3D",12107,"zone4",16,1000,0.016
"E3","V3D",12107,"zone5 (farthest)",16,1000,0.016
"E3","V3D",12108,"zone1 (nearest)",872,1000,0.872
"E3","V3D",12108,"zone2",32,1000,0.032
"E3","V3D",12108,"zone3",48,1000,0.048
"E3","V3D",12108,"zone4",36,1000,0.036
"E3","V3D",12108,"zone5 (farthest)",12,1000,0.012
"E3","V3D",12109,"zone1 (nearest)",904,1000,0.904
"E3","V3D",12109,"zone2",16,1000,0.016
"E3","V3D",12109,"zone3",40,1000,0.04
"E3","V3D",12109,"zone4",20,1000,0.02
"E3","V3D",12109,"zone5 (farthest)",20,1000,0.02
"E3","V3D",12110,"zone1 (nearest)",900,1000,0.9
"E3","V3D",12110,"zone2",20,1000,0.02
"E3","V3D",12110,"zone3",44,1000,0.044
"E3","V3D",12110,"zone4",20,1000,0.02
"E3","V3D",12110,"zone5 (farthest)",16,1000,0.016
"E3","V3D",13101,"zone1 (nearest)",1809,2250,0.804
"E3","V3D",13101,"zone2",189,2250,0.084
"E3","V3D",13101,"zone3",81,2250,0.036
"E3","V3D",13101,"zone4",90,2250,0.04
"E3","V3D",13101,"zone5 (farthest)",81,2250,0.036
"E3","V3D",13102,"zone1 (nearest)",840,1000,0.84
"E3","V3D",13102,"zone2",88,1000,0.088
"E3","V3D",13102,"zone3",24,1000,0.024
"E3","V3D",13102,"zone4",12,1000,0.012
"E3","V3D",13102,"zone5 (farthest)",36,1000,0.036
"E3","V3D",13103,"zone1 (nearest)",828,1000,0.828
"E3","V3D",13103,"zone2",84,1000,0.084
"E3","V3D",13103,"zone3",16,1000,0.016
"E3","V3D",13103,"zone4",32,1000,0.032
"E3","V3D",13103,"zone5 (farthest)",40,1000,0.04
"E3","V3D",13104,"zone1 (nearest)",792,1000,0.792
"E3","V3D",13104,"zone2",96,1000,0.096
"E3","V3D",13104,"zone3",36,1000,0.036
"E3","V3D",13104,"zone4",28,1000,0.028
"E3","V3D",13104,"zone5 (farthest)",48,1000,0.048
"E3","V3D",13105,"zone1 (nearest)",840,1000,0.84
"E3","V3D",13105,"zone2",96,1000,0.096
"E3","V3D",13105,"zone3",8,1000,0.008
"E3","V3D",13105,"zone4",20,1000,0.02
"E3","V3D",13105,"zone5 (farthest)",36,1000,0.036
"E3","V3D",13106,"zone1 (nearest)",812,1000,0.812
"E3","V3D",13106,"zone2",92,1000,0.092
"E3","V3D",13106,"zone3",28,1000,0.028
"E3","V3D",13106,"zone4",32,1000,0.032
"E3","V3D",13106,"zone5 (farthest)",36,1000,0.036
"E3","V3D",13107,"zone1 (nearest)",804,1000,0.804
"E3","V3D",13107,"zone2",96,1000,0.096
"E3","V3D",13107,"zone3",24,1000,0.024
"E3","V3D",13107,"zone4",40,1000,0.04
"E3","V3D",13107,"zone5 (farthest)",36,1000,0.036
"E3","V3D",13108,"zone1 (nearest)",808,1000,0.808
"E3","V3D",13108,"zone2",84,1000,0.084
"E3","V3D",13108,"zone3",44,1000,0.044
"E3","V3D",13108,"zone4",40,1000,0.04
"E3","V3D",13108,"zone5 (farthest)",24,1000,0.024
"E3","V3D",13109,"zone1 (nearest)",836,1000,0.836
"E3","V3D",13109,"zone2",80,1000,0.08
"E3","V3D",13109,"zone3",16,1000,0.016
"E3","V3D",13109,"zone4",32,1000,0.032
"E3","V3D",13109,"zone5 (farthest)",36,1000,0.036
"E3","V3D",13110,"zone1 (nearest)",816,1000,0.816
"E3","V3D",13110,"zone2",84,1000,0.084
"E3","V3D",13110,"zone3",32,1000,0.032
"E3","V3D",13110,"zone4",32,1000,0.032
"E3","V3D",13110,"zone5 (farthest)",36,1000,0.036
"E3","V3D",14101,"zone1 (nearest)",1656,2250,0.736
"E3","V3D",14101,"zone2",99,2250,0.044
"E3","V3D",14101,"zone3",81,2250,0.036
"E3","V3D",14101,"zone4",72,2250,0.032
"E3","V3D",14101,"zone5 (farthest)",342,2250,0.152
"E3","V3D",14102,"zone1 (nearest)",736,1000,0.736
"E3","V3D",14102,"zone2",72,1000,0.072
"E3","V3D",14102,"zone3",20,1000,0.02
"E3","V3D",14102,"zone4",28,1000,0.028
"E3","V3D",14102,"zone5 (farthest)",144,1000,0.144
"E3","V3D",14103,"zone1 (nearest)",744,1000,0.744
"E3","V3D",14103,"zone2",60,1000,0.06
"E3","V3D",14103,"zone3",32,1000,0.032
"E3","V3D",14103,"zone4",20,1000,0.02
"E3","V3D",14103,"zone5 (farthest)",144,1000,0.144
"E3","V3D",14104,"zone1 (nearest)",748,1000,0.748
"E3","V3D",14104,"zone2",64,1000,0.064
"E3","V3D",14104,"zone3",28,1000,0.028
"E3","V3D",14104,"zone4",24,1000,0.024
"E3","V3D",14104,"zone5 (farthest)",136,1000,0.136
"E3","V3D",14105,"zone1 (nearest)",744,1000,0.744
"E3","V3D",14105,"zone2",52,1000,0.052
"E3","V3D",14105,"zone3",24,1000,0.024
"E3","V3D",14105,"zone4",28,1000,0.028
"E3","V3D",14105,"zone5 (farthest)",152,1000,0.152
"E3","V3D",14106,"zone1 (nearest)",716,1000,0.716
"E3","V3D",14106,"zone2",72,1000,0.072
"E3","V3D",14106,"zone3",44,1000,0.044
"E3","V3D",14106,"zone4",28,1000,0.028
"E3","V3D",14106,"zone5 (farthest)",140,1000,0.14
"E3","V3D",14107,"zone1 (nearest)",756,1000,0.756
"E3","V3D",14107,"zone2",48,1000,0.048
"E3","V3D",14107,"zone3",32,1000,0.032
"E3","V3D",14107,"zone4",20,1000,0.02
"E3","V3D",14107,"zone5 (farthest)",144,1000,0.144
"E3","V3D",14108,"zone1 (nearest)",748,1000,0.748
"E3","V3D",14108,"zone2",64,1000,0.064
"E3","V3D",14108,"zone3",20,1000,0.02
"E3","V3D",14108,"zone4",28,1000,0.028
"E3","V3D",14108,"zone5 (farthest)",140,1000,0.14
"E3","V3D",14109,"zone1 (nearest)",756,1000,0.756
"E3","V3D",14109,"zone2",48,1000,0.048
"E3","V3D",14109,"zone3",16,1000,0.016
"E3","V3D",14109,"zone4",36,1000,0.036
"E3","V3D",14109,"zone5 (farthest)",144,1000,0.144
"E3","V3D",14110,"zone1 (nearest)",768,1000,0.768
"E3","V3D",14110,"zone2",52,1000,0.052
"E3","V3D",14110,"zone3",20,1000,0.02
"E3","V3D",14110,"zone4",28,1000,0.028
"E3","V3D",14110,"zone5 (farthest)",132,1000,0.132
"E3","V3D",15101,"zone1 (nearest)",1935,2250,0.86
"E3","V3D",15101,"zone2",63,2250,0.028
"E3","V3D",15101,"zone3",27,2250,0.012
"E3","V3D",15101,"zone4",72,2250,0.032
"E3","V3D",15101,"zone5 (farthest)",153,2250,0.068
"E3","V3D",15102,"zone1 (nearest)",860,1000,0.86
"E3","V3D",15102,"zone2",44,1000,0.044
"E3","V3D",15102,"zone3",28,1000,0.028
"E3","V3D",15102,"zone4",24,1000,0.024
"E3","V3D",15102,"zone5 (farthest)",44,1000,0.044
"E3","V3D",15103,"zone1 (nearest)",892,1000,0.892
"E3","V3D",15103,"zone2",32,1000,0.032
"E3","V3D",15103,"zone3",28,1000,0.028
"E3","V3D",15103,"zone4",16,1000,0.016
"E3","V3D",15103,"zone5 (farthest)",32,1000,0.032
"E3","V3D",15104,"zone1 (nearest)",864,1000,0.864
"E3","V3D",15104,"zone2",20,1000,0.02
"E3","V3D",15104,"zone3",32,1000,0.032
"E3","V3D",15104,"zone4",36,1000,0.036
"E3","V3D",15104,"zone5 (farthest)",48,1000,0.048
"E3","V3D",15105,"zone1 (nearest)",820,1000,0.82
"E3","V3D",15105,"zone2",48,1000,0.048
"E3","V3D",15105,"zone3",36,1000,0.036
"E3","V3D",15105,"zone4",52,1000,0.052
"E3","V3D",15105,"zone5 (farthest)",44,1000,0.044
"E3","V3D",15106,"zone1 (nearest)",864,1000,0.864
"E3","V3D",15106,"zone2",24,1000,0.024
"E3","V3D",15106,"zone3",20,1000,0.02
"E3","V3D",15106,"zone4",32,1000,0.032
"E3","V3D",15106,"zone5 (farthest)",60,1000,0.06
"E3","V3D",15107,"zone1 (nearest)",856,1000,0.856
"E3","V3D",15107,"zone2",32,1000,0.032
"E3","V3D",15107,"zone3",20,1000,0.02
"E3","V3D",15107,"zone4",36,1000,0.036
"E3","V3D",15107,"zone5 (farthest)",56,1000,0.056
"E3","V3D",15108,"zone1 (nearest)",868,1000,0.868
"E3","V3D",15108,"zone2",12,1000,0.012
"E3","V3D",15108,"zone3",24,1000,0.024
"E3","V3D",15108,"zone4",40,1000,0.04
"E3","V3D",15108,"zone5 (farthest)",56,1000,0.056
"E3","V3D",15109,"zone1 (nearest)",864,1000,0.864
"E3","V3D",15109,"zone2",28,1000,0.028
"E3","V3D",15109,"zone3",16,1000,0.016
"E3","V3D",15109,"zone4",24,1000,0.024
"E3","V3D",15109,"zone5 (farthest)",68,1000,0.068
"E3","V3D",15110,"zone1 (nearest)",848,1000,0.848
"E3","V3D",15110,"zone2",20,1000,0.02
"E3","V3D",15110,"zone3",36,1000,0.036
"E3","V3D",15110,"zone4",48,1000,0.048
"E3","V3D",15110,"zone5 (farthest)",48,1000,0.048
"E3","V3D",16101,"zone1 (nearest)",855,2250,0.38
"E3","V3D",16101,"zone2",234,2250,0.104
"E3","V3D",16101,"zone3",225,2250,0.1
"E3","V3D",16101,"zone4",153,2250,0.068
"E3","V3D",16101,"zone5 (farthest)",783,2250,0.348
"E3","V3D",16102,"zone1 (nearest)",388,1000,0.388
"E3","V3D",16102,"zone2",88,1000,0.088
"E3","V3D",16102,"zone3",80,1000,0.08
"E3","V3D",16102,"zone4",112,1000,0.112
"E3","V3D",16102,"zone5 (farthest)",332,1000,0.332
"E3","V3D",16103,"zone1 (nearest)",356,1000,0.356
"E3","V3D",16103,"zone2",156,1000,0.156
"E3","V3D",16103,"zone3",100,1000,0.1
"E3","V3D",16103,"zone4",64,1000,0.064
"E3","V3D",16103,"zone5 (farthest)",324,1000,0.324
"E3","V3D",16104,"zone1 (nearest)",372,1000,0.372
"E3","V3D",16104,"zone2",116,1000,0.116
"E3","V3D",16104,"zone3",80,1000,0.08
"E3","V3D",16104,"zone4",72,1000,0.072
"E3","V3D",16104,"zone5 (farthest)",360,1000,0.36
"E3","V3D",16105,"zone1 (nearest)",312,1000,0.312
"E3","V3D",16105,"zone2",108,1000,0.108
"E3","V3D",16105,"zone3",92,1000,0.092
"E3","V3D",16105,"zone4",92,1000,0.092
"E3","V3D",16105,"zone5 (farthest)",396,1000,0.396
"E3","V3D",16106,"zone1 (nearest)",380,1000,0.38
"E3","V3D",16106,"zone2",108,1000,0.108
"E3","V3D",16106,"zone3",96,1000,0.096
"E3","V3D",16106,"zone4",100,1000,0.1
"E3","V3D",16106,"zone5 (farthest)",316,1000,0.316
"E3","V3D",16107,"zone1 (nearest)",404,1000,0.404
"E3","V3D",16107,"zone2",136,1000,0.136
"E3","V3D",16107,"zone3",84,1000,0.084
"E3","V3D",16107,"zone4",68,1000,0.068
"E3","V3D",16107,"zone5 (farthest)",308,1000,0.308
"E3","V3D",16108,"zone1 (nearest)",356,1000,0.356
"E3","V3D",16108,"zone2",108,1000,0.108
"E3","V3D",16108,"zone3",108,1000,0.108
"E3","V3D",16108,"zone4",112,1000,0.112
"E3","V3D",16108,"zone5 (farthest)",316,1000,0.316
"E3","V3D",16109,"zone1 (nearest)",388,1000,0.388
"E3","V3D",16109,"zone2",80,1000,0.08
"E3","V3D",16109,"zone3",68,1000,0.068
"E3","V3D",16109,"zone4",84,1000,0.084
"E3","V3D",16109,"zone5 (farthest)",380,1000,0.38
"E3","V3D",16110,"zone1 (nearest)",360,1000,0.36
"E3","V3D",16110,"zone2",112,1000,0.112
"E3","V3D",16110,"zone3",92,1000,0.092
"E3","V3D",16110,"zone4",64,1000,0.064
"E3","V3D",16110,"zone5 (farthest)",372,1000,0.372
"E3","V3D",17101,"zone1 (nearest)",1053,2250,0.468
"E3","V3D",17101,"zone2",315,2250,0.14
"E3","V3D",17101,"zone3",306,2250,0.136
"E3","V3D",17101,"zone4",369,2250,0.164
"E3","V3D",17101,"zone5 (farthest)",207,2250,0.092
"E3","V3D",17102,"zone1 (nearest)",500,1000,0.5
"E3","V3D",17102,"zone2",140,1000,0.14
"E3","V3D",17102,"zone3",108,1000,0.108
"E3","V3D",17102,"zone4",176,1000,0.176
"E3","V3D",17102,"zone5 (farthest)",76,1000,0.076
"E3","V3D",17103,"zone1 (nearest)",476,1000,0.476
"E3","V3D",17103,"zone2",116,1000,0.116
"E3","V3D",17103,"zone3",164,1000,0.164
"E3","V3D",17103,"zone4",148,1000,0.148
"E3","V3D",17103,"zone5 (farthest)",96,1000,0.096
"E3","V3D",17104,"zone1 (nearest)",488,1000,0.488
"E3","V3D",17104,"zone2",172,1000,0.172
"E3","V3D",17104,"zone3",92,1000,0.092
"E3","V3D",17104,"zone4",168,1000,0.168
"E3","V3D",17104,"zone5 (farthest)",80,1000,0.08
"E3","V3D",17105,"zone1 (nearest)",480,1000,0.48
"E3","V3D",17105,"zone2",140,1000,0.14
"E3","V3D",17105,"zone3",160,1000,0.16
"E3","V3D",17105,"zone4",140,1000,0.14
"E3","V3D",17105,"zone5 (farthest)",80,1000,0.08
"E3","V3D",17106,"zone1 (nearest)",484,1000,0.484
"E3","V3D",17106,"zone2",168,1000,0.168
"E3","V3D",17106,"zone3",104,1000,0.104
"E3","V3D",17106,"zone4",128,1000,0.128
"E3","V3D",17106,"zone5 (farthest)",116,1000,0.116
"E3","V3D",17107,"zone1 (nearest)",548,1000,0.548
"E3","V3D",17107,"zone2",124,1000,0.124
"E3","V3D",17107,"zone3",96,1000,0.096
"E3","V3D",17107,"zone4",156,1000,0.156
"E3","V3D",17107,"zone5 (farthest)",76,1000,0.076
"E3","V3D",17108,"zone1 (nearest)",464,1000,0.464
"E3","V3D",17108,"zone2",132,1000,0.132
"E3","V3D",17108,"zone3",144,1000,0.144
"E3","V3D",17108,"zone4",168,1000,0.168
"E3","V3D",17108,"zone5 (farthest)",92,1000,0.092
"E3","V3D",17109,"zone1 (nearest)",508,1000,0.508
"E3","V3D",17109,"zone2",132,1000,0.132
"E3","V3D",17109,"zone3",152,1000,0.152
"E3","V3D",17109,"zone4",160,1000,0.16
"E3","V3D",17109,"zone5 (farthest)",48,1000,0.048
"E3","V3D",17110,"zone1 (nearest)",440,1000,0.44
"E3","V3D",17110,"zone2",176,1000,0.176
"E3","V3D",17110,"zone3",144,1000,0.144
"E3","V3D",17110,"zone4",140,1000,0.14
"E3","V3D",17110,"zone5 (farthest)",100,1000,0.1
"E3","V3D",18101,"zone1 (nearest)",2034,2250,0.904
"E3","V3D",18101,"zone2",54,2250,0.024
"E3","V3D",18101,"zone3",45,2250,0.02
"E3","V3D",18101,"zone4",27,2250,0.012
"E3","V3D",18101,"zone5 (farthest)",90,2250,0.04
"E3","V3D",18102,"zone1 (nearest)",920,1000,0.92
"E3","V3D",18102,"zone2",16,1000,0.016
"E3","V3D",18102,"zone3",12,1000,0.012
"E3","V3D",18102,"zone4",28,1000,0.028
"E3","V3D",18102,"zone5 (farthest)",24,1000,0.024
"E3","V3D",18103,"zone1 (nearest)",900,1000,0.9
"E3","V3D",18103,"zone2",44,1000,0.044
"E3","V3D",18103,"zone3",20,1000,0.02
"E3","V3D",18103,"zone4",8,1000,0.008
"E3","V3D",18103,"zone5 (farthest)",28,1000,0.028
"E3","V3D",18104,"zone1 (nearest)",908,1000,0.908
"E3","V3D",18104,"zone2",24,1000,0.024
"E3","V3D",18104,"zone3",32,1000,0.032
"E3","V3D",18104,"zone4",8,1000,0.008
"E3","V3D",18104,"zone5 (farthest)",28,1000,0.028
"E3","V3D",18105,"zone1 (nearest)",908,1000,0.908
"E3","V3D",18105,"zone2",24,1000,0.024
"E3","V3D",18105,"zone3",4,1000,0.004
"E3","V3D",18105,"zone4",16,1000,0.016
"E3","V3D",18105,"zone5 (farthest)",48,1000,0.048
"E3","V3D",18106,"zone1 (nearest)",912,1000,0.912
"E3","V3D",18106,"zone2",16,1000,0.016
"E3","V3D",18106,"zone3",16,1000,0.016
"E3","V3D",18106,"zone4",16,1000,0.016
"E3","V3D",18106,"zone5 (farthest)",40,1000,0.04
"E3","V3D",18107,"zone1 (nearest)",912,1000,0.912
"E3","V3D",18107,"zone2",12,1000,0.012
"E3","V3D",18107,"zone3",28,1000,0.028
"E3","V3D",18107,"zone4",20,1000,0.02
"E3","V3D",18107,"zone5 (farthest)",28,1000,0.028
"E3","V3D",18108,"zone1 (nearest)",920,1000,0.92
"E3","V3D",18108,"zone2",20,1000,0.02
"E3","V3D",18108,"zone3",20,1000,0.02
"E3","V3D",18108,"zone4",16,1000,0.016
"E3","V3D",18108,"zone5 (farthest)",24,1000,0.024
"E3","V3D",18109,"zone1 (nearest)",912,1000,0.912
"E3","V3D",18109,"zone2",24,1000,0.024
"E3","V3D",18109,"zone3",8,1000,0.008
"E3","V3D",18109,"zone4",24,1000,0.024
"E3","V3D",18109,"zone5 (farthest)",32,1000,0.032
"E3","V3D",18110,"zone1 (nearest)",924,1000,0.924
"E3","V3D",18110,"zone2",20,1000,0.02
"E3","V3D",18110,"zone3",4,1000,0.004
"E3","V3D",18110,"zone4",16,1000,0.016
"E3","V3D",18110,"zone5 (farthest)",36,1000,0.036
"E3","V3D",19101,"zone1 (nearest)",630,2250,0.28
"E3","V3D",19101,"zone2",648,2250,0.288
"E3","V3D",19101,"zone3",324,2250,0.144
"E3","V3D",19101,"zone4",198,2250,0.088
"E3","V3D",19101,"zone5 (farthest)",450,2250,0.2
"E3","V3D",19102,"zone1 (nearest)",232,1000,0.232
"E3","V3D",19102,"zone2",292,1000,0.292
"E3","V3D",19102,"zone3",172,1000,0.172
"E3","V3D",19102,"zone4",96,1000,0.096
"E3","V3D",19102,"zone5 (farthest)",208,1000,0.208
"E3","V3D",19103,"zone1 (nearest)",212,1000,0.212
"E3","V3D",19103,"zone2",340,1000,0.34
"E3","V3D",19103,"zone3",108,1000,0.108
"E3","V3D",19103,"zone4",104,1000,0.104
"E3","V3D",19103,"zone5 (farthest)",236,1000,0.236
"E3","V3D",19104,"zone1 (nearest)",248,1000,0.248
"E3","V3D",19104,"zone2",304,1000,0.304
"E3","V3D",19104,"zone3",124,1000,0.124
"E3","V3D",19104,"zone4",140,1000,0.14
"E3","V3D",19104,"zone5 (farthest)",184,1000,0.184
"E3","V3D",19105,"zone1 (nearest)",232,1000,0.232
"E3","V3D",19105,"zone2",304,1000,0.304
"E3","V3D",19105,"zone3",124,1000,0.124
"E3","V3D",19105,"zone4",124,1000,0.124
"E3","V3D",19105,"zone5 (farthest)",216,1000,0.216
"E3","V3D",19106,"zone1 (nearest)",280,1000,0.28
"E3","V3D",19106,"zone2",248,1000,0.248
"E3","V3D",19106,"zone3",152,1000,0.152
"E3","V3D",19106,"zone4",136,1000,0.136
"E3","V3D",19106,"zone5 (farthest)",184,1000,0.184
"E3","V3D",19107,"zone1 (nearest)",252,1000,0.252
"E3","V3D",19107,"zone2",304,1000,0.304
"E3","V3D",19107,"zone3",132,1000,0.132
"E3","V3D",19107,"zone4",144,1000,0.144
"E3","V3D",19107,"zone5 (farthest)",168,1000,0.168
"E3","V3D",19108,"zone1 (nearest)",244,1000,0.244
"E3","V3D",19108,"zone2",296,1000,0.296
"E3","V3D",19108,"zone3",104,1000,0.104
"E3","V3D",19108,"zone4",148,1000,0.148
"E3","V3D",19108,"zone5 (farthest)",208,1000,0.208
"E3","V3D",19109,"zone1 (nearest)",228,1000,0.228
"E3","V3D",19109,"zone2",324,1000,0.324
"E3","V3D",19109,"zone3",100,1000,0.1
"E3","V3D",19109,"zone4",100,1000,0.1
"E3","V3D",19109,"zone5 (farthest)",248,1000,0.248
"E3","V3D",19110,"zone1 (nearest)",260,1000,0.26
"E3","V3D",19110,"zone2",256,1000,0.256
"E3","V3D",19110,"zone3",88,1000,0.088
"E3","V3D",19110,"zone4",116,1000,0.116
"E3","V3D",19110,"zone5 (farthest)",280,1000,0.28
"E3","V3D",20101,"zone1 (nearest)",1116,2250,0.496
"E3","V3D",20101,"zone2",81,2250,0.036
"E3","V3D",20101,"zone3",81,2250,0.036
"E3","V3D",20101,"zone4",27,2250,0.012
"E3","V3D",20101,"zone5 (farthest)",945,2250,0.42
"E3","V3D",20102,"zone1 (nearest)",484,1000,0.484
"E3","V3D",20102,"zone2",68,1000,0.068
"E3","V3D",20102,"zone3",8,1000,0.008
"E3","V3D",20102,"zone4",12,1000,0.012
"E3","V3D",20102,"zone5 (farthest)",428,1000,0.428
"E3","V3D",20103,"zone1 (nearest)",496,1000,0.496
"E3","V3D",20103,"zone2",60,1000,0.06
"E3","V3D",20103,"zone3",16,1000,0.016
"E3","V3D",20103,"zone4",8,1000,0.008
"E3","V3D",20103,"zone5 (farthest)",420,1000,0.42
"E3","V3D",20104,"zone1 (nearest)",500,1000,0.5
"E3","V3D",20104,"zone2",36,1000,0.036
"E3","V3D",20104,"zone3",32,1000,0.032
"E3","V3D",20104,"zone4",12,1000,0.012
"E3","V3D",20104,"zone5 (farthest)",420,1000,0.42
"E3","V3D",20105,"zone1 (nearest)",484,1000,0.484
"E3","V3D",20105,"zone2",52,1000,0.052
"E3","V3D",20105,"zone3",20,1000,0.02
"E3","V3D",20105,"zone4",16,1000,0.016
"E3","V3D",20105,"zone5 (farthest)",428,1000,0.428
"E3","V3D",20106,"zone1 (nearest)",512,1000,0.512
"E3","V3D",20106,"zone2",40,1000,0.04
"E3","V3D",20106,"zone3",16,1000,0.016
"E3","V3D",20106,"zone4",8,1000,0.008
"E3","V3D",20106,"zone5 (farthest)",424,1000,0.424
"E3","V3D",20107,"zone1 (nearest)",516,1000,0.516
"E3","V3D",20107,"zone2",32,1000,0.032
"E3","V3D",20107,"zone3",24,1000,0.024
"E3","V3D",20107,"zone4",8,1000,0.008
"E3","V3D",20107,"zone5 (farthest)",420,1000,0.42
"E3","V3D",20108,"zone1 (nearest)",484,1000,0.484
"E3","V3D",20108,"zone2",60,1000,0.06
"E3","V3D",20108,"zone3",24,1000,0.024
"E3","V3D",20108,"zone4",12,1000,0.012
"E3","V3D",20108,"zone5 (farthest)",420,1000,0.42
"E3","V3D",20109,"zone1 (nearest)",504,1000,0.504
"E3","V3D",20109,"zone2",56,1000,0.056
"E3","V3D",20109,"zone3",4,1000,0.004
"E3","V3D",20109,"zone4",24,1000,0.024
"E3","V3D",20109,"zone5 (farthest)",412,1000,0.412
"E3","V3D",20110,"zone1 (nearest)",500,1000,0.5
"E3","V3D",20110,"zone2",44,1000,0.044
"E3","V3D",20110,"zone3",24,1000,0.024
"E3","V3D",20110,"zone4",12,1000,0.012
"E3","V3D",20110,"zone5 (farthest)",420,1000,0.42
"E3","V3D",21101,"zone1 (nearest)",2124,2250,0.944
"E3","V3D",21101,"zone2",45,2250,0.02
"E3","V3D",21101,"zone3",18,2250,0.008
"E3","V3D",21101,"zone4",36,2250,0.016
"E3","V3D",21101,"zone5 (farthest)",27,2250,0.012
"E3","V3D",21102,"zone1 (nearest)",940,1000,0.94
"E3","V3D",21102,"zone2",8,1000,0.008
"E3","V3D",21102,"zone3",20,1000,0.02
"E3","V3D",21102,"zone4",4,1000,0.004
"E3","V3D",21102,"zone5 (farthest)",28,1000,0.028
"E3","V3D",21103,"zone1 (nearest)",940,1000,0.94
"E3","V3D",21103,"zone2",12,1000,0.012
"E3","V3D",21103,"zone3",12,1000,0.012
"E3","V3D",21103,"zone4",16,1000,0.016
"E3","V3D",21103,"zone5 (farthest)",20,1000,0.02
"E3","V3D",21104,"zone1 (nearest)",932,1000,0.932
"E3","V3D",21104,"zone2",24,1000,0.024
"E3","V3D",21104,"zone3",20,1000,0.02
"E3","V3D",21104,"zone4",16,1000,0.016
"E3","V3D",21104,"zone5 (farthest)",8,1000,0.008
"E3","V3D",21105,"zone1 (nearest)",924,1000,0.924
"E3","V3D",21105,"zone2",12,1000,0.012
"E3","V3D",21105,"zone3",16,1000,0.016
"E3","V3D",21105,"zone4",16,1000,0.016
"E3","V3D",21105,"zone5 (farthest)",32,1000,0.032
"E3","V3D",21106,"zone1 (nearest)",932,1000,0.932
"E3","V3D",21106,"zone2",12,1000,0.012
"E3","V3D",21106,"zone3",12,1000,0.012
"E3","V3D",21106,"zone4",16,1000,0.016
"E3","V3D",21106,"zone5 (farthest)",28,1000,0.028
"E3","V3D",21107,"zone1 (nearest)",924,1000,0.924
"E3","V3D",21107,"zone2",24,1000,0.024
"E3","V3D",21107,"zone3",12,1000,0.012
"E3","V3D",21107,"zone4",16,1000,0.016
"E3","V3D",21107,"zone5 (farthest)",24,1000,0.024
"E3","V3D",21108,"zone1 (nearest)",936,1000,0.936
"E3","V3D",21108,"zone2",16,1000,0.016
"E3","V3D",21108,"zone3",12,1000,0.012
"E3","V3D",21108,"zone4",16,1000,0.016
"E3","V3D",21108,"zone5 (farthest)",20,1000,0.02
"E3","V3D",21109,"zone1 (nearest)",932,1000,0.932
"E3","V3D",21109,"zone2",8,1000,0.008
"E3","V3D",21109,"zone3",20,1000,0.02
"E3","V3D",21109,"zone4",24,1000,0.024
"E3","V3D",21109,"zone5 (farthest)",16,1000,0.016
"E3","V3D",21110,"zone1 (nearest)",936,1000,0.936
"E3","V3D",21110,"zone2",16,1000,0.016
"E3","V3D",21110,"zone3",4,1000,0.004
"E3","V3D",21110,"zone4",20,1000,0.02
"E3","V3D",21110,"zone5 (farthest)",24,1000,0.024
"E3","V3D",22101,"zone1 (nearest)",756,2250,0.336
"E3","V3D",22101,"zone2",99,2250,0.044
"E3","V3D",22101,"zone3",306,2250,0.136
"E3","V3D",22101,"zone4",378,2250,0.168
"E3","V3D",22101,"zone5 (farthest)",711,2250,0.316
"E3","V3D",22102,"zone1 (nearest)",308,1000,0.308
"E3","V3D",22102,"zone2",60,1000,0.06
"E3","V3D",22102,"zone3",108,1000,0.108
"E3","V3D",22102,"zone4",200,1000,0.2
"E3","V3D",22102,"zone5 (farthest)",324,1000,0.324
"E3","V3D",22103,"zone1 (nearest)",332,1000,0.332
"E3","V3D",22103,"zone2",56,1000,0.056
"E3","V3D",22103,"zone3",72,1000,0.072
"E3","V3D",22103,"zone4",204,1000,0.204
"E3","V3D",22103,"zone5 (farthest)",336,1000,0.336
"E3","V3D",22104,"zone1 (nearest)",280,1000,0.28
"E3","V3D",22104,"zone2",80,1000,0.08
"E3","V3D",22104,"zone3",116,1000,0.116
"E3","V3D",22104,"zone4",180,1000,0.18
"E3","V3D",22104,"zone5 (farthest)",344,1000,0.344
"E3","V3D",22105,"zone1 (nearest)",284,1000,0.284
"E3","V3D",22105,"zone2",92,1000,0.092
"E3","V3D",22105,"zone3",88,1000,0.088
"E3","V3D",22105,"zone4",148,1000,0.148
"E3","V3D",22105,"zone5 (farthest)",388,1000,0.388
"E3","V3D",22106,"zone1 (nearest)",308,1000,0.308
"E3","V3D",22106,"zone2",84,1000,0.084
"E3","V3D",22106,"zone3",100,1000,0.1
"E3","V3D",22106,"zone4",148,1000,0.148
"E3","V3D",22106,"zone5 (farthest)",360,1000,0.36
"E3","V3D",22107,"zone1 (nearest)",360,1000,0.36
"E3","V3D",22107,"zone2",84,1000,0.084
"E3","V3D",22107,"zone3",92,1000,0.092
"E3","V3D",22107,"zone4",144,1000,0.144
"E3","V3D",22107,"zone5 (farthest)",320,1000,0.32
"E3","V3D",22108,"zone1 (nearest)",288,1000,0.288
"E3","V3D",22108,"zone2",48,1000,0.048
"E3","V3D",22108,"zone3",144,1000,0.144
"E3","V3D",22108,"zone4",224,1000,0.224
"E3","V3D",22108,"zone5 (farthest)",296,1000,0.296
"E3","V3D",22109,"zone1 (nearest)",324,1000,0.324
"E3","V3D",22109,"zone2",60,1000,0.06
"E3","V3D",22109,"zone3",116,1000,0.116
"E3","V3D",22109,"zone4",212,1000,0.212
"E3","V3D",22109,"zone5 (farthest)",288,1000,0.288
"E3","V3D",22110,"zone1 (nearest)",320,1000,0.32
"E3","V3D",22110,"zone2",72,1000,0.072
"E3","V3D",22110,"zone3",96,1000,0.096
"E3","V3D",22110,"zone4",176,1000,0.176
"E3","V3D",22110,"zone5 (farthest)",336,1000,0.336
"E3","V3D",23101,"zone1 (nearest)",1062,2250,0.472
"E3","V3D",23101,"zone2",45,2250,0.02
"E3","V3D",23101,"zone3",162,2250,0.072
"E3","V3D",23101,"zone4",0,2250,0
"E3","V3D",23101,"zone5 (farthest)",981,2250,0.436
"E3","V3D",23102,"zone1 (nearest)",492,1000,0.492
"E3","V3D",23102,"zone2",20,1000,0.02
"E3","V3D",23102,"zone3",48,1000,0.048
"E3","V3D",23102,"zone4",8,1000,0.008
"E3","V3D",23102,"zone5 (farthest)",432,1000,0.432
"E3","V3D",23103,"zone1 (nearest)",444,1000,0.444
"E3","V3D",23103,"zone2",24,1000,0.024
"E3","V3D",23103,"zone3",60,1000,0.06
"E3","V3D",23103,"zone4",16,1000,0.016
"E3","V3D",23103,"zone5 (farthest)",456,1000,0.456
"E3","V3D",23104,"zone1 (nearest)",452,1000,0.452
"E3","V3D",23104,"zone2",24,1000,0.024
"E3","V3D",23104,"zone3",36,1000,0.036
"E3","V3D",23104,"zone4",28,1000,0.028
"E3","V3D",23104,"zone5 (farthest)",460,1000,0.46
"E3","V3D",23105,"zone1 (nearest)",440,1000,0.44
"E3","V3D",23105,"zone2",20,1000,0.02
"E3","V3D",23105,"zone3",52,1000,0.052
"E3","V3D",23105,"zone4",28,1000,0.028
"E3","V3D",23105,"zone5 (farthest)",460,1000,0.46
"E3","V3D",23106,"zone1 (nearest)",484,1000,0.484
"E3","V3D",23106,"zone2",48,1000,0.048
"E3","V3D",23106,"zone3",40,1000,0.04
"E3","V3D",23106,"zone4",20,1000,0.02
"E3","V3D",23106,"zone5 (farthest)",408,1000,0.408
"E3","V3D",23107,"zone1 (nearest)",516,1000,0.516
"E3","V3D",23107,"zone2",20,1000,0.02
"E3","V3D",23107,"zone3",40,1000,0.04
"E3","V3D",23107,"zone4",24,1000,0.024
"E3","V3D",23107,"zone5 (farthest)",400,1000,0.4
"E3","V3D",23108,"zone1 (nearest)",404,1000,0.404
"E3","V3D",23108,"zone2",40,1000,0.04
"E3","V3D",23108,"zone3",56,1000,0.056
"E3","V3D",23108,"zone4",24,1000,0.024
"E3","V3D",23108,"zone5 (farthest)",476,1000,0.476
"E3","V3D",23109,"zone1 (nearest)",496,1000,0.496
"E3","V3D",23109,"zone2",32,1000,0.032
"E3","V3D",23109,"zone3",48,1000,0.048
"E3","V3D",23109,"zone4",28,1000,0.028
"E3","V3D",23109,"zone5 (farthest)",396,1000,0.396
"E3","V3D",23110,"zone1 (nearest)",496,1000,0.496
"E3","V3D",23110,"zone2",24,1000,0.024
"E3","V3D",23110,"zone3",40,1000,0.04
"E3","V3D",23110,"zone4",20,1000,0.02
"E3","V3D",23110,"zone5 (farthest)",420,1000,0.42
"E3","V3D",24101,"zone1 (nearest)",2142,2250,0.952
"E3","V3D",24101,"zone2",18,2250,0.008
"E3","V3D",24101,"zone3",9,2250,0.004
"E3","V3D",24101,"zone4",18,2250,0.008
"E3","V3D",24101,"zone5 (farthest)",63,2250,0.028
"E3","V3D",24102,"zone1 (nearest)",936,1000,0.936
"E3","V3D",24102,"zone2",20,1000,0.02
"E3","V3D",24102,"zone3",4,1000,0.004
"E3","V3D",24102,"zone4",12,1000,0.012
"E3","V3D",24102,"zone5 (farthest)",28,1000,0.028
"E3","V3D",24103,"zone1 (nearest)",952,1000,0.952
"E3","V3D",24103,"zone2",16,1000,0.016
"E3","V3D",24103,"zone3",4,1000,0.004
"E3","V3D",24103,"zone4",12,1000,0.012
"E3","V3D",24103,"zone5 (farthest)",16,1000,0.016
"E3","V3D",24104,"zone1 (nearest)",960,1000,0.96
"E3","V3D",24104,"zone2",4,1000,0.004
"E3","V3D",24104,"zone3",4,1000,0.004
"E3","V3D",24104,"zone4",16,1000,0.016
"E3","V3D",24104,"zone5 (farthest)",16,1000,0.016
"E3","V3D",24105,"zone1 (nearest)",956,1000,0.956
"E3","V3D",24105,"zone2",4,1000,0.004
"E3","V3D",24105,"zone3",4,1000,0.004
"E3","V3D",24105,"zone4",12,1000,0.012
"E3","V3D",24105,"zone5 (farthest)",24,1000,0.024
"E3","V3D",24106,"zone1 (nearest)",944,1000,0.944
"E3","V3D",24106,"zone2",12,1000,0.012
"E3","V3D",24106,"zone3",8,1000,0.008
"E3","V3D",24106,"zone4",8,1000,0.008
"E3","V3D",24106,"zone5 (farthest)",28,1000,0.028
"E3","V3D",24107,"zone1 (nearest)",960,1000,0.96
"E3","V3D",24107,"zone2",8,1000,0.008
"E3","V3D",24107,"zone3",4,1000,0.004
"E3","V3D",24107,"zone4",12,1000,0.012
"E3","V3D",24107,"zone5 (farthest)",16,1000,0.016
"E3","V3D",24108,"zone1 (nearest)",940,1000,0.94
"E3","V3D",24108,"zone2",12,1000,0.012
"E3","V3D",24108,"zone3",12,1000,0.012
"E3","V3D",24108,"zone4",16,1000,0.016
"E3","V3D",24108,"zone5 (farthest)",20,1000,0.02
"E3","V3D",24109,"zone1 (nearest)",948,1000,0.948
"E3","V3D",24109,"zone2",16,1000,0.016
"E3","V3D",24109,"zone3",4,1000,0.004
"E3","V3D",24109,"zone4",16,1000,0.016
"E3","V3D",24109,"zone5 (farthest)",16,1000,0.016
"E3","V3D",24110,"zone1 (nearest)",960,1000,0.96
"E3","V3D",24110,"zone2",0,1000,0
"E3","V3D",24110,"zone3",4,1000,0.004
"E3","V3D",24110,"zone4",20,1000,0.02
"E3","V3D",24110,"zone5 (farthest)",16,1000,0.016
"E3","V3D",25101,"zone1 (nearest)",2025,2250,0.9
"E3","V3D",25101,"zone2",90,2250,0.04
"E3","V3D",25101,"zone3",45,2250,0.02
"E3","V3D",25101,"zone4",45,2250,0.02
"E3","V3D",25101,"zone5 (farthest)",45,2250,0.02
"E3","V3D",25102,"zone1 (nearest)",900,1000,0.9
"E3","V3D",25102,"zone2",44,1000,0.044
"E3","V3D",25102,"zone3",36,1000,0.036
"E3","V3D",25102,"zone4",12,1000,0.012
"E3","V3D",25102,"zone5 (farthest)",8,1000,0.008
"E3","V3D",25103,"zone1 (nearest)",880,1000,0.88
"E3","V3D",25103,"zone2",64,1000,0.064
"E3","V3D",25103,"zone3",40,1000,0.04
"E3","V3D",25103,"zone4",4,1000,0.004
"E3","V3D",25103,"zone5 (farthest)",12,1000,0.012
"E3","V3D",25104,"zone1 (nearest)",912,1000,0.912
"E3","V3D",25104,"zone2",36,1000,0.036
"E3","V3D",25104,"zone3",20,1000,0.02
"E3","V3D",25104,"zone4",12,1000,0.012
"E3","V3D",25104,"zone5 (farthest)",20,1000,0.02
"E3","V3D",25105,"zone1 (nearest)",888,1000,0.888
"E3","V3D",25105,"zone2",64,1000,0.064
"E3","V3D",25105,"zone3",32,1000,0.032
"E3","V3D",25105,"zone4",8,1000,0.008
"E3","V3D",25105,"zone5 (farthest)",8,1000,0.008
"E3","V3D",25106,"zone1 (nearest)",900,1000,0.9
"E3","V3D",25106,"zone2",68,1000,0.068
"E3","V3D",25106,"zone3",16,1000,0.016
"E3","V3D",25106,"zone4",4,1000,0.004
"E3","V3D",25106,"zone5 (farthest)",12,1000,0.012
"E3","V3D",25107,"zone1 (nearest)",884,1000,0.884
"E3","V3D",25107,"zone2",52,1000,0.052
"E3","V3D",25107,"zone3",36,1000,0.036
"E3","V3D",25107,"zone4",16,1000,0.016
"E3","V3D",25107,"zone5 (farthest)",12,1000,0.012
"E3","V3D",25108,"zone1 (nearest)",884,1000,0.884
"E3","V3D",25108,"zone2",64,1000,0.064
"E3","V3D",25108,"zone3",20,1000,0.02
"E3","V3D",25108,"zone4",24,1000,0.024
"E3","V3D",25108,"zone5 (farthest)",8,1000,0.008
"E3","V3D",25109,"zone1 (nearest)",884,1000,0.884
"E3","V3D",25109,"zone2",72,1000,0.072
"E3","V3D",25109,"zone3",16,1000,0.016
"E3","V3D",25109,"zone4",24,1000,0.024
"E3","V3D",25109,"zone5 (farthest)",4,1000,0.004
"E3","V3D",25110,"zone1 (nearest)",904,1000,0.904
"E3","V3D",25110,"zone2",48,1000,0.048
"E3","V3D",25110,"zone3",20,1000,0.02
"E3","V3D",25110,"zone4",12,1000,0.012
"E3","V3D",25110,"zone5 (farthest)",16,1000,0.016
"E3","V3D",26101,"zone1 (nearest)",1998,2250,0.888
"E3","V3D",26101,"zone2",90,2250,0.04
"E3","V3D",26101,"zone3",72,2250,0.032
"E3","V3D",26101,"zone4",0,2250,0
"E3","V3D",26101,"zone5 (farthest)",90,2250,0.04
"E3","V3D",26102,"zone1 (nearest)",904,1000,0.904
"E3","V3D",26102,"zone2",28,1000,0.028
"E3","V3D",26102,"zone3",28,1000,0.028
"E3","V3D",26102,"zone4",8,1000,0.008
"E3","V3D",26102,"zone5 (farthest)",32,1000,0.032
"E3","V3D",26103,"zone1 (nearest)",896,1000,0.896
"E3","V3D",26103,"zone2",16,1000,0.016
"E3","V3D",26103,"zone3",48,1000,0.048
"E3","V3D",26103,"zone4",8,1000,0.008
"E3","V3D",26103,"zone5 (farthest)",32,1000,0.032
"E3","V3D",26104,"zone1 (nearest)",900,1000,0.9
"E3","V3D",26104,"zone2",24,1000,0.024
"E3","V3D",26104,"zone3",40,1000,0.04
"E3","V3D",26104,"zone4",12,1000,0.012
"E3","V3D",26104,"zone5 (farthest)",24,1000,0.024
"E3","V3D",26105,"zone1 (nearest)",888,1000,0.888
"E3","V3D",26105,"zone2",36,1000,0.036
"E3","V3D",26105,"zone3",36,1000,0.036
"E3","V3D",26105,"zone4",8,1000,0.008
"E3","V3D",26105,"zone5 (farthest)",32,1000,0.032
"E3","V3D",26106,"zone1 (nearest)",880,1000,0.88
"E3","V3D",26106,"zone2",28,1000,0.028
"E3","V3D",26106,"zone3",52,1000,0.052
"E3","V3D",26106,"zone4",8,1000,0.008
"E3","V3D",26106,"zone5 (farthest)",32,1000,0.032
"E3","V3D",26107,"zone1 (nearest)",892,1000,0.892
"E3","V3D",26107,"zone2",44,1000,0.044
"E3","V3D",26107,"zone3",36,1000,0.036
"E3","V3D",26107,"zone4",0,1000,0
"E3","V3D",26107,"zone5 (farthest)",28,1000,0.028
"E3","V3D",26108,"zone1 (nearest)",896,1000,0.896
"E3","V3D",26108,"zone2",28,1000,0.028
"E3","V3D",26108,"zone3",44,1000,0.044
"E3","V3D",26108,"zone4",8,1000,0.008
"E3","V3D",26108,"zone5 (farthest)",24,1000,0.024
"E3","V3D",26109,"zone1 (nearest)",896,1000,0.896
"E3","V3D",26109,"zone2",28,1000,0.028
"E3","V3D",26109,"zone3",32,1000,0.032
"E3","V3D",26109,"zone4",20,1000,0.02
"E3","V3D",26109,"zone5 (farthest)",24,1000,0.024
"E3","V3D",26110,"zone1 (nearest)",908,1000,0.908
"E3","V3D",26110,"zone2",32,1000,0.032
"E3","V3D",26110,"zone3",24,1000,0.024
"E3","V3D",26110,"zone4",8,1000,0.008
"E3","V3D",26110,"zone5 (farthest)",28,1000,0.028
"E3","V3D",27101,"zone1 (nearest)",1980,2250,0.88
"E3","V3D",27101,"zone2",36,2250,0.016
"E3","V3D",27101,"zone3",63,2250,0.028
"E3","V3D",27101,"zone4",81,2250,0.036
"E3","V3D",27101,"zone5 (farthest)",90,2250,0.04
"E3","V3D",27102,"zone1 (nearest)",884,1000,0.884
"E3","V3D",27102,"zone2",8,1000,0.008
"E3","V3D",27102,"zone3",32,1000,0.032
"E3","V3D",27102,"zone4",28,1000,0.028
"E3","V3D",27102,"zone5 (farthest)",48,1000,0.048
"E3","V3D",27103,"zone1 (nearest)",880,1000,0.88
"E3","V3D",27103,"zone2",24,1000,0.024
"E3","V3D",27103,"zone3",28,1000,0.028
"E3","V3D",27103,"zone4",16,1000,0.016
"E3","V3D",27103,"zone5 (farthest)",52,1000,0.052
"E3","V3D",27104,"zone1 (nearest)",880,1000,0.88
"E3","V3D",27104,"zone2",32,1000,0.032
"E3","V3D",27104,"zone3",56,1000,0.056
"E3","V3D",27104,"zone4",12,1000,0.012
"E3","V3D",27104,"zone5 (farthest)",20,1000,0.02
"E3","V3D",27105,"zone1 (nearest)",860,1000,0.86
"E3","V3D",27105,"zone2",24,1000,0.024
"E3","V3D",27105,"zone3",56,1000,0.056
"E3","V3D",27105,"zone4",40,1000,0.04
"E3","V3D",27105,"zone5 (farthest)",20,1000,0.02
"E3","V3D",27106,"zone1 (nearest)",860,1000,0.86
"E3","V3D",27106,"zone2",40,1000,0.04
"E3","V3D",27106,"zone3",28,1000,0.028
"E3","V3D",27106,"zone4",28,1000,0.028
"E3","V3D",27106,"zone5 (farthest)",44,1000,0.044
"E3","V3D",27107,"zone1 (nearest)",904,1000,0.904
"E3","V3D",27107,"zone2",20,1000,0.02
"E3","V3D",27107,"zone3",24,1000,0.024
"E3","V3D",27107,"zone4",16,1000,0.016
"E3","V3D",27107,"zone5 (farthest)",36,1000,0.036
"E3","V3D",27108,"zone1 (nearest)",892,1000,0.892
"E3","V3D",27108,"zone2",52,1000,0.052
"E3","V3D",27108,"zone3",8,1000,0.008
"E3","V3D",27108,"zone4",20,1000,0.02
"E3","V3D",27108,"zone5 (farthest)",28,1000,0.028
"E3","V3D",27109,"zone1 (nearest)",888,1000,0.888
"E3","V3D",27109,"zone2",24,1000,0.024
"E3","V3D",27109,"zone3",28,1000,0.028
"E3","V3D",27109,"zone4",28,1000,0.028
"E3","V3D",27109,"zone5 (farthest)",32,1000,0.032
"E3","V3D",27110,"zone1 (nearest)",888,1000,0.888
"E3","V3D",27110,"zone2",32,1000,0.032
"E3","V3D",27110,"zone3",36,1000,0.036
"E3","V3D",27110,"zone4",8,1000,0.008
"E3","V3D",27110,"zone5 (farthest)",36,1000,0.036
"E3","V3D",28101,"zone1 (nearest)",1728,2250,0.768
"E3","V3D",28101,"zone2",18,2250,0.008
"E3","V3D",28101,"zone3",27,2250,0.012
"E3","V3D",28101,"zone4",63,2250,0.028
"E3","V3D",28101,"zone5 (farthest)",414,2250,0.184
"E3","V3D",28102,"zone1 (nearest)",800,1000,0.8
"E3","V3D",28102,"zone2",16,1000,0.016
"E3","V3D",28102,"zone3",4,1000,0.004
"E3","V3D",28102,"zone4",20,1000,0.02
"E3","V3D",28102,"zone5 (farthest)",160,1000,0.16
"E3","V3D",28103,"zone1 (nearest)",800,1000,0.8
"E3","V3D",28103,"zone2",20,1000,0.02
"E3","V3D",28103,"zone3",12,1000,0.012
"E3","V3D",28103,"zone4",16,1000,0.016
"E3","V3D",28103,"zone5 (farthest)",152,1000,0.152
"E3","V3D",28104,"zone1 (nearest)",720,1000,0.72
"E3","V3D",28104,"zone2",36,1000,0.036
"E3","V3D",28104,"zone3",24,1000,0.024
"E3","V3D",28104,"zone4",28,1000,0.028
"E3","V3D",28104,"zone5 (farthest)",192,1000,0.192
"E3","V3D",28105,"zone1 (nearest)",760,1000,0.76
"E3","V3D",28105,"zone2",20,1000,0.02
"E3","V3D",28105,"zone3",24,1000,0.024
"E3","V3D",28105,"zone4",20,1000,0.02
"E3","V3D",28105,"zone5 (farthest)",176,1000,0.176
"E3","V3D",28106,"zone1 (nearest)",784,1000,0.784
"E3","V3D",28106,"zone2",8,1000,0.008
"E3","V3D",28106,"zone3",16,1000,0.016
"E3","V3D",28106,"zone4",12,1000,0.012
"E3","V3D",28106,"zone5 (farthest)",180,1000,0.18
"E3","V3D",28107,"zone1 (nearest)",780,1000,0.78
"E3","V3D",28107,"zone2",16,1000,0.016
"E3","V3D",28107,"zone3",28,1000,0.028
"E3","V3D",28107,"zone4",8,1000,0.008
"E3","V3D",28107,"zone5 (farthest)",168,1000,0.168
"E3","V3D",28108,"zone1 (nearest)",752,1000,0.752
"E3","V3D",28108,"zone2",4,1000,0.004
"E3","V3D",28108,"zone3",20,1000,0.02
"E3","V3D",28108,"zone4",12,1000,0.012
"E3","V3D",28108,"zone5 (farthest)",212,1000,0.212
"E3","V3D",28109,"zone1 (nearest)",796,1000,0.796
"E3","V3D",28109,"zone2",20,1000,0.02
"E3","V3D",28109,"zone3",4,1000,0.004
"E3","V3D",28109,"zone4",20,1000,0.02
"E3","V3D",28109,"zone5 (farthest)",160,1000,0.16
"E3","V3D",28110,"zone1 (nearest)",744,1000,0.744
"E3","V3D",28110,"zone2",16,1000,0.016
"E3","V3D",28110,"zone3",16,1000,0.016
"E3","V3D",28110,"zone4",8,1000,0.008
"E3","V3D",28110,"zone5 (farthest)",216,1000,0.216
"E3","V3D",29101,"zone1 (nearest)",1440,2250,0.64
"E3","V3D",29101,"zone2",225,2250,0.1
"E3","V3D",29101,"zone3",162,2250,0.072
"E3","V3D",29101,"zone4",189,2250,0.084
"E3","V3D",29101,"zone5 (farthest)",234,2250,0.104
"E3","V3D",29102,"zone1 (nearest)",704,1000,0.704
"E3","V3D",29102,"zone2",56,1000,0.056
"E3","V3D",29102,"zone3",64,1000,0.064
"E3","V3D",29102,"zone4",68,1000,0.068
"E3","V3D",29102,"zone5 (farthest)",108,1000,0.108
"E3","V3D",29103,"zone1 (nearest)",692,1000,0.692
"E3","V3D",29103,"zone2",100,1000,0.1
"E3","V3D",29103,"zone3",52,1000,0.052
"E3","V3D",29103,"zone4",64,1000,0.064
"E3","V3D",29103,"zone5 (farthest)",92,1000,0.092
"E3","V3D",29104,"zone1 (nearest)",688,1000,0.688
"E3","V3D",29104,"zone2",76,1000,0.076
"E3","V3D",29104,"zone3",60,1000,0.06
"E3","V3D",29104,"zone4",76,1000,0.076
"E3","V3D",29104,"zone5 (farthest)",100,1000,0.1
"E3","V3D",29105,"zone1 (nearest)",656,1000,0.656
"E3","V3D",29105,"zone2",84,1000,0.084
"E3","V3D",29105,"zone3",76,1000,0.076
"E3","V3D",29105,"zone4",72,1000,0.072
"E3","V3D",29105,"zone5 (farthest)",112,1000,0.112
"E3","V3D",29106,"zone1 (nearest)",716,1000,0.716
"E3","V3D",29106,"zone2",68,1000,0.068
"E3","V3D",29106,"zone3",92,1000,0.092
"E3","V3D",29106,"zone4",36,1000,0.036
"E3","V3D",29106,"zone5 (farthest)",88,1000,0.088
"E3","V3D",29107,"zone1 (nearest)",680,1000,0.68
"E3","V3D",29107,"zone2",76,1000,0.076
"E3","V3D",29107,"zone3",64,1000,0.064
"E3","V3D",29107,"zone4",96,1000,0.096
"E3","V3D",29107,"zone5 (farthest)",84,1000,0.084
"E3","V3D",29108,"zone1 (nearest)",692,1000,0.692
"E3","V3D",29108,"zone2",112,1000,0.112
"E3","V3D",29108,"zone3",48,1000,0.048
"E3","V3D",29108,"zone4",44,1000,0.044
"E3","V3D",29108,"zone5 (farthest)",104,1000,0.104
"E3","V3D",29109,"zone1 (nearest)",668,1000,0.668
"E3","V3D",29109,"zone2",104,1000,0.104
"E3","V3D",29109,"zone3",84,1000,0.084
"E3","V3D",29109,"zone4",60,1000,0.06
"E3","V3D",29109,"zone5 (farthest)",84,1000,0.084
"E3","V3D",29110,"zone1 (nearest)",684,1000,0.684
"E3","V3D",29110,"zone2",60,1000,0.06
"E3","V3D",29110,"zone3",92,1000,0.092
"E3","V3D",29110,"zone4",64,1000,0.064
"E3","V3D",29110,"zone5 (farthest)",100,1000,0.1
"E3","V3D",30101,"zone1 (nearest)",1746,2250,0.776
"E3","V3D",30101,"zone2",54,2250,0.024
"E3","V3D",30101,"zone3",36,2250,0.016
"E3","V3D",30101,"zone4",54,2250,0.024
"E3","V3D",30101,"zone5 (farthest)",360,2250,0.16
"E3","V3D",30102,"zone1 (nearest)",820,1000,0.82
"E3","V3D",30102,"zone2",24,1000,0.024
"E3","V3D",30102,"zone3",8,1000,0.008
"E3","V3D",30102,"zone4",16,1000,0.016
"E3","V3D",30102,"zone5 (farthest)",132,1000,0.132
"E3","V3D",30103,"zone1 (nearest)",792,1000,0.792
"E3","V3D",30103,"zone2",36,1000,0.036
"E3","V3D",30103,"zone3",12,1000,0.012
"E3","V3D",30103,"zone4",8,1000,0.008
"E3","V3D",30103,"zone5 (farthest)",152,1000,0.152
"E3","V3D",30104,"zone1 (nearest)",808,1000,0.808
"E3","V3D",30104,"zone2",28,1000,0.028
"E3","V3D",30104,"zone3",8,1000,0.008
"E3","V3D",30104,"zone4",4,1000,0.004
"E3","V3D",30104,"zone5 (farthest)",152,1000,0.152
"E3","V3D",30105,"zone1 (nearest)",816,1000,0.816
"E3","V3D",30105,"zone2",16,1000,0.016
"E3","V3D",30105,"zone3",12,1000,0.012
"E3","V3D",30105,"zone4",12,1000,0.012
"E3","V3D",30105,"zone5 (farthest)",144,1000,0.144
"E3","V3D",30106,"zone1 (nearest)",804,1000,0.804
"E3","V3D",30106,"zone2",24,1000,0.024
"E3","V3D",30106,"zone3",12,1000,0.012
"E3","V3D",30106,"zone4",8,1000,0.008
"E3","V3D",30106,"zone5 (farthest)",152,1000,0.152
"E3","V3D",30107,"zone1 (nearest)",812,1000,0.812
"E3","V3D",30107,"zone2",28,1000,0.028
"E3","V3D",30107,"zone3",8,1000,0.008
"E3","V3D",30107,"zone4",8,1000,0.008
"E3","V3D",30107,"zone5 (farthest)",144,1000,0.144
"E3","V3D",30108,"zone1 (nearest)",800,1000,0.8
"E3","V3D",30108,"zone2",40,1000,0.04
"E3","V3D",30108,"zone3",20,1000,0.02
"E3","V3D",30108,"zone4",0,1000,0
"E3","V3D",30108,"zone5 (farthest)",140,1000,0.14
"E3","V3D",30109,"zone1 (nearest)",808,1000,0.808
"E3","V3D",30109,"zone2",32,1000,0.032
"E3","V3D",30109,"zone3",24,1000,0.024
"E3","V3D",30109,"zone4",8,1000,0.008
"E3","V3D",30109,"zone5 (farthest)",128,1000,0.128
"E3","V3D",30110,"zone1 (nearest)",804,1000,0.804
"E3","V3D",30110,"zone2",28,1000,0.028
"E3","V3D",30110,"zone3",4,1000,0.004
"E3","V3D",30110,"zone4",8,1000,0.008
"E3","V3D",30110,"zone5 (farthest)",156,1000,0.156
"E3","V3E",1101,"zone1 (nearest)",342,2250,0.152
"E3","V3E",1101,"zone2",522,2250,0.232
"E3","V3E",1101,"zone3",531,2250,0.236
"E3","V3E",1101,"zone4",405,2250,0.18
"E3","V3E",1101,"zone5 (farthest)",450,2250,0.2
"E3","V3E",1102,"zone1 (nearest)",184,1000,0.184
"E3","V3E",1102,"zone2",216,1000,0.216
"E3","V3E",1102,"zone3",160,1000,0.16
"E3","V3E",1102,"zone4",232,1000,0.232
"E3","V3E",1102,"zone5 (farthest)",208,1000,0.208
"E3","V3E",1103,"zone1 (nearest)",188,1000,0.188
"E3","V3E",1103,"zone2",196,1000,0.196
"E3","V3E",1103,"zone3",208,1000,0.208
"E3","V3E",1103,"zone4",196,1000,0.196
"E3","V3E",1103,"zone5 (farthest)",212,1000,0.212
"E3","V3E",1104,"zone1 (nearest)",208,1000,0.208
"E3","V3E",1104,"zone2",212,1000,0.212
"E3","V3E",1104,"zone3",224,1000,0.224
"E3","V3E",1104,"zone4",204,1000,0.204
"E3","V3E",1104,"zone5 (farthest)",152,1000,0.152
"E3","V3E",1105,"zone1 (nearest)",176,1000,0.176
"E3","V3E",1105,"zone2",216,1000,0.216
"E3","V3E",1105,"zone3",184,1000,0.184
"E3","V3E",1105,"zone4",196,1000,0.196
"E3","V3E",1105,"zone5 (farthest)",228,1000,0.228
"E3","V3E",1106,"zone1 (nearest)",200,1000,0.2
"E3","V3E",1106,"zone2",204,1000,0.204
"E3","V3E",1106,"zone3",204,1000,0.204
"E3","V3E",1106,"zone4",208,1000,0.208
"E3","V3E",1106,"zone5 (farthest)",184,1000,0.184
"E3","V3E",1107,"zone1 (nearest)",196,1000,0.196
"E3","V3E",1107,"zone2",236,1000,0.236
"E3","V3E",1107,"zone3",200,1000,0.2
"E3","V3E",1107,"zone4",212,1000,0.212
"E3","V3E",1107,"zone5 (farthest)",156,1000,0.156
"E3","V3E",1108,"zone1 (nearest)",168,1000,0.168
"E3","V3E",1108,"zone2",188,1000,0.188
"E3","V3E",1108,"zone3",204,1000,0.204
"E3","V3E",1108,"zone4",228,1000,0.228
"E3","V3E",1108,"zone5 (farthest)",212,1000,0.212
"E3","V3E",1109,"zone1 (nearest)",196,1000,0.196
"E3","V3E",1109,"zone2",176,1000,0.176
"E3","V3E",1109,"zone3",204,1000,0.204
"E3","V3E",1109,"zone4",208,1000,0.208
"E3","V3E",1109,"zone5 (farthest)",216,1000,0.216
"E3","V3E",1110,"zone1 (nearest)",176,1000,0.176
"E3","V3E",1110,"zone2",220,1000,0.22
"E3","V3E",1110,"zone3",176,1000,0.176
"E3","V3E",1110,"zone4",240,1000,0.24
"E3","V3E",1110,"zone5 (farthest)",188,1000,0.188
"E3","V3E",2101,"zone1 (nearest)",405,2250,0.18
"E3","V3E",2101,"zone2",423,2250,0.188
"E3","V3E",2101,"zone3",405,2250,0.18
"E3","V3E",2101,"zone4",387,2250,0.172
"E3","V3E",2101,"zone5 (farthest)",630,2250,0.28
"E3","V3E",2102,"zone1 (nearest)",232,1000,0.232
"E3","V3E",2102,"zone2",152,1000,0.152
"E3","V3E",2102,"zone3",200,1000,0.2
"E3","V3E",2102,"zone4",204,1000,0.204
"E3","V3E",2102,"zone5 (farthest)",212,1000,0.212
"E3","V3E",2103,"zone1 (nearest)",184,1000,0.184
"E3","V3E",2103,"zone2",184,1000,0.184
"E3","V3E",2103,"zone3",208,1000,0.208
"E3","V3E",2103,"zone4",184,1000,0.184
"E3","V3E",2103,"zone5 (farthest)",240,1000,0.24
"E3","V3E",2104,"zone1 (nearest)",168,1000,0.168
"E3","V3E",2104,"zone2",244,1000,0.244
"E3","V3E",2104,"zone3",172,1000,0.172
"E3","V3E",2104,"zone4",196,1000,0.196
"E3","V3E",2104,"zone5 (farthest)",220,1000,0.22
"E3","V3E",2105,"zone1 (nearest)",180,1000,0.18
"E3","V3E",2105,"zone2",188,1000,0.188
"E3","V3E",2105,"zone3",188,1000,0.188
"E3","V3E",2105,"zone4",164,1000,0.164
"E3","V3E",2105,"zone5 (farthest)",280,1000,0.28
"E3","V3E",2106,"zone1 (nearest)",184,1000,0.184
"E3","V3E",2106,"zone2",260,1000,0.26
"E3","V3E",2106,"zone3",152,1000,0.152
"E3","V3E",2106,"zone4",208,1000,0.208
"E3","V3E",2106,"zone5 (farthest)",196,1000,0.196
"E3","V3E",2107,"zone1 (nearest)",220,1000,0.22
"E3","V3E",2107,"zone2",212,1000,0.212
"E3","V3E",2107,"zone3",196,1000,0.196
"E3","V3E",2107,"zone4",156,1000,0.156
"E3","V3E",2107,"zone5 (farthest)",216,1000,0.216
"E3","V3E",2108,"zone1 (nearest)",188,1000,0.188
"E3","V3E",2108,"zone2",200,1000,0.2
"E3","V3E",2108,"zone3",188,1000,0.188
"E3","V3E",2108,"zone4",188,1000,0.188
"E3","V3E",2108,"zone5 (farthest)",236,1000,0.236
"E3","V3E",2109,"zone1 (nearest)",200,1000,0.2
"E3","V3E",2109,"zone2",200,1000,0.2
"E3","V3E",2109,"zone3",184,1000,0.184
"E3","V3E",2109,"zone4",176,1000,0.176
"E3","V3E",2109,"zone5 (farthest)",240,1000,0.24
"E3","V3E",2110,"zone1 (nearest)",156,1000,0.156
"E3","V3E",2110,"zone2",200,1000,0.2
"E3","V3E",2110,"zone3",216,1000,0.216
"E3","V3E",2110,"zone4",196,1000,0.196
"E3","V3E",2110,"zone5 (farthest)",232,1000,0.232
"E3","V3E",3101,"zone1 (nearest)",369,2250,0.164
"E3","V3E",3101,"zone2",513,2250,0.228
"E3","V3E",3101,"zone3",495,2250,0.22
"E3","V3E",3101,"zone4",495,2250,0.22
"E3","V3E",3101,"zone5 (farthest)",378,2250,0.168
"E3","V3E",3102,"zone1 (nearest)",196,1000,0.196
"E3","V3E",3102,"zone2",200,1000,0.2
"E3","V3E",3102,"zone3",216,1000,0.216
"E3","V3E",3102,"zone4",224,1000,0.224
"E3","V3E",3102,"zone5 (farthest)",164,1000,0.164
"E3","V3E",3103,"zone1 (nearest)",144,1000,0.144
"E3","V3E",3103,"zone2",232,1000,0.232
"E3","V3E",3103,"zone3",224,1000,0.224
"E3","V3E",3103,"zone4",208,1000,0.208
"E3","V3E",3103,"zone5 (farthest)",192,1000,0.192
"E3","V3E",3104,"zone1 (nearest)",180,1000,0.18
"E3","V3E",3104,"zone2",212,1000,0.212
"E3","V3E",3104,"zone3",204,1000,0.204
"E3","V3E",3104,"zone4",252,1000,0.252
"E3","V3E",3104,"zone5 (farthest)",152,1000,0.152
"E3","V3E",3105,"zone1 (nearest)",168,1000,0.168
"E3","V3E",3105,"zone2",228,1000,0.228
"E3","V3E",3105,"zone3",184,1000,0.184
"E3","V3E",3105,"zone4",216,1000,0.216
"E3","V3E",3105,"zone5 (farthest)",204,1000,0.204
"E3","V3E",3106,"zone1 (nearest)",200,1000,0.2
"E3","V3E",3106,"zone2",184,1000,0.184
"E3","V3E",3106,"zone3",232,1000,0.232
"E3","V3E",3106,"zone4",212,1000,0.212
"E3","V3E",3106,"zone5 (farthest)",172,1000,0.172
"E3","V3E",3107,"zone1 (nearest)",232,1000,0.232
"E3","V3E",3107,"zone2",180,1000,0.18
"E3","V3E",3107,"zone3",252,1000,0.252
"E3","V3E",3107,"zone4",132,1000,0.132
"E3","V3E",3107,"zone5 (farthest)",204,1000,0.204
"E3","V3E",3108,"zone1 (nearest)",188,1000,0.188
"E3","V3E",3108,"zone2",200,1000,0.2
"E3","V3E",3108,"zone3",224,1000,0.224
"E3","V3E",3108,"zone4",208,1000,0.208
"E3","V3E",3108,"zone5 (farthest)",180,1000,0.18
"E3","V3E",3109,"zone1 (nearest)",176,1000,0.176
"E3","V3E",3109,"zone2",200,1000,0.2
"E3","V3E",3109,"zone3",236,1000,0.236
"E3","V3E",3109,"zone4",216,1000,0.216
"E3","V3E",3109,"zone5 (farthest)",172,1000,0.172
"E3","V3E",3110,"zone1 (nearest)",156,1000,0.156
"E3","V3E",3110,"zone2",212,1000,0.212
"E3","V3E",3110,"zone3",224,1000,0.224
"E3","V3E",3110,"zone4",216,1000,0.216
"E3","V3E",3110,"zone5 (farthest)",192,1000,0.192
"E3","V3E",4101,"zone1 (nearest)",1080,2250,0.48
"E3","V3E",4101,"zone2",126,2250,0.056
"E3","V3E",4101,"zone3",81,2250,0.036
"E3","V3E",4101,"zone4",81,2250,0.036
"E3","V3E",4101,"zone5 (farthest)",882,2250,0.392
"E3","V3E",4102,"zone1 (nearest)",464,1000,0.464
"E3","V3E",4102,"zone2",24,1000,0.024
"E3","V3E",4102,"zone3",24,1000,0.024
"E3","V3E",4102,"zone4",68,1000,0.068
"E3","V3E",4102,"zone5 (farthest)",420,1000,0.42
"E3","V3E",4103,"zone1 (nearest)",480,1000,0.48
"E3","V3E",4103,"zone2",60,1000,0.06
"E3","V3E",4103,"zone3",24,1000,0.024
"E3","V3E",4103,"zone4",56,1000,0.056
"E3","V3E",4103,"zone5 (farthest)",380,1000,0.38
"E3","V3E",4104,"zone1 (nearest)",424,1000,0.424
"E3","V3E",4104,"zone2",48,1000,0.048
"E3","V3E",4104,"zone3",32,1000,0.032
"E3","V3E",4104,"zone4",44,1000,0.044
"E3","V3E",4104,"zone5 (farthest)",452,1000,0.452
"E3","V3E",4105,"zone1 (nearest)",432,1000,0.432
"E3","V3E",4105,"zone2",44,1000,0.044
"E3","V3E",4105,"zone3",40,1000,0.04
"E3","V3E",4105,"zone4",32,1000,0.032
"E3","V3E",4105,"zone5 (farthest)",452,1000,0.452
"E3","V3E",4106,"zone1 (nearest)",420,1000,0.42
"E3","V3E",4106,"zone2",24,1000,0.024
"E3","V3E",4106,"zone3",32,1000,0.032
"E3","V3E",4106,"zone4",28,1000,0.028
"E3","V3E",4106,"zone5 (farthest)",496,1000,0.496
"E3","V3E",4107,"zone1 (nearest)",456,1000,0.456
"E3","V3E",4107,"zone2",60,1000,0.06
"E3","V3E",4107,"zone3",40,1000,0.04
"E3","V3E",4107,"zone4",28,1000,0.028
"E3","V3E",4107,"zone5 (farthest)",416,1000,0.416
"E3","V3E",4108,"zone1 (nearest)",436,1000,0.436
"E3","V3E",4108,"zone2",44,1000,0.044
"E3","V3E",4108,"zone3",36,1000,0.036
"E3","V3E",4108,"zone4",48,1000,0.048
"E3","V3E",4108,"zone5 (farthest)",436,1000,0.436
"E3","V3E",4109,"zone1 (nearest)",476,1000,0.476
"E3","V3E",4109,"zone2",48,1000,0.048
"E3","V3E",4109,"zone3",40,1000,0.04
"E3","V3E",4109,"zone4",16,1000,0.016
"E3","V3E",4109,"zone5 (farthest)",420,1000,0.42
"E3","V3E",4110,"zone1 (nearest)",460,1000,0.46
"E3","V3E",4110,"zone2",32,1000,0.032
"E3","V3E",4110,"zone3",44,1000,0.044
"E3","V3E",4110,"zone4",68,1000,0.068
"E3","V3E",4110,"zone5 (farthest)",396,1000,0.396
"E3","V3E",5101,"zone1 (nearest)",450,2250,0.2
"E3","V3E",5101,"zone2",450,2250,0.2
"E3","V3E",5101,"zone3",405,2250,0.18
"E3","V3E",5101,"zone4",504,2250,0.224
"E3","V3E",5101,"zone5 (farthest)",441,2250,0.196
"E3","V3E",5102,"zone1 (nearest)",224,1000,0.224
"E3","V3E",5102,"zone2",196,1000,0.196
"E3","V3E",5102,"zone3",152,1000,0.152
"E3","V3E",5102,"zone4",260,1000,0.26
"E3","V3E",5102,"zone5 (farthest)",168,1000,0.168
"E3","V3E",5103,"zone1 (nearest)",192,1000,0.192
"E3","V3E",5103,"zone2",224,1000,0.224
"E3","V3E",5103,"zone3",216,1000,0.216
"E3","V3E",5103,"zone4",180,1000,0.18
"E3","V3E",5103,"zone5 (farthest)",188,1000,0.188
"E3","V3E",5104,"zone1 (nearest)",184,1000,0.184
"E3","V3E",5104,"zone2",228,1000,0.228
"E3","V3E",5104,"zone3",176,1000,0.176
"E3","V3E",5104,"zone4",216,1000,0.216
"E3","V3E",5104,"zone5 (farthest)",196,1000,0.196
"E3","V3E",5105,"zone1 (nearest)",172,1000,0.172
"E3","V3E",5105,"zone2",240,1000,0.24
"E3","V3E",5105,"zone3",128,1000,0.128
"E3","V3E",5105,"zone4",188,1000,0.188
"E3","V3E",5105,"zone5 (farthest)",272,1000,0.272
"E3","V3E",5106,"zone1 (nearest)",152,1000,0.152
"E3","V3E",5106,"zone2",216,1000,0.216
"E3","V3E",5106,"zone3",228,1000,0.228
"E3","V3E",5106,"zone4",200,1000,0.2
"E3","V3E",5106,"zone5 (farthest)",204,1000,0.204
"E3","V3E",5107,"zone1 (nearest)",228,1000,0.228
"E3","V3E",5107,"zone2",184,1000,0.184
"E3","V3E",5107,"zone3",204,1000,0.204
"E3","V3E",5107,"zone4",176,1000,0.176
"E3","V3E",5107,"zone5 (farthest)",208,1000,0.208
"E3","V3E",5108,"zone1 (nearest)",208,1000,0.208
"E3","V3E",5108,"zone2",144,1000,0.144
"E3","V3E",5108,"zone3",244,1000,0.244
"E3","V3E",5108,"zone4",216,1000,0.216
"E3","V3E",5108,"zone5 (farthest)",188,1000,0.188
"E3","V3E",5109,"zone1 (nearest)",168,1000,0.168
"E3","V3E",5109,"zone2",208,1000,0.208
"E3","V3E",5109,"zone3",192,1000,0.192
"E3","V3E",5109,"zone4",224,1000,0.224
"E3","V3E",5109,"zone5 (farthest)",208,1000,0.208
"E3","V3E",5110,"zone1 (nearest)",176,1000,0.176
"E3","V3E",5110,"zone2",248,1000,0.248
"E3","V3E",5110,"zone3",152,1000,0.152
"E3","V3E",5110,"zone4",204,1000,0.204
"E3","V3E",5110,"zone5 (farthest)",220,1000,0.22
"E3","V3E",6101,"zone1 (nearest)",396,2250,0.176
"E3","V3E",6101,"zone2",423,2250,0.188
"E3","V3E",6101,"zone3",567,2250,0.252
"E3","V3E",6101,"zone4",486,2250,0.216
"E3","V3E",6101,"zone5 (farthest)",378,2250,0.168
"E3","V3E",6102,"zone1 (nearest)",184,1000,0.184
"E3","V3E",6102,"zone2",196,1000,0.196
"E3","V3E",6102,"zone3",276,1000,0.276
"E3","V3E",6102,"zone4",176,1000,0.176
"E3","V3E",6102,"zone5 (farthest)",168,1000,0.168
"E3","V3E",6103,"zone1 (nearest)",168,1000,0.168
"E3","V3E",6103,"zone2",172,1000,0.172
"E3","V3E",6103,"zone3",216,1000,0.216
"E3","V3E",6103,"zone4",244,1000,0.244
"E3","V3E",6103,"zone5 (farthest)",200,1000,0.2
"E3","V3E",6104,"zone1 (nearest)",224,1000,0.224
"E3","V3E",6104,"zone2",160,1000,0.16
"E3","V3E",6104,"zone3",196,1000,0.196
"E3","V3E",6104,"zone4",208,1000,0.208
"E3","V3E",6104,"zone5 (farthest)",212,1000,0.212
"E3","V3E",6105,"zone1 (nearest)",208,1000,0.208
"E3","V3E",6105,"zone2",180,1000,0.18
"E3","V3E",6105,"zone3",212,1000,0.212
"E3","V3E",6105,"zone4",216,1000,0.216
"E3","V3E",6105,"zone5 (farthest)",184,1000,0.184
"E3","V3E",6106,"zone1 (nearest)",216,1000,0.216
"E3","V3E",6106,"zone2",160,1000,0.16
"E3","V3E",6106,"zone3",232,1000,0.232
"E3","V3E",6106,"zone4",220,1000,0.22
"E3","V3E",6106,"zone5 (farthest)",172,1000,0.172
"E3","V3E",6107,"zone1 (nearest)",200,1000,0.2
"E3","V3E",6107,"zone2",200,1000,0.2
"E3","V3E",6107,"zone3",212,1000,0.212
"E3","V3E",6107,"zone4",176,1000,0.176
"E3","V3E",6107,"zone5 (farthest)",212,1000,0.212
"E3","V3E",6108,"zone1 (nearest)",176,1000,0.176
"E3","V3E",6108,"zone2",208,1000,0.208
"E3","V3E",6108,"zone3",204,1000,0.204
"E3","V3E",6108,"zone4",212,1000,0.212
"E3","V3E",6108,"zone5 (farthest)",200,1000,0.2
"E3","V3E",6109,"zone1 (nearest)",200,1000,0.2
"E3","V3E",6109,"zone2",216,1000,0.216
"E3","V3E",6109,"zone3",212,1000,0.212
"E3","V3E",6109,"zone4",172,1000,0.172
"E3","V3E",6109,"zone5 (farthest)",200,1000,0.2
"E3","V3E",6110,"zone1 (nearest)",200,1000,0.2
"E3","V3E",6110,"zone2",188,1000,0.188
"E3","V3E",6110,"zone3",200,1000,0.2
"E3","V3E",6110,"zone4",216,1000,0.216
"E3","V3E",6110,"zone5 (farthest)",196,1000,0.196
"E3","V3E",7101,"zone1 (nearest)",540,2250,0.24
"E3","V3E",7101,"zone2",324,2250,0.144
"E3","V3E",7101,"zone3",324,2250,0.144
"E3","V3E",7101,"zone4",369,2250,0.164
"E3","V3E",7101,"zone5 (farthest)",693,2250,0.308
"E3","V3E",7102,"zone1 (nearest)",256,1000,0.256
"E3","V3E",7102,"zone2",176,1000,0.176
"E3","V3E",7102,"zone3",132,1000,0.132
"E3","V3E",7102,"zone4",212,1000,0.212
"E3","V3E",7102,"zone5 (farthest)",224,1000,0.224
"E3","V3E",7103,"zone1 (nearest)",204,1000,0.204
"E3","V3E",7103,"zone2",188,1000,0.188
"E3","V3E",7103,"zone3",172,1000,0.172
"E3","V3E",7103,"zone4",136,1000,0.136
"E3","V3E",7103,"zone5 (farthest)",300,1000,0.3
"E3","V3E",7104,"zone1 (nearest)",204,1000,0.204
"E3","V3E",7104,"zone2",208,1000,0.208
"E3","V3E",7104,"zone3",176,1000,0.176
"E3","V3E",7104,"zone4",184,1000,0.184
"E3","V3E",7104,"zone5 (farthest)",228,1000,0.228
"E3","V3E",7105,"zone1 (nearest)",216,1000,0.216
"E3","V3E",7105,"zone2",168,1000,0.168
"E3","V3E",7105,"zone3",148,1000,0.148
"E3","V3E",7105,"zone4",168,1000,0.168
"E3","V3E",7105,"zone5 (farthest)",300,1000,0.3
"E3","V3E",7106,"zone1 (nearest)",260,1000,0.26
"E3","V3E",7106,"zone2",192,1000,0.192
"E3","V3E",7106,"zone3",156,1000,0.156
"E3","V3E",7106,"zone4",176,1000,0.176
"E3","V3E",7106,"zone5 (farthest)",216,1000,0.216
"E3","V3E",7107,"zone1 (nearest)",236,1000,0.236
"E3","V3E",7107,"zone2",192,1000,0.192
"E3","V3E",7107,"zone3",172,1000,0.172
"E3","V3E",7107,"zone4",168,1000,0.168
"E3","V3E",7107,"zone5 (farthest)",232,1000,0.232
"E3","V3E",7108,"zone1 (nearest)",244,1000,0.244
"E3","V3E",7108,"zone2",172,1000,0.172
"E3","V3E",7108,"zone3",160,1000,0.16
"E3","V3E",7108,"zone4",156,1000,0.156
"E3","V3E",7108,"zone5 (farthest)",268,1000,0.268
"E3","V3E",7109,"zone1 (nearest)",188,1000,0.188
"E3","V3E",7109,"zone2",168,1000,0.168
"E3","V3E",7109,"zone3",176,1000,0.176
"E3","V3E",7109,"zone4",216,1000,0.216
"E3","V3E",7109,"zone5 (farthest)",252,1000,0.252
"E3","V3E",7110,"zone1 (nearest)",200,1000,0.2
"E3","V3E",7110,"zone2",160,1000,0.16
"E3","V3E",7110,"zone3",188,1000,0.188
"E3","V3E",7110,"zone4",188,1000,0.188
"E3","V3E",7110,"zone5 (farthest)",264,1000,0.264
"E3","V3E",8101,"zone1 (nearest)",504,2250,0.224
"E3","V3E",8101,"zone2",405,2250,0.18
"E3","V3E",8101,"zone3",414,2250,0.184
"E3","V3E",8101,"zone4",360,2250,0.16
"E3","V3E",8101,"zone5 (farthest)",567,2250,0.252
"E3","V3E",8102,"zone1 (nearest)",216,1000,0.216
"E3","V3E",8102,"zone2",192,1000,0.192
"E3","V3E",8102,"zone3",176,1000,0.176
"E3","V3E",8102,"zone4",224,1000,0.224
"E3","V3E",8102,"zone5 (farthest)",192,1000,0.192
"E3","V3E",8103,"zone1 (nearest)",224,1000,0.224
"E3","V3E",8103,"zone2",152,1000,0.152
"E3","V3E",8103,"zone3",216,1000,0.216
"E3","V3E",8103,"zone4",164,1000,0.164
"E3","V3E",8103,"zone5 (farthest)",244,1000,0.244
"E3","V3E",8104,"zone1 (nearest)",204,1000,0.204
"E3","V3E",8104,"zone2",184,1000,0.184
"E3","V3E",8104,"zone3",176,1000,0.176
"E3","V3E",8104,"zone4",188,1000,0.188
"E3","V3E",8104,"zone5 (farthest)",248,1000,0.248
"E3","V3E",8105,"zone1 (nearest)",156,1000,0.156
"E3","V3E",8105,"zone2",184,1000,0.184
"E3","V3E",8105,"zone3",156,1000,0.156
"E3","V3E",8105,"zone4",212,1000,0.212
"E3","V3E",8105,"zone5 (farthest)",292,1000,0.292
"E3","V3E",8106,"zone1 (nearest)",224,1000,0.224
"E3","V3E",8106,"zone2",192,1000,0.192
"E3","V3E",8106,"zone3",192,1000,0.192
"E3","V3E",8106,"zone4",180,1000,0.18
"E3","V3E",8106,"zone5 (farthest)",212,1000,0.212
"E3","V3E",8107,"zone1 (nearest)",184,1000,0.184
"E3","V3E",8107,"zone2",224,1000,0.224
"E3","V3E",8107,"zone3",180,1000,0.18
"E3","V3E",8107,"zone4",184,1000,0.184
"E3","V3E",8107,"zone5 (farthest)",228,1000,0.228
"E3","V3E",8108,"zone1 (nearest)",228,1000,0.228
"E3","V3E",8108,"zone2",164,1000,0.164
"E3","V3E",8108,"zone3",172,1000,0.172
"E3","V3E",8108,"zone4",204,1000,0.204
"E3","V3E",8108,"zone5 (farthest)",232,1000,0.232
"E3","V3E",8109,"zone1 (nearest)",228,1000,0.228
"E3","V3E",8109,"zone2",160,1000,0.16
"E3","V3E",8109,"zone3",176,1000,0.176
"E3","V3E",8109,"zone4",228,1000,0.228
"E3","V3E",8109,"zone5 (farthest)",208,1000,0.208
"E3","V3E",8110,"zone1 (nearest)",216,1000,0.216
"E3","V3E",8110,"zone2",184,1000,0.184
"E3","V3E",8110,"zone3",188,1000,0.188
"E3","V3E",8110,"zone4",176,1000,0.176
"E3","V3E",8110,"zone5 (farthest)",236,1000,0.236
"E3","V3E",9101,"zone1 (nearest)",369,2250,0.164
"E3","V3E",9101,"zone2",522,2250,0.232
"E3","V3E",9101,"zone3",468,2250,0.208
"E3","V3E",9101,"zone4",459,2250,0.204
"E3","V3E",9101,"zone5 (farthest)",432,2250,0.192
"E3","V3E",9102,"zone1 (nearest)",204,1000,0.204
"E3","V3E",9102,"zone2",204,1000,0.204
"E3","V3E",9102,"zone3",160,1000,0.16
"E3","V3E",9102,"zone4",228,1000,0.228
"E3","V3E",9102,"zone5 (farthest)",204,1000,0.204
"E3","V3E",9103,"zone1 (nearest)",164,1000,0.164
"E3","V3E",9103,"zone2",184,1000,0.184
"E3","V3E",9103,"zone3",284,1000,0.284
"E3","V3E",9103,"zone4",148,1000,0.148
"E3","V3E",9103,"zone5 (farthest)",220,1000,0.22
"E3","V3E",9104,"zone1 (nearest)",160,1000,0.16
"E3","V3E",9104,"zone2",216,1000,0.216
"E3","V3E",9104,"zone3",228,1000,0.228
"E3","V3E",9104,"zone4",196,1000,0.196
"E3","V3E",9104,"zone5 (farthest)",200,1000,0.2
"E3","V3E",9105,"zone1 (nearest)",172,1000,0.172
"E3","V3E",9105,"zone2",196,1000,0.196
"E3","V3E",9105,"zone3",204,1000,0.204
"E3","V3E",9105,"zone4",164,1000,0.164
"E3","V3E",9105,"zone5 (farthest)",264,1000,0.264
"E3","V3E",9106,"zone1 (nearest)",204,1000,0.204
"E3","V3E",9106,"zone2",232,1000,0.232
"E3","V3E",9106,"zone3",200,1000,0.2
"E3","V3E",9106,"zone4",196,1000,0.196
"E3","V3E",9106,"zone5 (farthest)",168,1000,0.168
"E3","V3E",9107,"zone1 (nearest)",216,1000,0.216
"E3","V3E",9107,"zone2",248,1000,0.248
"E3","V3E",9107,"zone3",156,1000,0.156
"E3","V3E",9107,"zone4",204,1000,0.204
"E3","V3E",9107,"zone5 (farthest)",176,1000,0.176
"E3","V3E",9108,"zone1 (nearest)",152,1000,0.152
"E3","V3E",9108,"zone2",180,1000,0.18
"E3","V3E",9108,"zone3",216,1000,0.216
"E3","V3E",9108,"zone4",252,1000,0.252
"E3","V3E",9108,"zone5 (farthest)",200,1000,0.2
"E3","V3E",9109,"zone1 (nearest)",208,1000,0.208
"E3","V3E",9109,"zone2",204,1000,0.204
"E3","V3E",9109,"zone3",176,1000,0.176
"E3","V3E",9109,"zone4",204,1000,0.204
"E3","V3E",9109,"zone5 (farthest)",208,1000,0.208
"E3","V3E",9110,"zone1 (nearest)",132,1000,0.132
"E3","V3E",9110,"zone2",208,1000,0.208
"E3","V3E",9110,"zone3",204,1000,0.204
"E3","V3E",9110,"zone4",244,1000,0.244
"E3","V3E",9110,"zone5 (farthest)",212,1000,0.212
"E3","V3E",10101,"zone1 (nearest)",504,2250,0.224
"E3","V3E",10101,"zone2",369,2250,0.164
"E3","V3E",10101,"zone3",396,2250,0.176
"E3","V3E",10101,"zone4",450,2250,0.2
"E3","V3E",10101,"zone5 (farthest)",531,2250,0.236
"E3","V3E",10102,"zone1 (nearest)",216,1000,0.216
"E3","V3E",10102,"zone2",192,1000,0.192
"E3","V3E",10102,"zone3",188,1000,0.188
"E3","V3E",10102,"zone4",232,1000,0.232
"E3","V3E",10102,"zone5 (farthest)",172,1000,0.172
"E3","V3E",10103,"zone1 (nearest)",204,1000,0.204
"E3","V3E",10103,"zone2",176,1000,0.176
"E3","V3E",10103,"zone3",220,1000,0.22
"E3","V3E",10103,"zone4",188,1000,0.188
"E3","V3E",10103,"zone5 (farthest)",212,1000,0.212
"E3","V3E",10104,"zone1 (nearest)",168,1000,0.168
"E3","V3E",10104,"zone2",216,1000,0.216
"E3","V3E",10104,"zone3",224,1000,0.224
"E3","V3E",10104,"zone4",216,1000,0.216
"E3","V3E",10104,"zone5 (farthest)",176,1000,0.176
"E3","V3E",10105,"zone1 (nearest)",160,1000,0.16
"E3","V3E",10105,"zone2",204,1000,0.204
"E3","V3E",10105,"zone3",184,1000,0.184
"E3","V3E",10105,"zone4",204,1000,0.204
"E3","V3E",10105,"zone5 (farthest)",248,1000,0.248
"E3","V3E",10106,"zone1 (nearest)",188,1000,0.188
"E3","V3E",10106,"zone2",244,1000,0.244
"E3","V3E",10106,"zone3",168,1000,0.168
"E3","V3E",10106,"zone4",184,1000,0.184
"E3","V3E",10106,"zone5 (farthest)",216,1000,0.216
"E3","V3E",10107,"zone1 (nearest)",192,1000,0.192
"E3","V3E",10107,"zone2",228,1000,0.228
"E3","V3E",10107,"zone3",192,1000,0.192
"E3","V3E",10107,"zone4",184,1000,0.184
"E3","V3E",10107,"zone5 (farthest)",204,1000,0.204
"E3","V3E",10108,"zone1 (nearest)",172,1000,0.172
"E3","V3E",10108,"zone2",208,1000,0.208
"E3","V3E",10108,"zone3",204,1000,0.204
"E3","V3E",10108,"zone4",176,1000,0.176
"E3","V3E",10108,"zone5 (farthest)",240,1000,0.24
"E3","V3E",10109,"zone1 (nearest)",216,1000,0.216
"E3","V3E",10109,"zone2",216,1000,0.216
"E3","V3E",10109,"zone3",184,1000,0.184
"E3","V3E",10109,"zone4",172,1000,0.172
"E3","V3E",10109,"zone5 (farthest)",212,1000,0.212
"E3","V3E",10110,"zone1 (nearest)",156,1000,0.156
"E3","V3E",10110,"zone2",240,1000,0.24
"E3","V3E",10110,"zone3",192,1000,0.192
"E3","V3E",10110,"zone4",188,1000,0.188
"E3","V3E",10110,"zone5 (farthest)",224,1000,0.224
"E3","V3E",11101,"zone1 (nearest)",513,2250,0.228
"E3","V3E",11101,"zone2",378,2250,0.168
"E3","V3E",11101,"zone3",342,2250,0.152
"E3","V3E",11101,"zone4",459,2250,0.204
"E3","V3E",11101,"zone5 (farthest)",558,2250,0.248
"E3","V3E",11102,"zone1 (nearest)",248,1000,0.248
"E3","V3E",11102,"zone2",192,1000,0.192
"E3","V3E",11102,"zone3",144,1000,0.144
"E3","V3E",11102,"zone4",208,1000,0.208
"E3","V3E",11102,"zone5 (farthest)",208,1000,0.208
"E3","V3E",11103,"zone1 (nearest)",228,1000,0.228
"E3","V3E",11103,"zone2",156,1000,0.156
"E3","V3E",11103,"zone3",164,1000,0.164
"E3","V3E",11103,"zone4",196,1000,0.196
"E3","V3E",11103,"zone5 (farthest)",256,1000,0.256
"E3","V3E",11104,"zone1 (nearest)",204,1000,0.204
"E3","V3E",11104,"zone2",180,1000,0.18
"E3","V3E",11104,"zone3",156,1000,0.156
"E3","V3E",11104,"zone4",172,1000,0.172
"E3","V3E",11104,"zone5 (farthest)",288,1000,0.288
"E3","V3E",11105,"zone1 (nearest)",204,1000,0.204
"E3","V3E",11105,"zone2",152,1000,0.152
"E3","V3E",11105,"zone3",164,1000,0.164
"E3","V3E",11105,"zone4",204,1000,0.204
"E3","V3E",11105,"zone5 (farthest)",276,1000,0.276
"E3","V3E",11106,"zone1 (nearest)",216,1000,0.216
"E3","V3E",11106,"zone2",200,1000,0.2
"E3","V3E",11106,"zone3",164,1000,0.164
"E3","V3E",11106,"zone4",160,1000,0.16
"E3","V3E",11106,"zone5 (farthest)",260,1000,0.26
"E3","V3E",11107,"zone1 (nearest)",244,1000,0.244
"E3","V3E",11107,"zone2",232,1000,0.232
"E3","V3E",11107,"zone3",116,1000,0.116
"E3","V3E",11107,"zone4",184,1000,0.184
"E3","V3E",11107,"zone5 (farthest)",224,1000,0.224
"E3","V3E",11108,"zone1 (nearest)",276,1000,0.276
"E3","V3E",11108,"zone2",192,1000,0.192
"E3","V3E",11108,"zone3",132,1000,0.132
"E3","V3E",11108,"zone4",156,1000,0.156
"E3","V3E",11108,"zone5 (farthest)",244,1000,0.244
"E3","V3E",11109,"zone1 (nearest)",208,1000,0.208
"E3","V3E",11109,"zone2",164,1000,0.164
"E3","V3E",11109,"zone3",160,1000,0.16
"E3","V3E",11109,"zone4",180,1000,0.18
"E3","V3E",11109,"zone5 (farthest)",288,1000,0.288
"E3","V3E",11110,"zone1 (nearest)",232,1000,0.232
"E3","V3E",11110,"zone2",180,1000,0.18
"E3","V3E",11110,"zone3",160,1000,0.16
"E3","V3E",11110,"zone4",184,1000,0.184
"E3","V3E",11110,"zone5 (farthest)",244,1000,0.244
"E3","V3E",12101,"zone1 (nearest)",432,2250,0.192
"E3","V3E",12101,"zone2",405,2250,0.18
"E3","V3E",12101,"zone3",522,2250,0.232
"E3","V3E",12101,"zone4",540,2250,0.24
"E3","V3E",12101,"zone5 (farthest)",351,2250,0.156
"E3","V3E",12102,"zone1 (nearest)",168,1000,0.168
"E3","V3E",12102,"zone2",232,1000,0.232
"E3","V3E",12102,"zone3",216,1000,0.216
"E3","V3E",12102,"zone4",168,1000,0.168
"E3","V3E",12102,"zone5 (farthest)",216,1000,0.216
"E3","V3E",12103,"zone1 (nearest)",124,1000,0.124
"E3","V3E",12103,"zone2",224,1000,0.224
"E3","V3E",12103,"zone3",236,1000,0.236
"E3","V3E",12103,"zone4",276,1000,0.276
"E3","V3E",12103,"zone5 (farthest)",140,1000,0.14
"E3","V3E",12104,"zone1 (nearest)",176,1000,0.176
"E3","V3E",12104,"zone2",176,1000,0.176
"E3","V3E",12104,"zone3",228,1000,0.228
"E3","V3E",12104,"zone4",236,1000,0.236
"E3","V3E",12104,"zone5 (farthest)",184,1000,0.184
"E3","V3E",12105,"zone1 (nearest)",152,1000,0.152
"E3","V3E",12105,"zone2",184,1000,0.184
"E3","V3E",12105,"zone3",248,1000,0.248
"E3","V3E",12105,"zone4",244,1000,0.244
"E3","V3E",12105,"zone5 (farthest)",172,1000,0.172
"E3","V3E",12106,"zone1 (nearest)",164,1000,0.164
"E3","V3E",12106,"zone2",168,1000,0.168
"E3","V3E",12106,"zone3",228,1000,0.228
"E3","V3E",12106,"zone4",288,1000,0.288
"E3","V3E",12106,"zone5 (farthest)",152,1000,0.152
"E3","V3E",12107,"zone1 (nearest)",192,1000,0.192
"E3","V3E",12107,"zone2",240,1000,0.24
"E3","V3E",12107,"zone3",204,1000,0.204
"E3","V3E",12107,"zone4",196,1000,0.196
"E3","V3E",12107,"zone5 (farthest)",168,1000,0.168
"E3","V3E",12108,"zone1 (nearest)",168,1000,0.168
"E3","V3E",12108,"zone2",204,1000,0.204
"E3","V3E",12108,"zone3",260,1000,0.26
"E3","V3E",12108,"zone4",220,1000,0.22
"E3","V3E",12108,"zone5 (farthest)",148,1000,0.148
"E3","V3E",12109,"zone1 (nearest)",188,1000,0.188
"E3","V3E",12109,"zone2",204,1000,0.204
"E3","V3E",12109,"zone3",220,1000,0.22
"E3","V3E",12109,"zone4",256,1000,0.256
"E3","V3E",12109,"zone5 (farthest)",132,1000,0.132
"E3","V3E",12110,"zone1 (nearest)",160,1000,0.16
"E3","V3E",12110,"zone2",192,1000,0.192
"E3","V3E",12110,"zone3",196,1000,0.196
"E3","V3E",12110,"zone4",264,1000,0.264
"E3","V3E",12110,"zone5 (farthest)",188,1000,0.188
"E3","V3E",13101,"zone1 (nearest)",369,2250,0.164
"E3","V3E",13101,"zone2",396,2250,0.176
"E3","V3E",13101,"zone3",513,2250,0.228
"E3","V3E",13101,"zone4",396,2250,0.176
"E3","V3E",13101,"zone5 (farthest)",576,2250,0.256
"E3","V3E",13102,"zone1 (nearest)",144,1000,0.144
"E3","V3E",13102,"zone2",236,1000,0.236
"E3","V3E",13102,"zone3",216,1000,0.216
"E3","V3E",13102,"zone4",208,1000,0.208
"E3","V3E",13102,"zone5 (farthest)",196,1000,0.196
"E3","V3E",13103,"zone1 (nearest)",136,1000,0.136
"E3","V3E",13103,"zone2",212,1000,0.212
"E3","V3E",13103,"zone3",232,1000,0.232
"E3","V3E",13103,"zone4",208,1000,0.208
"E3","V3E",13103,"zone5 (farthest)",212,1000,0.212
"E3","V3E",13104,"zone1 (nearest)",164,1000,0.164
"E3","V3E",13104,"zone2",208,1000,0.208
"E3","V3E",13104,"zone3",192,1000,0.192
"E3","V3E",13104,"zone4",224,1000,0.224
"E3","V3E",13104,"zone5 (farthest)",212,1000,0.212
"E3","V3E",13105,"zone1 (nearest)",140,1000,0.14
"E3","V3E",13105,"zone2",216,1000,0.216
"E3","V3E",13105,"zone3",220,1000,0.22
"E3","V3E",13105,"zone4",224,1000,0.224
"E3","V3E",13105,"zone5 (farthest)",200,1000,0.2
"E3","V3E",13106,"zone1 (nearest)",156,1000,0.156
"E3","V3E",13106,"zone2",256,1000,0.256
"E3","V3E",13106,"zone3",188,1000,0.188
"E3","V3E",13106,"zone4",240,1000,0.24
"E3","V3E",13106,"zone5 (farthest)",160,1000,0.16
"E3","V3E",13107,"zone1 (nearest)",176,1000,0.176
"E3","V3E",13107,"zone2",240,1000,0.24
"E3","V3E",13107,"zone3",224,1000,0.224
"E3","V3E",13107,"zone4",168,1000,0.168
"E3","V3E",13107,"zone5 (farthest)",192,1000,0.192
"E3","V3E",13108,"zone1 (nearest)",152,1000,0.152
"E3","V3E",13108,"zone2",272,1000,0.272
"E3","V3E",13108,"zone3",204,1000,0.204
"E3","V3E",13108,"zone4",196,1000,0.196
"E3","V3E",13108,"zone5 (farthest)",176,1000,0.176
"E3","V3E",13109,"zone1 (nearest)",180,1000,0.18
"E3","V3E",13109,"zone2",224,1000,0.224
"E3","V3E",13109,"zone3",180,1000,0.18
"E3","V3E",13109,"zone4",224,1000,0.224
"E3","V3E",13109,"zone5 (farthest)",192,1000,0.192
"E3","V3E",13110,"zone1 (nearest)",172,1000,0.172
"E3","V3E",13110,"zone2",180,1000,0.18
"E3","V3E",13110,"zone3",204,1000,0.204
"E3","V3E",13110,"zone4",228,1000,0.228
"E3","V3E",13110,"zone5 (farthest)",216,1000,0.216
"E3","V3E",14101,"zone1 (nearest)",360,2250,0.16
"E3","V3E",14101,"zone2",423,2250,0.188
"E3","V3E",14101,"zone3",567,2250,0.252
"E3","V3E",14101,"zone4",432,2250,0.192
"E3","V3E",14101,"zone5 (farthest)",468,2250,0.208
"E3","V3E",14102,"zone1 (nearest)",196,1000,0.196
"E3","V3E",14102,"zone2",212,1000,0.212
"E3","V3E",14102,"zone3",168,1000,0.168
"E3","V3E",14102,"zone4",256,1000,0.256
"E3","V3E",14102,"zone5 (farthest)",168,1000,0.168
"E3","V3E",14103,"zone1 (nearest)",164,1000,0.164
"E3","V3E",14103,"zone2",220,1000,0.22
"E3","V3E",14103,"zone3",204,1000,0.204
"E3","V3E",14103,"zone4",228,1000,0.228
"E3","V3E",14103,"zone5 (farthest)",184,1000,0.184
"E3","V3E",14104,"zone1 (nearest)",204,1000,0.204
"E3","V3E",14104,"zone2",200,1000,0.2
"E3","V3E",14104,"zone3",192,1000,0.192
"E3","V3E",14104,"zone4",248,1000,0.248
"E3","V3E",14104,"zone5 (farthest)",156,1000,0.156
"E3","V3E",14105,"zone1 (nearest)",152,1000,0.152
"E3","V3E",14105,"zone2",204,1000,0.204
"E3","V3E",14105,"zone3",200,1000,0.2
"E3","V3E",14105,"zone4",200,1000,0.2
"E3","V3E",14105,"zone5 (farthest)",244,1000,0.244
"E3","V3E",14106,"zone1 (nearest)",188,1000,0.188
"E3","V3E",14106,"zone2",216,1000,0.216
"E3","V3E",14106,"zone3",216,1000,0.216
"E3","V3E",14106,"zone4",228,1000,0.228
"E3","V3E",14106,"zone5 (farthest)",152,1000,0.152
"E3","V3E",14107,"zone1 (nearest)",196,1000,0.196
"E3","V3E",14107,"zone2",232,1000,0.232
"E3","V3E",14107,"zone3",240,1000,0.24
"E3","V3E",14107,"zone4",180,1000,0.18
"E3","V3E",14107,"zone5 (farthest)",152,1000,0.152
"E3","V3E",14108,"zone1 (nearest)",184,1000,0.184
"E3","V3E",14108,"zone2",176,1000,0.176
"E3","V3E",14108,"zone3",200,1000,0.2
"E3","V3E",14108,"zone4",212,1000,0.212
"E3","V3E",14108,"zone5 (farthest)",228,1000,0.228
"E3","V3E",14109,"zone1 (nearest)",172,1000,0.172
"E3","V3E",14109,"zone2",216,1000,0.216
"E3","V3E",14109,"zone3",208,1000,0.208
"E3","V3E",14109,"zone4",196,1000,0.196
"E3","V3E",14109,"zone5 (farthest)",208,1000,0.208
"E3","V3E",14110,"zone1 (nearest)",148,1000,0.148
"E3","V3E",14110,"zone2",200,1000,0.2
"E3","V3E",14110,"zone3",208,1000,0.208
"E3","V3E",14110,"zone4",248,1000,0.248
"E3","V3E",14110,"zone5 (farthest)",196,1000,0.196
"E3","V3E",15101,"zone1 (nearest)",522,2250,0.232
"E3","V3E",15101,"zone2",279,2250,0.124
"E3","V3E",15101,"zone3",360,2250,0.16
"E3","V3E",15101,"zone4",441,2250,0.196
"E3","V3E",15101,"zone5 (farthest)",648,2250,0.288
"E3","V3E",15102,"zone1 (nearest)",240,1000,0.24
"E3","V3E",15102,"zone2",236,1000,0.236
"E3","V3E",15102,"zone3",136,1000,0.136
"E3","V3E",15102,"zone4",164,1000,0.164
"E3","V3E",15102,"zone5 (farthest)",224,1000,0.224
"E3","V3E",15103,"zone1 (nearest)",228,1000,0.228
"E3","V3E",15103,"zone2",144,1000,0.144
"E3","V3E",15103,"zone3",184,1000,0.184
"E3","V3E",15103,"zone4",192,1000,0.192
"E3","V3E",15103,"zone5 (farthest)",252,1000,0.252
"E3","V3E",15104,"zone1 (nearest)",260,1000,0.26
"E3","V3E",15104,"zone2",188,1000,0.188
"E3","V3E",15104,"zone3",160,1000,0.16
"E3","V3E",15104,"zone4",144,1000,0.144
"E3","V3E",15104,"zone5 (farthest)",248,1000,0.248
"E3","V3E",15105,"zone1 (nearest)",248,1000,0.248
"E3","V3E",15105,"zone2",172,1000,0.172
"E3","V3E",15105,"zone3",108,1000,0.108
"E3","V3E",15105,"zone4",216,1000,0.216
"E3","V3E",15105,"zone5 (farthest)",256,1000,0.256
"E3","V3E",15106,"zone1 (nearest)",292,1000,0.292
"E3","V3E",15106,"zone2",196,1000,0.196
"E3","V3E",15106,"zone3",124,1000,0.124
"E3","V3E",15106,"zone4",132,1000,0.132
"E3","V3E",15106,"zone5 (farthest)",256,1000,0.256
"E3","V3E",15107,"zone1 (nearest)",248,1000,0.248
"E3","V3E",15107,"zone2",128,1000,0.128
"E3","V3E",15107,"zone3",164,1000,0.164
"E3","V3E",15107,"zone4",200,1000,0.2
"E3","V3E",15107,"zone5 (farthest)",260,1000,0.26
"E3","V3E",15108,"zone1 (nearest)",248,1000,0.248
"E3","V3E",15108,"zone2",180,1000,0.18
"E3","V3E",15108,"zone3",132,1000,0.132
"E3","V3E",15108,"zone4",220,1000,0.22
"E3","V3E",15108,"zone5 (farthest)",220,1000,0.22
"E3","V3E",15109,"zone1 (nearest)",296,1000,0.296
"E3","V3E",15109,"zone2",164,1000,0.164
"E3","V3E",15109,"zone3",144,1000,0.144
"E3","V3E",15109,"zone4",160,1000,0.16
"E3","V3E",15109,"zone5 (farthest)",236,1000,0.236
"E3","V3E",15110,"zone1 (nearest)",248,1000,0.248
"E3","V3E",15110,"zone2",180,1000,0.18
"E3","V3E",15110,"zone3",140,1000,0.14
"E3","V3E",15110,"zone4",172,1000,0.172
"E3","V3E",15110,"zone5 (farthest)",260,1000,0.26
"E3","V3E",16101,"zone1 (nearest)",396,2250,0.176
"E3","V3E",16101,"zone2",450,2250,0.2
"E3","V3E",16101,"zone3",468,2250,0.208
"E3","V3E",16101,"zone4",441,2250,0.196
"E3","V3E",16101,"zone5 (farthest)",495,2250,0.22
"E3","V3E",16102,"zone1 (nearest)",208,1000,0.208
"E3","V3E",16102,"zone2",188,1000,0.188
"E3","V3E",16102,"zone3",188,1000,0.188
"E3","V3E",16102,"zone4",216,1000,0.216
"E3","V3E",16102,"zone5 (farthest)",200,1000,0.2
"E3","V3E",16103,"zone1 (nearest)",176,1000,0.176
"E3","V3E",16103,"zone2",188,1000,0.188
"E3","V3E",16103,"zone3",228,1000,0.228
"E3","V3E",16103,"zone4",184,1000,0.184
"E3","V3E",16103,"zone5 (farthest)",224,1000,0.224
"E3","V3E",16104,"zone1 (nearest)",168,1000,0.168
"E3","V3E",16104,"zone2",188,1000,0.188
"E3","V3E",16104,"zone3",220,1000,0.22
"E3","V3E",16104,"zone4",212,1000,0.212
"E3","V3E",16104,"zone5 (farthest)",212,1000,0.212
"E3","V3E",16105,"zone1 (nearest)",172,1000,0.172
"E3","V3E",16105,"zone2",156,1000,0.156
"E3","V3E",16105,"zone3",212,1000,0.212
"E3","V3E",16105,"zone4",216,1000,0.216
"E3","V3E",16105,"zone5 (farthest)",244,1000,0.244
"E3","V3E",16106,"zone1 (nearest)",176,1000,0.176
"E3","V3E",16106,"zone2",208,1000,0.208
"E3","V3E",16106,"zone3",216,1000,0.216
"E3","V3E",16106,"zone4",204,1000,0.204
"E3","V3E",16106,"zone5 (farthest)",196,1000,0.196
"E3","V3E",16107,"zone1 (nearest)",188,1000,0.188
"E3","V3E",16107,"zone2",232,1000,0.232
"E3","V3E",16107,"zone3",196,1000,0.196
"E3","V3E",16107,"zone4",196,1000,0.196
"E3","V3E",16107,"zone5 (farthest)",188,1000,0.188
"E3","V3E",16108,"zone1 (nearest)",176,1000,0.176
"E3","V3E",16108,"zone2",192,1000,0.192
"E3","V3E",16108,"zone3",192,1000,0.192
"E3","V3E",16108,"zone4",216,1000,0.216
"E3","V3E",16108,"zone5 (farthest)",224,1000,0.224
"E3","V3E",16109,"zone1 (nearest)",192,1000,0.192
"E3","V3E",16109,"zone2",212,1000,0.212
"E3","V3E",16109,"zone3",188,1000,0.188
"E3","V3E",16109,"zone4",208,1000,0.208
"E3","V3E",16109,"zone5 (farthest)",200,1000,0.2
"E3","V3E",16110,"zone1 (nearest)",160,1000,0.16
"E3","V3E",16110,"zone2",200,1000,0.2
"E3","V3E",16110,"zone3",212,1000,0.212
"E3","V3E",16110,"zone4",204,1000,0.204
"E3","V3E",16110,"zone5 (farthest)",224,1000,0.224
"E3","V3E",17101,"zone1 (nearest)",432,2250,0.192
"E3","V3E",17101,"zone2",441,2250,0.196
"E3","V3E",17101,"zone3",441,2250,0.196
"E3","V3E",17101,"zone4",414,2250,0.184
"E3","V3E",17101,"zone5 (farthest)",522,2250,0.232
"E3","V3E",17102,"zone1 (nearest)",204,1000,0.204
"E3","V3E",17102,"zone2",204,1000,0.204
"E3","V3E",17102,"zone3",172,1000,0.172
"E3","V3E",17102,"zone4",252,1000,0.252
"E3","V3E",17102,"zone5 (farthest)",168,1000,0.168
"E3","V3E",17103,"zone1 (nearest)",184,1000,0.184
"E3","V3E",17103,"zone2",192,1000,0.192
"E3","V3E",17103,"zone3",212,1000,0.212
"E3","V3E",17103,"zone4",188,1000,0.188
"E3","V3E",17103,"zone5 (farthest)",224,1000,0.224
"E3","V3E",17104,"zone1 (nearest)",204,1000,0.204
"E3","V3E",17104,"zone2",188,1000,0.188
"E3","V3E",17104,"zone3",244,1000,0.244
"E3","V3E",17104,"zone4",176,1000,0.176
"E3","V3E",17104,"zone5 (farthest)",188,1000,0.188
"E3","V3E",17105,"zone1 (nearest)",192,1000,0.192
"E3","V3E",17105,"zone2",160,1000,0.16
"E3","V3E",17105,"zone3",200,1000,0.2
"E3","V3E",17105,"zone4",220,1000,0.22
"E3","V3E",17105,"zone5 (farthest)",228,1000,0.228
"E3","V3E",17106,"zone1 (nearest)",188,1000,0.188
"E3","V3E",17106,"zone2",224,1000,0.224
"E3","V3E",17106,"zone3",216,1000,0.216
"E3","V3E",17106,"zone4",204,1000,0.204
"E3","V3E",17106,"zone5 (farthest)",168,1000,0.168
"E3","V3E",17107,"zone1 (nearest)",212,1000,0.212
"E3","V3E",17107,"zone2",216,1000,0.216
"E3","V3E",17107,"zone3",184,1000,0.184
"E3","V3E",17107,"zone4",188,1000,0.188
"E3","V3E",17107,"zone5 (farthest)",200,1000,0.2
"E3","V3E",17108,"zone1 (nearest)",204,1000,0.204
"E3","V3E",17108,"zone2",172,1000,0.172
"E3","V3E",17108,"zone3",204,1000,0.204
"E3","V3E",17108,"zone4",212,1000,0.212
"E3","V3E",17108,"zone5 (farthest)",208,1000,0.208
"E3","V3E",17109,"zone1 (nearest)",200,1000,0.2
"E3","V3E",17109,"zone2",204,1000,0.204
"E3","V3E",17109,"zone3",176,1000,0.176
"E3","V3E",17109,"zone4",212,1000,0.212
"E3","V3E",17109,"zone5 (farthest)",208,1000,0.208
"E3","V3E",17110,"zone1 (nearest)",164,1000,0.164
"E3","V3E",17110,"zone2",204,1000,0.204
"E3","V3E",17110,"zone3",204,1000,0.204
"E3","V3E",17110,"zone4",224,1000,0.224
"E3","V3E",17110,"zone5 (farthest)",204,1000,0.204
"E3","V3E",18101,"zone1 (nearest)",864,2250,0.384
"E3","V3E",18101,"zone2",135,2250,0.06
"E3","V3E",18101,"zone3",153,2250,0.068
"E3","V3E",18101,"zone4",162,2250,0.072
"E3","V3E",18101,"zone5 (farthest)",936,2250,0.416
"E3","V3E",18102,"zone1 (nearest)",444,1000,0.444
"E3","V3E",18102,"zone2",12,1000,0.012
"E3","V3E",18102,"zone3",48,1000,0.048
"E3","V3E",18102,"zone4",52,1000,0.052
"E3","V3E",18102,"zone5 (farthest)",444,1000,0.444
"E3","V3E",18103,"zone1 (nearest)",412,1000,0.412
"E3","V3E",18103,"zone2",40,1000,0.04
"E3","V3E",18103,"zone3",36,1000,0.036
"E3","V3E",18103,"zone4",52,1000,0.052
"E3","V3E",18103,"zone5 (farthest)",460,1000,0.46
"E3","V3E",18104,"zone1 (nearest)",452,1000,0.452
"E3","V3E",18104,"zone2",32,1000,0.032
"E3","V3E",18104,"zone3",32,1000,0.032
"E3","V3E",18104,"zone4",40,1000,0.04
"E3","V3E",18104,"zone5 (farthest)",444,1000,0.444
"E3","V3E",18105,"zone1 (nearest)",444,1000,0.444
"E3","V3E",18105,"zone2",24,1000,0.024
"E3","V3E",18105,"zone3",56,1000,0.056
"E3","V3E",18105,"zone4",64,1000,0.064
"E3","V3E",18105,"zone5 (farthest)",412,1000,0.412
"E3","V3E",18106,"zone1 (nearest)",416,1000,0.416
"E3","V3E",18106,"zone2",40,1000,0.04
"E3","V3E",18106,"zone3",44,1000,0.044
"E3","V3E",18106,"zone4",36,1000,0.036
"E3","V3E",18106,"zone5 (farthest)",464,1000,0.464
"E3","V3E",18107,"zone1 (nearest)",420,1000,0.42
"E3","V3E",18107,"zone2",48,1000,0.048
"E3","V3E",18107,"zone3",32,1000,0.032
"E3","V3E",18107,"zone4",60,1000,0.06
"E3","V3E",18107,"zone5 (farthest)",440,1000,0.44
"E3","V3E",18108,"zone1 (nearest)",400,1000,0.4
"E3","V3E",18108,"zone2",20,1000,0.02
"E3","V3E",18108,"zone3",44,1000,0.044
"E3","V3E",18108,"zone4",56,1000,0.056
"E3","V3E",18108,"zone5 (farthest)",480,1000,0.48
"E3","V3E",18109,"zone1 (nearest)",436,1000,0.436
"E3","V3E",18109,"zone2",44,1000,0.044
"E3","V3E",18109,"zone3",84,1000,0.084
"E3","V3E",18109,"zone4",44,1000,0.044
"E3","V3E",18109,"zone5 (farthest)",392,1000,0.392
"E3","V3E",18110,"zone1 (nearest)",400,1000,0.4
"E3","V3E",18110,"zone2",40,1000,0.04
"E3","V3E",18110,"zone3",36,1000,0.036
"E3","V3E",18110,"zone4",64,1000,0.064
"E3","V3E",18110,"zone5 (farthest)",460,1000,0.46
"E3","V3E",19101,"zone1 (nearest)",450,2250,0.2
"E3","V3E",19101,"zone2",459,2250,0.204
"E3","V3E",19101,"zone3",486,2250,0.216
"E3","V3E",19101,"zone4",495,2250,0.22
"E3","V3E",19101,"zone5 (farthest)",360,2250,0.16
"E3","V3E",19102,"zone1 (nearest)",172,1000,0.172
"E3","V3E",19102,"zone2",232,1000,0.232
"E3","V3E",19102,"zone3",192,1000,0.192
"E3","V3E",19102,"zone4",196,1000,0.196
"E3","V3E",19102,"zone5 (farthest)",208,1000,0.208
"E3","V3E",19103,"zone1 (nearest)",180,1000,0.18
"E3","V3E",19103,"zone2",224,1000,0.224
"E3","V3E",19103,"zone3",196,1000,0.196
"E3","V3E",19103,"zone4",232,1000,0.232
"E3","V3E",19103,"zone5 (farthest)",168,1000,0.168
"E3","V3E",19104,"zone1 (nearest)",144,1000,0.144
"E3","V3E",19104,"zone2",180,1000,0.18
"E3","V3E",19104,"zone3",232,1000,0.232
"E3","V3E",19104,"zone4",284,1000,0.284
"E3","V3E",19104,"zone5 (farthest)",160,1000,0.16
"E3","V3E",19105,"zone1 (nearest)",172,1000,0.172
"E3","V3E",19105,"zone2",204,1000,0.204
"E3","V3E",19105,"zone3",260,1000,0.26
"E3","V3E",19105,"zone4",200,1000,0.2
"E3","V3E",19105,"zone5 (farthest)",164,1000,0.164
"E3","V3E",19106,"zone1 (nearest)",156,1000,0.156
"E3","V3E",19106,"zone2",224,1000,0.224
"E3","V3E",19106,"zone3",200,1000,0.2
"E3","V3E",19106,"zone4",224,1000,0.224
"E3","V3E",19106,"zone5 (farthest)",196,1000,0.196
"E3","V3E",19107,"zone1 (nearest)",176,1000,0.176
"E3","V3E",19107,"zone2",264,1000,0.264
"E3","V3E",19107,"zone3",184,1000,0.184
"E3","V3E",19107,"zone4",220,1000,0.22
"E3","V3E",19107,"zone5 (farthest)",156,1000,0.156
"E3","V3E",19108,"zone1 (nearest)",148,1000,0.148
"E3","V3E",19108,"zone2",204,1000,0.204
"E3","V3E",19108,"zone3",212,1000,0.212
"E3","V3E",19108,"zone4",256,1000,0.256
"E3","V3E",19108,"zone5 (farthest)",180,1000,0.18
"E3","V3E",19109,"zone1 (nearest)",140,1000,0.14
"E3","V3E",19109,"zone2",240,1000,0.24
"E3","V3E",19109,"zone3",236,1000,0.236
"E3","V3E",19109,"zone4",216,1000,0.216
"E3","V3E",19109,"zone5 (farthest)",168,1000,0.168
"E3","V3E",19110,"zone1 (nearest)",160,1000,0.16
"E3","V3E",19110,"zone2",220,1000,0.22
"E3","V3E",19110,"zone3",236,1000,0.236
"E3","V3E",19110,"zone4",224,1000,0.224
"E3","V3E",19110,"zone5 (farthest)",160,1000,0.16
"E3","V3E",20101,"zone1 (nearest)",432,2250,0.192
"E3","V3E",20101,"zone2",540,2250,0.24
"E3","V3E",20101,"zone3",414,2250,0.184
"E3","V3E",20101,"zone4",387,2250,0.172
"E3","V3E",20101,"zone5 (farthest)",477,2250,0.212
"E3","V3E",20102,"zone1 (nearest)",168,1000,0.168
"E3","V3E",20102,"zone2",264,1000,0.264
"E3","V3E",20102,"zone3",180,1000,0.18
"E3","V3E",20102,"zone4",224,1000,0.224
"E3","V3E",20102,"zone5 (farthest)",164,1000,0.164
"E3","V3E",20103,"zone1 (nearest)",200,1000,0.2
"E3","V3E",20103,"zone2",196,1000,0.196
"E3","V3E",20103,"zone3",208,1000,0.208
"E3","V3E",20103,"zone4",204,1000,0.204
"E3","V3E",20103,"zone5 (farthest)",192,1000,0.192
"E3","V3E",20104,"zone1 (nearest)",176,1000,0.176
"E3","V3E",20104,"zone2",212,1000,0.212
"E3","V3E",20104,"zone3",200,1000,0.2
"E3","V3E",20104,"zone4",236,1000,0.236
"E3","V3E",20104,"zone5 (farthest)",176,1000,0.176
"E3","V3E",20105,"zone1 (nearest)",164,1000,0.164
"E3","V3E",20105,"zone2",184,1000,0.184
"E3","V3E",20105,"zone3",184,1000,0.184
"E3","V3E",20105,"zone4",268,1000,0.268
"E3","V3E",20105,"zone5 (farthest)",200,1000,0.2
"E3","V3E",20106,"zone1 (nearest)",200,1000,0.2
"E3","V3E",20106,"zone2",168,1000,0.168
"E3","V3E",20106,"zone3",212,1000,0.212
"E3","V3E",20106,"zone4",240,1000,0.24
"E3","V3E",20106,"zone5 (farthest)",180,1000,0.18
"E3","V3E",20107,"zone1 (nearest)",148,1000,0.148
"E3","V3E",20107,"zone2",260,1000,0.26
"E3","V3E",20107,"zone3",208,1000,0.208
"E3","V3E",20107,"zone4",196,1000,0.196
"E3","V3E",20107,"zone5 (farthest)",188,1000,0.188
"E3","V3E",20108,"zone1 (nearest)",176,1000,0.176
"E3","V3E",20108,"zone2",236,1000,0.236
"E3","V3E",20108,"zone3",152,1000,0.152
"E3","V3E",20108,"zone4",236,1000,0.236
"E3","V3E",20108,"zone5 (farthest)",200,1000,0.2
"E3","V3E",20109,"zone1 (nearest)",172,1000,0.172
"E3","V3E",20109,"zone2",228,1000,0.228
"E3","V3E",20109,"zone3",200,1000,0.2
"E3","V3E",20109,"zone4",208,1000,0.208
"E3","V3E",20109,"zone5 (farthest)",192,1000,0.192
"E3","V3E",20110,"zone1 (nearest)",152,1000,0.152
"E3","V3E",20110,"zone2",232,1000,0.232
"E3","V3E",20110,"zone3",200,1000,0.2
"E3","V3E",20110,"zone4",240,1000,0.24
"E3","V3E",20110,"zone5 (farthest)",176,1000,0.176
"E3","V3E",21101,"zone1 (nearest)",657,2250,0.292
"E3","V3E",21101,"zone2",243,2250,0.108
"E3","V3E",21101,"zone3",378,2250,0.168
"E3","V3E",21101,"zone4",324,2250,0.144
"E3","V3E",21101,"zone5 (farthest)",648,2250,0.288
"E3","V3E",21102,"zone1 (nearest)",284,1000,0.284
"E3","V3E",21102,"zone2",140,1000,0.14
"E3","V3E",21102,"zone3",160,1000,0.16
"E3","V3E",21102,"zone4",152,1000,0.152
"E3","V3E",21102,"zone5 (farthest)",264,1000,0.264
"E3","V3E",21103,"zone1 (nearest)",292,1000,0.292
"E3","V3E",21103,"zone2",120,1000,0.12
"E3","V3E",21103,"zone3",152,1000,0.152
"E3","V3E",21103,"zone4",144,1000,0.144
"E3","V3E",21103,"zone5 (farthest)",292,1000,0.292
"E3","V3E",21104,"zone1 (nearest)",256,1000,0.256
"E3","V3E",21104,"zone2",156,1000,0.156
"E3","V3E",21104,"zone3",160,1000,0.16
"E3","V3E",21104,"zone4",128,1000,0.128
"E3","V3E",21104,"zone5 (farthest)",300,1000,0.3
"E3","V3E",21105,"zone1 (nearest)",208,1000,0.208
"E3","V3E",21105,"zone2",120,1000,0.12
"E3","V3E",21105,"zone3",156,1000,0.156
"E3","V3E",21105,"zone4",140,1000,0.14
"E3","V3E",21105,"zone5 (farthest)",376,1000,0.376
"E3","V3E",21106,"zone1 (nearest)",292,1000,0.292
"E3","V3E",21106,"zone2",140,1000,0.14
"E3","V3E",21106,"zone3",164,1000,0.164
"E3","V3E",21106,"zone4",136,1000,0.136
"E3","V3E",21106,"zone5 (farthest)",268,1000,0.268
"E3","V3E",21107,"zone1 (nearest)",300,1000,0.3
"E3","V3E",21107,"zone2",184,1000,0.184
"E3","V3E",21107,"zone3",124,1000,0.124
"E3","V3E",21107,"zone4",128,1000,0.128
"E3","V3E",21107,"zone5 (farthest)",264,1000,0.264
"E3","V3E",21108,"zone1 (nearest)",244,1000,0.244
"E3","V3E",21108,"zone2",184,1000,0.184
"E3","V3E",21108,"zone3",120,1000,0.12
"E3","V3E",21108,"zone4",148,1000,0.148
"E3","V3E",21108,"zone5 (farthest)",304,1000,0.304
"E3","V3E",21109,"zone1 (nearest)",324,1000,0.324
"E3","V3E",21109,"zone2",156,1000,0.156
"E3","V3E",21109,"zone3",128,1000,0.128
"E3","V3E",21109,"zone4",156,1000,0.156
"E3","V3E",21109,"zone5 (farthest)",236,1000,0.236
"E3","V3E",21110,"zone1 (nearest)",264,1000,0.264
"E3","V3E",21110,"zone2",136,1000,0.136
"E3","V3E",21110,"zone3",144,1000,0.144
"E3","V3E",21110,"zone4",96,1000,0.096
"E3","V3E",21110,"zone5 (farthest)",360,1000,0.36
"E3","V3E",22101,"zone1 (nearest)",477,2250,0.212
"E3","V3E",22101,"zone2",450,2250,0.2
"E3","V3E",22101,"zone3",324,2250,0.144
"E3","V3E",22101,"zone4",468,2250,0.208
"E3","V3E",22101,"zone5 (farthest)",531,2250,0.236
"E3","V3E",22102,"zone1 (nearest)",176,1000,0.176
"E3","V3E",22102,"zone2",220,1000,0.22
"E3","V3E",22102,"zone3",208,1000,0.208
"E3","V3E",22102,"zone4",208,1000,0.208
"E3","V3E",22102,"zone5 (farthest)",188,1000,0.188
"E3","V3E",22103,"zone1 (nearest)",188,1000,0.188
"E3","V3E",22103,"zone2",188,1000,0.188
"E3","V3E",22103,"zone3",216,1000,0.216
"E3","V3E",22103,"zone4",192,1000,0.192
"E3","V3E",22103,"zone5 (farthest)",216,1000,0.216
"E3","V3E",22104,"zone1 (nearest)",192,1000,0.192
"E3","V3E",22104,"zone2",196,1000,0.196
"E3","V3E",22104,"zone3",212,1000,0.212
"E3","V3E",22104,"zone4",216,1000,0.216
"E3","V3E",22104,"zone5 (farthest)",184,1000,0.184
"E3","V3E",22105,"zone1 (nearest)",188,1000,0.188
"E3","V3E",22105,"zone2",196,1000,0.196
"E3","V3E",22105,"zone3",164,1000,0.164
"E3","V3E",22105,"zone4",216,1000,0.216
"E3","V3E",22105,"zone5 (farthest)",236,1000,0.236
"E3","V3E",22106,"zone1 (nearest)",180,1000,0.18
"E3","V3E",22106,"zone2",260,1000,0.26
"E3","V3E",22106,"zone3",164,1000,0.164
"E3","V3E",22106,"zone4",188,1000,0.188
"E3","V3E",22106,"zone5 (farthest)",208,1000,0.208
"E3","V3E",22107,"zone1 (nearest)",236,1000,0.236
"E3","V3E",22107,"zone2",180,1000,0.18
"E3","V3E",22107,"zone3",208,1000,0.208
"E3","V3E",22107,"zone4",144,1000,0.144
"E3","V3E",22107,"zone5 (farthest)",232,1000,0.232
"E3","V3E",22108,"zone1 (nearest)",156,1000,0.156
"E3","V3E",22108,"zone2",212,1000,0.212
"E3","V3E",22108,"zone3",176,1000,0.176
"E3","V3E",22108,"zone4",224,1000,0.224
"E3","V3E",22108,"zone5 (farthest)",232,1000,0.232
"E3","V3E",22109,"zone1 (nearest)",180,1000,0.18
"E3","V3E",22109,"zone2",220,1000,0.22
"E3","V3E",22109,"zone3",208,1000,0.208
"E3","V3E",22109,"zone4",176,1000,0.176
"E3","V3E",22109,"zone5 (farthest)",216,1000,0.216
"E3","V3E",22110,"zone1 (nearest)",180,1000,0.18
"E3","V3E",22110,"zone2",212,1000,0.212
"E3","V3E",22110,"zone3",184,1000,0.184
"E3","V3E",22110,"zone4",216,1000,0.216
"E3","V3E",22110,"zone5 (farthest)",208,1000,0.208
"E3","V3E",23101,"zone1 (nearest)",1026,2250,0.456
"E3","V3E",23101,"zone2",27,2250,0.012
"E3","V3E",23101,"zone3",63,2250,0.028
"E3","V3E",23101,"zone4",36,2250,0.016
"E3","V3E",23101,"zone5 (farthest)",1098,2250,0.488
"E3","V3E",23102,"zone1 (nearest)",436,1000,0.436
"E3","V3E",23102,"zone2",12,1000,0.012
"E3","V3E",23102,"zone3",16,1000,0.016
"E3","V3E",23102,"zone4",16,1000,0.016
"E3","V3E",23102,"zone5 (farthest)",520,1000,0.52
"E3","V3E",23103,"zone1 (nearest)",476,1000,0.476
"E3","V3E",23103,"zone2",20,1000,0.02
"E3","V3E",23103,"zone3",24,1000,0.024
"E3","V3E",23103,"zone4",16,1000,0.016
"E3","V3E",23103,"zone5 (farthest)",464,1000,0.464
"E3","V3E",23104,"zone1 (nearest)",436,1000,0.436
"E3","V3E",23104,"zone2",8,1000,0.008
"E3","V3E",23104,"zone3",20,1000,0.02
"E3","V3E",23104,"zone4",28,1000,0.028
"E3","V3E",23104,"zone5 (farthest)",508,1000,0.508
"E3","V3E",23105,"zone1 (nearest)",432,1000,0.432
"E3","V3E",23105,"zone2",16,1000,0.016
"E3","V3E",23105,"zone3",12,1000,0.012
"E3","V3E",23105,"zone4",40,1000,0.04
"E3","V3E",23105,"zone5 (farthest)",500,1000,0.5
"E3","V3E",23106,"zone1 (nearest)",456,1000,0.456
"E3","V3E",23106,"zone2",24,1000,0.024
"E3","V3E",23106,"zone3",20,1000,0.02
"E3","V3E",23106,"zone4",16,1000,0.016
"E3","V3E",23106,"zone5 (farthest)",484,1000,0.484
"E3","V3E",23107,"zone1 (nearest)",456,1000,0.456
"E3","V3E",23107,"zone2",32,1000,0.032
"E3","V3E",23107,"zone3",16,1000,0.016
"E3","V3E",23107,"zone4",12,1000,0.012
"E3","V3E",23107,"zone5 (farthest)",484,1000,0.484
"E3","V3E",23108,"zone1 (nearest)",404,1000,0.404
"E3","V3E",23108,"zone2",12,1000,0.012
"E3","V3E",23108,"zone3",20,1000,0.02
"E3","V3E",23108,"zone4",16,1000,0.016
"E3","V3E",23108,"zone5 (farthest)",548,1000,0.548
"E3","V3E",23109,"zone1 (nearest)",472,1000,0.472
"E3","V3E",23109,"zone2",28,1000,0.028
"E3","V3E",23109,"zone3",24,1000,0.024
"E3","V3E",23109,"zone4",0,1000,0
"E3","V3E",23109,"zone5 (farthest)",476,1000,0.476
"E3","V3E",23110,"zone1 (nearest)",452,1000,0.452
"E3","V3E",23110,"zone2",12,1000,0.012
"E3","V3E",23110,"zone3",16,1000,0.016
"E3","V3E",23110,"zone4",32,1000,0.032
"E3","V3E",23110,"zone5 (farthest)",488,1000,0.488
"E3","V3E",24101,"zone1 (nearest)",432,2250,0.192
"E3","V3E",24101,"zone2",432,2250,0.192
"E3","V3E",24101,"zone3",567,2250,0.252
"E3","V3E",24101,"zone4",477,2250,0.212
"E3","V3E",24101,"zone5 (farthest)",342,2250,0.152
"E3","V3E",24102,"zone1 (nearest)",184,1000,0.184
"E3","V3E",24102,"zone2",188,1000,0.188
"E3","V3E",24102,"zone3",244,1000,0.244
"E3","V3E",24102,"zone4",224,1000,0.224
"E3","V3E",24102,"zone5 (farthest)",160,1000,0.16
"E3","V3E",24103,"zone1 (nearest)",172,1000,0.172
"E3","V3E",24103,"zone2",232,1000,0.232
"E3","V3E",24103,"zone3",200,1000,0.2
"E3","V3E",24103,"zone4",208,1000,0.208
"E3","V3E",24103,"zone5 (farthest)",188,1000,0.188
"E3","V3E",24104,"zone1 (nearest)",180,1000,0.18
"E3","V3E",24104,"zone2",204,1000,0.204
"E3","V3E",24104,"zone3",196,1000,0.196
"E3","V3E",24104,"zone4",280,1000,0.28
"E3","V3E",24104,"zone5 (farthest)",140,1000,0.14
"E3","V3E",24105,"zone1 (nearest)",160,1000,0.16
"E3","V3E",24105,"zone2",220,1000,0.22
"E3","V3E",24105,"zone3",244,1000,0.244
"E3","V3E",24105,"zone4",224,1000,0.224
"E3","V3E",24105,"zone5 (farthest)",152,1000,0.152
"E3","V3E",24106,"zone1 (nearest)",120,1000,0.12
"E3","V3E",24106,"zone2",172,1000,0.172
"E3","V3E",24106,"zone3",292,1000,0.292
"E3","V3E",24106,"zone4",252,1000,0.252
"E3","V3E",24106,"zone5 (farthest)",164,1000,0.164
"E3","V3E",24107,"zone1 (nearest)",152,1000,0.152
"E3","V3E",24107,"zone2",232,1000,0.232
"E3","V3E",24107,"zone3",228,1000,0.228
"E3","V3E",24107,"zone4",212,1000,0.212
"E3","V3E",24107,"zone5 (farthest)",176,1000,0.176
"E3","V3E",24108,"zone1 (nearest)",184,1000,0.184
"E3","V3E",24108,"zone2",224,1000,0.224
"E3","V3E",24108,"zone3",196,1000,0.196
"E3","V3E",24108,"zone4",232,1000,0.232
"E3","V3E",24108,"zone5 (farthest)",164,1000,0.164
"E3","V3E",24109,"zone1 (nearest)",160,1000,0.16
"E3","V3E",24109,"zone2",188,1000,0.188
"E3","V3E",24109,"zone3",284,1000,0.284
"E3","V3E",24109,"zone4",216,1000,0.216
"E3","V3E",24109,"zone5 (farthest)",152,1000,0.152
"E3","V3E",24110,"zone1 (nearest)",176,1000,0.176
"E3","V3E",24110,"zone2",192,1000,0.192
"E3","V3E",24110,"zone3",300,1000,0.3
"E3","V3E",24110,"zone4",192,1000,0.192
"E3","V3E",24110,"zone5 (farthest)",140,1000,0.14
"E3","V3E",25101,"zone1 (nearest)",486,2250,0.216
"E3","V3E",25101,"zone2",414,2250,0.184
"E3","V3E",25101,"zone3",423,2250,0.188
"E3","V3E",25101,"zone4",459,2250,0.204
"E3","V3E",25101,"zone5 (farthest)",468,2250,0.208
"E3","V3E",25102,"zone1 (nearest)",208,1000,0.208
"E3","V3E",25102,"zone2",168,1000,0.168
"E3","V3E",25102,"zone3",160,1000,0.16
"E3","V3E",25102,"zone4",220,1000,0.22
"E3","V3E",25102,"zone5 (farthest)",244,1000,0.244
"E3","V3E",25103,"zone1 (nearest)",256,1000,0.256
"E3","V3E",25103,"zone2",160,1000,0.16
"E3","V3E",25103,"zone3",188,1000,0.188
"E3","V3E",25103,"zone4",184,1000,0.184
"E3","V3E",25103,"zone5 (farthest)",212,1000,0.212
"E3","V3E",25104,"zone1 (nearest)",208,1000,0.208
"E3","V3E",25104,"zone2",176,1000,0.176
"E3","V3E",25104,"zone3",184,1000,0.184
"E3","V3E",25104,"zone4",196,1000,0.196
"E3","V3E",25104,"zone5 (farthest)",236,1000,0.236
"E3","V3E",25105,"zone1 (nearest)",204,1000,0.204
"E3","V3E",25105,"zone2",200,1000,0.2
"E3","V3E",25105,"zone3",160,1000,0.16
"E3","V3E",25105,"zone4",212,1000,0.212
"E3","V3E",25105,"zone5 (farthest)",224,1000,0.224
"E3","V3E",25106,"zone1 (nearest)",208,1000,0.208
"E3","V3E",25106,"zone2",200,1000,0.2
"E3","V3E",25106,"zone3",192,1000,0.192
"E3","V3E",25106,"zone4",216,1000,0.216
"E3","V3E",25106,"zone5 (farthest)",184,1000,0.184
"E3","V3E",25107,"zone1 (nearest)",224,1000,0.224
"E3","V3E",25107,"zone2",228,1000,0.228
"E3","V3E",25107,"zone3",160,1000,0.16
"E3","V3E",25107,"zone4",192,1000,0.192
"E3","V3E",25107,"zone5 (farthest)",196,1000,0.196
"E3","V3E",25108,"zone1 (nearest)",244,1000,0.244
"E3","V3E",25108,"zone2",176,1000,0.176
"E3","V3E",25108,"zone3",172,1000,0.172
"E3","V3E",25108,"zone4",204,1000,0.204
"E3","V3E",25108,"zone5 (farthest)",204,1000,0.204
"E3","V3E",25109,"zone1 (nearest)",264,1000,0.264
"E3","V3E",25109,"zone2",184,1000,0.184
"E3","V3E",25109,"zone3",172,1000,0.172
"E3","V3E",25109,"zone4",184,1000,0.184
"E3","V3E",25109,"zone5 (farthest)",196,1000,0.196
"E3","V3E",25110,"zone1 (nearest)",228,1000,0.228
"E3","V3E",25110,"zone2",172,1000,0.172
"E3","V3E",25110,"zone3",152,1000,0.152
"E3","V3E",25110,"zone4",184,1000,0.184
"E3","V3E",25110,"zone5 (farthest)",264,1000,0.264
"E3","V3E",26101,"zone1 (nearest)",855,2250,0.38
"E3","V3E",26101,"zone2",369,2250,0.164
"E3","V3E",26101,"zone3",324,2250,0.144
"E3","V3E",26101,"zone4",297,2250,0.132
"E3","V3E",26101,"zone5 (farthest)",405,2250,0.18
"E3","V3E",26102,"zone1 (nearest)",392,1000,0.392
"E3","V3E",26102,"zone2",180,1000,0.18
"E3","V3E",26102,"zone3",124,1000,0.124
"E3","V3E",26102,"zone4",136,1000,0.136
"E3","V3E",26102,"zone5 (farthest)",168,1000,0.168
"E3","V3E",26103,"zone1 (nearest)",376,1000,0.376
"E3","V3E",26103,"zone2",196,1000,0.196
"E3","V3E",26103,"zone3",152,1000,0.152
"E3","V3E",26103,"zone4",148,1000,0.148
"E3","V3E",26103,"zone5 (farthest)",128,1000,0.128
"E3","V3E",26104,"zone1 (nearest)",372,1000,0.372
"E3","V3E",26104,"zone2",168,1000,0.168
"E3","V3E",26104,"zone3",184,1000,0.184
"E3","V3E",26104,"zone4",104,1000,0.104
"E3","V3E",26104,"zone5 (farthest)",172,1000,0.172
"E3","V3E",26105,"zone1 (nearest)",436,1000,0.436
"E3","V3E",26105,"zone2",140,1000,0.14
"E3","V3E",26105,"zone3",164,1000,0.164
"E3","V3E",26105,"zone4",92,1000,0.092
"E3","V3E",26105,"zone5 (farthest)",168,1000,0.168
"E3","V3E",26106,"zone1 (nearest)",396,1000,0.396
"E3","V3E",26106,"zone2",140,1000,0.14
"E3","V3E",26106,"zone3",140,1000,0.14
"E3","V3E",26106,"zone4",140,1000,0.14
"E3","V3E",26106,"zone5 (farthest)",184,1000,0.184
"E3","V3E",26107,"zone1 (nearest)",332,1000,0.332
"E3","V3E",26107,"zone2",224,1000,0.224
"E3","V3E",26107,"zone3",156,1000,0.156
"E3","V3E",26107,"zone4",124,1000,0.124
"E3","V3E",26107,"zone5 (farthest)",164,1000,0.164
"E3","V3E",26108,"zone1 (nearest)",384,1000,0.384
"E3","V3E",26108,"zone2",156,1000,0.156
"E3","V3E",26108,"zone3",176,1000,0.176
"E3","V3E",26108,"zone4",136,1000,0.136
"E3","V3E",26108,"zone5 (farthest)",148,1000,0.148
"E3","V3E",26109,"zone1 (nearest)",368,1000,0.368
"E3","V3E",26109,"zone2",172,1000,0.172
"E3","V3E",26109,"zone3",160,1000,0.16
"E3","V3E",26109,"zone4",152,1000,0.152
"E3","V3E",26109,"zone5 (farthest)",148,1000,0.148
"E3","V3E",26110,"zone1 (nearest)",400,1000,0.4
"E3","V3E",26110,"zone2",152,1000,0.152
"E3","V3E",26110,"zone3",164,1000,0.164
"E3","V3E",26110,"zone4",128,1000,0.128
"E3","V3E",26110,"zone5 (farthest)",156,1000,0.156
"E3","V3E",27101,"zone1 (nearest)",450,2250,0.2
"E3","V3E",27101,"zone2",468,2250,0.208
"E3","V3E",27101,"zone3",432,2250,0.192
"E3","V3E",27101,"zone4",468,2250,0.208
"E3","V3E",27101,"zone5 (farthest)",432,2250,0.192
"E3","V3E",27102,"zone1 (nearest)",164,1000,0.164
"E3","V3E",27102,"zone2",224,1000,0.224
"E3","V3E",27102,"zone3",224,1000,0.224
"E3","V3E",27102,"zone4",208,1000,0.208
"E3","V3E",27102,"zone5 (farthest)",180,1000,0.18
"E3","V3E",27103,"zone1 (nearest)",200,1000,0.2
"E3","V3E",27103,"zone2",184,1000,0.184
"E3","V3E",27103,"zone3",220,1000,0.22
"E3","V3E",27103,"zone4",216,1000,0.216
"E3","V3E",27103,"zone5 (farthest)",180,1000,0.18
"E3","V3E",27104,"zone1 (nearest)",212,1000,0.212
"E3","V3E",27104,"zone2",216,1000,0.216
"E3","V3E",27104,"zone3",208,1000,0.208
"E3","V3E",27104,"zone4",180,1000,0.18
"E3","V3E",27104,"zone5 (farthest)",184,1000,0.184
"E3","V3E",27105,"zone1 (nearest)",196,1000,0.196
"E3","V3E",27105,"zone2",156,1000,0.156
"E3","V3E",27105,"zone3",196,1000,0.196
"E3","V3E",27105,"zone4",228,1000,0.228
"E3","V3E",27105,"zone5 (farthest)",224,1000,0.224
"E3","V3E",27106,"zone1 (nearest)",216,1000,0.216
"E3","V3E",27106,"zone2",184,1000,0.184
"E3","V3E",27106,"zone3",204,1000,0.204
"E3","V3E",27106,"zone4",212,1000,0.212
"E3","V3E",27106,"zone5 (farthest)",184,1000,0.184
"E3","V3E",27107,"zone1 (nearest)",200,1000,0.2
"E3","V3E",27107,"zone2",236,1000,0.236
"E3","V3E",27107,"zone3",160,1000,0.16
"E3","V3E",27107,"zone4",212,1000,0.212
"E3","V3E",27107,"zone5 (farthest)",192,1000,0.192
"E3","V3E",27108,"zone1 (nearest)",212,1000,0.212
"E3","V3E",27108,"zone2",196,1000,0.196
"E3","V3E",27108,"zone3",196,1000,0.196
"E3","V3E",27108,"zone4",196,1000,0.196
"E3","V3E",27108,"zone5 (farthest)",200,1000,0.2
"E3","V3E",27109,"zone1 (nearest)",200,1000,0.2
"E3","V3E",27109,"zone2",204,1000,0.204
"E3","V3E",27109,"zone3",188,1000,0.188
"E3","V3E",27109,"zone4",236,1000,0.236
"E3","V3E",27109,"zone5 (farthest)",172,1000,0.172
"E3","V3E",27110,"zone1 (nearest)",176,1000,0.176
"E3","V3E",27110,"zone2",228,1000,0.228
"E3","V3E",27110,"zone3",212,1000,0.212
"E3","V3E",27110,"zone4",220,1000,0.22
"E3","V3E",27110,"zone5 (farthest)",164,1000,0.164
"E3","V3E",28101,"zone1 (nearest)",729,2250,0.324
"E3","V3E",28101,"zone2",234,2250,0.104
"E3","V3E",28101,"zone3",279,2250,0.124
"E3","V3E",28101,"zone4",261,2250,0.116
"E3","V3E",28101,"zone5 (farthest)",747,2250,0.332
"E3","V3E",28102,"zone1 (nearest)",320,1000,0.32
"E3","V3E",28102,"zone2",132,1000,0.132
"E3","V3E",28102,"zone3",120,1000,0.12
"E3","V3E",28102,"zone4",144,1000,0.144
"E3","V3E",28102,"zone5 (farthest)",284,1000,0.284
"E3","V3E",28103,"zone1 (nearest)",308,1000,0.308
"E3","V3E",28103,"zone2",128,1000,0.128
"E3","V3E",28103,"zone3",148,1000,0.148
"E3","V3E",28103,"zone4",112,1000,0.112
"E3","V3E",28103,"zone5 (farthest)",304,1000,0.304
"E3","V3E",28104,"zone1 (nearest)",312,1000,0.312
"E3","V3E",28104,"zone2",116,1000,0.116
"E3","V3E",28104,"zone3",128,1000,0.128
"E3","V3E",28104,"zone4",148,1000,0.148
"E3","V3E",28104,"zone5 (farthest)",296,1000,0.296
"E3","V3E",28105,"zone1 (nearest)",248,1000,0.248
"E3","V3E",28105,"zone2",132,1000,0.132
"E3","V3E",28105,"zone3",132,1000,0.132
"E3","V3E",28105,"zone4",104,1000,0.104
"E3","V3E",28105,"zone5 (farthest)",384,1000,0.384
"E3","V3E",28106,"zone1 (nearest)",280,1000,0.28
"E3","V3E",28106,"zone2",152,1000,0.152
"E3","V3E",28106,"zone3",132,1000,0.132
"E3","V3E",28106,"zone4",148,1000,0.148
"E3","V3E",28106,"zone5 (farthest)",288,1000,0.288
"E3","V3E",28107,"zone1 (nearest)",288,1000,0.288
"E3","V3E",28107,"zone2",148,1000,0.148
"E3","V3E",28107,"zone3",148,1000,0.148
"E3","V3E",28107,"zone4",120,1000,0.12
"E3","V3E",28107,"zone5 (farthest)",296,1000,0.296
"E3","V3E",28108,"zone1 (nearest)",284,1000,0.284
"E3","V3E",28108,"zone2",108,1000,0.108
"E3","V3E",28108,"zone3",148,1000,0.148
"E3","V3E",28108,"zone4",124,1000,0.124
"E3","V3E",28108,"zone5 (farthest)",336,1000,0.336
"E3","V3E",28109,"zone1 (nearest)",300,1000,0.3
"E3","V3E",28109,"zone2",112,1000,0.112
"E3","V3E",28109,"zone3",144,1000,0.144
"E3","V3E",28109,"zone4",140,1000,0.14
"E3","V3E",28109,"zone5 (farthest)",304,1000,0.304
"E3","V3E",28110,"zone1 (nearest)",284,1000,0.284
"E3","V3E",28110,"zone2",156,1000,0.156
"E3","V3E",28110,"zone3",120,1000,0.12
"E3","V3E",28110,"zone4",120,1000,0.12
"E3","V3E",28110,"zone5 (farthest)",320,1000,0.32
"E3","V3E",29101,"zone1 (nearest)",522,2250,0.232
"E3","V3E",29101,"zone2",405,2250,0.18
"E3","V3E",29101,"zone3",369,2250,0.164
"E3","V3E",29101,"zone4",306,2250,0.136
"E3","V3E",29101,"zone5 (farthest)",648,2250,0.288
"E3","V3E",29102,"zone1 (nearest)",216,1000,0.216
"E3","V3E",29102,"zone2",164,1000,0.164
"E3","V3E",29102,"zone3",188,1000,0.188
"E3","V3E",29102,"zone4",216,1000,0.216
"E3","V3E",29102,"zone5 (farthest)",216,1000,0.216
"E3","V3E",29103,"zone1 (nearest)",240,1000,0.24
"E3","V3E",29103,"zone2",196,1000,0.196
"E3","V3E",29103,"zone3",152,1000,0.152
"E3","V3E",29103,"zone4",176,1000,0.176
"E3","V3E",29103,"zone5 (farthest)",236,1000,0.236
"E3","V3E",29104,"zone1 (nearest)",240,1000,0.24
"E3","V3E",29104,"zone2",184,1000,0.184
"E3","V3E",29104,"zone3",192,1000,0.192
"E3","V3E",29104,"zone4",172,1000,0.172
"E3","V3E",29104,"zone5 (farthest)",212,1000,0.212
"E3","V3E",29105,"zone1 (nearest)",224,1000,0.224
"E3","V3E",29105,"zone2",164,1000,0.164
"E3","V3E",29105,"zone3",156,1000,0.156
"E3","V3E",29105,"zone4",216,1000,0.216
"E3","V3E",29105,"zone5 (farthest)",240,1000,0.24
"E3","V3E",29106,"zone1 (nearest)",244,1000,0.244
"E3","V3E",29106,"zone2",128,1000,0.128
"E3","V3E",29106,"zone3",220,1000,0.22
"E3","V3E",29106,"zone4",136,1000,0.136
"E3","V3E",29106,"zone5 (farthest)",272,1000,0.272
"E3","V3E",29107,"zone1 (nearest)",228,1000,0.228
"E3","V3E",29107,"zone2",196,1000,0.196
"E3","V3E",29107,"zone3",148,1000,0.148
"E3","V3E",29107,"zone4",164,1000,0.164
"E3","V3E",29107,"zone5 (farthest)",264,1000,0.264
"E3","V3E",29108,"zone1 (nearest)",208,1000,0.208
"E3","V3E",29108,"zone2",184,1000,0.184
"E3","V3E",29108,"zone3",180,1000,0.18
"E3","V3E",29108,"zone4",172,1000,0.172
"E3","V3E",29108,"zone5 (farthest)",256,1000,0.256
"E3","V3E",29109,"zone1 (nearest)",244,1000,0.244
"E3","V3E",29109,"zone2",192,1000,0.192
"E3","V3E",29109,"zone3",184,1000,0.184
"E3","V3E",29109,"zone4",156,1000,0.156
"E3","V3E",29109,"zone5 (farthest)",224,1000,0.224
"E3","V3E",29110,"zone1 (nearest)",248,1000,0.248
"E3","V3E",29110,"zone2",184,1000,0.184
"E3","V3E",29110,"zone3",156,1000,0.156
"E3","V3E",29110,"zone4",172,1000,0.172
"E3","V3E",29110,"zone5 (farthest)",240,1000,0.24
"E3","V3E",30101,"zone1 (nearest)",765,2250,0.34
"E3","V3E",30101,"zone2",117,2250,0.052
"E3","V3E",30101,"zone3",108,2250,0.048
"E3","V3E",30101,"zone4",144,2250,0.064
"E3","V3E",30101,"zone5 (farthest)",1116,2250,0.496
"E3","V3E",30102,"zone1 (nearest)",444,1000,0.444
"E3","V3E",30102,"zone2",52,1000,0.052
"E3","V3E",30102,"zone3",56,1000,0.056
"E3","V3E",30102,"zone4",76,1000,0.076
"E3","V3E",30102,"zone5 (farthest)",372,1000,0.372
"E3","V3E",30103,"zone1 (nearest)",416,1000,0.416
"E3","V3E",30103,"zone2",48,1000,0.048
"E3","V3E",30103,"zone3",56,1000,0.056
"E3","V3E",30103,"zone4",60,1000,0.06
"E3","V3E",30103,"zone5 (farthest)",420,1000,0.42
"E3","V3E",30104,"zone1 (nearest)",416,1000,0.416
"E3","V3E",30104,"zone2",60,1000,0.06
"E3","V3E",30104,"zone3",48,1000,0.048
"E3","V3E",30104,"zone4",48,1000,0.048
"E3","V3E",30104,"zone5 (farthest)",428,1000,0.428
"E3","V3E",30105,"zone1 (nearest)",372,1000,0.372
"E3","V3E",30105,"zone2",52,1000,0.052
"E3","V3E",30105,"zone3",60,1000,0.06
"E3","V3E",30105,"zone4",60,1000,0.06
"E3","V3E",30105,"zone5 (farthest)",456,1000,0.456
"E3","V3E",30106,"zone1 (nearest)",368,1000,0.368
"E3","V3E",30106,"zone2",52,1000,0.052
"E3","V3E",30106,"zone3",44,1000,0.044
"E3","V3E",30106,"zone4",92,1000,0.092
"E3","V3E",30106,"zone5 (farthest)",444,1000,0.444
"E3","V3E",30107,"zone1 (nearest)",420,1000,0.42
"E3","V3E",30107,"zone2",44,1000,0.044
"E3","V3E",30107,"zone3",52,1000,0.052
"E3","V3E",30107,"zone4",60,1000,0.06
"E3","V3E",30107,"zone5 (farthest)",424,1000,0.424
"E3","V3E",30108,"zone1 (nearest)",448,1000,0.448
"E3","V3E",30108,"zone2",52,1000,0.052
"E3","V3E",30108,"zone3",36,1000,0.036
"E3","V3E",30108,"zone4",68,1000,0.068
"E3","V3E",30108,"zone5 (farthest)",396,1000,0.396
"E3","V3E",30109,"zone1 (nearest)",404,1000,0.404
"E3","V3E",30109,"zone2",56,1000,0.056
"E3","V3E",30109,"zone3",68,1000,0.068
"E3","V3E",30109,"zone4",56,1000,0.056
"E3","V3E",30109,"zone5 (farthest)",416,1000,0.416
"E3","V3E",30110,"zone1 (nearest)",460,1000,0.46
"E3","V3E",30110,"zone2",48,1000,0.048
"E3","V3E",30110,"zone3",60,1000,0.06
"E3","V3E",30110,"zone4",48,1000,0.048
"E3","V3E",30110,"zone5 (farthest)",384,1000,0.384
"E3","V3F",1101,"zone1 (nearest)",1350,2250,0.6
"E3","V3F",1101,"zone2",531,2250,0.236
"E3","V3F",1101,"zone3",342,2250,0.152
"E3","V3F",1101,"zone4",9,2250,0.004
"E3","V3F",1101,"zone5 (farthest)",18,2250,0.008
"E3","V3F",1102,"zone1 (nearest)",552,1000,0.552
"E3","V3F",1102,"zone2",300,1000,0.3
"E3","V3F",1102,"zone3",108,1000,0.108
"E3","V3F",1102,"zone4",32,1000,0.032
"E3","V3F",1102,"zone5 (farthest)",8,1000,0.008
"E3","V3F",1103,"zone1 (nearest)",600,1000,0.6
"E3","V3F",1103,"zone2",264,1000,0.264
"E3","V3F",1103,"zone3",116,1000,0.116
"E3","V3F",1103,"zone4",12,1000,0.012
"E3","V3F",1103,"zone5 (farthest)",8,1000,0.008
"E3","V3F",1104,"zone1 (nearest)",644,1000,0.644
"E3","V3F",1104,"zone2",228,1000,0.228
"E3","V3F",1104,"zone3",108,1000,0.108
"E3","V3F",1104,"zone4",8,1000,0.008
"E3","V3F",1104,"zone5 (farthest)",12,1000,0.012
"E3","V3F",1105,"zone1 (nearest)",612,1000,0.612
"E3","V3F",1105,"zone2",240,1000,0.24
"E3","V3F",1105,"zone3",128,1000,0.128
"E3","V3F",1105,"zone4",12,1000,0.012
"E3","V3F",1105,"zone5 (farthest)",8,1000,0.008
"E3","V3F",1106,"zone1 (nearest)",588,1000,0.588
"E3","V3F",1106,"zone2",288,1000,0.288
"E3","V3F",1106,"zone3",100,1000,0.1
"E3","V3F",1106,"zone4",20,1000,0.02
"E3","V3F",1106,"zone5 (farthest)",4,1000,0.004
"E3","V3F",1107,"zone1 (nearest)",604,1000,0.604
"E3","V3F",1107,"zone2",244,1000,0.244
"E3","V3F",1107,"zone3",124,1000,0.124
"E3","V3F",1107,"zone4",24,1000,0.024
"E3","V3F",1107,"zone5 (farthest)",4,1000,0.004
"E3","V3F",1108,"zone1 (nearest)",568,1000,0.568
"E3","V3F",1108,"zone2",296,1000,0.296
"E3","V3F",1108,"zone3",120,1000,0.12
"E3","V3F",1108,"zone4",16,1000,0.016
"E3","V3F",1108,"zone5 (farthest)",0,1000,0
"E3","V3F",1109,"zone1 (nearest)",576,1000,0.576
"E3","V3F",1109,"zone2",272,1000,0.272
"E3","V3F",1109,"zone3",116,1000,0.116
"E3","V3F",1109,"zone4",36,1000,0.036
"E3","V3F",1109,"zone5 (farthest)",0,1000,0
"E3","V3F",1110,"zone1 (nearest)",564,1000,0.564
"E3","V3F",1110,"zone2",312,1000,0.312
"E3","V3F",1110,"zone3",104,1000,0.104
"E3","V3F",1110,"zone4",12,1000,0.012
"E3","V3F",1110,"zone5 (farthest)",8,1000,0.008
"E3","V3F",2101,"zone1 (nearest)",1926,2250,0.856
"E3","V3F",2101,"zone2",90,2250,0.04
"E3","V3F",2101,"zone3",63,2250,0.028
"E3","V3F",2101,"zone4",72,2250,0.032
"E3","V3F",2101,"zone5 (farthest)",99,2250,0.044
"E3","V3F",2102,"zone1 (nearest)",844,1000,0.844
"E3","V3F",2102,"zone2",48,1000,0.048
"E3","V3F",2102,"zone3",28,1000,0.028
"E3","V3F",2102,"zone4",36,1000,0.036
"E3","V3F",2102,"zone5 (farthest)",44,1000,0.044
"E3","V3F",2103,"zone1 (nearest)",852,1000,0.852
"E3","V3F",2103,"zone2",32,1000,0.032
"E3","V3F",2103,"zone3",24,1000,0.024
"E3","V3F",2103,"zone4",28,1000,0.028
"E3","V3F",2103,"zone5 (farthest)",64,1000,0.064
"E3","V3F",2104,"zone1 (nearest)",844,1000,0.844
"E3","V3F",2104,"zone2",16,1000,0.016
"E3","V3F",2104,"zone3",52,1000,0.052
"E3","V3F",2104,"zone4",60,1000,0.06
"E3","V3F",2104,"zone5 (farthest)",28,1000,0.028
"E3","V3F",2105,"zone1 (nearest)",836,1000,0.836
"E3","V3F",2105,"zone2",32,1000,0.032
"E3","V3F",2105,"zone3",48,1000,0.048
"E3","V3F",2105,"zone4",48,1000,0.048
"E3","V3F",2105,"zone5 (farthest)",36,1000,0.036
"E3","V3F",2106,"zone1 (nearest)",828,1000,0.828
"E3","V3F",2106,"zone2",52,1000,0.052
"E3","V3F",2106,"zone3",24,1000,0.024
"E3","V3F",2106,"zone4",56,1000,0.056
"E3","V3F",2106,"zone5 (farthest)",40,1000,0.04
"E3","V3F",2107,"zone1 (nearest)",840,1000,0.84
"E3","V3F",2107,"zone2",36,1000,0.036
"E3","V3F",2107,"zone3",36,1000,0.036
"E3","V3F",2107,"zone4",56,1000,0.056
"E3","V3F",2107,"zone5 (farthest)",32,1000,0.032
"E3","V3F",2108,"zone1 (nearest)",852,1000,0.852
"E3","V3F",2108,"zone2",40,1000,0.04
"E3","V3F",2108,"zone3",32,1000,0.032
"E3","V3F",2108,"zone4",36,1000,0.036
"E3","V3F",2108,"zone5 (farthest)",40,1000,0.04
"E3","V3F",2109,"zone1 (nearest)",844,1000,0.844
"E3","V3F",2109,"zone2",44,1000,0.044
"E3","V3F",2109,"zone3",48,1000,0.048
"E3","V3F",2109,"zone4",20,1000,0.02
"E3","V3F",2109,"zone5 (farthest)",44,1000,0.044
"E3","V3F",2110,"zone1 (nearest)",836,1000,0.836
"E3","V3F",2110,"zone2",36,1000,0.036
"E3","V3F",2110,"zone3",48,1000,0.048
"E3","V3F",2110,"zone4",40,1000,0.04
"E3","V3F",2110,"zone5 (farthest)",40,1000,0.04
"E3","V3F",3101,"zone1 (nearest)",2025,2250,0.9
"E3","V3F",3101,"zone2",135,2250,0.06
"E3","V3F",3101,"zone3",27,2250,0.012
"E3","V3F",3101,"zone4",18,2250,0.008
"E3","V3F",3101,"zone5 (farthest)",45,2250,0.02
"E3","V3F",3102,"zone1 (nearest)",904,1000,0.904
"E3","V3F",3102,"zone2",32,1000,0.032
"E3","V3F",3102,"zone3",12,1000,0.012
"E3","V3F",3102,"zone4",20,1000,0.02
"E3","V3F",3102,"zone5 (farthest)",32,1000,0.032
"E3","V3F",3103,"zone1 (nearest)",916,1000,0.916
"E3","V3F",3103,"zone2",44,1000,0.044
"E3","V3F",3103,"zone3",4,1000,0.004
"E3","V3F",3103,"zone4",12,1000,0.012
"E3","V3F",3103,"zone5 (farthest)",24,1000,0.024
"E3","V3F",3104,"zone1 (nearest)",896,1000,0.896
"E3","V3F",3104,"zone2",60,1000,0.06
"E3","V3F",3104,"zone3",8,1000,0.008
"E3","V3F",3104,"zone4",20,1000,0.02
"E3","V3F",3104,"zone5 (farthest)",16,1000,0.016
"E3","V3F",3105,"zone1 (nearest)",904,1000,0.904
"E3","V3F",3105,"zone2",68,1000,0.068
"E3","V3F",3105,"zone3",8,1000,0.008
"E3","V3F",3105,"zone4",16,1000,0.016
"E3","V3F",3105,"zone5 (farthest)",4,1000,0.004
"E3","V3F",3106,"zone1 (nearest)",908,1000,0.908
"E3","V3F",3106,"zone2",52,1000,0.052
"E3","V3F",3106,"zone3",8,1000,0.008
"E3","V3F",3106,"zone4",16,1000,0.016
"E3","V3F",3106,"zone5 (farthest)",16,1000,0.016
"E3","V3F",3107,"zone1 (nearest)",888,1000,0.888
"E3","V3F",3107,"zone2",68,1000,0.068
"E3","V3F",3107,"zone3",8,1000,0.008
"E3","V3F",3107,"zone4",16,1000,0.016
"E3","V3F",3107,"zone5 (farthest)",20,1000,0.02
"E3","V3F",3108,"zone1 (nearest)",888,1000,0.888
"E3","V3F",3108,"zone2",60,1000,0.06
"E3","V3F",3108,"zone3",28,1000,0.028
"E3","V3F",3108,"zone4",12,1000,0.012
"E3","V3F",3108,"zone5 (farthest)",12,1000,0.012
"E3","V3F",3109,"zone1 (nearest)",904,1000,0.904
"E3","V3F",3109,"zone2",56,1000,0.056
"E3","V3F",3109,"zone3",12,1000,0.012
"E3","V3F",3109,"zone4",0,1000,0
"E3","V3F",3109,"zone5 (farthest)",28,1000,0.028
"E3","V3F",3110,"zone1 (nearest)",912,1000,0.912
"E3","V3F",3110,"zone2",60,1000,0.06
"E3","V3F",3110,"zone3",8,1000,0.008
"E3","V3F",3110,"zone4",8,1000,0.008
"E3","V3F",3110,"zone5 (farthest)",12,1000,0.012
"E3","V3F",4101,"zone1 (nearest)",1908,2250,0.848
"E3","V3F",4101,"zone2",135,2250,0.06
"E3","V3F",4101,"zone3",18,2250,0.008
"E3","V3F",4101,"zone4",36,2250,0.016
"E3","V3F",4101,"zone5 (farthest)",153,2250,0.068
"E3","V3F",4102,"zone1 (nearest)",792,1000,0.792
"E3","V3F",4102,"zone2",100,1000,0.1
"E3","V3F",4102,"zone3",24,1000,0.024
"E3","V3F",4102,"zone4",20,1000,0.02
"E3","V3F",4102,"zone5 (farthest)",64,1000,0.064
"E3","V3F",4103,"zone1 (nearest)",800,1000,0.8
"E3","V3F",4103,"zone2",84,1000,0.084
"E3","V3F",4103,"zone3",28,1000,0.028
"E3","V3F",4103,"zone4",16,1000,0.016
"E3","V3F",4103,"zone5 (farthest)",72,1000,0.072
"E3","V3F",4104,"zone1 (nearest)",836,1000,0.836
"E3","V3F",4104,"zone2",72,1000,0.072
"E3","V3F",4104,"zone3",4,1000,0.004
"E3","V3F",4104,"zone4",12,1000,0.012
"E3","V3F",4104,"zone5 (farthest)",76,1000,0.076
"E3","V3F",4105,"zone1 (nearest)",828,1000,0.828
"E3","V3F",4105,"zone2",84,1000,0.084
"E3","V3F",4105,"zone3",12,1000,0.012
"E3","V3F",4105,"zone4",24,1000,0.024
"E3","V3F",4105,"zone5 (farthest)",52,1000,0.052
"E3","V3F",4106,"zone1 (nearest)",868,1000,0.868
"E3","V3F",4106,"zone2",48,1000,0.048
"E3","V3F",4106,"zone3",12,1000,0.012
"E3","V3F",4106,"zone4",28,1000,0.028
"E3","V3F",4106,"zone5 (farthest)",44,1000,0.044
"E3","V3F",4107,"zone1 (nearest)",820,1000,0.82
"E3","V3F",4107,"zone2",84,1000,0.084
"E3","V3F",4107,"zone3",24,1000,0.024
"E3","V3F",4107,"zone4",4,1000,0.004
"E3","V3F",4107,"zone5 (farthest)",68,1000,0.068
"E3","V3F",4108,"zone1 (nearest)",816,1000,0.816
"E3","V3F",4108,"zone2",84,1000,0.084
"E3","V3F",4108,"zone3",12,1000,0.012
"E3","V3F",4108,"zone4",20,1000,0.02
"E3","V3F",4108,"zone5 (farthest)",68,1000,0.068
"E3","V3F",4109,"zone1 (nearest)",824,1000,0.824
"E3","V3F",4109,"zone2",60,1000,0.06
"E3","V3F",4109,"zone3",16,1000,0.016
"E3","V3F",4109,"zone4",36,1000,0.036
"E3","V3F",4109,"zone5 (farthest)",64,1000,0.064
"E3","V3F",4110,"zone1 (nearest)",880,1000,0.88
"E3","V3F",4110,"zone2",68,1000,0.068
"E3","V3F",4110,"zone3",20,1000,0.02
"E3","V3F",4110,"zone4",12,1000,0.012
"E3","V3F",4110,"zone5 (farthest)",20,1000,0.02
"E3","V3F",5101,"zone1 (nearest)",1836,2250,0.816
"E3","V3F",5101,"zone2",252,2250,0.112
"E3","V3F",5101,"zone3",72,2250,0.032
"E3","V3F",5101,"zone4",27,2250,0.012
"E3","V3F",5101,"zone5 (farthest)",63,2250,0.028
"E3","V3F",5102,"zone1 (nearest)",828,1000,0.828
"E3","V3F",5102,"zone2",108,1000,0.108
"E3","V3F",5102,"zone3",44,1000,0.044
"E3","V3F",5102,"zone4",12,1000,0.012
"E3","V3F",5102,"zone5 (farthest)",8,1000,0.008
"E3","V3F",5103,"zone1 (nearest)",804,1000,0.804
"E3","V3F",5103,"zone2",120,1000,0.12
"E3","V3F",5103,"zone3",40,1000,0.04
"E3","V3F",5103,"zone4",12,1000,0.012
"E3","V3F",5103,"zone5 (farthest)",24,1000,0.024
"E3","V3F",5104,"zone1 (nearest)",844,1000,0.844
"E3","V3F",5104,"zone2",96,1000,0.096
"E3","V3F",5104,"zone3",24,1000,0.024
"E3","V3F",5104,"zone4",12,1000,0.012
"E3","V3F",5104,"zone5 (farthest)",24,1000,0.024
"E3","V3F",5105,"zone1 (nearest)",808,1000,0.808
"E3","V3F",5105,"zone2",124,1000,0.124
"E3","V3F",5105,"zone3",32,1000,0.032
"E3","V3F",5105,"zone4",20,1000,0.02
"E3","V3F",5105,"zone5 (farthest)",16,1000,0.016
"E3","V3F",5106,"zone1 (nearest)",816,1000,0.816
"E3","V3F",5106,"zone2",140,1000,0.14
"E3","V3F",5106,"zone3",20,1000,0.02
"E3","V3F",5106,"zone4",8,1000,0.008
"E3","V3F",5106,"zone5 (farthest)",16,1000,0.016
"E3","V3F",5107,"zone1 (nearest)",812,1000,0.812
"E3","V3F",5107,"zone2",128,1000,0.128
"E3","V3F",5107,"zone3",32,1000,0.032
"E3","V3F",5107,"zone4",8,1000,0.008
"E3","V3F",5107,"zone5 (farthest)",20,1000,0.02
"E3","V3F",5108,"zone1 (nearest)",796,1000,0.796
"E3","V3F",5108,"zone2",128,1000,0.128
"E3","V3F",5108,"zone3",48,1000,0.048
"E3","V3F",5108,"zone4",8,1000,0.008
"E3","V3F",5108,"zone5 (farthest)",20,1000,0.02
"E3","V3F",5109,"zone1 (nearest)",828,1000,0.828
"E3","V3F",5109,"zone2",112,1000,0.112
"E3","V3F",5109,"zone3",36,1000,0.036
"E3","V3F",5109,"zone4",12,1000,0.012
"E3","V3F",5109,"zone5 (farthest)",12,1000,0.012
"E3","V3F",5110,"zone1 (nearest)",816,1000,0.816
"E3","V3F",5110,"zone2",100,1000,0.1
"E3","V3F",5110,"zone3",40,1000,0.04
"E3","V3F",5110,"zone4",12,1000,0.012
"E3","V3F",5110,"zone5 (farthest)",32,1000,0.032
"E3","V3F",6101,"zone1 (nearest)",2115,2250,0.94
"E3","V3F",6101,"zone2",18,2250,0.008
"E3","V3F",6101,"zone3",27,2250,0.012
"E3","V3F",6101,"zone4",36,2250,0.016
"E3","V3F",6101,"zone5 (farthest)",54,2250,0.024
"E3","V3F",6102,"zone1 (nearest)",904,1000,0.904
"E3","V3F",6102,"zone2",32,1000,0.032
"E3","V3F",6102,"zone3",12,1000,0.012
"E3","V3F",6102,"zone4",28,1000,0.028
"E3","V3F",6102,"zone5 (farthest)",24,1000,0.024
"E3","V3F",6103,"zone1 (nearest)",896,1000,0.896
"E3","V3F",6103,"zone2",16,1000,0.016
"E3","V3F",6103,"zone3",40,1000,0.04
"E3","V3F",6103,"zone4",20,1000,0.02
"E3","V3F",6103,"zone5 (farthest)",28,1000,0.028
"E3","V3F",6104,"zone1 (nearest)",924,1000,0.924
"E3","V3F",6104,"zone2",24,1000,0.024
"E3","V3F",6104,"zone3",8,1000,0.008
"E3","V3F",6104,"zone4",20,1000,0.02
"E3","V3F",6104,"zone5 (farthest)",24,1000,0.024
"E3","V3F",6105,"zone1 (nearest)",908,1000,0.908
"E3","V3F",6105,"zone2",20,1000,0.02
"E3","V3F",6105,"zone3",16,1000,0.016
"E3","V3F",6105,"zone4",24,1000,0.024
"E3","V3F",6105,"zone5 (farthest)",32,1000,0.032
"E3","V3F",6106,"zone1 (nearest)",908,1000,0.908
"E3","V3F",6106,"zone2",28,1000,0.028
"E3","V3F",6106,"zone3",16,1000,0.016
"E3","V3F",6106,"zone4",16,1000,0.016
"E3","V3F",6106,"zone5 (farthest)",32,1000,0.032
"E3","V3F",6107,"zone1 (nearest)",924,1000,0.924
"E3","V3F",6107,"zone2",16,1000,0.016
"E3","V3F",6107,"zone3",28,1000,0.028
"E3","V3F",6107,"zone4",12,1000,0.012
"E3","V3F",6107,"zone5 (farthest)",20,1000,0.02
"E3","V3F",6108,"zone1 (nearest)",884,1000,0.884
"E3","V3F",6108,"zone2",36,1000,0.036
"E3","V3F",6108,"zone3",24,1000,0.024
"E3","V3F",6108,"zone4",28,1000,0.028
"E3","V3F",6108,"zone5 (farthest)",28,1000,0.028
"E3","V3F",6109,"zone1 (nearest)",892,1000,0.892
"E3","V3F",6109,"zone2",24,1000,0.024
"E3","V3F",6109,"zone3",16,1000,0.016
"E3","V3F",6109,"zone4",28,1000,0.028
"E3","V3F",6109,"zone5 (farthest)",40,1000,0.04
"E3","V3F",6110,"zone1 (nearest)",916,1000,0.916
"E3","V3F",6110,"zone2",16,1000,0.016
"E3","V3F",6110,"zone3",28,1000,0.028
"E3","V3F",6110,"zone4",20,1000,0.02
"E3","V3F",6110,"zone5 (farthest)",20,1000,0.02
"E3","V3F",7101,"zone1 (nearest)",2169,2250,0.964
"E3","V3F",7101,"zone2",18,2250,0.008
"E3","V3F",7101,"zone3",9,2250,0.004
"E3","V3F",7101,"zone4",36,2250,0.016
"E3","V3F",7101,"zone5 (farthest)",18,2250,0.008
"E3","V3F",7102,"zone1 (nearest)",960,1000,0.96
"E3","V3F",7102,"zone2",0,1000,0
"E3","V3F",7102,"zone3",12,1000,0.012
"E3","V3F",7102,"zone4",12,1000,0.012
"E3","V3F",7102,"zone5 (farthest)",16,1000,0.016
"E3","V3F",7103,"zone1 (nearest)",960,1000,0.96
"E3","V3F",7103,"zone2",4,1000,0.004
"E3","V3F",7103,"zone3",4,1000,0.004
"E3","V3F",7103,"zone4",12,1000,0.012
"E3","V3F",7103,"zone5 (farthest)",20,1000,0.02
"E3","V3F",7104,"zone1 (nearest)",964,1000,0.964
"E3","V3F",7104,"zone2",8,1000,0.008
"E3","V3F",7104,"zone3",12,1000,0.012
"E3","V3F",7104,"zone4",0,1000,0
"E3","V3F",7104,"zone5 (farthest)",16,1000,0.016
"E3","V3F",7105,"zone1 (nearest)",964,1000,0.964
"E3","V3F",7105,"zone2",4,1000,0.004
"E3","V3F",7105,"zone3",12,1000,0.012
"E3","V3F",7105,"zone4",4,1000,0.004
"E3","V3F",7105,"zone5 (farthest)",16,1000,0.016
"E3","V3F",7106,"zone1 (nearest)",956,1000,0.956
"E3","V3F",7106,"zone2",0,1000,0
"E3","V3F",7106,"zone3",12,1000,0.012
"E3","V3F",7106,"zone4",4,1000,0.004
"E3","V3F",7106,"zone5 (farthest)",28,1000,0.028
"E3","V3F",7107,"zone1 (nearest)",956,1000,0.956
"E3","V3F",7107,"zone2",8,1000,0.008
"E3","V3F",7107,"zone3",4,1000,0.004
"E3","V3F",7107,"zone4",8,1000,0.008
"E3","V3F",7107,"zone5 (farthest)",24,1000,0.024
"E3","V3F",7108,"zone1 (nearest)",964,1000,0.964
"E3","V3F",7108,"zone2",12,1000,0.012
"E3","V3F",7108,"zone3",8,1000,0.008
"E3","V3F",7108,"zone4",0,1000,0
"E3","V3F",7108,"zone5 (farthest)",16,1000,0.016
"E3","V3F",7109,"zone1 (nearest)",968,1000,0.968
"E3","V3F",7109,"zone2",0,1000,0
"E3","V3F",7109,"zone3",12,1000,0.012
"E3","V3F",7109,"zone4",4,1000,0.004
"E3","V3F",7109,"zone5 (farthest)",16,1000,0.016
"E3","V3F",7110,"zone1 (nearest)",972,1000,0.972
"E3","V3F",7110,"zone2",4,1000,0.004
"E3","V3F",7110,"zone3",8,1000,0.008
"E3","V3F",7110,"zone4",0,1000,0
"E3","V3F",7110,"zone5 (farthest)",16,1000,0.016
"E3","V3F",8101,"zone1 (nearest)",2097,2250,0.932
"E3","V3F",8101,"zone2",45,2250,0.02
"E3","V3F",8101,"zone3",54,2250,0.024
"E3","V3F",8101,"zone4",18,2250,0.008
"E3","V3F",8101,"zone5 (farthest)",36,2250,0.016
"E3","V3F",8102,"zone1 (nearest)",928,1000,0.928
"E3","V3F",8102,"zone2",12,1000,0.012
"E3","V3F",8102,"zone3",36,1000,0.036
"E3","V3F",8102,"zone4",16,1000,0.016
"E3","V3F",8102,"zone5 (farthest)",8,1000,0.008
"E3","V3F",8103,"zone1 (nearest)",940,1000,0.94
"E3","V3F",8103,"zone2",20,1000,0.02
"E3","V3F",8103,"zone3",0,1000,0
"E3","V3F",8103,"zone4",16,1000,0.016
"E3","V3F",8103,"zone5 (farthest)",24,1000,0.024
"E3","V3F",8104,"zone1 (nearest)",948,1000,0.948
"E3","V3F",8104,"zone2",8,1000,0.008
"E3","V3F",8104,"zone3",20,1000,0.02
"E3","V3F",8104,"zone4",12,1000,0.012
"E3","V3F",8104,"zone5 (farthest)",12,1000,0.012
"E3","V3F",8105,"zone1 (nearest)",932,1000,0.932
"E3","V3F",8105,"zone2",12,1000,0.012
"E3","V3F",8105,"zone3",16,1000,0.016
"E3","V3F",8105,"zone4",16,1000,0.016
"E3","V3F",8105,"zone5 (farthest)",24,1000,0.024
"E3","V3F",8106,"zone1 (nearest)",948,1000,0.948
"E3","V3F",8106,"zone2",16,1000,0.016
"E3","V3F",8106,"zone3",8,1000,0.008
"E3","V3F",8106,"zone4",16,1000,0.016
"E3","V3F",8106,"zone5 (farthest)",12,1000,0.012
"E3","V3F",8107,"zone1 (nearest)",948,1000,0.948
"E3","V3F",8107,"zone2",12,1000,0.012
"E3","V3F",8107,"zone3",8,1000,0.008
"E3","V3F",8107,"zone4",16,1000,0.016
"E3","V3F",8107,"zone5 (farthest)",16,1000,0.016
"E3","V3F",8108,"zone1 (nearest)",956,1000,0.956
"E3","V3F",8108,"zone2",12,1000,0.012
"E3","V3F",8108,"zone3",20,1000,0.02
"E3","V3F",8108,"zone4",4,1000,0.004
"E3","V3F",8108,"zone5 (farthest)",8,1000,0.008
"E3","V3F",8109,"zone1 (nearest)",940,1000,0.94
"E3","V3F",8109,"zone2",8,1000,0.008
"E3","V3F",8109,"zone3",28,1000,0.028
"E3","V3F",8109,"zone4",20,1000,0.02
"E3","V3F",8109,"zone5 (farthest)",4,1000,0.004
"E3","V3F",8110,"zone1 (nearest)",948,1000,0.948
"E3","V3F",8110,"zone2",24,1000,0.024
"E3","V3F",8110,"zone3",4,1000,0.004
"E3","V3F",8110,"zone4",12,1000,0.012
"E3","V3F",8110,"zone5 (farthest)",12,1000,0.012
"E3","V3F",9101,"zone1 (nearest)",1764,2250,0.784
"E3","V3F",9101,"zone2",297,2250,0.132
"E3","V3F",9101,"zone3",54,2250,0.024
"E3","V3F",9101,"zone4",90,2250,0.04
"E3","V3F",9101,"zone5 (farthest)",45,2250,0.02
"E3","V3F",9102,"zone1 (nearest)",748,1000,0.748
"E3","V3F",9102,"zone2",132,1000,0.132
"E3","V3F",9102,"zone3",40,1000,0.04
"E3","V3F",9102,"zone4",20,1000,0.02
"E3","V3F",9102,"zone5 (farthest)",60,1000,0.06
"E3","V3F",9103,"zone1 (nearest)",812,1000,0.812
"E3","V3F",9103,"zone2",112,1000,0.112
"E3","V3F",9103,"zone3",28,1000,0.028
"E3","V3F",9103,"zone4",32,1000,0.032
"E3","V3F",9103,"zone5 (farthest)",16,1000,0.016
"E3","V3F",9104,"zone1 (nearest)",776,1000,0.776
"E3","V3F",9104,"zone2",136,1000,0.136
"E3","V3F",9104,"zone3",32,1000,0.032
"E3","V3F",9104,"zone4",32,1000,0.032
"E3","V3F",9104,"zone5 (farthest)",24,1000,0.024
"E3","V3F",9105,"zone1 (nearest)",736,1000,0.736
"E3","V3F",9105,"zone2",164,1000,0.164
"E3","V3F",9105,"zone3",36,1000,0.036
"E3","V3F",9105,"zone4",36,1000,0.036
"E3","V3F",9105,"zone5 (farthest)",28,1000,0.028
"E3","V3F",9106,"zone1 (nearest)",780,1000,0.78
"E3","V3F",9106,"zone2",140,1000,0.14
"E3","V3F",9106,"zone3",40,1000,0.04
"E3","V3F",9106,"zone4",32,1000,0.032
"E3","V3F",9106,"zone5 (farthest)",8,1000,0.008
"E3","V3F",9107,"zone1 (nearest)",780,1000,0.78
"E3","V3F",9107,"zone2",132,1000,0.132
"E3","V3F",9107,"zone3",36,1000,0.036
"E3","V3F",9107,"zone4",24,1000,0.024
"E3","V3F",9107,"zone5 (farthest)",28,1000,0.028
"E3","V3F",9108,"zone1 (nearest)",752,1000,0.752
"E3","V3F",9108,"zone2",164,1000,0.164
"E3","V3F",9108,"zone3",40,1000,0.04
"E3","V3F",9108,"zone4",36,1000,0.036
"E3","V3F",9108,"zone5 (farthest)",8,1000,0.008
"E3","V3F",9109,"zone1 (nearest)",780,1000,0.78
"E3","V3F",9109,"zone2",112,1000,0.112
"E3","V3F",9109,"zone3",56,1000,0.056
"E3","V3F",9109,"zone4",24,1000,0.024
"E3","V3F",9109,"zone5 (farthest)",28,1000,0.028
"E3","V3F",9110,"zone1 (nearest)",752,1000,0.752
"E3","V3F",9110,"zone2",176,1000,0.176
"E3","V3F",9110,"zone3",40,1000,0.04
"E3","V3F",9110,"zone4",16,1000,0.016
"E3","V3F",9110,"zone5 (farthest)",16,1000,0.016
"E3","V3F",10101,"zone1 (nearest)",1881,2250,0.836
"E3","V3F",10101,"zone2",135,2250,0.06
"E3","V3F",10101,"zone3",45,2250,0.02
"E3","V3F",10101,"zone4",45,2250,0.02
"E3","V3F",10101,"zone5 (farthest)",144,2250,0.064
"E3","V3F",10102,"zone1 (nearest)",832,1000,0.832
"E3","V3F",10102,"zone2",56,1000,0.056
"E3","V3F",10102,"zone3",20,1000,0.02
"E3","V3F",10102,"zone4",28,1000,0.028
"E3","V3F",10102,"zone5 (farthest)",64,1000,0.064
"E3","V3F",10103,"zone1 (nearest)",836,1000,0.836
"E3","V3F",10103,"zone2",60,1000,0.06
"E3","V3F",10103,"zone3",32,1000,0.032
"E3","V3F",10103,"zone4",32,1000,0.032
"E3","V3F",10103,"zone5 (farthest)",40,1000,0.04
"E3","V3F",10104,"zone1 (nearest)",828,1000,0.828
"E3","V3F",10104,"zone2",64,1000,0.064
"E3","V3F",10104,"zone3",36,1000,0.036
"E3","V3F",10104,"zone4",24,1000,0.024
"E3","V3F",10104,"zone5 (farthest)",48,1000,0.048
"E3","V3F",10105,"zone1 (nearest)",848,1000,0.848
"E3","V3F",10105,"zone2",56,1000,0.056
"E3","V3F",10105,"zone3",16,1000,0.016
"E3","V3F",10105,"zone4",40,1000,0.04
"E3","V3F",10105,"zone5 (farthest)",40,1000,0.04
"E3","V3F",10106,"zone1 (nearest)",828,1000,0.828
"E3","V3F",10106,"zone2",80,1000,0.08
"E3","V3F",10106,"zone3",12,1000,0.012
"E3","V3F",10106,"zone4",36,1000,0.036
"E3","V3F",10106,"zone5 (farthest)",44,1000,0.044
"E3","V3F",10107,"zone1 (nearest)",828,1000,0.828
"E3","V3F",10107,"zone2",76,1000,0.076
"E3","V3F",10107,"zone3",24,1000,0.024
"E3","V3F",10107,"zone4",20,1000,0.02
"E3","V3F",10107,"zone5 (farthest)",52,1000,0.052
"E3","V3F",10108,"zone1 (nearest)",832,1000,0.832
"E3","V3F",10108,"zone2",60,1000,0.06
"E3","V3F",10108,"zone3",16,1000,0.016
"E3","V3F",10108,"zone4",28,1000,0.028
"E3","V3F",10108,"zone5 (farthest)",64,1000,0.064
"E3","V3F",10109,"zone1 (nearest)",836,1000,0.836
"E3","V3F",10109,"zone2",76,1000,0.076
"E3","V3F",10109,"zone3",12,1000,0.012
"E3","V3F",10109,"zone4",20,1000,0.02
"E3","V3F",10109,"zone5 (farthest)",56,1000,0.056
"E3","V3F",10110,"zone1 (nearest)",860,1000,0.86
"E3","V3F",10110,"zone2",44,1000,0.044
"E3","V3F",10110,"zone3",16,1000,0.016
"E3","V3F",10110,"zone4",16,1000,0.016
"E3","V3F",10110,"zone5 (farthest)",64,1000,0.064
"E3","V3F",11101,"zone1 (nearest)",1053,2250,0.468
"E3","V3F",11101,"zone2",315,2250,0.14
"E3","V3F",11101,"zone3",180,2250,0.08
"E3","V3F",11101,"zone4",189,2250,0.084
"E3","V3F",11101,"zone5 (farthest)",513,2250,0.228
"E3","V3F",11102,"zone1 (nearest)",488,1000,0.488
"E3","V3F",11102,"zone2",172,1000,0.172
"E3","V3F",11102,"zone3",44,1000,0.044
"E3","V3F",11102,"zone4",56,1000,0.056
"E3","V3F",11102,"zone5 (farthest)",240,1000,0.24
"E3","V3F",11103,"zone1 (nearest)",468,1000,0.468
"E3","V3F",11103,"zone2",192,1000,0.192
"E3","V3F",11103,"zone3",56,1000,0.056
"E3","V3F",11103,"zone4",80,1000,0.08
"E3","V3F",11103,"zone5 (farthest)",204,1000,0.204
"E3","V3F",11104,"zone1 (nearest)",496,1000,0.496
"E3","V3F",11104,"zone2",132,1000,0.132
"E3","V3F",11104,"zone3",52,1000,0.052
"E3","V3F",11104,"zone4",76,1000,0.076
"E3","V3F",11104,"zone5 (farthest)",244,1000,0.244
"E3","V3F",11105,"zone1 (nearest)",512,1000,0.512
"E3","V3F",11105,"zone2",152,1000,0.152
"E3","V3F",11105,"zone3",64,1000,0.064
"E3","V3F",11105,"zone4",60,1000,0.06
"E3","V3F",11105,"zone5 (farthest)",212,1000,0.212
"E3","V3F",11106,"zone1 (nearest)",464,1000,0.464
"E3","V3F",11106,"zone2",140,1000,0.14
"E3","V3F",11106,"zone3",76,1000,0.076
"E3","V3F",11106,"zone4",60,1000,0.06
"E3","V3F",11106,"zone5 (farthest)",260,1000,0.26
"E3","V3F",11107,"zone1 (nearest)",484,1000,0.484
"E3","V3F",11107,"zone2",140,1000,0.14
"E3","V3F",11107,"zone3",92,1000,0.092
"E3","V3F",11107,"zone4",64,1000,0.064
"E3","V3F",11107,"zone5 (farthest)",220,1000,0.22
"E3","V3F",11108,"zone1 (nearest)",468,1000,0.468
"E3","V3F",11108,"zone2",144,1000,0.144
"E3","V3F",11108,"zone3",56,1000,0.056
"E3","V3F",11108,"zone4",92,1000,0.092
"E3","V3F",11108,"zone5 (farthest)",240,1000,0.24
"E3","V3F",11109,"zone1 (nearest)",488,1000,0.488
"E3","V3F",11109,"zone2",144,1000,0.144
"E3","V3F",11109,"zone3",68,1000,0.068
"E3","V3F",11109,"zone4",72,1000,0.072
"E3","V3F",11109,"zone5 (farthest)",228,1000,0.228
"E3","V3F",11110,"zone1 (nearest)",492,1000,0.492
"E3","V3F",11110,"zone2",180,1000,0.18
"E3","V3F",11110,"zone3",72,1000,0.072
"E3","V3F",11110,"zone4",60,1000,0.06
"E3","V3F",11110,"zone5 (farthest)",196,1000,0.196
"E3","V3F",12101,"zone1 (nearest)",1971,2250,0.876
"E3","V3F",12101,"zone2",90,2250,0.04
"E3","V3F",12101,"zone3",90,2250,0.04
"E3","V3F",12101,"zone4",45,2250,0.02
"E3","V3F",12101,"zone5 (farthest)",54,2250,0.024
"E3","V3F",12102,"zone1 (nearest)",896,1000,0.896
"E3","V3F",12102,"zone2",28,1000,0.028
"E3","V3F",12102,"zone3",40,1000,0.04
"E3","V3F",12102,"zone4",24,1000,0.024
"E3","V3F",12102,"zone5 (farthest)",12,1000,0.012
"E3","V3F",12103,"zone1 (nearest)",884,1000,0.884
"E3","V3F",12103,"zone2",24,1000,0.024
"E3","V3F",12103,"zone3",40,1000,0.04
"E3","V3F",12103,"zone4",36,1000,0.036
"E3","V3F",12103,"zone5 (farthest)",16,1000,0.016
"E3","V3F",12104,"zone1 (nearest)",912,1000,0.912
"E3","V3F",12104,"zone2",24,1000,0.024
"E3","V3F",12104,"zone3",24,1000,0.024
"E3","V3F",12104,"zone4",24,1000,0.024
"E3","V3F",12104,"zone5 (farthest)",16,1000,0.016
"E3","V3F",12105,"zone1 (nearest)",920,1000,0.92
"E3","V3F",12105,"zone2",28,1000,0.028
"E3","V3F",12105,"zone3",32,1000,0.032
"E3","V3F",12105,"zone4",16,1000,0.016
"E3","V3F",12105,"zone5 (farthest)",4,1000,0.004
"E3","V3F",12106,"zone1 (nearest)",892,1000,0.892
"E3","V3F",12106,"zone2",44,1000,0.044
"E3","V3F",12106,"zone3",32,1000,0.032
"E3","V3F",12106,"zone4",12,1000,0.012
"E3","V3F",12106,"zone5 (farthest)",20,1000,0.02
"E3","V3F",12107,"zone1 (nearest)",916,1000,0.916
"E3","V3F",12107,"zone2",24,1000,0.024
"E3","V3F",12107,"zone3",8,1000,0.008
"E3","V3F",12107,"zone4",28,1000,0.028
"E3","V3F",12107,"zone5 (farthest)",24,1000,0.024
"E3","V3F",12108,"zone1 (nearest)",896,1000,0.896
"E3","V3F",12108,"zone2",32,1000,0.032
"E3","V3F",12108,"zone3",40,1000,0.04
"E3","V3F",12108,"zone4",12,1000,0.012
"E3","V3F",12108,"zone5 (farthest)",20,1000,0.02
"E3","V3F",12109,"zone1 (nearest)",892,1000,0.892
"E3","V3F",12109,"zone2",28,1000,0.028
"E3","V3F",12109,"zone3",24,1000,0.024
"E3","V3F",12109,"zone4",28,1000,0.028
"E3","V3F",12109,"zone5 (farthest)",28,1000,0.028
"E3","V3F",12110,"zone1 (nearest)",920,1000,0.92
"E3","V3F",12110,"zone2",20,1000,0.02
"E3","V3F",12110,"zone3",16,1000,0.016
"E3","V3F",12110,"zone4",28,1000,0.028
"E3","V3F",12110,"zone5 (farthest)",16,1000,0.016
"E3","V3F",13101,"zone1 (nearest)",1935,2250,0.86
"E3","V3F",13101,"zone2",72,2250,0.032
"E3","V3F",13101,"zone3",45,2250,0.02
"E3","V3F",13101,"zone4",45,2250,0.02
"E3","V3F",13101,"zone5 (farthest)",153,2250,0.068
"E3","V3F",13102,"zone1 (nearest)",860,1000,0.86
"E3","V3F",13102,"zone2",12,1000,0.012
"E3","V3F",13102,"zone3",16,1000,0.016
"E3","V3F",13102,"zone4",36,1000,0.036
"E3","V3F",13102,"zone5 (farthest)",76,1000,0.076
"E3","V3F",13103,"zone1 (nearest)",868,1000,0.868
"E3","V3F",13103,"zone2",16,1000,0.016
"E3","V3F",13103,"zone3",8,1000,0.008
"E3","V3F",13103,"zone4",28,1000,0.028
"E3","V3F",13103,"zone5 (farthest)",80,1000,0.08
"E3","V3F",13104,"zone1 (nearest)",832,1000,0.832
"E3","V3F",13104,"zone2",8,1000,0.008
"E3","V3F",13104,"zone3",16,1000,0.016
"E3","V3F",13104,"zone4",28,1000,0.028
"E3","V3F",13104,"zone5 (farthest)",116,1000,0.116
"E3","V3F",13105,"zone1 (nearest)",852,1000,0.852
"E3","V3F",13105,"zone2",24,1000,0.024
"E3","V3F",13105,"zone3",16,1000,0.016
"E3","V3F",13105,"zone4",28,1000,0.028
"E3","V3F",13105,"zone5 (farthest)",80,1000,0.08
"E3","V3F",13106,"zone1 (nearest)",880,1000,0.88
"E3","V3F",13106,"zone2",16,1000,0.016
"E3","V3F",13106,"zone3",24,1000,0.024
"E3","V3F",13106,"zone4",12,1000,0.012
"E3","V3F",13106,"zone5 (farthest)",68,1000,0.068
"E3","V3F",13107,"zone1 (nearest)",844,1000,0.844
"E3","V3F",13107,"zone2",36,1000,0.036
"E3","V3F",13107,"zone3",4,1000,0.004
"E3","V3F",13107,"zone4",24,1000,0.024
"E3","V3F",13107,"zone5 (farthest)",92,1000,0.092
"E3","V3F",13108,"zone1 (nearest)",880,1000,0.88
"E3","V3F",13108,"zone2",12,1000,0.012
"E3","V3F",13108,"zone3",16,1000,0.016
"E3","V3F",13108,"zone4",8,1000,0.008
"E3","V3F",13108,"zone5 (farthest)",84,1000,0.084
"E3","V3F",13109,"zone1 (nearest)",820,1000,0.82
"E3","V3F",13109,"zone2",32,1000,0.032
"E3","V3F",13109,"zone3",12,1000,0.012
"E3","V3F",13109,"zone4",32,1000,0.032
"E3","V3F",13109,"zone5 (farthest)",104,1000,0.104
"E3","V3F",13110,"zone1 (nearest)",832,1000,0.832
"E3","V3F",13110,"zone2",24,1000,0.024
"E3","V3F",13110,"zone3",16,1000,0.016
"E3","V3F",13110,"zone4",44,1000,0.044
"E3","V3F",13110,"zone5 (farthest)",84,1000,0.084
"E3","V3F",14101,"zone1 (nearest)",2088,2250,0.928
"E3","V3F",14101,"zone2",36,2250,0.016
"E3","V3F",14101,"zone3",45,2250,0.02
"E3","V3F",14101,"zone4",36,2250,0.016
"E3","V3F",14101,"zone5 (farthest)",45,2250,0.02
"E3","V3F",14102,"zone1 (nearest)",916,1000,0.916
"E3","V3F",14102,"zone2",24,1000,0.024
"E3","V3F",14102,"zone3",28,1000,0.028
"E3","V3F",14102,"zone4",28,1000,0.028
"E3","V3F",14102,"zone5 (farthest)",4,1000,0.004
"E3","V3F",14103,"zone1 (nearest)",924,1000,0.924
"E3","V3F",14103,"zone2",20,1000,0.02
"E3","V3F",14103,"zone3",24,1000,0.024
"E3","V3F",14103,"zone4",8,1000,0.008
"E3","V3F",14103,"zone5 (farthest)",24,1000,0.024
"E3","V3F",14104,"zone1 (nearest)",920,1000,0.92
"E3","V3F",14104,"zone2",16,1000,0.016
"E3","V3F",14104,"zone3",24,1000,0.024
"E3","V3F",14104,"zone4",16,1000,0.016
"E3","V3F",14104,"zone5 (farthest)",24,1000,0.024
"E3","V3F",14105,"zone1 (nearest)",920,1000,0.92
"E3","V3F",14105,"zone2",36,1000,0.036
"E3","V3F",14105,"zone3",16,1000,0.016
"E3","V3F",14105,"zone4",12,1000,0.012
"E3","V3F",14105,"zone5 (farthest)",16,1000,0.016
"E3","V3F",14106,"zone1 (nearest)",920,1000,0.92
"E3","V3F",14106,"zone2",36,1000,0.036
"E3","V3F",14106,"zone3",16,1000,0.016
"E3","V3F",14106,"zone4",16,1000,0.016
"E3","V3F",14106,"zone5 (farthest)",12,1000,0.012
"E3","V3F",14107,"zone1 (nearest)",924,1000,0.924
"E3","V3F",14107,"zone2",48,1000,0.048
"E3","V3F",14107,"zone3",12,1000,0.012
"E3","V3F",14107,"zone4",4,1000,0.004
"E3","V3F",14107,"zone5 (farthest)",12,1000,0.012
"E3","V3F",14108,"zone1 (nearest)",924,1000,0.924
"E3","V3F",14108,"zone2",32,1000,0.032
"E3","V3F",14108,"zone3",24,1000,0.024
"E3","V3F",14108,"zone4",16,1000,0.016
"E3","V3F",14108,"zone5 (farthest)",4,1000,0.004
"E3","V3F",14109,"zone1 (nearest)",904,1000,0.904
"E3","V3F",14109,"zone2",24,1000,0.024
"E3","V3F",14109,"zone3",28,1000,0.028
"E3","V3F",14109,"zone4",28,1000,0.028
"E3","V3F",14109,"zone5 (farthest)",16,1000,0.016
"E3","V3F",14110,"zone1 (nearest)",920,1000,0.92
"E3","V3F",14110,"zone2",44,1000,0.044
"E3","V3F",14110,"zone3",16,1000,0.016
"E3","V3F",14110,"zone4",16,1000,0.016
"E3","V3F",14110,"zone5 (farthest)",4,1000,0.004
"E3","V3F",15101,"zone1 (nearest)",1350,2250,0.6
"E3","V3F",15101,"zone2",117,2250,0.052
"E3","V3F",15101,"zone3",117,2250,0.052
"E3","V3F",15101,"zone4",90,2250,0.04
"E3","V3F",15101,"zone5 (farthest)",576,2250,0.256
"E3","V3F",15102,"zone1 (nearest)",644,1000,0.644
"E3","V3F",15102,"zone2",52,1000,0.052
"E3","V3F",15102,"zone3",52,1000,0.052
"E3","V3F",15102,"zone4",28,1000,0.028
"E3","V3F",15102,"zone5 (farthest)",224,1000,0.224
"E3","V3F",15103,"zone1 (nearest)",608,1000,0.608
"E3","V3F",15103,"zone2",52,1000,0.052
"E3","V3F",15103,"zone3",36,1000,0.036
"E3","V3F",15103,"zone4",56,1000,0.056
"E3","V3F",15103,"zone5 (farthest)",248,1000,0.248
"E3","V3F",15104,"zone1 (nearest)",616,1000,0.616
"E3","V3F",15104,"zone2",40,1000,0.04
"E3","V3F",15104,"zone3",72,1000,0.072
"E3","V3F",15104,"zone4",44,1000,0.044
"E3","V3F",15104,"zone5 (farthest)",228,1000,0.228
"E3","V3F",15105,"zone1 (nearest)",636,1000,0.636
"E3","V3F",15105,"zone2",56,1000,0.056
"E3","V3F",15105,"zone3",68,1000,0.068
"E3","V3F",15105,"zone4",44,1000,0.044
"E3","V3F",15105,"zone5 (farthest)",196,1000,0.196
"E3","V3F",15106,"zone1 (nearest)",640,1000,0.64
"E3","V3F",15106,"zone2",60,1000,0.06
"E3","V3F",15106,"zone3",24,1000,0.024
"E3","V3F",15106,"zone4",52,1000,0.052
"E3","V3F",15106,"zone5 (farthest)",224,1000,0.224
"E3","V3F",15107,"zone1 (nearest)",632,1000,0.632
"E3","V3F",15107,"zone2",64,1000,0.064
"E3","V3F",15107,"zone3",40,1000,0.04
"E3","V3F",15107,"zone4",48,1000,0.048
"E3","V3F",15107,"zone5 (farthest)",216,1000,0.216
"E3","V3F",15108,"zone1 (nearest)",616,1000,0.616
"E3","V3F",15108,"zone2",60,1000,0.06
"E3","V3F",15108,"zone3",52,1000,0.052
"E3","V3F",15108,"zone4",28,1000,0.028
"E3","V3F",15108,"zone5 (farthest)",244,1000,0.244
"E3","V3F",15109,"zone1 (nearest)",652,1000,0.652
"E3","V3F",15109,"zone2",56,1000,0.056
"E3","V3F",15109,"zone3",72,1000,0.072
"E3","V3F",15109,"zone4",52,1000,0.052
"E3","V3F",15109,"zone5 (farthest)",168,1000,0.168
"E3","V3F",15110,"zone1 (nearest)",620,1000,0.62
"E3","V3F",15110,"zone2",80,1000,0.08
"E3","V3F",15110,"zone3",36,1000,0.036
"E3","V3F",15110,"zone4",44,1000,0.044
"E3","V3F",15110,"zone5 (farthest)",220,1000,0.22
"E3","V3F",16101,"zone1 (nearest)",2052,2250,0.912
"E3","V3F",16101,"zone2",135,2250,0.06
"E3","V3F",16101,"zone3",9,2250,0.004
"E3","V3F",16101,"zone4",27,2250,0.012
"E3","V3F",16101,"zone5 (farthest)",27,2250,0.012
"E3","V3F",16102,"zone1 (nearest)",920,1000,0.92
"E3","V3F",16102,"zone2",44,1000,0.044
"E3","V3F",16102,"zone3",8,1000,0.008
"E3","V3F",16102,"zone4",8,1000,0.008
"E3","V3F",16102,"zone5 (farthest)",20,1000,0.02
"E3","V3F",16103,"zone1 (nearest)",944,1000,0.944
"E3","V3F",16103,"zone2",16,1000,0.016
"E3","V3F",16103,"zone3",16,1000,0.016
"E3","V3F",16103,"zone4",16,1000,0.016
"E3","V3F",16103,"zone5 (farthest)",8,1000,0.008
"E3","V3F",16104,"zone1 (nearest)",916,1000,0.916
"E3","V3F",16104,"zone2",28,1000,0.028
"E3","V3F",16104,"zone3",20,1000,0.02
"E3","V3F",16104,"zone4",24,1000,0.024
"E3","V3F",16104,"zone5 (farthest)",12,1000,0.012
"E3","V3F",16105,"zone1 (nearest)",932,1000,0.932
"E3","V3F",16105,"zone2",32,1000,0.032
"E3","V3F",16105,"zone3",4,1000,0.004
"E3","V3F",16105,"zone4",12,1000,0.012
"E3","V3F",16105,"zone5 (farthest)",20,1000,0.02
"E3","V3F",16106,"zone1 (nearest)",928,1000,0.928
"E3","V3F",16106,"zone2",44,1000,0.044
"E3","V3F",16106,"zone3",8,1000,0.008
"E3","V3F",16106,"zone4",12,1000,0.012
"E3","V3F",16106,"zone5 (farthest)",8,1000,0.008
"E3","V3F",16107,"zone1 (nearest)",904,1000,0.904
"E3","V3F",16107,"zone2",28,1000,0.028
"E3","V3F",16107,"zone3",20,1000,0.02
"E3","V3F",16107,"zone4",24,1000,0.024
"E3","V3F",16107,"zone5 (farthest)",24,1000,0.024
"E3","V3F",16108,"zone1 (nearest)",904,1000,0.904
"E3","V3F",16108,"zone2",52,1000,0.052
"E3","V3F",16108,"zone3",12,1000,0.012
"E3","V3F",16108,"zone4",20,1000,0.02
"E3","V3F",16108,"zone5 (farthest)",12,1000,0.012
"E3","V3F",16109,"zone1 (nearest)",928,1000,0.928
"E3","V3F",16109,"zone2",28,1000,0.028
"E3","V3F",16109,"zone3",20,1000,0.02
"E3","V3F",16109,"zone4",12,1000,0.012
"E3","V3F",16109,"zone5 (farthest)",12,1000,0.012
"E3","V3F",16110,"zone1 (nearest)",924,1000,0.924
"E3","V3F",16110,"zone2",36,1000,0.036
"E3","V3F",16110,"zone3",16,1000,0.016
"E3","V3F",16110,"zone4",12,1000,0.012
"E3","V3F",16110,"zone5 (farthest)",12,1000,0.012
"E3","V3F",17101,"zone1 (nearest)",2151,2250,0.956
"E3","V3F",17101,"zone2",18,2250,0.008
"E3","V3F",17101,"zone3",36,2250,0.016
"E3","V3F",17101,"zone4",18,2250,0.008
"E3","V3F",17101,"zone5 (farthest)",27,2250,0.012
"E3","V3F",17102,"zone1 (nearest)",972,1000,0.972
"E3","V3F",17102,"zone2",8,1000,0.008
"E3","V3F",17102,"zone3",0,1000,0
"E3","V3F",17102,"zone4",4,1000,0.004
"E3","V3F",17102,"zone5 (farthest)",16,1000,0.016
"E3","V3F",17103,"zone1 (nearest)",956,1000,0.956
"E3","V3F",17103,"zone2",8,1000,0.008
"E3","V3F",17103,"zone3",24,1000,0.024
"E3","V3F",17103,"zone4",4,1000,0.004
"E3","V3F",17103,"zone5 (farthest)",8,1000,0.008
"E3","V3F",17104,"zone1 (nearest)",968,1000,0.968
"E3","V3F",17104,"zone2",8,1000,0.008
"E3","V3F",17104,"zone3",8,1000,0.008
"E3","V3F",17104,"zone4",12,1000,0.012
"E3","V3F",17104,"zone5 (farthest)",4,1000,0.004
"E3","V3F",17105,"zone1 (nearest)",964,1000,0.964
"E3","V3F",17105,"zone2",12,1000,0.012
"E3","V3F",17105,"zone3",4,1000,0.004
"E3","V3F",17105,"zone4",12,1000,0.012
"E3","V3F",17105,"zone5 (farthest)",8,1000,0.008
"E3","V3F",17106,"zone1 (nearest)",964,1000,0.964
"E3","V3F",17106,"zone2",16,1000,0.016
"E3","V3F",17106,"zone3",4,1000,0.004
"E3","V3F",17106,"zone4",8,1000,0.008
"E3","V3F",17106,"zone5 (farthest)",8,1000,0.008
"E3","V3F",17107,"zone1 (nearest)",956,1000,0.956
"E3","V3F",17107,"zone2",16,1000,0.016
"E3","V3F",17107,"zone3",4,1000,0.004
"E3","V3F",17107,"zone4",16,1000,0.016
"E3","V3F",17107,"zone5 (farthest)",8,1000,0.008
"E3","V3F",17108,"zone1 (nearest)",968,1000,0.968
"E3","V3F",17108,"zone2",12,1000,0.012
"E3","V3F",17108,"zone3",4,1000,0.004
"E3","V3F",17108,"zone4",4,1000,0.004
"E3","V3F",17108,"zone5 (farthest)",12,1000,0.012
"E3","V3F",17109,"zone1 (nearest)",968,1000,0.968
"E3","V3F",17109,"zone2",4,1000,0.004
"E3","V3F",17109,"zone3",0,1000,0
"E3","V3F",17109,"zone4",12,1000,0.012
"E3","V3F",17109,"zone5 (farthest)",16,1000,0.016
"E3","V3F",17110,"zone1 (nearest)",952,1000,0.952
"E3","V3F",17110,"zone2",8,1000,0.008
"E3","V3F",17110,"zone3",16,1000,0.016
"E3","V3F",17110,"zone4",12,1000,0.012
"E3","V3F",17110,"zone5 (farthest)",12,1000,0.012
"E3","V3F",18101,"zone1 (nearest)",567,2250,0.252
"E3","V3F",18101,"zone2",639,2250,0.284
"E3","V3F",18101,"zone3",837,2250,0.372
"E3","V3F",18101,"zone4",81,2250,0.036
"E3","V3F",18101,"zone5 (farthest)",126,2250,0.056
"E3","V3F",18102,"zone1 (nearest)",280,1000,0.28
"E3","V3F",18102,"zone2",300,1000,0.3
"E3","V3F",18102,"zone3",308,1000,0.308
"E3","V3F",18102,"zone4",68,1000,0.068
"E3","V3F",18102,"zone5 (farthest)",44,1000,0.044
"E3","V3F",18103,"zone1 (nearest)",232,1000,0.232
"E3","V3F",18103,"zone2",320,1000,0.32
"E3","V3F",18103,"zone3",304,1000,0.304
"E3","V3F",18103,"zone4",56,1000,0.056
"E3","V3F",18103,"zone5 (farthest)",88,1000,0.088
"E3","V3F",18104,"zone1 (nearest)",236,1000,0.236
"E3","V3F",18104,"zone2",368,1000,0.368
"E3","V3F",18104,"zone3",296,1000,0.296
"E3","V3F",18104,"zone4",36,1000,0.036
"E3","V3F",18104,"zone5 (farthest)",64,1000,0.064
"E3","V3F",18105,"zone1 (nearest)",280,1000,0.28
"E3","V3F",18105,"zone2",304,1000,0.304
"E3","V3F",18105,"zone3",324,1000,0.324
"E3","V3F",18105,"zone4",36,1000,0.036
"E3","V3F",18105,"zone5 (farthest)",56,1000,0.056
"E3","V3F",18106,"zone1 (nearest)",292,1000,0.292
"E3","V3F",18106,"zone2",296,1000,0.296
"E3","V3F",18106,"zone3",308,1000,0.308
"E3","V3F",18106,"zone4",68,1000,0.068
"E3","V3F",18106,"zone5 (farthest)",36,1000,0.036
"E3","V3F",18107,"zone1 (nearest)",304,1000,0.304
"E3","V3F",18107,"zone2",344,1000,0.344
"E3","V3F",18107,"zone3",252,1000,0.252
"E3","V3F",18107,"zone4",56,1000,0.056
"E3","V3F",18107,"zone5 (farthest)",44,1000,0.044
"E3","V3F",18108,"zone1 (nearest)",260,1000,0.26
"E3","V3F",18108,"zone2",356,1000,0.356
"E3","V3F",18108,"zone3",288,1000,0.288
"E3","V3F",18108,"zone4",64,1000,0.064
"E3","V3F",18108,"zone5 (farthest)",32,1000,0.032
"E3","V3F",18109,"zone1 (nearest)",288,1000,0.288
"E3","V3F",18109,"zone2",296,1000,0.296
"E3","V3F",18109,"zone3",312,1000,0.312
"E3","V3F",18109,"zone4",36,1000,0.036
"E3","V3F",18109,"zone5 (farthest)",68,1000,0.068
"E3","V3F",18110,"zone1 (nearest)",288,1000,0.288
"E3","V3F",18110,"zone2",316,1000,0.316
"E3","V3F",18110,"zone3",276,1000,0.276
"E3","V3F",18110,"zone4",68,1000,0.068
"E3","V3F",18110,"zone5 (farthest)",52,1000,0.052
"E3","V3F",19101,"zone1 (nearest)",1854,2250,0.824
"E3","V3F",19101,"zone2",234,2250,0.104
"E3","V3F",19101,"zone3",18,2250,0.008
"E3","V3F",19101,"zone4",72,2250,0.032
"E3","V3F",19101,"zone5 (farthest)",72,2250,0.032
"E3","V3F",19102,"zone1 (nearest)",820,1000,0.82
"E3","V3F",19102,"zone2",96,1000,0.096
"E3","V3F",19102,"zone3",24,1000,0.024
"E3","V3F",19102,"zone4",16,1000,0.016
"E3","V3F",19102,"zone5 (farthest)",44,1000,0.044
"E3","V3F",19103,"zone1 (nearest)",840,1000,0.84
"E3","V3F",19103,"zone2",84,1000,0.084
"E3","V3F",19103,"zone3",40,1000,0.04
"E3","V3F",19103,"zone4",20,1000,0.02
"E3","V3F",19103,"zone5 (farthest)",16,1000,0.016
"E3","V3F",19104,"zone1 (nearest)",832,1000,0.832
"E3","V3F",19104,"zone2",92,1000,0.092
"E3","V3F",19104,"zone3",36,1000,0.036
"E3","V3F",19104,"zone4",24,1000,0.024
"E3","V3F",19104,"zone5 (farthest)",16,1000,0.016
"E3","V3F",19105,"zone1 (nearest)",836,1000,0.836
"E3","V3F",19105,"zone2",104,1000,0.104
"E3","V3F",19105,"zone3",20,1000,0.02
"E3","V3F",19105,"zone4",8,1000,0.008
"E3","V3F",19105,"zone5 (farthest)",32,1000,0.032
"E3","V3F",19106,"zone1 (nearest)",840,1000,0.84
"E3","V3F",19106,"zone2",92,1000,0.092
"E3","V3F",19106,"zone3",24,1000,0.024
"E3","V3F",19106,"zone4",16,1000,0.016
"E3","V3F",19106,"zone5 (farthest)",28,1000,0.028
"E3","V3F",19107,"zone1 (nearest)",852,1000,0.852
"E3","V3F",19107,"zone2",88,1000,0.088
"E3","V3F",19107,"zone3",16,1000,0.016
"E3","V3F",19107,"zone4",20,1000,0.02
"E3","V3F",19107,"zone5 (farthest)",24,1000,0.024
"E3","V3F",19108,"zone1 (nearest)",844,1000,0.844
"E3","V3F",19108,"zone2",64,1000,0.064
"E3","V3F",19108,"zone3",32,1000,0.032
"E3","V3F",19108,"zone4",16,1000,0.016
"E3","V3F",19108,"zone5 (farthest)",44,1000,0.044
"E3","V3F",19109,"zone1 (nearest)",824,1000,0.824
"E3","V3F",19109,"zone2",88,1000,0.088
"E3","V3F",19109,"zone3",28,1000,0.028
"E3","V3F",19109,"zone4",28,1000,0.028
"E3","V3F",19109,"zone5 (farthest)",32,1000,0.032
"E3","V3F",19110,"zone1 (nearest)",800,1000,0.8
"E3","V3F",19110,"zone2",96,1000,0.096
"E3","V3F",19110,"zone3",28,1000,0.028
"E3","V3F",19110,"zone4",24,1000,0.024
"E3","V3F",19110,"zone5 (farthest)",52,1000,0.052
"E3","V3F",20101,"zone1 (nearest)",2151,2250,0.956
"E3","V3F",20101,"zone2",18,2250,0.008
"E3","V3F",20101,"zone3",18,2250,0.008
"E3","V3F",20101,"zone4",0,2250,0
"E3","V3F",20101,"zone5 (farthest)",63,2250,0.028
"E3","V3F",20102,"zone1 (nearest)",952,1000,0.952
"E3","V3F",20102,"zone2",8,1000,0.008
"E3","V3F",20102,"zone3",16,1000,0.016
"E3","V3F",20102,"zone4",4,1000,0.004
"E3","V3F",20102,"zone5 (farthest)",20,1000,0.02
"E3","V3F",20103,"zone1 (nearest)",956,1000,0.956
"E3","V3F",20103,"zone2",12,1000,0.012
"E3","V3F",20103,"zone3",4,1000,0.004
"E3","V3F",20103,"zone4",0,1000,0
"E3","V3F",20103,"zone5 (farthest)",28,1000,0.028
"E3","V3F",20104,"zone1 (nearest)",952,1000,0.952
"E3","V3F",20104,"zone2",0,1000,0
"E3","V3F",20104,"zone3",12,1000,0.012
"E3","V3F",20104,"zone4",0,1000,0
"E3","V3F",20104,"zone5 (farthest)",36,1000,0.036
"E3","V3F",20105,"zone1 (nearest)",948,1000,0.948
"E3","V3F",20105,"zone2",12,1000,0.012
"E3","V3F",20105,"zone3",0,1000,0
"E3","V3F",20105,"zone4",4,1000,0.004
"E3","V3F",20105,"zone5 (farthest)",36,1000,0.036
"E3","V3F",20106,"zone1 (nearest)",960,1000,0.96
"E3","V3F",20106,"zone2",12,1000,0.012
"E3","V3F",20106,"zone3",0,1000,0
"E3","V3F",20106,"zone4",8,1000,0.008
"E3","V3F",20106,"zone5 (farthest)",20,1000,0.02
"E3","V3F",20107,"zone1 (nearest)",964,1000,0.964
"E3","V3F",20107,"zone2",8,1000,0.008
"E3","V3F",20107,"zone3",4,1000,0.004
"E3","V3F",20107,"zone4",0,1000,0
"E3","V3F",20107,"zone5 (farthest)",24,1000,0.024
"E3","V3F",20108,"zone1 (nearest)",936,1000,0.936
"E3","V3F",20108,"zone2",16,1000,0.016
"E3","V3F",20108,"zone3",4,1000,0.004
"E3","V3F",20108,"zone4",4,1000,0.004
"E3","V3F",20108,"zone5 (farthest)",40,1000,0.04
"E3","V3F",20109,"zone1 (nearest)",960,1000,0.96
"E3","V3F",20109,"zone2",12,1000,0.012
"E3","V3F",20109,"zone3",16,1000,0.016
"E3","V3F",20109,"zone4",0,1000,0
"E3","V3F",20109,"zone5 (farthest)",12,1000,0.012
"E3","V3F",20110,"zone1 (nearest)",952,1000,0.952
"E3","V3F",20110,"zone2",8,1000,0.008
"E3","V3F",20110,"zone3",4,1000,0.004
"E3","V3F",20110,"zone4",0,1000,0
"E3","V3F",20110,"zone5 (farthest)",36,1000,0.036
"E3","V3F",21101,"zone1 (nearest)",1260,2250,0.56
"E3","V3F",21101,"zone2",783,2250,0.348
"E3","V3F",21101,"zone3",63,2250,0.028
"E3","V3F",21101,"zone4",45,2250,0.02
"E3","V3F",21101,"zone5 (farthest)",99,2250,0.044
"E3","V3F",21102,"zone1 (nearest)",536,1000,0.536
"E3","V3F",21102,"zone2",364,1000,0.364
"E3","V3F",21102,"zone3",36,1000,0.036
"E3","V3F",21102,"zone4",20,1000,0.02
"E3","V3F",21102,"zone5 (farthest)",44,1000,0.044
"E3","V3F",21103,"zone1 (nearest)",564,1000,0.564
"E3","V3F",21103,"zone2",344,1000,0.344
"E3","V3F",21103,"zone3",8,1000,0.008
"E3","V3F",21103,"zone4",8,1000,0.008
"E3","V3F",21103,"zone5 (farthest)",76,1000,0.076
"E3","V3F",21104,"zone1 (nearest)",580,1000,0.58
"E3","V3F",21104,"zone2",324,1000,0.324
"E3","V3F",21104,"zone3",36,1000,0.036
"E3","V3F",21104,"zone4",8,1000,0.008
"E3","V3F",21104,"zone5 (farthest)",52,1000,0.052
"E3","V3F",21105,"zone1 (nearest)",576,1000,0.576
"E3","V3F",21105,"zone2",336,1000,0.336
"E3","V3F",21105,"zone3",24,1000,0.024
"E3","V3F",21105,"zone4",36,1000,0.036
"E3","V3F",21105,"zone5 (farthest)",28,1000,0.028
"E3","V3F",21106,"zone1 (nearest)",536,1000,0.536
"E3","V3F",21106,"zone2",360,1000,0.36
"E3","V3F",21106,"zone3",40,1000,0.04
"E3","V3F",21106,"zone4",8,1000,0.008
"E3","V3F",21106,"zone5 (farthest)",56,1000,0.056
"E3","V3F",21107,"zone1 (nearest)",560,1000,0.56
"E3","V3F",21107,"zone2",336,1000,0.336
"E3","V3F",21107,"zone3",40,1000,0.04
"E3","V3F",21107,"zone4",20,1000,0.02
"E3","V3F",21107,"zone5 (farthest)",44,1000,0.044
"E3","V3F",21108,"zone1 (nearest)",552,1000,0.552
"E3","V3F",21108,"zone2",352,1000,0.352
"E3","V3F",21108,"zone3",28,1000,0.028
"E3","V3F",21108,"zone4",24,1000,0.024
"E3","V3F",21108,"zone5 (farthest)",44,1000,0.044
"E3","V3F",21109,"zone1 (nearest)",544,1000,0.544
"E3","V3F",21109,"zone2",348,1000,0.348
"E3","V3F",21109,"zone3",44,1000,0.044
"E3","V3F",21109,"zone4",16,1000,0.016
"E3","V3F",21109,"zone5 (farthest)",48,1000,0.048
"E3","V3F",21110,"zone1 (nearest)",560,1000,0.56
"E3","V3F",21110,"zone2",336,1000,0.336
"E3","V3F",21110,"zone3",36,1000,0.036
"E3","V3F",21110,"zone4",24,1000,0.024
"E3","V3F",21110,"zone5 (farthest)",44,1000,0.044
"E3","V3F",22101,"zone1 (nearest)",1764,2250,0.784
"E3","V3F",22101,"zone2",144,2250,0.064
"E3","V3F",22101,"zone3",81,2250,0.036
"E3","V3F",22101,"zone4",54,2250,0.024
"E3","V3F",22101,"zone5 (farthest)",207,2250,0.092
"E3","V3F",22102,"zone1 (nearest)",804,1000,0.804
"E3","V3F",22102,"zone2",72,1000,0.072
"E3","V3F",22102,"zone3",20,1000,0.02
"E3","V3F",22102,"zone4",28,1000,0.028
"E3","V3F",22102,"zone5 (farthest)",76,1000,0.076
"E3","V3F",22103,"zone1 (nearest)",820,1000,0.82
"E3","V3F",22103,"zone2",52,1000,0.052
"E3","V3F",22103,"zone3",24,1000,0.024
"E3","V3F",22103,"zone4",16,1000,0.016
"E3","V3F",22103,"zone5 (farthest)",88,1000,0.088
"E3","V3F",22104,"zone1 (nearest)",836,1000,0.836
"E3","V3F",22104,"zone2",52,1000,0.052
"E3","V3F",22104,"zone3",28,1000,0.028
"E3","V3F",22104,"zone4",20,1000,0.02
"E3","V3F",22104,"zone5 (farthest)",64,1000,0.064
"E3","V3F",22105,"zone1 (nearest)",828,1000,0.828
"E3","V3F",22105,"zone2",48,1000,0.048
"E3","V3F",22105,"zone3",20,1000,0.02
"E3","V3F",22105,"zone4",40,1000,0.04
"E3","V3F",22105,"zone5 (farthest)",64,1000,0.064
"E3","V3F",22106,"zone1 (nearest)",780,1000,0.78
"E3","V3F",22106,"zone2",64,1000,0.064
"E3","V3F",22106,"zone3",32,1000,0.032
"E3","V3F",22106,"zone4",36,1000,0.036
"E3","V3F",22106,"zone5 (farthest)",88,1000,0.088
"E3","V3F",22107,"zone1 (nearest)",764,1000,0.764
"E3","V3F",22107,"zone2",68,1000,0.068
"E3","V3F",22107,"zone3",32,1000,0.032
"E3","V3F",22107,"zone4",36,1000,0.036
"E3","V3F",22107,"zone5 (farthest)",100,1000,0.1
"E3","V3F",22108,"zone1 (nearest)",816,1000,0.816
"E3","V3F",22108,"zone2",44,1000,0.044
"E3","V3F",22108,"zone3",48,1000,0.048
"E3","V3F",22108,"zone4",16,1000,0.016
"E3","V3F",22108,"zone5 (farthest)",76,1000,0.076
"E3","V3F",22109,"zone1 (nearest)",832,1000,0.832
"E3","V3F",22109,"zone2",36,1000,0.036
"E3","V3F",22109,"zone3",28,1000,0.028
"E3","V3F",22109,"zone4",24,1000,0.024
"E3","V3F",22109,"zone5 (farthest)",80,1000,0.08
"E3","V3F",22110,"zone1 (nearest)",796,1000,0.796
"E3","V3F",22110,"zone2",56,1000,0.056
"E3","V3F",22110,"zone3",40,1000,0.04
"E3","V3F",22110,"zone4",32,1000,0.032
"E3","V3F",22110,"zone5 (farthest)",76,1000,0.076
"E3","V3F",23101,"zone1 (nearest)",558,2250,0.248
"E3","V3F",23101,"zone2",531,2250,0.236
"E3","V3F",23101,"zone3",90,2250,0.04
"E3","V3F",23101,"zone4",99,2250,0.044
"E3","V3F",23101,"zone5 (farthest)",972,2250,0.432
"E3","V3F",23102,"zone1 (nearest)",272,1000,0.272
"E3","V3F",23102,"zone2",288,1000,0.288
"E3","V3F",23102,"zone3",36,1000,0.036
"E3","V3F",23102,"zone4",28,1000,0.028
"E3","V3F",23102,"zone5 (farthest)",376,1000,0.376
"E3","V3F",23103,"zone1 (nearest)",348,1000,0.348
"E3","V3F",23103,"zone2",216,1000,0.216
"E3","V3F",23103,"zone3",40,1000,0.04
"E3","V3F",23103,"zone4",36,1000,0.036
"E3","V3F",23103,"zone5 (farthest)",360,1000,0.36
"E3","V3F",23104,"zone1 (nearest)",304,1000,0.304
"E3","V3F",23104,"zone2",296,1000,0.296
"E3","V3F",23104,"zone3",56,1000,0.056
"E3","V3F",23104,"zone4",32,1000,0.032
"E3","V3F",23104,"zone5 (farthest)",312,1000,0.312
"E3","V3F",23105,"zone1 (nearest)",268,1000,0.268
"E3","V3F",23105,"zone2",300,1000,0.3
"E3","V3F",23105,"zone3",36,1000,0.036
"E3","V3F",23105,"zone4",48,1000,0.048
"E3","V3F",23105,"zone5 (farthest)",348,1000,0.348
"E3","V3F",23106,"zone1 (nearest)",296,1000,0.296
"E3","V3F",23106,"zone2",268,1000,0.268
"E3","V3F",23106,"zone3",48,1000,0.048
"E3","V3F",23106,"zone4",28,1000,0.028
"E3","V3F",23106,"zone5 (farthest)",360,1000,0.36
"E3","V3F",23107,"zone1 (nearest)",312,1000,0.312
"E3","V3F",23107,"zone2",256,1000,0.256
"E3","V3F",23107,"zone3",48,1000,0.048
"E3","V3F",23107,"zone4",36,1000,0.036
"E3","V3F",23107,"zone5 (farthest)",348,1000,0.348
"E3","V3F",23108,"zone1 (nearest)",312,1000,0.312
"E3","V3F",23108,"zone2",260,1000,0.26
"E3","V3F",23108,"zone3",48,1000,0.048
"E3","V3F",23108,"zone4",24,1000,0.024
"E3","V3F",23108,"zone5 (farthest)",356,1000,0.356
"E3","V3F",23109,"zone1 (nearest)",264,1000,0.264
"E3","V3F",23109,"zone2",248,1000,0.248
"E3","V3F",23109,"zone3",32,1000,0.032
"E3","V3F",23109,"zone4",32,1000,0.032
"E3","V3F",23109,"zone5 (farthest)",424,1000,0.424
"E3","V3F",23110,"zone1 (nearest)",296,1000,0.296
"E3","V3F",23110,"zone2",272,1000,0.272
"E3","V3F",23110,"zone3",36,1000,0.036
"E3","V3F",23110,"zone4",44,1000,0.044
"E3","V3F",23110,"zone5 (farthest)",352,1000,0.352
"E3","V3F",24101,"zone1 (nearest)",2142,2250,0.952
"E3","V3F",24101,"zone2",27,2250,0.012
"E3","V3F",24101,"zone3",0,2250,0
"E3","V3F",24101,"zone4",27,2250,0.012
"E3","V3F",24101,"zone5 (farthest)",54,2250,0.024
"E3","V3F",24102,"zone1 (nearest)",944,1000,0.944
"E3","V3F",24102,"zone2",16,1000,0.016
"E3","V3F",24102,"zone3",4,1000,0.004
"E3","V3F",24102,"zone4",12,1000,0.012
"E3","V3F",24102,"zone5 (farthest)",24,1000,0.024
"E3","V3F",24103,"zone1 (nearest)",948,1000,0.948
"E3","V3F",24103,"zone2",8,1000,0.008
"E3","V3F",24103,"zone3",8,1000,0.008
"E3","V3F",24103,"zone4",4,1000,0.004
"E3","V3F",24103,"zone5 (farthest)",32,1000,0.032
"E3","V3F",24104,"zone1 (nearest)",952,1000,0.952
"E3","V3F",24104,"zone2",8,1000,0.008
"E3","V3F",24104,"zone3",8,1000,0.008
"E3","V3F",24104,"zone4",8,1000,0.008
"E3","V3F",24104,"zone5 (farthest)",24,1000,0.024
"E3","V3F",24105,"zone1 (nearest)",948,1000,0.948
"E3","V3F",24105,"zone2",8,1000,0.008
"E3","V3F",24105,"zone3",8,1000,0.008
"E3","V3F",24105,"zone4",4,1000,0.004
"E3","V3F",24105,"zone5 (farthest)",32,1000,0.032
"E3","V3F",24106,"zone1 (nearest)",952,1000,0.952
"E3","V3F",24106,"zone2",16,1000,0.016
"E3","V3F",24106,"zone3",4,1000,0.004
"E3","V3F",24106,"zone4",8,1000,0.008
"E3","V3F",24106,"zone5 (farthest)",20,1000,0.02
"E3","V3F",24107,"zone1 (nearest)",956,1000,0.956
"E3","V3F",24107,"zone2",4,1000,0.004
"E3","V3F",24107,"zone3",8,1000,0.008
"E3","V3F",24107,"zone4",12,1000,0.012
"E3","V3F",24107,"zone5 (farthest)",20,1000,0.02
"E3","V3F",24108,"zone1 (nearest)",936,1000,0.936
"E3","V3F",24108,"zone2",8,1000,0.008
"E3","V3F",24108,"zone3",0,1000,0
"E3","V3F",24108,"zone4",12,1000,0.012
"E3","V3F",24108,"zone5 (farthest)",44,1000,0.044
"E3","V3F",24109,"zone1 (nearest)",956,1000,0.956
"E3","V3F",24109,"zone2",12,1000,0.012
"E3","V3F",24109,"zone3",0,1000,0
"E3","V3F",24109,"zone4",8,1000,0.008
"E3","V3F",24109,"zone5 (farthest)",24,1000,0.024
"E3","V3F",24110,"zone1 (nearest)",960,1000,0.96
"E3","V3F",24110,"zone2",0,1000,0
"E3","V3F",24110,"zone3",12,1000,0.012
"E3","V3F",24110,"zone4",8,1000,0.008
"E3","V3F",24110,"zone5 (farthest)",20,1000,0.02
"E3","V3F",25101,"zone1 (nearest)",864,2250,0.384
"E3","V3F",25101,"zone2",909,2250,0.404
"E3","V3F",25101,"zone3",324,2250,0.144
"E3","V3F",25101,"zone4",99,2250,0.044
"E3","V3F",25101,"zone5 (farthest)",54,2250,0.024
"E3","V3F",25102,"zone1 (nearest)",360,1000,0.36
"E3","V3F",25102,"zone2",440,1000,0.44
"E3","V3F",25102,"zone3",120,1000,0.12
"E3","V3F",25102,"zone4",40,1000,0.04
"E3","V3F",25102,"zone5 (farthest)",40,1000,0.04
"E3","V3F",25103,"zone1 (nearest)",416,1000,0.416
"E3","V3F",25103,"zone2",388,1000,0.388
"E3","V3F",25103,"zone3",144,1000,0.144
"E3","V3F",25103,"zone4",32,1000,0.032
"E3","V3F",25103,"zone5 (farthest)",20,1000,0.02
"E3","V3F",25104,"zone1 (nearest)",456,1000,0.456
"E3","V3F",25104,"zone2",368,1000,0.368
"E3","V3F",25104,"zone3",144,1000,0.144
"E3","V3F",25104,"zone4",20,1000,0.02
"E3","V3F",25104,"zone5 (farthest)",12,1000,0.012
"E3","V3F",25105,"zone1 (nearest)",392,1000,0.392
"E3","V3F",25105,"zone2",396,1000,0.396
"E3","V3F",25105,"zone3",156,1000,0.156
"E3","V3F",25105,"zone4",28,1000,0.028
"E3","V3F",25105,"zone5 (farthest)",28,1000,0.028
"E3","V3F",25106,"zone1 (nearest)",408,1000,0.408
"E3","V3F",25106,"zone2",384,1000,0.384
"E3","V3F",25106,"zone3",168,1000,0.168
"E3","V3F",25106,"zone4",28,1000,0.028
"E3","V3F",25106,"zone5 (farthest)",12,1000,0.012
"E3","V3F",25107,"zone1 (nearest)",436,1000,0.436
"E3","V3F",25107,"zone2",332,1000,0.332
"E3","V3F",25107,"zone3",176,1000,0.176
"E3","V3F",25107,"zone4",40,1000,0.04
"E3","V3F",25107,"zone5 (farthest)",16,1000,0.016
"E3","V3F",25108,"zone1 (nearest)",368,1000,0.368
"E3","V3F",25108,"zone2",416,1000,0.416
"E3","V3F",25108,"zone3",164,1000,0.164
"E3","V3F",25108,"zone4",28,1000,0.028
"E3","V3F",25108,"zone5 (farthest)",24,1000,0.024
"E3","V3F",25109,"zone1 (nearest)",412,1000,0.412
"E3","V3F",25109,"zone2",356,1000,0.356
"E3","V3F",25109,"zone3",180,1000,0.18
"E3","V3F",25109,"zone4",36,1000,0.036
"E3","V3F",25109,"zone5 (farthest)",16,1000,0.016
"E3","V3F",25110,"zone1 (nearest)",408,1000,0.408
"E3","V3F",25110,"zone2",360,1000,0.36
"E3","V3F",25110,"zone3",176,1000,0.176
"E3","V3F",25110,"zone4",36,1000,0.036
"E3","V3F",25110,"zone5 (farthest)",20,1000,0.02
"E3","V3F",26101,"zone1 (nearest)",1746,2250,0.776
"E3","V3F",26101,"zone2",288,2250,0.128
"E3","V3F",26101,"zone3",63,2250,0.028
"E3","V3F",26101,"zone4",63,2250,0.028
"E3","V3F",26101,"zone5 (farthest)",90,2250,0.04
"E3","V3F",26102,"zone1 (nearest)",816,1000,0.816
"E3","V3F",26102,"zone2",104,1000,0.104
"E3","V3F",26102,"zone3",32,1000,0.032
"E3","V3F",26102,"zone4",4,1000,0.004
"E3","V3F",26102,"zone5 (farthest)",44,1000,0.044
"E3","V3F",26103,"zone1 (nearest)",856,1000,0.856
"E3","V3F",26103,"zone2",60,1000,0.06
"E3","V3F",26103,"zone3",20,1000,0.02
"E3","V3F",26103,"zone4",20,1000,0.02
"E3","V3F",26103,"zone5 (farthest)",44,1000,0.044
"E3","V3F",26104,"zone1 (nearest)",792,1000,0.792
"E3","V3F",26104,"zone2",132,1000,0.132
"E3","V3F",26104,"zone3",16,1000,0.016
"E3","V3F",26104,"zone4",24,1000,0.024
"E3","V3F",26104,"zone5 (farthest)",36,1000,0.036
"E3","V3F",26105,"zone1 (nearest)",804,1000,0.804
"E3","V3F",26105,"zone2",128,1000,0.128
"E3","V3F",26105,"zone3",16,1000,0.016
"E3","V3F",26105,"zone4",16,1000,0.016
"E3","V3F",26105,"zone5 (farthest)",36,1000,0.036
"E3","V3F",26106,"zone1 (nearest)",808,1000,0.808
"E3","V3F",26106,"zone2",120,1000,0.12
"E3","V3F",26106,"zone3",28,1000,0.028
"E3","V3F",26106,"zone4",8,1000,0.008
"E3","V3F",26106,"zone5 (farthest)",36,1000,0.036
"E3","V3F",26107,"zone1 (nearest)",816,1000,0.816
"E3","V3F",26107,"zone2",96,1000,0.096
"E3","V3F",26107,"zone3",20,1000,0.02
"E3","V3F",26107,"zone4",36,1000,0.036
"E3","V3F",26107,"zone5 (farthest)",32,1000,0.032
"E3","V3F",26108,"zone1 (nearest)",840,1000,0.84
"E3","V3F",26108,"zone2",76,1000,0.076
"E3","V3F",26108,"zone3",36,1000,0.036
"E3","V3F",26108,"zone4",16,1000,0.016
"E3","V3F",26108,"zone5 (farthest)",32,1000,0.032
"E3","V3F",26109,"zone1 (nearest)",796,1000,0.796
"E3","V3F",26109,"zone2",140,1000,0.14
"E3","V3F",26109,"zone3",20,1000,0.02
"E3","V3F",26109,"zone4",16,1000,0.016
"E3","V3F",26109,"zone5 (farthest)",28,1000,0.028
"E3","V3F",26110,"zone1 (nearest)",776,1000,0.776
"E3","V3F",26110,"zone2",136,1000,0.136
"E3","V3F",26110,"zone3",20,1000,0.02
"E3","V3F",26110,"zone4",24,1000,0.024
"E3","V3F",26110,"zone5 (farthest)",44,1000,0.044
"E3","V3F",27101,"zone1 (nearest)",1449,2250,0.644
"E3","V3F",27101,"zone2",126,2250,0.056
"E3","V3F",27101,"zone3",405,2250,0.18
"E3","V3F",27101,"zone4",144,2250,0.064
"E3","V3F",27101,"zone5 (farthest)",126,2250,0.056
"E3","V3F",27102,"zone1 (nearest)",676,1000,0.676
"E3","V3F",27102,"zone2",36,1000,0.036
"E3","V3F",27102,"zone3",176,1000,0.176
"E3","V3F",27102,"zone4",76,1000,0.076
"E3","V3F",27102,"zone5 (farthest)",36,1000,0.036
"E3","V3F",27103,"zone1 (nearest)",736,1000,0.736
"E3","V3F",27103,"zone2",36,1000,0.036
"E3","V3F",27103,"zone3",136,1000,0.136
"E3","V3F",27103,"zone4",48,1000,0.048
"E3","V3F",27103,"zone5 (farthest)",44,1000,0.044
"E3","V3F",27104,"zone1 (nearest)",716,1000,0.716
"E3","V3F",27104,"zone2",60,1000,0.06
"E3","V3F",27104,"zone3",140,1000,0.14
"E3","V3F",27104,"zone4",64,1000,0.064
"E3","V3F",27104,"zone5 (farthest)",20,1000,0.02
"E3","V3F",27105,"zone1 (nearest)",756,1000,0.756
"E3","V3F",27105,"zone2",44,1000,0.044
"E3","V3F",27105,"zone3",116,1000,0.116
"E3","V3F",27105,"zone4",44,1000,0.044
"E3","V3F",27105,"zone5 (farthest)",40,1000,0.04
"E3","V3F",27106,"zone1 (nearest)",668,1000,0.668
"E3","V3F",27106,"zone2",44,1000,0.044
"E3","V3F",27106,"zone3",192,1000,0.192
"E3","V3F",27106,"zone4",60,1000,0.06
"E3","V3F",27106,"zone5 (farthest)",36,1000,0.036
"E3","V3F",27107,"zone1 (nearest)",724,1000,0.724
"E3","V3F",27107,"zone2",68,1000,0.068
"E3","V3F",27107,"zone3",128,1000,0.128
"E3","V3F",27107,"zone4",48,1000,0.048
"E3","V3F",27107,"zone5 (farthest)",32,1000,0.032
"E3","V3F",27108,"zone1 (nearest)",756,1000,0.756
"E3","V3F",27108,"zone2",44,1000,0.044
"E3","V3F",27108,"zone3",124,1000,0.124
"E3","V3F",27108,"zone4",36,1000,0.036
"E3","V3F",27108,"zone5 (farthest)",40,1000,0.04
"E3","V3F",27109,"zone1 (nearest)",716,1000,0.716
"E3","V3F",27109,"zone2",36,1000,0.036
"E3","V3F",27109,"zone3",132,1000,0.132
"E3","V3F",27109,"zone4",64,1000,0.064
"E3","V3F",27109,"zone5 (farthest)",52,1000,0.052
"E3","V3F",27110,"zone1 (nearest)",740,1000,0.74
"E3","V3F",27110,"zone2",48,1000,0.048
"E3","V3F",27110,"zone3",128,1000,0.128
"E3","V3F",27110,"zone4",44,1000,0.044
"E3","V3F",27110,"zone5 (farthest)",40,1000,0.04
"E3","V3F",28101,"zone1 (nearest)",1359,2250,0.604
"E3","V3F",28101,"zone2",774,2250,0.344
"E3","V3F",28101,"zone3",45,2250,0.02
"E3","V3F",28101,"zone4",27,2250,0.012
"E3","V3F",28101,"zone5 (farthest)",45,2250,0.02
"E3","V3F",28102,"zone1 (nearest)",584,1000,0.584
"E3","V3F",28102,"zone2",372,1000,0.372
"E3","V3F",28102,"zone3",16,1000,0.016
"E3","V3F",28102,"zone4",4,1000,0.004
"E3","V3F",28102,"zone5 (farthest)",24,1000,0.024
"E3","V3F",28103,"zone1 (nearest)",556,1000,0.556
"E3","V3F",28103,"zone2",408,1000,0.408
"E3","V3F",28103,"zone3",12,1000,0.012
"E3","V3F",28103,"zone4",8,1000,0.008
"E3","V3F",28103,"zone5 (farthest)",16,1000,0.016
"E3","V3F",28104,"zone1 (nearest)",568,1000,0.568
"E3","V3F",28104,"zone2",380,1000,0.38
"E3","V3F",28104,"zone3",12,1000,0.012
"E3","V3F",28104,"zone4",12,1000,0.012
"E3","V3F",28104,"zone5 (farthest)",28,1000,0.028
"E3","V3F",28105,"zone1 (nearest)",640,1000,0.64
"E3","V3F",28105,"zone2",320,1000,0.32
"E3","V3F",28105,"zone3",12,1000,0.012
"E3","V3F",28105,"zone4",4,1000,0.004
"E3","V3F",28105,"zone5 (farthest)",24,1000,0.024
"E3","V3F",28106,"zone1 (nearest)",628,1000,0.628
"E3","V3F",28106,"zone2",332,1000,0.332
"E3","V3F",28106,"zone3",12,1000,0.012
"E3","V3F",28106,"zone4",20,1000,0.02
"E3","V3F",28106,"zone5 (farthest)",8,1000,0.008
"E3","V3F",28107,"zone1 (nearest)",568,1000,0.568
"E3","V3F",28107,"zone2",380,1000,0.38
"E3","V3F",28107,"zone3",16,1000,0.016
"E3","V3F",28107,"zone4",16,1000,0.016
"E3","V3F",28107,"zone5 (farthest)",20,1000,0.02
"E3","V3F",28108,"zone1 (nearest)",572,1000,0.572
"E3","V3F",28108,"zone2",392,1000,0.392
"E3","V3F",28108,"zone3",12,1000,0.012
"E3","V3F",28108,"zone4",16,1000,0.016
"E3","V3F",28108,"zone5 (farthest)",8,1000,0.008
"E3","V3F",28109,"zone1 (nearest)",596,1000,0.596
"E3","V3F",28109,"zone2",364,1000,0.364
"E3","V3F",28109,"zone3",12,1000,0.012
"E3","V3F",28109,"zone4",8,1000,0.008
"E3","V3F",28109,"zone5 (farthest)",20,1000,0.02
"E3","V3F",28110,"zone1 (nearest)",612,1000,0.612
"E3","V3F",28110,"zone2",356,1000,0.356
"E3","V3F",28110,"zone3",8,1000,0.008
"E3","V3F",28110,"zone4",16,1000,0.016
"E3","V3F",28110,"zone5 (farthest)",8,1000,0.008
"E3","V3F",29101,"zone1 (nearest)",1755,2250,0.78
"E3","V3F",29101,"zone2",252,2250,0.112
"E3","V3F",29101,"zone3",99,2250,0.044
"E3","V3F",29101,"zone4",54,2250,0.024
"E3","V3F",29101,"zone5 (farthest)",90,2250,0.04
"E3","V3F",29102,"zone1 (nearest)",820,1000,0.82
"E3","V3F",29102,"zone2",68,1000,0.068
"E3","V3F",29102,"zone3",36,1000,0.036
"E3","V3F",29102,"zone4",40,1000,0.04
"E3","V3F",29102,"zone5 (farthest)",36,1000,0.036
"E3","V3F",29103,"zone1 (nearest)",816,1000,0.816
"E3","V3F",29103,"zone2",88,1000,0.088
"E3","V3F",29103,"zone3",12,1000,0.012
"E3","V3F",29103,"zone4",44,1000,0.044
"E3","V3F",29103,"zone5 (farthest)",40,1000,0.04
"E3","V3F",29104,"zone1 (nearest)",760,1000,0.76
"E3","V3F",29104,"zone2",132,1000,0.132
"E3","V3F",29104,"zone3",36,1000,0.036
"E3","V3F",29104,"zone4",36,1000,0.036
"E3","V3F",29104,"zone5 (farthest)",36,1000,0.036
"E3","V3F",29105,"zone1 (nearest)",796,1000,0.796
"E3","V3F",29105,"zone2",80,1000,0.08
"E3","V3F",29105,"zone3",36,1000,0.036
"E3","V3F",29105,"zone4",32,1000,0.032
"E3","V3F",29105,"zone5 (farthest)",56,1000,0.056
"E3","V3F",29106,"zone1 (nearest)",816,1000,0.816
"E3","V3F",29106,"zone2",84,1000,0.084
"E3","V3F",29106,"zone3",24,1000,0.024
"E3","V3F",29106,"zone4",40,1000,0.04
"E3","V3F",29106,"zone5 (farthest)",36,1000,0.036
"E3","V3F",29107,"zone1 (nearest)",820,1000,0.82
"E3","V3F",29107,"zone2",80,1000,0.08
"E3","V3F",29107,"zone3",36,1000,0.036
"E3","V3F",29107,"zone4",36,1000,0.036
"E3","V3F",29107,"zone5 (farthest)",28,1000,0.028
"E3","V3F",29108,"zone1 (nearest)",788,1000,0.788
"E3","V3F",29108,"zone2",92,1000,0.092
"E3","V3F",29108,"zone3",32,1000,0.032
"E3","V3F",29108,"zone4",32,1000,0.032
"E3","V3F",29108,"zone5 (farthest)",56,1000,0.056
"E3","V3F",29109,"zone1 (nearest)",832,1000,0.832
"E3","V3F",29109,"zone2",60,1000,0.06
"E3","V3F",29109,"zone3",60,1000,0.06
"E3","V3F",29109,"zone4",32,1000,0.032
"E3","V3F",29109,"zone5 (farthest)",16,1000,0.016
"E3","V3F",29110,"zone1 (nearest)",800,1000,0.8
"E3","V3F",29110,"zone2",100,1000,0.1
"E3","V3F",29110,"zone3",24,1000,0.024
"E3","V3F",29110,"zone4",36,1000,0.036
"E3","V3F",29110,"zone5 (farthest)",40,1000,0.04
"E3","V3F",30101,"zone1 (nearest)",567,2250,0.252
"E3","V3F",30101,"zone2",270,2250,0.12
"E3","V3F",30101,"zone3",243,2250,0.108
"E3","V3F",30101,"zone4",468,2250,0.208
"E3","V3F",30101,"zone5 (farthest)",702,2250,0.312
"E3","V3F",30102,"zone1 (nearest)",236,1000,0.236
"E3","V3F",30102,"zone2",108,1000,0.108
"E3","V3F",30102,"zone3",124,1000,0.124
"E3","V3F",30102,"zone4",196,1000,0.196
"E3","V3F",30102,"zone5 (farthest)",336,1000,0.336
"E3","V3F",30103,"zone1 (nearest)",236,1000,0.236
"E3","V3F",30103,"zone2",108,1000,0.108
"E3","V3F",30103,"zone3",120,1000,0.12
"E3","V3F",30103,"zone4",252,1000,0.252
"E3","V3F",30103,"zone5 (farthest)",284,1000,0.284
"E3","V3F",30104,"zone1 (nearest)",240,1000,0.24
"E3","V3F",30104,"zone2",112,1000,0.112
"E3","V3F",30104,"zone3",76,1000,0.076
"E3","V3F",30104,"zone4",244,1000,0.244
"E3","V3F",30104,"zone5 (farthest)",328,1000,0.328
"E3","V3F",30105,"zone1 (nearest)",264,1000,0.264
"E3","V3F",30105,"zone2",84,1000,0.084
"E3","V3F",30105,"zone3",116,1000,0.116
"E3","V3F",30105,"zone4",236,1000,0.236
"E3","V3F",30105,"zone5 (farthest)",300,1000,0.3
"E3","V3F",30106,"zone1 (nearest)",236,1000,0.236
"E3","V3F",30106,"zone2",148,1000,0.148
"E3","V3F",30106,"zone3",92,1000,0.092
"E3","V3F",30106,"zone4",192,1000,0.192
"E3","V3F",30106,"zone5 (farthest)",332,1000,0.332
"E3","V3F",30107,"zone1 (nearest)",220,1000,0.22
"E3","V3F",30107,"zone2",88,1000,0.088
"E3","V3F",30107,"zone3",128,1000,0.128
"E3","V3F",30107,"zone4",220,1000,0.22
"E3","V3F",30107,"zone5 (farthest)",344,1000,0.344
"E3","V3F",30108,"zone1 (nearest)",284,1000,0.284
"E3","V3F",30108,"zone2",100,1000,0.1
"E3","V3F",30108,"zone3",104,1000,0.104
"E3","V3F",30108,"zone4",212,1000,0.212
"E3","V3F",30108,"zone5 (farthest)",300,1000,0.3
"E3","V3F",30109,"zone1 (nearest)",260,1000,0.26
"E3","V3F",30109,"zone2",124,1000,0.124
"E3","V3F",30109,"zone3",132,1000,0.132
"E3","V3F",30109,"zone4",176,1000,0.176
"E3","V3F",30109,"zone5 (farthest)",308,1000,0.308
"E3","V3F",30110,"zone1 (nearest)",232,1000,0.232
"E3","V3F",30110,"zone2",160,1000,0.16
"E3","V3F",30110,"zone3",108,1000,0.108
"E3","V3F",30110,"zone4",180,1000,0.18
"E3","V3F",30110,"zone5 (farthest)",320,1000,0.32
"E3","V3FHI",1101,"zone1 (nearest)",223,250,0.892
"E3","V3FHI",1101,"zone2",15,250,0.06
"E3","V3FHI",1101,"zone3",8,250,0.032
"E3","V3FHI",1101,"zone4",2,250,0.008
"E3","V3FHI",1101,"zone5 (farthest)",2,250,0.008
"E3","V3FHI",1102,"zone1 (nearest)",220,250,0.88
"E3","V3FHI",1102,"zone2",13,250,0.052
"E3","V3FHI",1102,"zone3",12,250,0.048
"E3","V3FHI",1102,"zone4",5,250,0.02
"E3","V3FHI",1102,"zone5 (farthest)",0,250,0
"E3","V3FHI",1103,"zone1 (nearest)",225,250,0.9
"E3","V3FHI",1103,"zone2",17,250,0.068
"E3","V3FHI",1103,"zone3",5,250,0.02
"E3","V3FHI",1103,"zone4",1,250,0.004
"E3","V3FHI",1103,"zone5 (farthest)",2,250,0.008
"E3","V3FHI",1104,"zone1 (nearest)",0,0,NA
"E3","V3FHI",1104,"zone2",0,0,NA
"E3","V3FHI",1104,"zone3",0,0,NA
"E3","V3FHI",1104,"zone4",0,0,NA
"E3","V3FHI",1104,"zone5 (farthest)",0,0,NA
"E3","V3FHI",1105,"zone1 (nearest)",0,0,NA
"E3","V3FHI",1105,"zone2",0,0,NA
"E3","V3FHI",1105,"zone3",0,0,NA
"E3","V3FHI",1105,"zone4",0,0,NA
"E3","V3FHI",1105,"zone5 (farthest)",0,0,NA
"E3","V3FHI",1106,"zone1 (nearest)",0,0,NA
"E3","V3FHI",1106,"zone2",0,0,NA
"E3","V3FHI",1106,"zone3",0,0,NA
"E3","V3FHI",1106,"zone4",0,0,NA
"E3","V3FHI",1106,"zone5 (farthest)",0,0,NA
"E3","V3FHI",1107,"zone1 (nearest)",0,0,NA
"E3","V3FHI",1107,"zone2",0,0,NA
"E3","V3FHI",1107,"zone3",0,0,NA
"E3","V3FHI",1107,"zone4",0,0,NA
"E3","V3FHI",1107,"zone5 (farthest)",0,0,NA
"E3","V3FHI",1108,"zone1 (nearest)",0,0,NA
"E3","V3FHI",1108,"zone2",0,0,NA
"E3","V3FHI",1108,"zone3",0,0,NA
"E3","V3FHI",1108,"zone4",0,0,NA
"E3","V3FHI",1108,"zone5 (farthest)",0,0,NA
"E3","V3FHI",1109,"zone1 (nearest)",0,0,NA
"E3","V3FHI",1109,"zone2",0,0,NA
"E3","V3FHI",1109,"zone3",0,0,NA
"E3","V3FHI",1109,"zone4",0,0,NA
"E3","V3FHI",1109,"zone5 (farthest)",0,0,NA
"E3","V3FHI",1110,"zone1 (nearest)",0,0,NA
"E3","V3FHI",1110,"zone2",0,0,NA
"E3","V3FHI",1110,"zone3",0,0,NA
"E3","V3FHI",1110,"zone4",0,0,NA
"E3","V3FHI",1110,"zone5 (farthest)",0,0,NA
"E3","V3FHI",2101,"zone1 (nearest)",202,250,0.808
"E3","V3FHI",2101,"zone2",9,250,0.036
"E3","V3FHI",2101,"zone3",15,250,0.06
"E3","V3FHI",2101,"zone4",7,250,0.028
"E3","V3FHI",2101,"zone5 (farthest)",17,250,0.068
"E3","V3FHI",2102,"zone1 (nearest)",199,250,0.796
"E3","V3FHI",2102,"zone2",16,250,0.064
"E3","V3FHI",2102,"zone3",14,250,0.056
"E3","V3FHI",2102,"zone4",9,250,0.036
"E3","V3FHI",2102,"zone5 (farthest)",12,250,0.048
"E3","V3FHI",2103,"zone1 (nearest)",206,250,0.824
"E3","V3FHI",2103,"zone2",5,250,0.02
"E3","V3FHI",2103,"zone3",11,250,0.044
"E3","V3FHI",2103,"zone4",10,250,0.04
"E3","V3FHI",2103,"zone5 (farthest)",18,250,0.072
"E3","V3FHI",2104,"zone1 (nearest)",0,0,NA
"E3","V3FHI",2104,"zone2",0,0,NA
"E3","V3FHI",2104,"zone3",0,0,NA
"E3","V3FHI",2104,"zone4",0,0,NA
"E3","V3FHI",2104,"zone5 (farthest)",0,0,NA
"E3","V3FHI",2105,"zone1 (nearest)",0,0,NA
"E3","V3FHI",2105,"zone2",0,0,NA
"E3","V3FHI",2105,"zone3",0,0,NA
"E3","V3FHI",2105,"zone4",0,0,NA
"E3","V3FHI",2105,"zone5 (farthest)",0,0,NA
"E3","V3FHI",2106,"zone1 (nearest)",0,0,NA
"E3","V3FHI",2106,"zone2",0,0,NA
"E3","V3FHI",2106,"zone3",0,0,NA
"E3","V3FHI",2106,"zone4",0,0,NA
"E3","V3FHI",2106,"zone5 (farthest)",0,0,NA
"E3","V3FHI",2107,"zone1 (nearest)",0,0,NA
"E3","V3FHI",2107,"zone2",0,0,NA
"E3","V3FHI",2107,"zone3",0,0,NA
"E3","V3FHI",2107,"zone4",0,0,NA
"E3","V3FHI",2107,"zone5 (farthest)",0,0,NA
"E3","V3FHI",2108,"zone1 (nearest)",0,0,NA
"E3","V3FHI",2108,"zone2",0,0,NA
"E3","V3FHI",2108,"zone3",0,0,NA
"E3","V3FHI",2108,"zone4",0,0,NA
"E3","V3FHI",2108,"zone5 (farthest)",0,0,NA
"E3","V3FHI",2109,"zone1 (nearest)",0,0,NA
"E3","V3FHI",2109,"zone2",0,0,NA
"E3","V3FHI",2109,"zone3",0,0,NA
"E3","V3FHI",2109,"zone4",0,0,NA
"E3","V3FHI",2109,"zone5 (farthest)",0,0,NA
"E3","V3FHI",2110,"zone1 (nearest)",0,0,NA
"E3","V3FHI",2110,"zone2",0,0,NA
"E3","V3FHI",2110,"zone3",0,0,NA
"E3","V3FHI",2110,"zone4",0,0,NA
"E3","V3FHI",2110,"zone5 (farthest)",0,0,NA
"E3","V3FHI",3101,"zone1 (nearest)",233,250,0.932
"E3","V3FHI",3101,"zone2",5,250,0.02
"E3","V3FHI",3101,"zone3",4,250,0.016
"E3","V3FHI",3101,"zone4",5,250,0.02
"E3","V3FHI",3101,"zone5 (farthest)",3,250,0.012
"E3","V3FHI",3102,"zone1 (nearest)",235,250,0.94
"E3","V3FHI",3102,"zone2",6,250,0.024
"E3","V3FHI",3102,"zone3",3,250,0.012
"E3","V3FHI",3102,"zone4",1,250,0.004
"E3","V3FHI",3102,"zone5 (farthest)",5,250,0.02
"E3","V3FHI",3103,"zone1 (nearest)",235,250,0.94
"E3","V3FHI",3103,"zone2",2,250,0.008
"E3","V3FHI",3103,"zone3",6,250,0.024
"E3","V3FHI",3103,"zone4",0,250,0
"E3","V3FHI",3103,"zone5 (farthest)",7,250,0.028
"E3","V3FHI",3104,"zone1 (nearest)",0,0,NA
"E3","V3FHI",3104,"zone2",0,0,NA
"E3","V3FHI",3104,"zone3",0,0,NA
"E3","V3FHI",3104,"zone4",0,0,NA
"E3","V3FHI",3104,"zone5 (farthest)",0,0,NA
"E3","V3FHI",3105,"zone1 (nearest)",0,0,NA
"E3","V3FHI",3105,"zone2",0,0,NA
"E3","V3FHI",3105,"zone3",0,0,NA
"E3","V3FHI",3105,"zone4",0,0,NA
"E3","V3FHI",3105,"zone5 (farthest)",0,0,NA
"E3","V3FHI",3106,"zone1 (nearest)",0,0,NA
"E3","V3FHI",3106,"zone2",0,0,NA
"E3","V3FHI",3106,"zone3",0,0,NA
"E3","V3FHI",3106,"zone4",0,0,NA
"E3","V3FHI",3106,"zone5 (farthest)",0,0,NA
"E3","V3FHI",3107,"zone1 (nearest)",0,0,NA
"E3","V3FHI",3107,"zone2",0,0,NA
"E3","V3FHI",3107,"zone3",0,0,NA
"E3","V3FHI",3107,"zone4",0,0,NA
"E3","V3FHI",3107,"zone5 (farthest)",0,0,NA
"E3","V3FHI",3108,"zone1 (nearest)",0,0,NA
"E3","V3FHI",3108,"zone2",0,0,NA
"E3","V3FHI",3108,"zone3",0,0,NA
"E3","V3FHI",3108,"zone4",0,0,NA
"E3","V3FHI",3108,"zone5 (farthest)",0,0,NA
"E3","V3FHI",3109,"zone1 (nearest)",0,0,NA
"E3","V3FHI",3109,"zone2",0,0,NA
"E3","V3FHI",3109,"zone3",0,0,NA
"E3","V3FHI",3109,"zone4",0,0,NA
"E3","V3FHI",3109,"zone5 (farthest)",0,0,NA
"E3","V3FHI",3110,"zone1 (nearest)",0,0,NA
"E3","V3FHI",3110,"zone2",0,0,NA
"E3","V3FHI",3110,"zone3",0,0,NA
"E3","V3FHI",3110,"zone4",0,0,NA
"E3","V3FHI",3110,"zone5 (farthest)",0,0,NA
"E3","V3FHI",4101,"zone1 (nearest)",203,250,0.812
"E3","V3FHI",4101,"zone2",6,250,0.024
"E3","V3FHI",4101,"zone3",6,250,0.024
"E3","V3FHI",4101,"zone4",12,250,0.048
"E3","V3FHI",4101,"zone5 (farthest)",23,250,0.092
"E3","V3FHI",4102,"zone1 (nearest)",208,250,0.832
"E3","V3FHI",4102,"zone2",8,250,0.032
"E3","V3FHI",4102,"zone3",9,250,0.036
"E3","V3FHI",4102,"zone4",13,250,0.052
"E3","V3FHI",4102,"zone5 (farthest)",12,250,0.048
"E3","V3FHI",4103,"zone1 (nearest)",209,250,0.836
"E3","V3FHI",4103,"zone2",9,250,0.036
"E3","V3FHI",4103,"zone3",3,250,0.012
"E3","V3FHI",4103,"zone4",12,250,0.048
"E3","V3FHI",4103,"zone5 (farthest)",17,250,0.068
"E3","V3FHI",4104,"zone1 (nearest)",0,0,NA
"E3","V3FHI",4104,"zone2",0,0,NA
"E3","V3FHI",4104,"zone3",0,0,NA
"E3","V3FHI",4104,"zone4",0,0,NA
"E3","V3FHI",4104,"zone5 (farthest)",0,0,NA
"E3","V3FHI",4105,"zone1 (nearest)",0,0,NA
"E3","V3FHI",4105,"zone2",0,0,NA
"E3","V3FHI",4105,"zone3",0,0,NA
"E3","V3FHI",4105,"zone4",0,0,NA
"E3","V3FHI",4105,"zone5 (farthest)",0,0,NA
"E3","V3FHI",4106,"zone1 (nearest)",0,0,NA
"E3","V3FHI",4106,"zone2",0,0,NA
"E3","V3FHI",4106,"zone3",0,0,NA
"E3","V3FHI",4106,"zone4",0,0,NA
"E3","V3FHI",4106,"zone5 (farthest)",0,0,NA
"E3","V3FHI",4107,"zone1 (nearest)",0,0,NA
"E3","V3FHI",4107,"zone2",0,0,NA
"E3","V3FHI",4107,"zone3",0,0,NA
"E3","V3FHI",4107,"zone4",0,0,NA
"E3","V3FHI",4107,"zone5 (farthest)",0,0,NA
"E3","V3FHI",4108,"zone1 (nearest)",0,0,NA
"E3","V3FHI",4108,"zone2",0,0,NA
"E3","V3FHI",4108,"zone3",0,0,NA
"E3","V3FHI",4108,"zone4",0,0,NA
"E3","V3FHI",4108,"zone5 (farthest)",0,0,NA
"E3","V3FHI",4109,"zone1 (nearest)",0,0,NA
"E3","V3FHI",4109,"zone2",0,0,NA
"E3","V3FHI",4109,"zone3",0,0,NA
"E3","V3FHI",4109,"zone4",0,0,NA
"E3","V3FHI",4109,"zone5 (farthest)",0,0,NA
"E3","V3FHI",4110,"zone1 (nearest)",0,0,NA
"E3","V3FHI",4110,"zone2",0,0,NA
"E3","V3FHI",4110,"zone3",0,0,NA
"E3","V3FHI",4110,"zone4",0,0,NA
"E3","V3FHI",4110,"zone5 (farthest)",0,0,NA
"E3","V3FHI",5101,"zone1 (nearest)",224,250,0.896
"E3","V3FHI",5101,"zone2",5,250,0.02
"E3","V3FHI",5101,"zone3",5,250,0.02
"E3","V3FHI",5101,"zone4",7,250,0.028
"E3","V3FHI",5101,"zone5 (farthest)",9,250,0.036
"E3","V3FHI",5102,"zone1 (nearest)",226,250,0.904
"E3","V3FHI",5102,"zone2",6,250,0.024
"E3","V3FHI",5102,"zone3",4,250,0.016
"E3","V3FHI",5102,"zone4",10,250,0.04
"E3","V3FHI",5102,"zone5 (farthest)",4,250,0.016
"E3","V3FHI",5103,"zone1 (nearest)",227,250,0.908
"E3","V3FHI",5103,"zone2",10,250,0.04
"E3","V3FHI",5103,"zone3",5,250,0.02
"E3","V3FHI",5103,"zone4",1,250,0.004
"E3","V3FHI",5103,"zone5 (farthest)",7,250,0.028
"E3","V3FHI",5104,"zone1 (nearest)",0,0,NA
"E3","V3FHI",5104,"zone2",0,0,NA
"E3","V3FHI",5104,"zone3",0,0,NA
"E3","V3FHI",5104,"zone4",0,0,NA
"E3","V3FHI",5104,"zone5 (farthest)",0,0,NA
"E3","V3FHI",5105,"zone1 (nearest)",0,0,NA
"E3","V3FHI",5105,"zone2",0,0,NA
"E3","V3FHI",5105,"zone3",0,0,NA
"E3","V3FHI",5105,"zone4",0,0,NA
"E3","V3FHI",5105,"zone5 (farthest)",0,0,NA
"E3","V3FHI",5106,"zone1 (nearest)",0,0,NA
"E3","V3FHI",5106,"zone2",0,0,NA
"E3","V3FHI",5106,"zone3",0,0,NA
"E3","V3FHI",5106,"zone4",0,0,NA
"E3","V3FHI",5106,"zone5 (farthest)",0,0,NA
"E3","V3FHI",5107,"zone1 (nearest)",0,0,NA
"E3","V3FHI",5107,"zone2",0,0,NA
"E3","V3FHI",5107,"zone3",0,0,NA
"E3","V3FHI",5107,"zone4",0,0,NA
"E3","V3FHI",5107,"zone5 (farthest)",0,0,NA
"E3","V3FHI",5108,"zone1 (nearest)",0,0,NA
"E3","V3FHI",5108,"zone2",0,0,NA
"E3","V3FHI",5108,"zone3",0,0,NA
"E3","V3FHI",5108,"zone4",0,0,NA
"E3","V3FHI",5108,"zone5 (farthest)",0,0,NA
"E3","V3FHI",5109,"zone1 (nearest)",0,0,NA
"E3","V3FHI",5109,"zone2",0,0,NA
"E3","V3FHI",5109,"zone3",0,0,NA
"E3","V3FHI",5109,"zone4",0,0,NA
"E3","V3FHI",5109,"zone5 (farthest)",0,0,NA
"E3","V3FHI",5110,"zone1 (nearest)",0,0,NA
"E3","V3FHI",5110,"zone2",0,0,NA
"E3","V3FHI",5110,"zone3",0,0,NA
"E3","V3FHI",5110,"zone4",0,0,NA
"E3","V3FHI",5110,"zone5 (farthest)",0,0,NA
"E3","V3FHI",6101,"zone1 (nearest)",168,250,0.672
"E3","V3FHI",6101,"zone2",24,250,0.096
"E3","V3FHI",6101,"zone3",13,250,0.052
"E3","V3FHI",6101,"zone4",18,250,0.072
"E3","V3FHI",6101,"zone5 (farthest)",27,250,0.108
"E3","V3FHI",6102,"zone1 (nearest)",166,250,0.664
"E3","V3FHI",6102,"zone2",25,250,0.1
"E3","V3FHI",6102,"zone3",19,250,0.076
"E3","V3FHI",6102,"zone4",17,250,0.068
"E3","V3FHI",6102,"zone5 (farthest)",23,250,0.092
"E3","V3FHI",6103,"zone1 (nearest)",178,250,0.712
"E3","V3FHI",6103,"zone2",20,250,0.08
"E3","V3FHI",6103,"zone3",18,250,0.072
"E3","V3FHI",6103,"zone4",16,250,0.064
"E3","V3FHI",6103,"zone5 (farthest)",18,250,0.072
"E3","V3FHI",6104,"zone1 (nearest)",0,0,NA
"E3","V3FHI",6104,"zone2",0,0,NA
"E3","V3FHI",6104,"zone3",0,0,NA
"E3","V3FHI",6104,"zone4",0,0,NA
"E3","V3FHI",6104,"zone5 (farthest)",0,0,NA
"E3","V3FHI",6105,"zone1 (nearest)",0,0,NA
"E3","V3FHI",6105,"zone2",0,0,NA
"E3","V3FHI",6105,"zone3",0,0,NA
"E3","V3FHI",6105,"zone4",0,0,NA
"E3","V3FHI",6105,"zone5 (farthest)",0,0,NA
"E3","V3FHI",6106,"zone1 (nearest)",0,0,NA
"E3","V3FHI",6106,"zone2",0,0,NA
"E3","V3FHI",6106,"zone3",0,0,NA
"E3","V3FHI",6106,"zone4",0,0,NA
"E3","V3FHI",6106,"zone5 (farthest)",0,0,NA
"E3","V3FHI",6107,"zone1 (nearest)",0,0,NA
"E3","V3FHI",6107,"zone2",0,0,NA
"E3","V3FHI",6107,"zone3",0,0,NA
"E3","V3FHI",6107,"zone4",0,0,NA
"E3","V3FHI",6107,"zone5 (farthest)",0,0,NA
"E3","V3FHI",6108,"zone1 (nearest)",0,0,NA
"E3","V3FHI",6108,"zone2",0,0,NA
"E3","V3FHI",6108,"zone3",0,0,NA
"E3","V3FHI",6108,"zone4",0,0,NA
"E3","V3FHI",6108,"zone5 (farthest)",0,0,NA
"E3","V3FHI",6109,"zone1 (nearest)",0,0,NA
"E3","V3FHI",6109,"zone2",0,0,NA
"E3","V3FHI",6109,"zone3",0,0,NA
"E3","V3FHI",6109,"zone4",0,0,NA
"E3","V3FHI",6109,"zone5 (farthest)",0,0,NA
"E3","V3FHI",6110,"zone1 (nearest)",0,0,NA
"E3","V3FHI",6110,"zone2",0,0,NA
"E3","V3FHI",6110,"zone3",0,0,NA
"E3","V3FHI",6110,"zone4",0,0,NA
"E3","V3FHI",6110,"zone5 (farthest)",0,0,NA
"E3","V3FHI",7101,"zone1 (nearest)",244,250,0.976
"E3","V3FHI",7101,"zone2",1,250,0.004
"E3","V3FHI",7101,"zone3",2,250,0.008
"E3","V3FHI",7101,"zone4",1,250,0.004
"E3","V3FHI",7101,"zone5 (farthest)",2,250,0.008
"E3","V3FHI",7102,"zone1 (nearest)",242,250,0.968
"E3","V3FHI",7102,"zone2",1,250,0.004
"E3","V3FHI",7102,"zone3",1,250,0.004
"E3","V3FHI",7102,"zone4",2,250,0.008
"E3","V3FHI",7102,"zone5 (farthest)",4,250,0.016
"E3","V3FHI",7103,"zone1 (nearest)",240,250,0.96
"E3","V3FHI",7103,"zone2",1,250,0.004
"E3","V3FHI",7103,"zone3",1,250,0.004
"E3","V3FHI",7103,"zone4",3,250,0.012
"E3","V3FHI",7103,"zone5 (farthest)",5,250,0.02
"E3","V3FHI",7104,"zone1 (nearest)",0,0,NA
"E3","V3FHI",7104,"zone2",0,0,NA
"E3","V3FHI",7104,"zone3",0,0,NA
"E3","V3FHI",7104,"zone4",0,0,NA
"E3","V3FHI",7104,"zone5 (farthest)",0,0,NA
"E3","V3FHI",7105,"zone1 (nearest)",0,0,NA
"E3","V3FHI",7105,"zone2",0,0,NA
"E3","V3FHI",7105,"zone3",0,0,NA
"E3","V3FHI",7105,"zone4",0,0,NA
"E3","V3FHI",7105,"zone5 (farthest)",0,0,NA
"E3","V3FHI",7106,"zone1 (nearest)",0,0,NA
"E3","V3FHI",7106,"zone2",0,0,NA
"E3","V3FHI",7106,"zone3",0,0,NA
"E3","V3FHI",7106,"zone4",0,0,NA
"E3","V3FHI",7106,"zone5 (farthest)",0,0,NA
"E3","V3FHI",7107,"zone1 (nearest)",0,0,NA
"E3","V3FHI",7107,"zone2",0,0,NA
"E3","V3FHI",7107,"zone3",0,0,NA
"E3","V3FHI",7107,"zone4",0,0,NA
"E3","V3FHI",7107,"zone5 (farthest)",0,0,NA
"E3","V3FHI",7108,"zone1 (nearest)",0,0,NA
"E3","V3FHI",7108,"zone2",0,0,NA
"E3","V3FHI",7108,"zone3",0,0,NA
"E3","V3FHI",7108,"zone4",0,0,NA
"E3","V3FHI",7108,"zone5 (farthest)",0,0,NA
"E3","V3FHI",7109,"zone1 (nearest)",0,0,NA
"E3","V3FHI",7109,"zone2",0,0,NA
"E3","V3FHI",7109,"zone3",0,0,NA
"E3","V3FHI",7109,"zone4",0,0,NA
"E3","V3FHI",7109,"zone5 (farthest)",0,0,NA
"E3","V3FHI",7110,"zone1 (nearest)",0,0,NA
"E3","V3FHI",7110,"zone2",0,0,NA
"E3","V3FHI",7110,"zone3",0,0,NA
"E3","V3FHI",7110,"zone4",0,0,NA
"E3","V3FHI",7110,"zone5 (farthest)",0,0,NA
"E3","V3FHI",8101,"zone1 (nearest)",227,250,0.908
"E3","V3FHI",8101,"zone2",5,250,0.02
"E3","V3FHI",8101,"zone3",1,250,0.004
"E3","V3FHI",8101,"zone4",5,250,0.02
"E3","V3FHI",8101,"zone5 (farthest)",12,250,0.048
"E3","V3FHI",8102,"zone1 (nearest)",229,250,0.916
"E3","V3FHI",8102,"zone2",7,250,0.028
"E3","V3FHI",8102,"zone3",2,250,0.008
"E3","V3FHI",8102,"zone4",5,250,0.02
"E3","V3FHI",8102,"zone5 (farthest)",7,250,0.028
"E3","V3FHI",8103,"zone1 (nearest)",234,250,0.936
"E3","V3FHI",8103,"zone2",4,250,0.016
"E3","V3FHI",8103,"zone3",1,250,0.004
"E3","V3FHI",8103,"zone4",2,250,0.008
"E3","V3FHI",8103,"zone5 (farthest)",9,250,0.036
"E3","V3FHI",8104,"zone1 (nearest)",0,0,NA
"E3","V3FHI",8104,"zone2",0,0,NA
"E3","V3FHI",8104,"zone3",0,0,NA
"E3","V3FHI",8104,"zone4",0,0,NA
"E3","V3FHI",8104,"zone5 (farthest)",0,0,NA
"E3","V3FHI",8105,"zone1 (nearest)",0,0,NA
"E3","V3FHI",8105,"zone2",0,0,NA
"E3","V3FHI",8105,"zone3",0,0,NA
"E3","V3FHI",8105,"zone4",0,0,NA
"E3","V3FHI",8105,"zone5 (farthest)",0,0,NA
"E3","V3FHI",8106,"zone1 (nearest)",0,0,NA
"E3","V3FHI",8106,"zone2",0,0,NA
"E3","V3FHI",8106,"zone3",0,0,NA
"E3","V3FHI",8106,"zone4",0,0,NA
"E3","V3FHI",8106,"zone5 (farthest)",0,0,NA
"E3","V3FHI",8107,"zone1 (nearest)",0,0,NA
"E3","V3FHI",8107,"zone2",0,0,NA
"E3","V3FHI",8107,"zone3",0,0,NA
"E3","V3FHI",8107,"zone4",0,0,NA
"E3","V3FHI",8107,"zone5 (farthest)",0,0,NA
"E3","V3FHI",8108,"zone1 (nearest)",0,0,NA
"E3","V3FHI",8108,"zone2",0,0,NA
"E3","V3FHI",8108,"zone3",0,0,NA
"E3","V3FHI",8108,"zone4",0,0,NA
"E3","V3FHI",8108,"zone5 (farthest)",0,0,NA
"E3","V3FHI",8109,"zone1 (nearest)",0,0,NA
"E3","V3FHI",8109,"zone2",0,0,NA
"E3","V3FHI",8109,"zone3",0,0,NA
"E3","V3FHI",8109,"zone4",0,0,NA
"E3","V3FHI",8109,"zone5 (farthest)",0,0,NA
"E3","V3FHI",8110,"zone1 (nearest)",0,0,NA
"E3","V3FHI",8110,"zone2",0,0,NA
"E3","V3FHI",8110,"zone3",0,0,NA
"E3","V3FHI",8110,"zone4",0,0,NA
"E3","V3FHI",8110,"zone5 (farthest)",0,0,NA
"E3","V3FHI",9101,"zone1 (nearest)",222,250,0.888
"E3","V3FHI",9101,"zone2",11,250,0.044
"E3","V3FHI",9101,"zone3",3,250,0.012
"E3","V3FHI",9101,"zone4",7,250,0.028
"E3","V3FHI",9101,"zone5 (farthest)",7,250,0.028
"E3","V3FHI",9102,"zone1 (nearest)",225,250,0.9
"E3","V3FHI",9102,"zone2",9,250,0.036
"E3","V3FHI",9102,"zone3",6,250,0.024
"E3","V3FHI",9102,"zone4",4,250,0.016
"E3","V3FHI",9102,"zone5 (farthest)",6,250,0.024
"E3","V3FHI",9103,"zone1 (nearest)",216,250,0.864
"E3","V3FHI",9103,"zone2",13,250,0.052
"E3","V3FHI",9103,"zone3",10,250,0.04
"E3","V3FHI",9103,"zone4",4,250,0.016
"E3","V3FHI",9103,"zone5 (farthest)",7,250,0.028
"E3","V3FHI",9104,"zone1 (nearest)",0,0,NA
"E3","V3FHI",9104,"zone2",0,0,NA
"E3","V3FHI",9104,"zone3",0,0,NA
"E3","V3FHI",9104,"zone4",0,0,NA
"E3","V3FHI",9104,"zone5 (farthest)",0,0,NA
"E3","V3FHI",9105,"zone1 (nearest)",0,0,NA
"E3","V3FHI",9105,"zone2",0,0,NA
"E3","V3FHI",9105,"zone3",0,0,NA
"E3","V3FHI",9105,"zone4",0,0,NA
"E3","V3FHI",9105,"zone5 (farthest)",0,0,NA
"E3","V3FHI",9106,"zone1 (nearest)",0,0,NA
"E3","V3FHI",9106,"zone2",0,0,NA
"E3","V3FHI",9106,"zone3",0,0,NA
"E3","V3FHI",9106,"zone4",0,0,NA
"E3","V3FHI",9106,"zone5 (farthest)",0,0,NA
"E3","V3FHI",9107,"zone1 (nearest)",0,0,NA
"E3","V3FHI",9107,"zone2",0,0,NA
"E3","V3FHI",9107,"zone3",0,0,NA
"E3","V3FHI",9107,"zone4",0,0,NA
"E3","V3FHI",9107,"zone5 (farthest)",0,0,NA
"E3","V3FHI",9108,"zone1 (nearest)",0,0,NA
"E3","V3FHI",9108,"zone2",0,0,NA
"E3","V3FHI",9108,"zone3",0,0,NA
"E3","V3FHI",9108,"zone4",0,0,NA
"E3","V3FHI",9108,"zone5 (farthest)",0,0,NA
"E3","V3FHI",9109,"zone1 (nearest)",0,0,NA
"E3","V3FHI",9109,"zone2",0,0,NA
"E3","V3FHI",9109,"zone3",0,0,NA
"E3","V3FHI",9109,"zone4",0,0,NA
"E3","V3FHI",9109,"zone5 (farthest)",0,0,NA
"E3","V3FHI",9110,"zone1 (nearest)",0,0,NA
"E3","V3FHI",9110,"zone2",0,0,NA
"E3","V3FHI",9110,"zone3",0,0,NA
"E3","V3FHI",9110,"zone4",0,0,NA
"E3","V3FHI",9110,"zone5 (farthest)",0,0,NA
"E3","V3FHI",10101,"zone1 (nearest)",225,250,0.9
"E3","V3FHI",10101,"zone2",4,250,0.016
"E3","V3FHI",10101,"zone3",1,250,0.004
"E3","V3FHI",10101,"zone4",2,250,0.008
"E3","V3FHI",10101,"zone5 (farthest)",18,250,0.072
"E3","V3FHI",10102,"zone1 (nearest)",224,250,0.896
"E3","V3FHI",10102,"zone2",1,250,0.004
"E3","V3FHI",10102,"zone3",1,250,0.004
"E3","V3FHI",10102,"zone4",4,250,0.016
"E3","V3FHI",10102,"zone5 (farthest)",20,250,0.08
"E3","V3FHI",10103,"zone1 (nearest)",227,250,0.908
"E3","V3FHI",10103,"zone2",1,250,0.004
"E3","V3FHI",10103,"zone3",1,250,0.004
"E3","V3FHI",10103,"zone4",3,250,0.012
"E3","V3FHI",10103,"zone5 (farthest)",18,250,0.072
"E3","V3FHI",10104,"zone1 (nearest)",0,0,NA
"E3","V3FHI",10104,"zone2",0,0,NA
"E3","V3FHI",10104,"zone3",0,0,NA
"E3","V3FHI",10104,"zone4",0,0,NA
"E3","V3FHI",10104,"zone5 (farthest)",0,0,NA
"E3","V3FHI",10105,"zone1 (nearest)",0,0,NA
"E3","V3FHI",10105,"zone2",0,0,NA
"E3","V3FHI",10105,"zone3",0,0,NA
"E3","V3FHI",10105,"zone4",0,0,NA
"E3","V3FHI",10105,"zone5 (farthest)",0,0,NA
"E3","V3FHI",10106,"zone1 (nearest)",0,0,NA
"E3","V3FHI",10106,"zone2",0,0,NA
"E3","V3FHI",10106,"zone3",0,0,NA
"E3","V3FHI",10106,"zone4",0,0,NA
"E3","V3FHI",10106,"zone5 (farthest)",0,0,NA
"E3","V3FHI",10107,"zone1 (nearest)",0,0,NA
"E3","V3FHI",10107,"zone2",0,0,NA
"E3","V3FHI",10107,"zone3",0,0,NA
"E3","V3FHI",10107,"zone4",0,0,NA
"E3","V3FHI",10107,"zone5 (farthest)",0,0,NA
"E3","V3FHI",10108,"zone1 (nearest)",0,0,NA
"E3","V3FHI",10108,"zone2",0,0,NA
"E3","V3FHI",10108,"zone3",0,0,NA
"E3","V3FHI",10108,"zone4",0,0,NA
"E3","V3FHI",10108,"zone5 (farthest)",0,0,NA
"E3","V3FHI",10109,"zone1 (nearest)",0,0,NA
"E3","V3FHI",10109,"zone2",0,0,NA
"E3","V3FHI",10109,"zone3",0,0,NA
"E3","V3FHI",10109,"zone4",0,0,NA
"E3","V3FHI",10109,"zone5 (farthest)",0,0,NA
"E3","V3FHI",10110,"zone1 (nearest)",0,0,NA
"E3","V3FHI",10110,"zone2",0,0,NA
"E3","V3FHI",10110,"zone3",0,0,NA
"E3","V3FHI",10110,"zone4",0,0,NA
"E3","V3FHI",10110,"zone5 (farthest)",0,0,NA
"E3","V3FHI",11101,"zone1 (nearest)",0,0,NA
"E3","V3FHI",11101,"zone2",0,0,NA
"E3","V3FHI",11101,"zone3",0,0,NA
"E3","V3FHI",11101,"zone4",0,0,NA
"E3","V3FHI",11101,"zone5 (farthest)",0,0,NA
"E3","V3FHI",11102,"zone1 (nearest)",0,0,NA
"E3","V3FHI",11102,"zone2",0,0,NA
"E3","V3FHI",11102,"zone3",0,0,NA
"E3","V3FHI",11102,"zone4",0,0,NA
"E3","V3FHI",11102,"zone5 (farthest)",0,0,NA
"E3","V3FHI",11103,"zone1 (nearest)",0,0,NA
"E3","V3FHI",11103,"zone2",0,0,NA
"E3","V3FHI",11103,"zone3",0,0,NA
"E3","V3FHI",11103,"zone4",0,0,NA
"E3","V3FHI",11103,"zone5 (farthest)",0,0,NA
"E3","V3FHI",11104,"zone1 (nearest)",0,0,NA
"E3","V3FHI",11104,"zone2",0,0,NA
"E3","V3FHI",11104,"zone3",0,0,NA
"E3","V3FHI",11104,"zone4",0,0,NA
"E3","V3FHI",11104,"zone5 (farthest)",0,0,NA
"E3","V3FHI",11105,"zone1 (nearest)",0,0,NA
"E3","V3FHI",11105,"zone2",0,0,NA
"E3","V3FHI",11105,"zone3",0,0,NA
"E3","V3FHI",11105,"zone4",0,0,NA
"E3","V3FHI",11105,"zone5 (farthest)",0,0,NA
"E3","V3FHI",11106,"zone1 (nearest)",0,0,NA
"E3","V3FHI",11106,"zone2",0,0,NA
"E3","V3FHI",11106,"zone3",0,0,NA
"E3","V3FHI",11106,"zone4",0,0,NA
"E3","V3FHI",11106,"zone5 (farthest)",0,0,NA
"E3","V3FHI",11107,"zone1 (nearest)",0,0,NA
"E3","V3FHI",11107,"zone2",0,0,NA
"E3","V3FHI",11107,"zone3",0,0,NA
"E3","V3FHI",11107,"zone4",0,0,NA
"E3","V3FHI",11107,"zone5 (farthest)",0,0,NA
"E3","V3FHI",11108,"zone1 (nearest)",0,0,NA
"E3","V3FHI",11108,"zone2",0,0,NA
"E3","V3FHI",11108,"zone3",0,0,NA
"E3","V3FHI",11108,"zone4",0,0,NA
"E3","V3FHI",11108,"zone5 (farthest)",0,0,NA
"E3","V3FHI",11109,"zone1 (nearest)",0,0,NA
"E3","V3FHI",11109,"zone2",0,0,NA
"E3","V3FHI",11109,"zone3",0,0,NA
"E3","V3FHI",11109,"zone4",0,0,NA
"E3","V3FHI",11109,"zone5 (farthest)",0,0,NA
"E3","V3FHI",11110,"zone1 (nearest)",0,0,NA
"E3","V3FHI",11110,"zone2",0,0,NA
"E3","V3FHI",11110,"zone3",0,0,NA
"E3","V3FHI",11110,"zone4",0,0,NA
"E3","V3FHI",11110,"zone5 (farthest)",0,0,NA
"E3","V3FHI",12101,"zone1 (nearest)",0,0,NA
"E3","V3FHI",12101,"zone2",0,0,NA
"E3","V3FHI",12101,"zone3",0,0,NA
"E3","V3FHI",12101,"zone4",0,0,NA
"E3","V3FHI",12101,"zone5 (farthest)",0,0,NA
"E3","V3FHI",12102,"zone1 (nearest)",0,0,NA
"E3","V3FHI",12102,"zone2",0,0,NA
"E3","V3FHI",12102,"zone3",0,0,NA
"E3","V3FHI",12102,"zone4",0,0,NA
"E3","V3FHI",12102,"zone5 (farthest)",0,0,NA
"E3","V3FHI",12103,"zone1 (nearest)",0,0,NA
"E3","V3FHI",12103,"zone2",0,0,NA
"E3","V3FHI",12103,"zone3",0,0,NA
"E3","V3FHI",12103,"zone4",0,0,NA
"E3","V3FHI",12103,"zone5 (farthest)",0,0,NA
"E3","V3FHI",12104,"zone1 (nearest)",0,0,NA
"E3","V3FHI",12104,"zone2",0,0,NA
"E3","V3FHI",12104,"zone3",0,0,NA
"E3","V3FHI",12104,"zone4",0,0,NA
"E3","V3FHI",12104,"zone5 (farthest)",0,0,NA
"E3","V3FHI",12105,"zone1 (nearest)",0,0,NA
"E3","V3FHI",12105,"zone2",0,0,NA
"E3","V3FHI",12105,"zone3",0,0,NA
"E3","V3FHI",12105,"zone4",0,0,NA
"E3","V3FHI",12105,"zone5 (farthest)",0,0,NA
"E3","V3FHI",12106,"zone1 (nearest)",0,0,NA
"E3","V3FHI",12106,"zone2",0,0,NA
"E3","V3FHI",12106,"zone3",0,0,NA
"E3","V3FHI",12106,"zone4",0,0,NA
"E3","V3FHI",12106,"zone5 (farthest)",0,0,NA
"E3","V3FHI",12107,"zone1 (nearest)",0,0,NA
"E3","V3FHI",12107,"zone2",0,0,NA
"E3","V3FHI",12107,"zone3",0,0,NA
"E3","V3FHI",12107,"zone4",0,0,NA
"E3","V3FHI",12107,"zone5 (farthest)",0,0,NA
"E3","V3FHI",12108,"zone1 (nearest)",0,0,NA
"E3","V3FHI",12108,"zone2",0,0,NA
"E3","V3FHI",12108,"zone3",0,0,NA
"E3","V3FHI",12108,"zone4",0,0,NA
"E3","V3FHI",12108,"zone5 (farthest)",0,0,NA
"E3","V3FHI",12109,"zone1 (nearest)",0,0,NA
"E3","V3FHI",12109,"zone2",0,0,NA
"E3","V3FHI",12109,"zone3",0,0,NA
"E3","V3FHI",12109,"zone4",0,0,NA
"E3","V3FHI",12109,"zone5 (farthest)",0,0,NA
"E3","V3FHI",12110,"zone1 (nearest)",0,0,NA
"E3","V3FHI",12110,"zone2",0,0,NA
"E3","V3FHI",12110,"zone3",0,0,NA
"E3","V3FHI",12110,"zone4",0,0,NA
"E3","V3FHI",12110,"zone5 (farthest)",0,0,NA
"E3","V3FHI",13101,"zone1 (nearest)",0,0,NA
"E3","V3FHI",13101,"zone2",0,0,NA
"E3","V3FHI",13101,"zone3",0,0,NA
"E3","V3FHI",13101,"zone4",0,0,NA
"E3","V3FHI",13101,"zone5 (farthest)",0,0,NA
"E3","V3FHI",13102,"zone1 (nearest)",0,0,NA
"E3","V3FHI",13102,"zone2",0,0,NA
"E3","V3FHI",13102,"zone3",0,0,NA
"E3","V3FHI",13102,"zone4",0,0,NA
"E3","V3FHI",13102,"zone5 (farthest)",0,0,NA
"E3","V3FHI",13103,"zone1 (nearest)",0,0,NA
"E3","V3FHI",13103,"zone2",0,0,NA
"E3","V3FHI",13103,"zone3",0,0,NA
"E3","V3FHI",13103,"zone4",0,0,NA
"E3","V3FHI",13103,"zone5 (farthest)",0,0,NA
"E3","V3FHI",13104,"zone1 (nearest)",0,0,NA
"E3","V3FHI",13104,"zone2",0,0,NA
"E3","V3FHI",13104,"zone3",0,0,NA
"E3","V3FHI",13104,"zone4",0,0,NA
"E3","V3FHI",13104,"zone5 (farthest)",0,0,NA
"E3","V3FHI",13105,"zone1 (nearest)",0,0,NA
"E3","V3FHI",13105,"zone2",0,0,NA
"E3","V3FHI",13105,"zone3",0,0,NA
"E3","V3FHI",13105,"zone4",0,0,NA
"E3","V3FHI",13105,"zone5 (farthest)",0,0,NA
"E3","V3FHI",13106,"zone1 (nearest)",0,0,NA
"E3","V3FHI",13106,"zone2",0,0,NA
"E3","V3FHI",13106,"zone3",0,0,NA
"E3","V3FHI",13106,"zone4",0,0,NA
"E3","V3FHI",13106,"zone5 (farthest)",0,0,NA
"E3","V3FHI",13107,"zone1 (nearest)",0,0,NA
"E3","V3FHI",13107,"zone2",0,0,NA
"E3","V3FHI",13107,"zone3",0,0,NA
"E3","V3FHI",13107,"zone4",0,0,NA
"E3","V3FHI",13107,"zone5 (farthest)",0,0,NA
"E3","V3FHI",13108,"zone1 (nearest)",0,0,NA
"E3","V3FHI",13108,"zone2",0,0,NA
"E3","V3FHI",13108,"zone3",0,0,NA
"E3","V3FHI",13108,"zone4",0,0,NA
"E3","V3FHI",13108,"zone5 (farthest)",0,0,NA
"E3","V3FHI",13109,"zone1 (nearest)",0,0,NA
"E3","V3FHI",13109,"zone2",0,0,NA
"E3","V3FHI",13109,"zone3",0,0,NA
"E3","V3FHI",13109,"zone4",0,0,NA
"E3","V3FHI",13109,"zone5 (farthest)",0,0,NA
"E3","V3FHI",13110,"zone1 (nearest)",0,0,NA
"E3","V3FHI",13110,"zone2",0,0,NA
"E3","V3FHI",13110,"zone3",0,0,NA
"E3","V3FHI",13110,"zone4",0,0,NA
"E3","V3FHI",13110,"zone5 (farthest)",0,0,NA
"E3","V3FHI",14101,"zone1 (nearest)",0,0,NA
"E3","V3FHI",14101,"zone2",0,0,NA
"E3","V3FHI",14101,"zone3",0,0,NA
"E3","V3FHI",14101,"zone4",0,0,NA
"E3","V3FHI",14101,"zone5 (farthest)",0,0,NA
"E3","V3FHI",14102,"zone1 (nearest)",0,0,NA
"E3","V3FHI",14102,"zone2",0,0,NA
"E3","V3FHI",14102,"zone3",0,0,NA
"E3","V3FHI",14102,"zone4",0,0,NA
"E3","V3FHI",14102,"zone5 (farthest)",0,0,NA
"E3","V3FHI",14103,"zone1 (nearest)",0,0,NA
"E3","V3FHI",14103,"zone2",0,0,NA
"E3","V3FHI",14103,"zone3",0,0,NA
"E3","V3FHI",14103,"zone4",0,0,NA
"E3","V3FHI",14103,"zone5 (farthest)",0,0,NA
"E3","V3FHI",14104,"zone1 (nearest)",0,0,NA
"E3","V3FHI",14104,"zone2",0,0,NA
"E3","V3FHI",14104,"zone3",0,0,NA
"E3","V3FHI",14104,"zone4",0,0,NA
"E3","V3FHI",14104,"zone5 (farthest)",0,0,NA
"E3","V3FHI",14105,"zone1 (nearest)",0,0,NA
"E3","V3FHI",14105,"zone2",0,0,NA
"E3","V3FHI",14105,"zone3",0,0,NA
"E3","V3FHI",14105,"zone4",0,0,NA
"E3","V3FHI",14105,"zone5 (farthest)",0,0,NA
"E3","V3FHI",14106,"zone1 (nearest)",0,0,NA
"E3","V3FHI",14106,"zone2",0,0,NA
"E3","V3FHI",14106,"zone3",0,0,NA
"E3","V3FHI",14106,"zone4",0,0,NA
"E3","V3FHI",14106,"zone5 (farthest)",0,0,NA
"E3","V3FHI",14107,"zone1 (nearest)",0,0,NA
"E3","V3FHI",14107,"zone2",0,0,NA
"E3","V3FHI",14107,"zone3",0,0,NA
"E3","V3FHI",14107,"zone4",0,0,NA
"E3","V3FHI",14107,"zone5 (farthest)",0,0,NA
"E3","V3FHI",14108,"zone1 (nearest)",0,0,NA
"E3","V3FHI",14108,"zone2",0,0,NA
"E3","V3FHI",14108,"zone3",0,0,NA
"E3","V3FHI",14108,"zone4",0,0,NA
"E3","V3FHI",14108,"zone5 (farthest)",0,0,NA
"E3","V3FHI",14109,"zone1 (nearest)",0,0,NA
"E3","V3FHI",14109,"zone2",0,0,NA
"E3","V3FHI",14109,"zone3",0,0,NA
"E3","V3FHI",14109,"zone4",0,0,NA
"E3","V3FHI",14109,"zone5 (farthest)",0,0,NA
"E3","V3FHI",14110,"zone1 (nearest)",0,0,NA
"E3","V3FHI",14110,"zone2",0,0,NA
"E3","V3FHI",14110,"zone3",0,0,NA
"E3","V3FHI",14110,"zone4",0,0,NA
"E3","V3FHI",14110,"zone5 (farthest)",0,0,NA
"E3","V3FHI",15101,"zone1 (nearest)",0,0,NA
"E3","V3FHI",15101,"zone2",0,0,NA
"E3","V3FHI",15101,"zone3",0,0,NA
"E3","V3FHI",15101,"zone4",0,0,NA
"E3","V3FHI",15101,"zone5 (farthest)",0,0,NA
"E3","V3FHI",15102,"zone1 (nearest)",0,0,NA
"E3","V3FHI",15102,"zone2",0,0,NA
"E3","V3FHI",15102,"zone3",0,0,NA
"E3","V3FHI",15102,"zone4",0,0,NA
"E3","V3FHI",15102,"zone5 (farthest)",0,0,NA
"E3","V3FHI",15103,"zone1 (nearest)",0,0,NA
"E3","V3FHI",15103,"zone2",0,0,NA
"E3","V3FHI",15103,"zone3",0,0,NA
"E3","V3FHI",15103,"zone4",0,0,NA
"E3","V3FHI",15103,"zone5 (farthest)",0,0,NA
"E3","V3FHI",15104,"zone1 (nearest)",0,0,NA
"E3","V3FHI",15104,"zone2",0,0,NA
"E3","V3FHI",15104,"zone3",0,0,NA
"E3","V3FHI",15104,"zone4",0,0,NA
"E3","V3FHI",15104,"zone5 (farthest)",0,0,NA
"E3","V3FHI",15105,"zone1 (nearest)",0,0,NA
"E3","V3FHI",15105,"zone2",0,0,NA
"E3","V3FHI",15105,"zone3",0,0,NA
"E3","V3FHI",15105,"zone4",0,0,NA
"E3","V3FHI",15105,"zone5 (farthest)",0,0,NA
"E3","V3FHI",15106,"zone1 (nearest)",0,0,NA
"E3","V3FHI",15106,"zone2",0,0,NA
"E3","V3FHI",15106,"zone3",0,0,NA
"E3","V3FHI",15106,"zone4",0,0,NA
"E3","V3FHI",15106,"zone5 (farthest)",0,0,NA
"E3","V3FHI",15107,"zone1 (nearest)",0,0,NA
"E3","V3FHI",15107,"zone2",0,0,NA
"E3","V3FHI",15107,"zone3",0,0,NA
"E3","V3FHI",15107,"zone4",0,0,NA
"E3","V3FHI",15107,"zone5 (farthest)",0,0,NA
"E3","V3FHI",15108,"zone1 (nearest)",0,0,NA
"E3","V3FHI",15108,"zone2",0,0,NA
"E3","V3FHI",15108,"zone3",0,0,NA
"E3","V3FHI",15108,"zone4",0,0,NA
"E3","V3FHI",15108,"zone5 (farthest)",0,0,NA
"E3","V3FHI",15109,"zone1 (nearest)",0,0,NA
"E3","V3FHI",15109,"zone2",0,0,NA
"E3","V3FHI",15109,"zone3",0,0,NA
"E3","V3FHI",15109,"zone4",0,0,NA
"E3","V3FHI",15109,"zone5 (farthest)",0,0,NA
"E3","V3FHI",15110,"zone1 (nearest)",0,0,NA
"E3","V3FHI",15110,"zone2",0,0,NA
"E3","V3FHI",15110,"zone3",0,0,NA
"E3","V3FHI",15110,"zone4",0,0,NA
"E3","V3FHI",15110,"zone5 (farthest)",0,0,NA
"E3","V3FHI",16101,"zone1 (nearest)",0,0,NA
"E3","V3FHI",16101,"zone2",0,0,NA
"E3","V3FHI",16101,"zone3",0,0,NA
"E3","V3FHI",16101,"zone4",0,0,NA
"E3","V3FHI",16101,"zone5 (farthest)",0,0,NA
"E3","V3FHI",16102,"zone1 (nearest)",0,0,NA
"E3","V3FHI",16102,"zone2",0,0,NA
"E3","V3FHI",16102,"zone3",0,0,NA
"E3","V3FHI",16102,"zone4",0,0,NA
"E3","V3FHI",16102,"zone5 (farthest)",0,0,NA
"E3","V3FHI",16103,"zone1 (nearest)",0,0,NA
"E3","V3FHI",16103,"zone2",0,0,NA
"E3","V3FHI",16103,"zone3",0,0,NA
"E3","V3FHI",16103,"zone4",0,0,NA
"E3","V3FHI",16103,"zone5 (farthest)",0,0,NA
"E3","V3FHI",16104,"zone1 (nearest)",0,0,NA
"E3","V3FHI",16104,"zone2",0,0,NA
"E3","V3FHI",16104,"zone3",0,0,NA
"E3","V3FHI",16104,"zone4",0,0,NA
"E3","V3FHI",16104,"zone5 (farthest)",0,0,NA
"E3","V3FHI",16105,"zone1 (nearest)",0,0,NA
"E3","V3FHI",16105,"zone2",0,0,NA
"E3","V3FHI",16105,"zone3",0,0,NA
"E3","V3FHI",16105,"zone4",0,0,NA
"E3","V3FHI",16105,"zone5 (farthest)",0,0,NA
"E3","V3FHI",16106,"zone1 (nearest)",0,0,NA
"E3","V3FHI",16106,"zone2",0,0,NA
"E3","V3FHI",16106,"zone3",0,0,NA
"E3","V3FHI",16106,"zone4",0,0,NA
"E3","V3FHI",16106,"zone5 (farthest)",0,0,NA
"E3","V3FHI",16107,"zone1 (nearest)",0,0,NA
"E3","V3FHI",16107,"zone2",0,0,NA
"E3","V3FHI",16107,"zone3",0,0,NA
"E3","V3FHI",16107,"zone4",0,0,NA
"E3","V3FHI",16107,"zone5 (farthest)",0,0,NA
"E3","V3FHI",16108,"zone1 (nearest)",0,0,NA
"E3","V3FHI",16108,"zone2",0,0,NA
"E3","V3FHI",16108,"zone3",0,0,NA
"E3","V3FHI",16108,"zone4",0,0,NA
"E3","V3FHI",16108,"zone5 (farthest)",0,0,NA
"E3","V3FHI",16109,"zone1 (nearest)",0,0,NA
"E3","V3FHI",16109,"zone2",0,0,NA
"E3","V3FHI",16109,"zone3",0,0,NA
"E3","V3FHI",16109,"zone4",0,0,NA
"E3","V3FHI",16109,"zone5 (farthest)",0,0,NA
"E3","V3FHI",16110,"zone1 (nearest)",0,0,NA
"E3","V3FHI",16110,"zone2",0,0,NA
"E3","V3FHI",16110,"zone3",0,0,NA
"E3","V3FHI",16110,"zone4",0,0,NA
"E3","V3FHI",16110,"zone5 (farthest)",0,0,NA
"E3","V3FHI",17101,"zone1 (nearest)",0,0,NA
"E3","V3FHI",17101,"zone2",0,0,NA
"E3","V3FHI",17101,"zone3",0,0,NA
"E3","V3FHI",17101,"zone4",0,0,NA
"E3","V3FHI",17101,"zone5 (farthest)",0,0,NA
"E3","V3FHI",17102,"zone1 (nearest)",0,0,NA
"E3","V3FHI",17102,"zone2",0,0,NA
"E3","V3FHI",17102,"zone3",0,0,NA
"E3","V3FHI",17102,"zone4",0,0,NA
"E3","V3FHI",17102,"zone5 (farthest)",0,0,NA
"E3","V3FHI",17103,"zone1 (nearest)",0,0,NA
"E3","V3FHI",17103,"zone2",0,0,NA
"E3","V3FHI",17103,"zone3",0,0,NA
"E3","V3FHI",17103,"zone4",0,0,NA
"E3","V3FHI",17103,"zone5 (farthest)",0,0,NA
"E3","V3FHI",17104,"zone1 (nearest)",0,0,NA
"E3","V3FHI",17104,"zone2",0,0,NA
"E3","V3FHI",17104,"zone3",0,0,NA
"E3","V3FHI",17104,"zone4",0,0,NA
"E3","V3FHI",17104,"zone5 (farthest)",0,0,NA
"E3","V3FHI",17105,"zone1 (nearest)",0,0,NA
"E3","V3FHI",17105,"zone2",0,0,NA
"E3","V3FHI",17105,"zone3",0,0,NA
"E3","V3FHI",17105,"zone4",0,0,NA
"E3","V3FHI",17105,"zone5 (farthest)",0,0,NA
"E3","V3FHI",17106,"zone1 (nearest)",0,0,NA
"E3","V3FHI",17106,"zone2",0,0,NA
"E3","V3FHI",17106,"zone3",0,0,NA
"E3","V3FHI",17106,"zone4",0,0,NA
"E3","V3FHI",17106,"zone5 (farthest)",0,0,NA
"E3","V3FHI",17107,"zone1 (nearest)",0,0,NA
"E3","V3FHI",17107,"zone2",0,0,NA
"E3","V3FHI",17107,"zone3",0,0,NA
"E3","V3FHI",17107,"zone4",0,0,NA
"E3","V3FHI",17107,"zone5 (farthest)",0,0,NA
"E3","V3FHI",17108,"zone1 (nearest)",0,0,NA
"E3","V3FHI",17108,"zone2",0,0,NA
"E3","V3FHI",17108,"zone3",0,0,NA
"E3","V3FHI",17108,"zone4",0,0,NA
"E3","V3FHI",17108,"zone5 (farthest)",0,0,NA
"E3","V3FHI",17109,"zone1 (nearest)",0,0,NA
"E3","V3FHI",17109,"zone2",0,0,NA
"E3","V3FHI",17109,"zone3",0,0,NA
"E3","V3FHI",17109,"zone4",0,0,NA
"E3","V3FHI",17109,"zone5 (farthest)",0,0,NA
"E3","V3FHI",17110,"zone1 (nearest)",0,0,NA
"E3","V3FHI",17110,"zone2",0,0,NA
"E3","V3FHI",17110,"zone3",0,0,NA
"E3","V3FHI",17110,"zone4",0,0,NA
"E3","V3FHI",17110,"zone5 (farthest)",0,0,NA
"E3","V3FHI",18101,"zone1 (nearest)",0,0,NA
"E3","V3FHI",18101,"zone2",0,0,NA
"E3","V3FHI",18101,"zone3",0,0,NA
"E3","V3FHI",18101,"zone4",0,0,NA
"E3","V3FHI",18101,"zone5 (farthest)",0,0,NA
"E3","V3FHI",18102,"zone1 (nearest)",0,0,NA
"E3","V3FHI",18102,"zone2",0,0,NA
"E3","V3FHI",18102,"zone3",0,0,NA
"E3","V3FHI",18102,"zone4",0,0,NA
"E3","V3FHI",18102,"zone5 (farthest)",0,0,NA
"E3","V3FHI",18103,"zone1 (nearest)",0,0,NA
"E3","V3FHI",18103,"zone2",0,0,NA
"E3","V3FHI",18103,"zone3",0,0,NA
"E3","V3FHI",18103,"zone4",0,0,NA
"E3","V3FHI",18103,"zone5 (farthest)",0,0,NA
"E3","V3FHI",18104,"zone1 (nearest)",0,0,NA
"E3","V3FHI",18104,"zone2",0,0,NA
"E3","V3FHI",18104,"zone3",0,0,NA
"E3","V3FHI",18104,"zone4",0,0,NA
"E3","V3FHI",18104,"zone5 (farthest)",0,0,NA
"E3","V3FHI",18105,"zone1 (nearest)",0,0,NA
"E3","V3FHI",18105,"zone2",0,0,NA
"E3","V3FHI",18105,"zone3",0,0,NA
"E3","V3FHI",18105,"zone4",0,0,NA
"E3","V3FHI",18105,"zone5 (farthest)",0,0,NA
"E3","V3FHI",18106,"zone1 (nearest)",0,0,NA
"E3","V3FHI",18106,"zone2",0,0,NA
"E3","V3FHI",18106,"zone3",0,0,NA
"E3","V3FHI",18106,"zone4",0,0,NA
"E3","V3FHI",18106,"zone5 (farthest)",0,0,NA
"E3","V3FHI",18107,"zone1 (nearest)",0,0,NA
"E3","V3FHI",18107,"zone2",0,0,NA
"E3","V3FHI",18107,"zone3",0,0,NA
"E3","V3FHI",18107,"zone4",0,0,NA
"E3","V3FHI",18107,"zone5 (farthest)",0,0,NA
"E3","V3FHI",18108,"zone1 (nearest)",0,0,NA
"E3","V3FHI",18108,"zone2",0,0,NA
"E3","V3FHI",18108,"zone3",0,0,NA
"E3","V3FHI",18108,"zone4",0,0,NA
"E3","V3FHI",18108,"zone5 (farthest)",0,0,NA
"E3","V3FHI",18109,"zone1 (nearest)",0,0,NA
"E3","V3FHI",18109,"zone2",0,0,NA
"E3","V3FHI",18109,"zone3",0,0,NA
"E3","V3FHI",18109,"zone4",0,0,NA
"E3","V3FHI",18109,"zone5 (farthest)",0,0,NA
"E3","V3FHI",18110,"zone1 (nearest)",0,0,NA
"E3","V3FHI",18110,"zone2",0,0,NA
"E3","V3FHI",18110,"zone3",0,0,NA
"E3","V3FHI",18110,"zone4",0,0,NA
"E3","V3FHI",18110,"zone5 (farthest)",0,0,NA
"E3","V3FHI",19101,"zone1 (nearest)",0,0,NA
"E3","V3FHI",19101,"zone2",0,0,NA
"E3","V3FHI",19101,"zone3",0,0,NA
"E3","V3FHI",19101,"zone4",0,0,NA
"E3","V3FHI",19101,"zone5 (farthest)",0,0,NA
"E3","V3FHI",19102,"zone1 (nearest)",0,0,NA
"E3","V3FHI",19102,"zone2",0,0,NA
"E3","V3FHI",19102,"zone3",0,0,NA
"E3","V3FHI",19102,"zone4",0,0,NA
"E3","V3FHI",19102,"zone5 (farthest)",0,0,NA
"E3","V3FHI",19103,"zone1 (nearest)",0,0,NA
"E3","V3FHI",19103,"zone2",0,0,NA
"E3","V3FHI",19103,"zone3",0,0,NA
"E3","V3FHI",19103,"zone4",0,0,NA
"E3","V3FHI",19103,"zone5 (farthest)",0,0,NA
"E3","V3FHI",19104,"zone1 (nearest)",0,0,NA
"E3","V3FHI",19104,"zone2",0,0,NA
"E3","V3FHI",19104,"zone3",0,0,NA
"E3","V3FHI",19104,"zone4",0,0,NA
"E3","V3FHI",19104,"zone5 (farthest)",0,0,NA
"E3","V3FHI",19105,"zone1 (nearest)",0,0,NA
"E3","V3FHI",19105,"zone2",0,0,NA
"E3","V3FHI",19105,"zone3",0,0,NA
"E3","V3FHI",19105,"zone4",0,0,NA
"E3","V3FHI",19105,"zone5 (farthest)",0,0,NA
"E3","V3FHI",19106,"zone1 (nearest)",0,0,NA
"E3","V3FHI",19106,"zone2",0,0,NA
"E3","V3FHI",19106,"zone3",0,0,NA
"E3","V3FHI",19106,"zone4",0,0,NA
"E3","V3FHI",19106,"zone5 (farthest)",0,0,NA
"E3","V3FHI",19107,"zone1 (nearest)",0,0,NA
"E3","V3FHI",19107,"zone2",0,0,NA
"E3","V3FHI",19107,"zone3",0,0,NA
"E3","V3FHI",19107,"zone4",0,0,NA
"E3","V3FHI",19107,"zone5 (farthest)",0,0,NA
"E3","V3FHI",19108,"zone1 (nearest)",0,0,NA
"E3","V3FHI",19108,"zone2",0,0,NA
"E3","V3FHI",19108,"zone3",0,0,NA
"E3","V3FHI",19108,"zone4",0,0,NA
"E3","V3FHI",19108,"zone5 (farthest)",0,0,NA
"E3","V3FHI",19109,"zone1 (nearest)",0,0,NA
"E3","V3FHI",19109,"zone2",0,0,NA
"E3","V3FHI",19109,"zone3",0,0,NA
"E3","V3FHI",19109,"zone4",0,0,NA
"E3","V3FHI",19109,"zone5 (farthest)",0,0,NA
"E3","V3FHI",19110,"zone1 (nearest)",0,0,NA
"E3","V3FHI",19110,"zone2",0,0,NA
"E3","V3FHI",19110,"zone3",0,0,NA
"E3","V3FHI",19110,"zone4",0,0,NA
"E3","V3FHI",19110,"zone5 (farthest)",0,0,NA
"E3","V3FHI",20101,"zone1 (nearest)",0,0,NA
"E3","V3FHI",20101,"zone2",0,0,NA
"E3","V3FHI",20101,"zone3",0,0,NA
"E3","V3FHI",20101,"zone4",0,0,NA
"E3","V3FHI",20101,"zone5 (farthest)",0,0,NA
"E3","V3FHI",20102,"zone1 (nearest)",0,0,NA
"E3","V3FHI",20102,"zone2",0,0,NA
"E3","V3FHI",20102,"zone3",0,0,NA
"E3","V3FHI",20102,"zone4",0,0,NA
"E3","V3FHI",20102,"zone5 (farthest)",0,0,NA
"E3","V3FHI",20103,"zone1 (nearest)",0,0,NA
"E3","V3FHI",20103,"zone2",0,0,NA
"E3","V3FHI",20103,"zone3",0,0,NA
"E3","V3FHI",20103,"zone4",0,0,NA
"E3","V3FHI",20103,"zone5 (farthest)",0,0,NA
"E3","V3FHI",20104,"zone1 (nearest)",0,0,NA
"E3","V3FHI",20104,"zone2",0,0,NA
"E3","V3FHI",20104,"zone3",0,0,NA
"E3","V3FHI",20104,"zone4",0,0,NA
"E3","V3FHI",20104,"zone5 (farthest)",0,0,NA
"E3","V3FHI",20105,"zone1 (nearest)",0,0,NA
"E3","V3FHI",20105,"zone2",0,0,NA
"E3","V3FHI",20105,"zone3",0,0,NA
"E3","V3FHI",20105,"zone4",0,0,NA
"E3","V3FHI",20105,"zone5 (farthest)",0,0,NA
"E3","V3FHI",20106,"zone1 (nearest)",0,0,NA
"E3","V3FHI",20106,"zone2",0,0,NA
"E3","V3FHI",20106,"zone3",0,0,NA
"E3","V3FHI",20106,"zone4",0,0,NA
"E3","V3FHI",20106,"zone5 (farthest)",0,0,NA
"E3","V3FHI",20107,"zone1 (nearest)",0,0,NA
"E3","V3FHI",20107,"zone2",0,0,NA
"E3","V3FHI",20107,"zone3",0,0,NA
"E3","V3FHI",20107,"zone4",0,0,NA
"E3","V3FHI",20107,"zone5 (farthest)",0,0,NA
"E3","V3FHI",20108,"zone1 (nearest)",0,0,NA
"E3","V3FHI",20108,"zone2",0,0,NA
"E3","V3FHI",20108,"zone3",0,0,NA
"E3","V3FHI",20108,"zone4",0,0,NA
"E3","V3FHI",20108,"zone5 (farthest)",0,0,NA
"E3","V3FHI",20109,"zone1 (nearest)",0,0,NA
"E3","V3FHI",20109,"zone2",0,0,NA
"E3","V3FHI",20109,"zone3",0,0,NA
"E3","V3FHI",20109,"zone4",0,0,NA
"E3","V3FHI",20109,"zone5 (farthest)",0,0,NA
"E3","V3FHI",20110,"zone1 (nearest)",0,0,NA
"E3","V3FHI",20110,"zone2",0,0,NA
"E3","V3FHI",20110,"zone3",0,0,NA
"E3","V3FHI",20110,"zone4",0,0,NA
"E3","V3FHI",20110,"zone5 (farthest)",0,0,NA
"E3","V3FHI",21101,"zone1 (nearest)",0,0,NA
"E3","V3FHI",21101,"zone2",0,0,NA
"E3","V3FHI",21101,"zone3",0,0,NA
"E3","V3FHI",21101,"zone4",0,0,NA
"E3","V3FHI",21101,"zone5 (farthest)",0,0,NA
"E3","V3FHI",21102,"zone1 (nearest)",0,0,NA
"E3","V3FHI",21102,"zone2",0,0,NA
"E3","V3FHI",21102,"zone3",0,0,NA
"E3","V3FHI",21102,"zone4",0,0,NA
"E3","V3FHI",21102,"zone5 (farthest)",0,0,NA
"E3","V3FHI",21103,"zone1 (nearest)",0,0,NA
"E3","V3FHI",21103,"zone2",0,0,NA
"E3","V3FHI",21103,"zone3",0,0,NA
"E3","V3FHI",21103,"zone4",0,0,NA
"E3","V3FHI",21103,"zone5 (farthest)",0,0,NA
"E3","V3FHI",21104,"zone1 (nearest)",0,0,NA
"E3","V3FHI",21104,"zone2",0,0,NA
"E3","V3FHI",21104,"zone3",0,0,NA
"E3","V3FHI",21104,"zone4",0,0,NA
"E3","V3FHI",21104,"zone5 (farthest)",0,0,NA
"E3","V3FHI",21105,"zone1 (nearest)",0,0,NA
"E3","V3FHI",21105,"zone2",0,0,NA
"E3","V3FHI",21105,"zone3",0,0,NA
"E3","V3FHI",21105,"zone4",0,0,NA
"E3","V3FHI",21105,"zone5 (farthest)",0,0,NA
"E3","V3FHI",21106,"zone1 (nearest)",0,0,NA
"E3","V3FHI",21106,"zone2",0,0,NA
"E3","V3FHI",21106,"zone3",0,0,NA
"E3","V3FHI",21106,"zone4",0,0,NA
"E3","V3FHI",21106,"zone5 (farthest)",0,0,NA
"E3","V3FHI",21107,"zone1 (nearest)",0,0,NA
"E3","V3FHI",21107,"zone2",0,0,NA
"E3","V3FHI",21107,"zone3",0,0,NA
"E3","V3FHI",21107,"zone4",0,0,NA
"E3","V3FHI",21107,"zone5 (farthest)",0,0,NA
"E3","V3FHI",21108,"zone1 (nearest)",0,0,NA
"E3","V3FHI",21108,"zone2",0,0,NA
"E3","V3FHI",21108,"zone3",0,0,NA
"E3","V3FHI",21108,"zone4",0,0,NA
"E3","V3FHI",21108,"zone5 (farthest)",0,0,NA
"E3","V3FHI",21109,"zone1 (nearest)",0,0,NA
"E3","V3FHI",21109,"zone2",0,0,NA
"E3","V3FHI",21109,"zone3",0,0,NA
"E3","V3FHI",21109,"zone4",0,0,NA
"E3","V3FHI",21109,"zone5 (farthest)",0,0,NA
"E3","V3FHI",21110,"zone1 (nearest)",0,0,NA
"E3","V3FHI",21110,"zone2",0,0,NA
"E3","V3FHI",21110,"zone3",0,0,NA
"E3","V3FHI",21110,"zone4",0,0,NA
"E3","V3FHI",21110,"zone5 (farthest)",0,0,NA
"E3","V3FHI",22101,"zone1 (nearest)",0,0,NA
"E3","V3FHI",22101,"zone2",0,0,NA
"E3","V3FHI",22101,"zone3",0,0,NA
"E3","V3FHI",22101,"zone4",0,0,NA
"E3","V3FHI",22101,"zone5 (farthest)",0,0,NA
"E3","V3FHI",22102,"zone1 (nearest)",0,0,NA
"E3","V3FHI",22102,"zone2",0,0,NA
"E3","V3FHI",22102,"zone3",0,0,NA
"E3","V3FHI",22102,"zone4",0,0,NA
"E3","V3FHI",22102,"zone5 (farthest)",0,0,NA
"E3","V3FHI",22103,"zone1 (nearest)",0,0,NA
"E3","V3FHI",22103,"zone2",0,0,NA
"E3","V3FHI",22103,"zone3",0,0,NA
"E3","V3FHI",22103,"zone4",0,0,NA
"E3","V3FHI",22103,"zone5 (farthest)",0,0,NA
"E3","V3FHI",22104,"zone1 (nearest)",0,0,NA
"E3","V3FHI",22104,"zone2",0,0,NA
"E3","V3FHI",22104,"zone3",0,0,NA
"E3","V3FHI",22104,"zone4",0,0,NA
"E3","V3FHI",22104,"zone5 (farthest)",0,0,NA
"E3","V3FHI",22105,"zone1 (nearest)",0,0,NA
"E3","V3FHI",22105,"zone2",0,0,NA
"E3","V3FHI",22105,"zone3",0,0,NA
"E3","V3FHI",22105,"zone4",0,0,NA
"E3","V3FHI",22105,"zone5 (farthest)",0,0,NA
"E3","V3FHI",22106,"zone1 (nearest)",0,0,NA
"E3","V3FHI",22106,"zone2",0,0,NA
"E3","V3FHI",22106,"zone3",0,0,NA
"E3","V3FHI",22106,"zone4",0,0,NA
"E3","V3FHI",22106,"zone5 (farthest)",0,0,NA
"E3","V3FHI",22107,"zone1 (nearest)",0,0,NA
"E3","V3FHI",22107,"zone2",0,0,NA
"E3","V3FHI",22107,"zone3",0,0,NA
"E3","V3FHI",22107,"zone4",0,0,NA
"E3","V3FHI",22107,"zone5 (farthest)",0,0,NA
"E3","V3FHI",22108,"zone1 (nearest)",0,0,NA
"E3","V3FHI",22108,"zone2",0,0,NA
"E3","V3FHI",22108,"zone3",0,0,NA
"E3","V3FHI",22108,"zone4",0,0,NA
"E3","V3FHI",22108,"zone5 (farthest)",0,0,NA
"E3","V3FHI",22109,"zone1 (nearest)",0,0,NA
"E3","V3FHI",22109,"zone2",0,0,NA
"E3","V3FHI",22109,"zone3",0,0,NA
"E3","V3FHI",22109,"zone4",0,0,NA
"E3","V3FHI",22109,"zone5 (farthest)",0,0,NA
"E3","V3FHI",22110,"zone1 (nearest)",0,0,NA
"E3","V3FHI",22110,"zone2",0,0,NA
"E3","V3FHI",22110,"zone3",0,0,NA
"E3","V3FHI",22110,"zone4",0,0,NA
"E3","V3FHI",22110,"zone5 (farthest)",0,0,NA
"E3","V3FHI",23101,"zone1 (nearest)",0,0,NA
"E3","V3FHI",23101,"zone2",0,0,NA
"E3","V3FHI",23101,"zone3",0,0,NA
"E3","V3FHI",23101,"zone4",0,0,NA
"E3","V3FHI",23101,"zone5 (farthest)",0,0,NA
"E3","V3FHI",23102,"zone1 (nearest)",0,0,NA
"E3","V3FHI",23102,"zone2",0,0,NA
"E3","V3FHI",23102,"zone3",0,0,NA
"E3","V3FHI",23102,"zone4",0,0,NA
"E3","V3FHI",23102,"zone5 (farthest)",0,0,NA
"E3","V3FHI",23103,"zone1 (nearest)",0,0,NA
"E3","V3FHI",23103,"zone2",0,0,NA
"E3","V3FHI",23103,"zone3",0,0,NA
"E3","V3FHI",23103,"zone4",0,0,NA
"E3","V3FHI",23103,"zone5 (farthest)",0,0,NA
"E3","V3FHI",23104,"zone1 (nearest)",0,0,NA
"E3","V3FHI",23104,"zone2",0,0,NA
"E3","V3FHI",23104,"zone3",0,0,NA
"E3","V3FHI",23104,"zone4",0,0,NA
"E3","V3FHI",23104,"zone5 (farthest)",0,0,NA
"E3","V3FHI",23105,"zone1 (nearest)",0,0,NA
"E3","V3FHI",23105,"zone2",0,0,NA
"E3","V3FHI",23105,"zone3",0,0,NA
"E3","V3FHI",23105,"zone4",0,0,NA
"E3","V3FHI",23105,"zone5 (farthest)",0,0,NA
"E3","V3FHI",23106,"zone1 (nearest)",0,0,NA
"E3","V3FHI",23106,"zone2",0,0,NA
"E3","V3FHI",23106,"zone3",0,0,NA
"E3","V3FHI",23106,"zone4",0,0,NA
"E3","V3FHI",23106,"zone5 (farthest)",0,0,NA
"E3","V3FHI",23107,"zone1 (nearest)",0,0,NA
"E3","V3FHI",23107,"zone2",0,0,NA
"E3","V3FHI",23107,"zone3",0,0,NA
"E3","V3FHI",23107,"zone4",0,0,NA
"E3","V3FHI",23107,"zone5 (farthest)",0,0,NA
"E3","V3FHI",23108,"zone1 (nearest)",0,0,NA
"E3","V3FHI",23108,"zone2",0,0,NA
"E3","V3FHI",23108,"zone3",0,0,NA
"E3","V3FHI",23108,"zone4",0,0,NA
"E3","V3FHI",23108,"zone5 (farthest)",0,0,NA
"E3","V3FHI",23109,"zone1 (nearest)",0,0,NA
"E3","V3FHI",23109,"zone2",0,0,NA
"E3","V3FHI",23109,"zone3",0,0,NA
"E3","V3FHI",23109,"zone4",0,0,NA
"E3","V3FHI",23109,"zone5 (farthest)",0,0,NA
"E3","V3FHI",23110,"zone1 (nearest)",0,0,NA
"E3","V3FHI",23110,"zone2",0,0,NA
"E3","V3FHI",23110,"zone3",0,0,NA
"E3","V3FHI",23110,"zone4",0,0,NA
"E3","V3FHI",23110,"zone5 (farthest)",0,0,NA
"E3","V3FHI",24101,"zone1 (nearest)",0,0,NA
"E3","V3FHI",24101,"zone2",0,0,NA
"E3","V3FHI",24101,"zone3",0,0,NA
"E3","V3FHI",24101,"zone4",0,0,NA
"E3","V3FHI",24101,"zone5 (farthest)",0,0,NA
"E3","V3FHI",24102,"zone1 (nearest)",0,0,NA
"E3","V3FHI",24102,"zone2",0,0,NA
"E3","V3FHI",24102,"zone3",0,0,NA
"E3","V3FHI",24102,"zone4",0,0,NA
"E3","V3FHI",24102,"zone5 (farthest)",0,0,NA
"E3","V3FHI",24103,"zone1 (nearest)",0,0,NA
"E3","V3FHI",24103,"zone2",0,0,NA
"E3","V3FHI",24103,"zone3",0,0,NA
"E3","V3FHI",24103,"zone4",0,0,NA
"E3","V3FHI",24103,"zone5 (farthest)",0,0,NA
"E3","V3FHI",24104,"zone1 (nearest)",0,0,NA
"E3","V3FHI",24104,"zone2",0,0,NA
"E3","V3FHI",24104,"zone3",0,0,NA
"E3","V3FHI",24104,"zone4",0,0,NA
"E3","V3FHI",24104,"zone5 (farthest)",0,0,NA
"E3","V3FHI",24105,"zone1 (nearest)",0,0,NA
"E3","V3FHI",24105,"zone2",0,0,NA
"E3","V3FHI",24105,"zone3",0,0,NA
"E3","V3FHI",24105,"zone4",0,0,NA
"E3","V3FHI",24105,"zone5 (farthest)",0,0,NA
"E3","V3FHI",24106,"zone1 (nearest)",0,0,NA
"E3","V3FHI",24106,"zone2",0,0,NA
"E3","V3FHI",24106,"zone3",0,0,NA
"E3","V3FHI",24106,"zone4",0,0,NA
"E3","V3FHI",24106,"zone5 (farthest)",0,0,NA
"E3","V3FHI",24107,"zone1 (nearest)",0,0,NA
"E3","V3FHI",24107,"zone2",0,0,NA
"E3","V3FHI",24107,"zone3",0,0,NA
"E3","V3FHI",24107,"zone4",0,0,NA
"E3","V3FHI",24107,"zone5 (farthest)",0,0,NA
"E3","V3FHI",24108,"zone1 (nearest)",0,0,NA
"E3","V3FHI",24108,"zone2",0,0,NA
"E3","V3FHI",24108,"zone3",0,0,NA
"E3","V3FHI",24108,"zone4",0,0,NA
"E3","V3FHI",24108,"zone5 (farthest)",0,0,NA
"E3","V3FHI",24109,"zone1 (nearest)",0,0,NA
"E3","V3FHI",24109,"zone2",0,0,NA
"E3","V3FHI",24109,"zone3",0,0,NA
"E3","V3FHI",24109,"zone4",0,0,NA
"E3","V3FHI",24109,"zone5 (farthest)",0,0,NA
"E3","V3FHI",24110,"zone1 (nearest)",0,0,NA
"E3","V3FHI",24110,"zone2",0,0,NA
"E3","V3FHI",24110,"zone3",0,0,NA
"E3","V3FHI",24110,"zone4",0,0,NA
"E3","V3FHI",24110,"zone5 (farthest)",0,0,NA
"E3","V3FHI",25101,"zone1 (nearest)",0,0,NA
"E3","V3FHI",25101,"zone2",0,0,NA
"E3","V3FHI",25101,"zone3",0,0,NA
"E3","V3FHI",25101,"zone4",0,0,NA
"E3","V3FHI",25101,"zone5 (farthest)",0,0,NA
"E3","V3FHI",25102,"zone1 (nearest)",0,0,NA
"E3","V3FHI",25102,"zone2",0,0,NA
"E3","V3FHI",25102,"zone3",0,0,NA
"E3","V3FHI",25102,"zone4",0,0,NA
"E3","V3FHI",25102,"zone5 (farthest)",0,0,NA
"E3","V3FHI",25103,"zone1 (nearest)",0,0,NA
"E3","V3FHI",25103,"zone2",0,0,NA
"E3","V3FHI",25103,"zone3",0,0,NA
"E3","V3FHI",25103,"zone4",0,0,NA
"E3","V3FHI",25103,"zone5 (farthest)",0,0,NA
"E3","V3FHI",25104,"zone1 (nearest)",0,0,NA
"E3","V3FHI",25104,"zone2",0,0,NA
"E3","V3FHI",25104,"zone3",0,0,NA
"E3","V3FHI",25104,"zone4",0,0,NA
"E3","V3FHI",25104,"zone5 (farthest)",0,0,NA
"E3","V3FHI",25105,"zone1 (nearest)",0,0,NA
"E3","V3FHI",25105,"zone2",0,0,NA
"E3","V3FHI",25105,"zone3",0,0,NA
"E3","V3FHI",25105,"zone4",0,0,NA
"E3","V3FHI",25105,"zone5 (farthest)",0,0,NA
"E3","V3FHI",25106,"zone1 (nearest)",0,0,NA
"E3","V3FHI",25106,"zone2",0,0,NA
"E3","V3FHI",25106,"zone3",0,0,NA
"E3","V3FHI",25106,"zone4",0,0,NA
"E3","V3FHI",25106,"zone5 (farthest)",0,0,NA
"E3","V3FHI",25107,"zone1 (nearest)",0,0,NA
"E3","V3FHI",25107,"zone2",0,0,NA
"E3","V3FHI",25107,"zone3",0,0,NA
"E3","V3FHI",25107,"zone4",0,0,NA
"E3","V3FHI",25107,"zone5 (farthest)",0,0,NA
"E3","V3FHI",25108,"zone1 (nearest)",0,0,NA
"E3","V3FHI",25108,"zone2",0,0,NA
"E3","V3FHI",25108,"zone3",0,0,NA
"E3","V3FHI",25108,"zone4",0,0,NA
"E3","V3FHI",25108,"zone5 (farthest)",0,0,NA
"E3","V3FHI",25109,"zone1 (nearest)",0,0,NA
"E3","V3FHI",25109,"zone2",0,0,NA
"E3","V3FHI",25109,"zone3",0,0,NA
"E3","V3FHI",25109,"zone4",0,0,NA
"E3","V3FHI",25109,"zone5 (farthest)",0,0,NA
"E3","V3FHI",25110,"zone1 (nearest)",0,0,NA
"E3","V3FHI",25110,"zone2",0,0,NA
"E3","V3FHI",25110,"zone3",0,0,NA
"E3","V3FHI",25110,"zone4",0,0,NA
"E3","V3FHI",25110,"zone5 (farthest)",0,0,NA
"E3","V3FHI",26101,"zone1 (nearest)",0,0,NA
"E3","V3FHI",26101,"zone2",0,0,NA
"E3","V3FHI",26101,"zone3",0,0,NA
"E3","V3FHI",26101,"zone4",0,0,NA
"E3","V3FHI",26101,"zone5 (farthest)",0,0,NA
"E3","V3FHI",26102,"zone1 (nearest)",0,0,NA
"E3","V3FHI",26102,"zone2",0,0,NA
"E3","V3FHI",26102,"zone3",0,0,NA
"E3","V3FHI",26102,"zone4",0,0,NA
"E3","V3FHI",26102,"zone5 (farthest)",0,0,NA
"E3","V3FHI",26103,"zone1 (nearest)",0,0,NA
"E3","V3FHI",26103,"zone2",0,0,NA
"E3","V3FHI",26103,"zone3",0,0,NA
"E3","V3FHI",26103,"zone4",0,0,NA
"E3","V3FHI",26103,"zone5 (farthest)",0,0,NA
"E3","V3FHI",26104,"zone1 (nearest)",0,0,NA
"E3","V3FHI",26104,"zone2",0,0,NA
"E3","V3FHI",26104,"zone3",0,0,NA
"E3","V3FHI",26104,"zone4",0,0,NA
"E3","V3FHI",26104,"zone5 (farthest)",0,0,NA
"E3","V3FHI",26105,"zone1 (nearest)",0,0,NA
"E3","V3FHI",26105,"zone2",0,0,NA
"E3","V3FHI",26105,"zone3",0,0,NA
"E3","V3FHI",26105,"zone4",0,0,NA
"E3","V3FHI",26105,"zone5 (farthest)",0,0,NA
"E3","V3FHI",26106,"zone1 (nearest)",0,0,NA
"E3","V3FHI",26106,"zone2",0,0,NA
"E3","V3FHI",26106,"zone3",0,0,NA
"E3","V3FHI",26106,"zone4",0,0,NA
"E3","V3FHI",26106,"zone5 (farthest)",0,0,NA
"E3","V3FHI",26107,"zone1 (nearest)",0,0,NA
"E3","V3FHI",26107,"zone2",0,0,NA
"E3","V3FHI",26107,"zone3",0,0,NA
"E3","V3FHI",26107,"zone4",0,0,NA
"E3","V3FHI",26107,"zone5 (farthest)",0,0,NA
"E3","V3FHI",26108,"zone1 (nearest)",0,0,NA
"E3","V3FHI",26108,"zone2",0,0,NA
"E3","V3FHI",26108,"zone3",0,0,NA
"E3","V3FHI",26108,"zone4",0,0,NA
"E3","V3FHI",26108,"zone5 (farthest)",0,0,NA
"E3","V3FHI",26109,"zone1 (nearest)",0,0,NA
"E3","V3FHI",26109,"zone2",0,0,NA
"E3","V3FHI",26109,"zone3",0,0,NA
"E3","V3FHI",26109,"zone4",0,0,NA
"E3","V3FHI",26109,"zone5 (farthest)",0,0,NA
"E3","V3FHI",26110,"zone1 (nearest)",0,0,NA
"E3","V3FHI",26110,"zone2",0,0,NA
"E3","V3FHI",26110,"zone3",0,0,NA
"E3","V3FHI",26110,"zone4",0,0,NA
"E3","V3FHI",26110,"zone5 (farthest)",0,0,NA
"E3","V3FHI",27101,"zone1 (nearest)",0,0,NA
"E3","V3FHI",27101,"zone2",0,0,NA
"E3","V3FHI",27101,"zone3",0,0,NA
"E3","V3FHI",27101,"zone4",0,0,NA
"E3","V3FHI",27101,"zone5 (farthest)",0,0,NA
"E3","V3FHI",27102,"zone1 (nearest)",0,0,NA
"E3","V3FHI",27102,"zone2",0,0,NA
"E3","V3FHI",27102,"zone3",0,0,NA
"E3","V3FHI",27102,"zone4",0,0,NA
"E3","V3FHI",27102,"zone5 (farthest)",0,0,NA
"E3","V3FHI",27103,"zone1 (nearest)",0,0,NA
"E3","V3FHI",27103,"zone2",0,0,NA
"E3","V3FHI",27103,"zone3",0,0,NA
"E3","V3FHI",27103,"zone4",0,0,NA
"E3","V3FHI",27103,"zone5 (farthest)",0,0,NA
"E3","V3FHI",27104,"zone1 (nearest)",0,0,NA
"E3","V3FHI",27104,"zone2",0,0,NA
"E3","V3FHI",27104,"zone3",0,0,NA
"E3","V3FHI",27104,"zone4",0,0,NA
"E3","V3FHI",27104,"zone5 (farthest)",0,0,NA
"E3","V3FHI",27105,"zone1 (nearest)",0,0,NA
"E3","V3FHI",27105,"zone2",0,0,NA
"E3","V3FHI",27105,"zone3",0,0,NA
"E3","V3FHI",27105,"zone4",0,0,NA
"E3","V3FHI",27105,"zone5 (farthest)",0,0,NA
"E3","V3FHI",27106,"zone1 (nearest)",0,0,NA
"E3","V3FHI",27106,"zone2",0,0,NA
"E3","V3FHI",27106,"zone3",0,0,NA
"E3","V3FHI",27106,"zone4",0,0,NA
"E3","V3FHI",27106,"zone5 (farthest)",0,0,NA
"E3","V3FHI",27107,"zone1 (nearest)",0,0,NA
"E3","V3FHI",27107,"zone2",0,0,NA
"E3","V3FHI",27107,"zone3",0,0,NA
"E3","V3FHI",27107,"zone4",0,0,NA
"E3","V3FHI",27107,"zone5 (farthest)",0,0,NA
"E3","V3FHI",27108,"zone1 (nearest)",0,0,NA
"E3","V3FHI",27108,"zone2",0,0,NA
"E3","V3FHI",27108,"zone3",0,0,NA
"E3","V3FHI",27108,"zone4",0,0,NA
"E3","V3FHI",27108,"zone5 (farthest)",0,0,NA
"E3","V3FHI",27109,"zone1 (nearest)",0,0,NA
"E3","V3FHI",27109,"zone2",0,0,NA
"E3","V3FHI",27109,"zone3",0,0,NA
"E3","V3FHI",27109,"zone4",0,0,NA
"E3","V3FHI",27109,"zone5 (farthest)",0,0,NA
"E3","V3FHI",27110,"zone1 (nearest)",0,0,NA
"E3","V3FHI",27110,"zone2",0,0,NA
"E3","V3FHI",27110,"zone3",0,0,NA
"E3","V3FHI",27110,"zone4",0,0,NA
"E3","V3FHI",27110,"zone5 (farthest)",0,0,NA
"E3","V3FHI",28101,"zone1 (nearest)",0,0,NA
"E3","V3FHI",28101,"zone2",0,0,NA
"E3","V3FHI",28101,"zone3",0,0,NA
"E3","V3FHI",28101,"zone4",0,0,NA
"E3","V3FHI",28101,"zone5 (farthest)",0,0,NA
"E3","V3FHI",28102,"zone1 (nearest)",0,0,NA
"E3","V3FHI",28102,"zone2",0,0,NA
"E3","V3FHI",28102,"zone3",0,0,NA
"E3","V3FHI",28102,"zone4",0,0,NA
"E3","V3FHI",28102,"zone5 (farthest)",0,0,NA
"E3","V3FHI",28103,"zone1 (nearest)",0,0,NA
"E3","V3FHI",28103,"zone2",0,0,NA
"E3","V3FHI",28103,"zone3",0,0,NA
"E3","V3FHI",28103,"zone4",0,0,NA
"E3","V3FHI",28103,"zone5 (farthest)",0,0,NA
"E3","V3FHI",28104,"zone1 (nearest)",0,0,NA
"E3","V3FHI",28104,"zone2",0,0,NA
"E3","V3FHI",28104,"zone3",0,0,NA
"E3","V3FHI",28104,"zone4",0,0,NA
"E3","V3FHI",28104,"zone5 (farthest)",0,0,NA
"E3","V3FHI",28105,"zone1 (nearest)",0,0,NA
"E3","V3FHI",28105,"zone2",0,0,NA
"E3","V3FHI",28105,"zone3",0,0,NA
"E3","V3FHI",28105,"zone4",0,0,NA
"E3","V3FHI",28105,"zone5 (farthest)",0,0,NA
"E3","V3FHI",28106,"zone1 (nearest)",0,0,NA
"E3","V3FHI",28106,"zone2",0,0,NA
"E3","V3FHI",28106,"zone3",0,0,NA
"E3","V3FHI",28106,"zone4",0,0,NA
"E3","V3FHI",28106,"zone5 (farthest)",0,0,NA
"E3","V3FHI",28107,"zone1 (nearest)",0,0,NA
"E3","V3FHI",28107,"zone2",0,0,NA
"E3","V3FHI",28107,"zone3",0,0,NA
"E3","V3FHI",28107,"zone4",0,0,NA
"E3","V3FHI",28107,"zone5 (farthest)",0,0,NA
"E3","V3FHI",28108,"zone1 (nearest)",0,0,NA
"E3","V3FHI",28108,"zone2",0,0,NA
"E3","V3FHI",28108,"zone3",0,0,NA
"E3","V3FHI",28108,"zone4",0,0,NA
"E3","V3FHI",28108,"zone5 (farthest)",0,0,NA
"E3","V3FHI",28109,"zone1 (nearest)",0,0,NA
"E3","V3FHI",28109,"zone2",0,0,NA
"E3","V3FHI",28109,"zone3",0,0,NA
"E3","V3FHI",28109,"zone4",0,0,NA
"E3","V3FHI",28109,"zone5 (farthest)",0,0,NA
"E3","V3FHI",28110,"zone1 (nearest)",0,0,NA
"E3","V3FHI",28110,"zone2",0,0,NA
"E3","V3FHI",28110,"zone3",0,0,NA
"E3","V3FHI",28110,"zone4",0,0,NA
"E3","V3FHI",28110,"zone5 (farthest)",0,0,NA
"E3","V3FHI",29101,"zone1 (nearest)",0,0,NA
"E3","V3FHI",29101,"zone2",0,0,NA
"E3","V3FHI",29101,"zone3",0,0,NA
"E3","V3FHI",29101,"zone4",0,0,NA
"E3","V3FHI",29101,"zone5 (farthest)",0,0,NA
"E3","V3FHI",29102,"zone1 (nearest)",0,0,NA
"E3","V3FHI",29102,"zone2",0,0,NA
"E3","V3FHI",29102,"zone3",0,0,NA
"E3","V3FHI",29102,"zone4",0,0,NA
"E3","V3FHI",29102,"zone5 (farthest)",0,0,NA
"E3","V3FHI",29103,"zone1 (nearest)",0,0,NA
"E3","V3FHI",29103,"zone2",0,0,NA
"E3","V3FHI",29103,"zone3",0,0,NA
"E3","V3FHI",29103,"zone4",0,0,NA
"E3","V3FHI",29103,"zone5 (farthest)",0,0,NA
"E3","V3FHI",29104,"zone1 (nearest)",0,0,NA
"E3","V3FHI",29104,"zone2",0,0,NA
"E3","V3FHI",29104,"zone3",0,0,NA
"E3","V3FHI",29104,"zone4",0,0,NA
"E3","V3FHI",29104,"zone5 (farthest)",0,0,NA
"E3","V3FHI",29105,"zone1 (nearest)",0,0,NA
"E3","V3FHI",29105,"zone2",0,0,NA
"E3","V3FHI",29105,"zone3",0,0,NA
"E3","V3FHI",29105,"zone4",0,0,NA
"E3","V3FHI",29105,"zone5 (farthest)",0,0,NA
"E3","V3FHI",29106,"zone1 (nearest)",0,0,NA
"E3","V3FHI",29106,"zone2",0,0,NA
"E3","V3FHI",29106,"zone3",0,0,NA
"E3","V3FHI",29106,"zone4",0,0,NA
"E3","V3FHI",29106,"zone5 (farthest)",0,0,NA
"E3","V3FHI",29107,"zone1 (nearest)",0,0,NA
"E3","V3FHI",29107,"zone2",0,0,NA
"E3","V3FHI",29107,"zone3",0,0,NA
"E3","V3FHI",29107,"zone4",0,0,NA
"E3","V3FHI",29107,"zone5 (farthest)",0,0,NA
"E3","V3FHI",29108,"zone1 (nearest)",0,0,NA
"E3","V3FHI",29108,"zone2",0,0,NA
"E3","V3FHI",29108,"zone3",0,0,NA
"E3","V3FHI",29108,"zone4",0,0,NA
"E3","V3FHI",29108,"zone5 (farthest)",0,0,NA
"E3","V3FHI",29109,"zone1 (nearest)",0,0,NA
"E3","V3FHI",29109,"zone2",0,0,NA
"E3","V3FHI",29109,"zone3",0,0,NA
"E3","V3FHI",29109,"zone4",0,0,NA
"E3","V3FHI",29109,"zone5 (farthest)",0,0,NA
"E3","V3FHI",29110,"zone1 (nearest)",0,0,NA
"E3","V3FHI",29110,"zone2",0,0,NA
"E3","V3FHI",29110,"zone3",0,0,NA
"E3","V3FHI",29110,"zone4",0,0,NA
"E3","V3FHI",29110,"zone5 (farthest)",0,0,NA
"E3","V3FHI",30101,"zone1 (nearest)",0,0,NA
"E3","V3FHI",30101,"zone2",0,0,NA
"E3","V3FHI",30101,"zone3",0,0,NA
"E3","V3FHI",30101,"zone4",0,0,NA
"E3","V3FHI",30101,"zone5 (farthest)",0,0,NA
"E3","V3FHI",30102,"zone1 (nearest)",0,0,NA
"E3","V3FHI",30102,"zone2",0,0,NA
"E3","V3FHI",30102,"zone3",0,0,NA
"E3","V3FHI",30102,"zone4",0,0,NA
"E3","V3FHI",30102,"zone5 (farthest)",0,0,NA
"E3","V3FHI",30103,"zone1 (nearest)",0,0,NA
"E3","V3FHI",30103,"zone2",0,0,NA
"E3","V3FHI",30103,"zone3",0,0,NA
"E3","V3FHI",30103,"zone4",0,0,NA
"E3","V3FHI",30103,"zone5 (farthest)",0,0,NA
"E3","V3FHI",30104,"zone1 (nearest)",0,0,NA
"E3","V3FHI",30104,"zone2",0,0,NA
"E3","V3FHI",30104,"zone3",0,0,NA
"E3","V3FHI",30104,"zone4",0,0,NA
"E3","V3FHI",30104,"zone5 (farthest)",0,0,NA
"E3","V3FHI",30105,"zone1 (nearest)",0,0,NA
"E3","V3FHI",30105,"zone2",0,0,NA
"E3","V3FHI",30105,"zone3",0,0,NA
"E3","V3FHI",30105,"zone4",0,0,NA
"E3","V3FHI",30105,"zone5 (farthest)",0,0,NA
"E3","V3FHI",30106,"zone1 (nearest)",0,0,NA
"E3","V3FHI",30106,"zone2",0,0,NA
"E3","V3FHI",30106,"zone3",0,0,NA
"E3","V3FHI",30106,"zone4",0,0,NA
"E3","V3FHI",30106,"zone5 (farthest)",0,0,NA
"E3","V3FHI",30107,"zone1 (nearest)",0,0,NA
"E3","V3FHI",30107,"zone2",0,0,NA
"E3","V3FHI",30107,"zone3",0,0,NA
"E3","V3FHI",30107,"zone4",0,0,NA
"E3","V3FHI",30107,"zone5 (farthest)",0,0,NA
"E3","V3FHI",30108,"zone1 (nearest)",0,0,NA
"E3","V3FHI",30108,"zone2",0,0,NA
"E3","V3FHI",30108,"zone3",0,0,NA
"E3","V3FHI",30108,"zone4",0,0,NA
"E3","V3FHI",30108,"zone5 (farthest)",0,0,NA
"E3","V3FHI",30109,"zone1 (nearest)",0,0,NA
"E3","V3FHI",30109,"zone2",0,0,NA
"E3","V3FHI",30109,"zone3",0,0,NA
"E3","V3FHI",30109,"zone4",0,0,NA
"E3","V3FHI",30109,"zone5 (farthest)",0,0,NA
"E3","V3FHI",30110,"zone1 (nearest)",0,0,NA
"E3","V3FHI",30110,"zone2",0,0,NA
"E3","V3FHI",30110,"zone3",0,0,NA
"E3","V3FHI",30110,"zone4",0,0,NA
"E3","V3FHI",30110,"zone5 (farthest)",0,0,NA
"E3","V3FLO",1101,"zone1 (nearest)",224,250,0.896
"E3","V3FLO",1101,"zone2",15,250,0.06
"E3","V3FLO",1101,"zone3",6,250,0.024
"E3","V3FLO",1101,"zone4",2,250,0.008
"E3","V3FLO",1101,"zone5 (farthest)",3,250,0.012
"E3","V3FLO",1102,"zone1 (nearest)",221,250,0.884
"E3","V3FLO",1102,"zone2",16,250,0.064
"E3","V3FLO",1102,"zone3",9,250,0.036
"E3","V3FLO",1102,"zone4",4,250,0.016
"E3","V3FLO",1102,"zone5 (farthest)",0,250,0
"E3","V3FLO",1103,"zone1 (nearest)",223,250,0.892
"E3","V3FLO",1103,"zone2",16,250,0.064
"E3","V3FLO",1103,"zone3",7,250,0.028
"E3","V3FLO",1103,"zone4",1,250,0.004
"E3","V3FLO",1103,"zone5 (farthest)",3,250,0.012
"E3","V3FLO",1104,"zone1 (nearest)",0,0,NA
"E3","V3FLO",1104,"zone2",0,0,NA
"E3","V3FLO",1104,"zone3",0,0,NA
"E3","V3FLO",1104,"zone4",0,0,NA
"E3","V3FLO",1104,"zone5 (farthest)",0,0,NA
"E3","V3FLO",1105,"zone1 (nearest)",0,0,NA
"E3","V3FLO",1105,"zone2",0,0,NA
"E3","V3FLO",1105,"zone3",0,0,NA
"E3","V3FLO",1105,"zone4",0,0,NA
"E3","V3FLO",1105,"zone5 (farthest)",0,0,NA
"E3","V3FLO",1106,"zone1 (nearest)",0,0,NA
"E3","V3FLO",1106,"zone2",0,0,NA
"E3","V3FLO",1106,"zone3",0,0,NA
"E3","V3FLO",1106,"zone4",0,0,NA
"E3","V3FLO",1106,"zone5 (farthest)",0,0,NA
"E3","V3FLO",1107,"zone1 (nearest)",0,0,NA
"E3","V3FLO",1107,"zone2",0,0,NA
"E3","V3FLO",1107,"zone3",0,0,NA
"E3","V3FLO",1107,"zone4",0,0,NA
"E3","V3FLO",1107,"zone5 (farthest)",0,0,NA
"E3","V3FLO",1108,"zone1 (nearest)",0,0,NA
"E3","V3FLO",1108,"zone2",0,0,NA
"E3","V3FLO",1108,"zone3",0,0,NA
"E3","V3FLO",1108,"zone4",0,0,NA
"E3","V3FLO",1108,"zone5 (farthest)",0,0,NA
"E3","V3FLO",1109,"zone1 (nearest)",0,0,NA
"E3","V3FLO",1109,"zone2",0,0,NA
"E3","V3FLO",1109,"zone3",0,0,NA
"E3","V3FLO",1109,"zone4",0,0,NA
"E3","V3FLO",1109,"zone5 (farthest)",0,0,NA
"E3","V3FLO",1110,"zone1 (nearest)",0,0,NA
"E3","V3FLO",1110,"zone2",0,0,NA
"E3","V3FLO",1110,"zone3",0,0,NA
"E3","V3FLO",1110,"zone4",0,0,NA
"E3","V3FLO",1110,"zone5 (farthest)",0,0,NA
"E3","V3FLO",2101,"zone1 (nearest)",218,250,0.872
"E3","V3FLO",2101,"zone2",9,250,0.036
"E3","V3FLO",2101,"zone3",9,250,0.036
"E3","V3FLO",2101,"zone4",3,250,0.012
"E3","V3FLO",2101,"zone5 (farthest)",11,250,0.044
"E3","V3FLO",2102,"zone1 (nearest)",214,250,0.856
"E3","V3FLO",2102,"zone2",9,250,0.036
"E3","V3FLO",2102,"zone3",8,250,0.032
"E3","V3FLO",2102,"zone4",8,250,0.032
"E3","V3FLO",2102,"zone5 (farthest)",11,250,0.044
"E3","V3FLO",2103,"zone1 (nearest)",220,250,0.88
"E3","V3FLO",2103,"zone2",3,250,0.012
"E3","V3FLO",2103,"zone3",11,250,0.044
"E3","V3FLO",2103,"zone4",9,250,0.036
"E3","V3FLO",2103,"zone5 (farthest)",7,250,0.028
"E3","V3FLO",2104,"zone1 (nearest)",0,0,NA
"E3","V3FLO",2104,"zone2",0,0,NA
"E3","V3FLO",2104,"zone3",0,0,NA
"E3","V3FLO",2104,"zone4",0,0,NA
"E3","V3FLO",2104,"zone5 (farthest)",0,0,NA
"E3","V3FLO",2105,"zone1 (nearest)",0,0,NA
"E3","V3FLO",2105,"zone2",0,0,NA
"E3","V3FLO",2105,"zone3",0,0,NA
"E3","V3FLO",2105,"zone4",0,0,NA
"E3","V3FLO",2105,"zone5 (farthest)",0,0,NA
"E3","V3FLO",2106,"zone1 (nearest)",0,0,NA
"E3","V3FLO",2106,"zone2",0,0,NA
"E3","V3FLO",2106,"zone3",0,0,NA
"E3","V3FLO",2106,"zone4",0,0,NA
"E3","V3FLO",2106,"zone5 (farthest)",0,0,NA
"E3","V3FLO",2107,"zone1 (nearest)",0,0,NA
"E3","V3FLO",2107,"zone2",0,0,NA
"E3","V3FLO",2107,"zone3",0,0,NA
"E3","V3FLO",2107,"zone4",0,0,NA
"E3","V3FLO",2107,"zone5 (farthest)",0,0,NA
"E3","V3FLO",2108,"zone1 (nearest)",0,0,NA
"E3","V3FLO",2108,"zone2",0,0,NA
"E3","V3FLO",2108,"zone3",0,0,NA
"E3","V3FLO",2108,"zone4",0,0,NA
"E3","V3FLO",2108,"zone5 (farthest)",0,0,NA
"E3","V3FLO",2109,"zone1 (nearest)",0,0,NA
"E3","V3FLO",2109,"zone2",0,0,NA
"E3","V3FLO",2109,"zone3",0,0,NA
"E3","V3FLO",2109,"zone4",0,0,NA
"E3","V3FLO",2109,"zone5 (farthest)",0,0,NA
"E3","V3FLO",2110,"zone1 (nearest)",0,0,NA
"E3","V3FLO",2110,"zone2",0,0,NA
"E3","V3FLO",2110,"zone3",0,0,NA
"E3","V3FLO",2110,"zone4",0,0,NA
"E3","V3FLO",2110,"zone5 (farthest)",0,0,NA
"E3","V3FLO",3101,"zone1 (nearest)",233,250,0.932
"E3","V3FLO",3101,"zone2",5,250,0.02
"E3","V3FLO",3101,"zone3",4,250,0.016
"E3","V3FLO",3101,"zone4",5,250,0.02
"E3","V3FLO",3101,"zone5 (farthest)",3,250,0.012
"E3","V3FLO",3102,"zone1 (nearest)",237,250,0.948
"E3","V3FLO",3102,"zone2",5,250,0.02
"E3","V3FLO",3102,"zone3",2,250,0.008
"E3","V3FLO",3102,"zone4",1,250,0.004
"E3","V3FLO",3102,"zone5 (farthest)",5,250,0.02
"E3","V3FLO",3103,"zone1 (nearest)",234,250,0.936
"E3","V3FLO",3103,"zone2",3,250,0.012
"E3","V3FLO",3103,"zone3",6,250,0.024
"E3","V3FLO",3103,"zone4",0,250,0
"E3","V3FLO",3103,"zone5 (farthest)",7,250,0.028
"E3","V3FLO",3104,"zone1 (nearest)",0,0,NA
"E3","V3FLO",3104,"zone2",0,0,NA
"E3","V3FLO",3104,"zone3",0,0,NA
"E3","V3FLO",3104,"zone4",0,0,NA
"E3","V3FLO",3104,"zone5 (farthest)",0,0,NA
"E3","V3FLO",3105,"zone1 (nearest)",0,0,NA
"E3","V3FLO",3105,"zone2",0,0,NA
"E3","V3FLO",3105,"zone3",0,0,NA
"E3","V3FLO",3105,"zone4",0,0,NA
"E3","V3FLO",3105,"zone5 (farthest)",0,0,NA
"E3","V3FLO",3106,"zone1 (nearest)",0,0,NA
"E3","V3FLO",3106,"zone2",0,0,NA
"E3","V3FLO",3106,"zone3",0,0,NA
"E3","V3FLO",3106,"zone4",0,0,NA
"E3","V3FLO",3106,"zone5 (farthest)",0,0,NA
"E3","V3FLO",3107,"zone1 (nearest)",0,0,NA
"E3","V3FLO",3107,"zone2",0,0,NA
"E3","V3FLO",3107,"zone3",0,0,NA
"E3","V3FLO",3107,"zone4",0,0,NA
"E3","V3FLO",3107,"zone5 (farthest)",0,0,NA
"E3","V3FLO",3108,"zone1 (nearest)",0,0,NA
"E3","V3FLO",3108,"zone2",0,0,NA
"E3","V3FLO",3108,"zone3",0,0,NA
"E3","V3FLO",3108,"zone4",0,0,NA
"E3","V3FLO",3108,"zone5 (farthest)",0,0,NA
"E3","V3FLO",3109,"zone1 (nearest)",0,0,NA
"E3","V3FLO",3109,"zone2",0,0,NA
"E3","V3FLO",3109,"zone3",0,0,NA
"E3","V3FLO",3109,"zone4",0,0,NA
"E3","V3FLO",3109,"zone5 (farthest)",0,0,NA
"E3","V3FLO",3110,"zone1 (nearest)",0,0,NA
"E3","V3FLO",3110,"zone2",0,0,NA
"E3","V3FLO",3110,"zone3",0,0,NA
"E3","V3FLO",3110,"zone4",0,0,NA
"E3","V3FLO",3110,"zone5 (farthest)",0,0,NA
"E3","V3FLO",4101,"zone1 (nearest)",202,250,0.808
"E3","V3FLO",4101,"zone2",6,250,0.024
"E3","V3FLO",4101,"zone3",7,250,0.028
"E3","V3FLO",4101,"zone4",12,250,0.048
"E3","V3FLO",4101,"zone5 (farthest)",23,250,0.092
"E3","V3FLO",4102,"zone1 (nearest)",207,250,0.828
"E3","V3FLO",4102,"zone2",8,250,0.032
"E3","V3FLO",4102,"zone3",10,250,0.04
"E3","V3FLO",4102,"zone4",13,250,0.052
"E3","V3FLO",4102,"zone5 (farthest)",12,250,0.048
"E3","V3FLO",4103,"zone1 (nearest)",208,250,0.832
"E3","V3FLO",4103,"zone2",10,250,0.04
"E3","V3FLO",4103,"zone3",3,250,0.012
"E3","V3FLO",4103,"zone4",12,250,0.048
"E3","V3FLO",4103,"zone5 (farthest)",17,250,0.068
"E3","V3FLO",4104,"zone1 (nearest)",0,0,NA
"E3","V3FLO",4104,"zone2",0,0,NA
"E3","V3FLO",4104,"zone3",0,0,NA
"E3","V3FLO",4104,"zone4",0,0,NA
"E3","V3FLO",4104,"zone5 (farthest)",0,0,NA
"E3","V3FLO",4105,"zone1 (nearest)",0,0,NA
"E3","V3FLO",4105,"zone2",0,0,NA
"E3","V3FLO",4105,"zone3",0,0,NA
"E3","V3FLO",4105,"zone4",0,0,NA
"E3","V3FLO",4105,"zone5 (farthest)",0,0,NA
"E3","V3FLO",4106,"zone1 (nearest)",0,0,NA
"E3","V3FLO",4106,"zone2",0,0,NA
"E3","V3FLO",4106,"zone3",0,0,NA
"E3","V3FLO",4106,"zone4",0,0,NA
"E3","V3FLO",4106,"zone5 (farthest)",0,0,NA
"E3","V3FLO",4107,"zone1 (nearest)",0,0,NA
"E3","V3FLO",4107,"zone2",0,0,NA
"E3","V3FLO",4107,"zone3",0,0,NA
"E3","V3FLO",4107,"zone4",0,0,NA
"E3","V3FLO",4107,"zone5 (farthest)",0,0,NA
"E3","V3FLO",4108,"zone1 (nearest)",0,0,NA
"E3","V3FLO",4108,"zone2",0,0,NA
"E3","V3FLO",4108,"zone3",0,0,NA
"E3","V3FLO",4108,"zone4",0,0,NA
"E3","V3FLO",4108,"zone5 (farthest)",0,0,NA
"E3","V3FLO",4109,"zone1 (nearest)",0,0,NA
"E3","V3FLO",4109,"zone2",0,0,NA
"E3","V3FLO",4109,"zone3",0,0,NA
"E3","V3FLO",4109,"zone4",0,0,NA
"E3","V3FLO",4109,"zone5 (farthest)",0,0,NA
"E3","V3FLO",4110,"zone1 (nearest)",0,0,NA
"E3","V3FLO",4110,"zone2",0,0,NA
"E3","V3FLO",4110,"zone3",0,0,NA
"E3","V3FLO",4110,"zone4",0,0,NA
"E3","V3FLO",4110,"zone5 (farthest)",0,0,NA
"E3","V3FLO",5101,"zone1 (nearest)",222,250,0.888
"E3","V3FLO",5101,"zone2",8,250,0.032
"E3","V3FLO",5101,"zone3",4,250,0.016
"E3","V3FLO",5101,"zone4",8,250,0.032
"E3","V3FLO",5101,"zone5 (farthest)",8,250,0.032
"E3","V3FLO",5102,"zone1 (nearest)",226,250,0.904
"E3","V3FLO",5102,"zone2",7,250,0.028
"E3","V3FLO",5102,"zone3",3,250,0.012
"E3","V3FLO",5102,"zone4",11,250,0.044
"E3","V3FLO",5102,"zone5 (farthest)",3,250,0.012
"E3","V3FLO",5103,"zone1 (nearest)",227,250,0.908
"E3","V3FLO",5103,"zone2",10,250,0.04
"E3","V3FLO",5103,"zone3",5,250,0.02
"E3","V3FLO",5103,"zone4",1,250,0.004
"E3","V3FLO",5103,"zone5 (farthest)",7,250,0.028
"E3","V3FLO",5104,"zone1 (nearest)",0,0,NA
"E3","V3FLO",5104,"zone2",0,0,NA
"E3","V3FLO",5104,"zone3",0,0,NA
"E3","V3FLO",5104,"zone4",0,0,NA
"E3","V3FLO",5104,"zone5 (farthest)",0,0,NA
"E3","V3FLO",5105,"zone1 (nearest)",0,0,NA
"E3","V3FLO",5105,"zone2",0,0,NA
"E3","V3FLO",5105,"zone3",0,0,NA
"E3","V3FLO",5105,"zone4",0,0,NA
"E3","V3FLO",5105,"zone5 (farthest)",0,0,NA
"E3","V3FLO",5106,"zone1 (nearest)",0,0,NA
"E3","V3FLO",5106,"zone2",0,0,NA
"E3","V3FLO",5106,"zone3",0,0,NA
"E3","V3FLO",5106,"zone4",0,0,NA
"E3","V3FLO",5106,"zone5 (farthest)",0,0,NA
"E3","V3FLO",5107,"zone1 (nearest)",0,0,NA
"E3","V3FLO",5107,"zone2",0,0,NA
"E3","V3FLO",5107,"zone3",0,0,NA
"E3","V3FLO",5107,"zone4",0,0,NA
"E3","V3FLO",5107,"zone5 (farthest)",0,0,NA
"E3","V3FLO",5108,"zone1 (nearest)",0,0,NA
"E3","V3FLO",5108,"zone2",0,0,NA
"E3","V3FLO",5108,"zone3",0,0,NA
"E3","V3FLO",5108,"zone4",0,0,NA
"E3","V3FLO",5108,"zone5 (farthest)",0,0,NA
"E3","V3FLO",5109,"zone1 (nearest)",0,0,NA
"E3","V3FLO",5109,"zone2",0,0,NA
"E3","V3FLO",5109,"zone3",0,0,NA
"E3","V3FLO",5109,"zone4",0,0,NA
"E3","V3FLO",5109,"zone5 (farthest)",0,0,NA
"E3","V3FLO",5110,"zone1 (nearest)",0,0,NA
"E3","V3FLO",5110,"zone2",0,0,NA
"E3","V3FLO",5110,"zone3",0,0,NA
"E3","V3FLO",5110,"zone4",0,0,NA
"E3","V3FLO",5110,"zone5 (farthest)",0,0,NA
"E3","V3FLO",6101,"zone1 (nearest)",169,250,0.676
"E3","V3FLO",6101,"zone2",23,250,0.092
"E3","V3FLO",6101,"zone3",13,250,0.052
"E3","V3FLO",6101,"zone4",18,250,0.072
"E3","V3FLO",6101,"zone5 (farthest)",27,250,0.108
"E3","V3FLO",6102,"zone1 (nearest)",170,250,0.68
"E3","V3FLO",6102,"zone2",21,250,0.084
"E3","V3FLO",6102,"zone3",19,250,0.076
"E3","V3FLO",6102,"zone4",17,250,0.068
"E3","V3FLO",6102,"zone5 (farthest)",23,250,0.092
"E3","V3FLO",6103,"zone1 (nearest)",177,250,0.708
"E3","V3FLO",6103,"zone2",21,250,0.084
"E3","V3FLO",6103,"zone3",18,250,0.072
"E3","V3FLO",6103,"zone4",16,250,0.064
"E3","V3FLO",6103,"zone5 (farthest)",18,250,0.072
"E3","V3FLO",6104,"zone1 (nearest)",0,0,NA
"E3","V3FLO",6104,"zone2",0,0,NA
"E3","V3FLO",6104,"zone3",0,0,NA
"E3","V3FLO",6104,"zone4",0,0,NA
"E3","V3FLO",6104,"zone5 (farthest)",0,0,NA
"E3","V3FLO",6105,"zone1 (nearest)",0,0,NA
"E3","V3FLO",6105,"zone2",0,0,NA
"E3","V3FLO",6105,"zone3",0,0,NA
"E3","V3FLO",6105,"zone4",0,0,NA
"E3","V3FLO",6105,"zone5 (farthest)",0,0,NA
"E3","V3FLO",6106,"zone1 (nearest)",0,0,NA
"E3","V3FLO",6106,"zone2",0,0,NA
"E3","V3FLO",6106,"zone3",0,0,NA
"E3","V3FLO",6106,"zone4",0,0,NA
"E3","V3FLO",6106,"zone5 (farthest)",0,0,NA
"E3","V3FLO",6107,"zone1 (nearest)",0,0,NA
"E3","V3FLO",6107,"zone2",0,0,NA
"E3","V3FLO",6107,"zone3",0,0,NA
"E3","V3FLO",6107,"zone4",0,0,NA
"E3","V3FLO",6107,"zone5 (farthest)",0,0,NA
"E3","V3FLO",6108,"zone1 (nearest)",0,0,NA
"E3","V3FLO",6108,"zone2",0,0,NA
"E3","V3FLO",6108,"zone3",0,0,NA
"E3","V3FLO",6108,"zone4",0,0,NA
"E3","V3FLO",6108,"zone5 (farthest)",0,0,NA
"E3","V3FLO",6109,"zone1 (nearest)",0,0,NA
"E3","V3FLO",6109,"zone2",0,0,NA
"E3","V3FLO",6109,"zone3",0,0,NA
"E3","V3FLO",6109,"zone4",0,0,NA
"E3","V3FLO",6109,"zone5 (farthest)",0,0,NA
"E3","V3FLO",6110,"zone1 (nearest)",0,0,NA
"E3","V3FLO",6110,"zone2",0,0,NA
"E3","V3FLO",6110,"zone3",0,0,NA
"E3","V3FLO",6110,"zone4",0,0,NA
"E3","V3FLO",6110,"zone5 (farthest)",0,0,NA
"E3","V3FLO",7101,"zone1 (nearest)",244,250,0.976
"E3","V3FLO",7101,"zone2",1,250,0.004
"E3","V3FLO",7101,"zone3",1,250,0.004
"E3","V3FLO",7101,"zone4",1,250,0.004
"E3","V3FLO",7101,"zone5 (farthest)",3,250,0.012
"E3","V3FLO",7102,"zone1 (nearest)",242,250,0.968
"E3","V3FLO",7102,"zone2",1,250,0.004
"E3","V3FLO",7102,"zone3",1,250,0.004
"E3","V3FLO",7102,"zone4",2,250,0.008
"E3","V3FLO",7102,"zone5 (farthest)",4,250,0.016
"E3","V3FLO",7103,"zone1 (nearest)",240,250,0.96
"E3","V3FLO",7103,"zone2",1,250,0.004
"E3","V3FLO",7103,"zone3",1,250,0.004
"E3","V3FLO",7103,"zone4",2,250,0.008
"E3","V3FLO",7103,"zone5 (farthest)",6,250,0.024
"E3","V3FLO",7104,"zone1 (nearest)",0,0,NA
"E3","V3FLO",7104,"zone2",0,0,NA
"E3","V3FLO",7104,"zone3",0,0,NA
"E3","V3FLO",7104,"zone4",0,0,NA
"E3","V3FLO",7104,"zone5 (farthest)",0,0,NA
"E3","V3FLO",7105,"zone1 (nearest)",0,0,NA
"E3","V3FLO",7105,"zone2",0,0,NA
"E3","V3FLO",7105,"zone3",0,0,NA
"E3","V3FLO",7105,"zone4",0,0,NA
"E3","V3FLO",7105,"zone5 (farthest)",0,0,NA
"E3","V3FLO",7106,"zone1 (nearest)",0,0,NA
"E3","V3FLO",7106,"zone2",0,0,NA
"E3","V3FLO",7106,"zone3",0,0,NA
"E3","V3FLO",7106,"zone4",0,0,NA
"E3","V3FLO",7106,"zone5 (farthest)",0,0,NA
"E3","V3FLO",7107,"zone1 (nearest)",0,0,NA
"E3","V3FLO",7107,"zone2",0,0,NA
"E3","V3FLO",7107,"zone3",0,0,NA
"E3","V3FLO",7107,"zone4",0,0,NA
"E3","V3FLO",7107,"zone5 (farthest)",0,0,NA
"E3","V3FLO",7108,"zone1 (nearest)",0,0,NA
"E3","V3FLO",7108,"zone2",0,0,NA
"E3","V3FLO",7108,"zone3",0,0,NA
"E3","V3FLO",7108,"zone4",0,0,NA
"E3","V3FLO",7108,"zone5 (farthest)",0,0,NA
"E3","V3FLO",7109,"zone1 (nearest)",0,0,NA
"E3","V3FLO",7109,"zone2",0,0,NA
"E3","V3FLO",7109,"zone3",0,0,NA
"E3","V3FLO",7109,"zone4",0,0,NA
"E3","V3FLO",7109,"zone5 (farthest)",0,0,NA
"E3","V3FLO",7110,"zone1 (nearest)",0,0,NA
"E3","V3FLO",7110,"zone2",0,0,NA
"E3","V3FLO",7110,"zone3",0,0,NA
"E3","V3FLO",7110,"zone4",0,0,NA
"E3","V3FLO",7110,"zone5 (farthest)",0,0,NA
"E3","V3FLO",8101,"zone1 (nearest)",231,250,0.924
"E3","V3FLO",8101,"zone2",4,250,0.016
"E3","V3FLO",8101,"zone3",1,250,0.004
"E3","V3FLO",8101,"zone4",4,250,0.016
"E3","V3FLO",8101,"zone5 (farthest)",10,250,0.04
"E3","V3FLO",8102,"zone1 (nearest)",233,250,0.932
"E3","V3FLO",8102,"zone2",5,250,0.02
"E3","V3FLO",8102,"zone3",2,250,0.008
"E3","V3FLO",8102,"zone4",5,250,0.02
"E3","V3FLO",8102,"zone5 (farthest)",5,250,0.02
"E3","V3FLO",8103,"zone1 (nearest)",238,250,0.952
"E3","V3FLO",8103,"zone2",2,250,0.008
"E3","V3FLO",8103,"zone3",0,250,0
"E3","V3FLO",8103,"zone4",2,250,0.008
"E3","V3FLO",8103,"zone5 (farthest)",8,250,0.032
"E3","V3FLO",8104,"zone1 (nearest)",0,0,NA
"E3","V3FLO",8104,"zone2",0,0,NA
"E3","V3FLO",8104,"zone3",0,0,NA
"E3","V3FLO",8104,"zone4",0,0,NA
"E3","V3FLO",8104,"zone5 (farthest)",0,0,NA
"E3","V3FLO",8105,"zone1 (nearest)",0,0,NA
"E3","V3FLO",8105,"zone2",0,0,NA
"E3","V3FLO",8105,"zone3",0,0,NA
"E3","V3FLO",8105,"zone4",0,0,NA
"E3","V3FLO",8105,"zone5 (farthest)",0,0,NA
"E3","V3FLO",8106,"zone1 (nearest)",0,0,NA
"E3","V3FLO",8106,"zone2",0,0,NA
"E3","V3FLO",8106,"zone3",0,0,NA
"E3","V3FLO",8106,"zone4",0,0,NA
"E3","V3FLO",8106,"zone5 (farthest)",0,0,NA
"E3","V3FLO",8107,"zone1 (nearest)",0,0,NA
"E3","V3FLO",8107,"zone2",0,0,NA
"E3","V3FLO",8107,"zone3",0,0,NA
"E3","V3FLO",8107,"zone4",0,0,NA
"E3","V3FLO",8107,"zone5 (farthest)",0,0,NA
"E3","V3FLO",8108,"zone1 (nearest)",0,0,NA
"E3","V3FLO",8108,"zone2",0,0,NA
"E3","V3FLO",8108,"zone3",0,0,NA
"E3","V3FLO",8108,"zone4",0,0,NA
"E3","V3FLO",8108,"zone5 (farthest)",0,0,NA
"E3","V3FLO",8109,"zone1 (nearest)",0,0,NA
"E3","V3FLO",8109,"zone2",0,0,NA
"E3","V3FLO",8109,"zone3",0,0,NA
"E3","V3FLO",8109,"zone4",0,0,NA
"E3","V3FLO",8109,"zone5 (farthest)",0,0,NA
"E3","V3FLO",8110,"zone1 (nearest)",0,0,NA
"E3","V3FLO",8110,"zone2",0,0,NA
"E3","V3FLO",8110,"zone3",0,0,NA
"E3","V3FLO",8110,"zone4",0,0,NA
"E3","V3FLO",8110,"zone5 (farthest)",0,0,NA
"E3","V3FLO",9101,"zone1 (nearest)",220,250,0.88
"E3","V3FLO",9101,"zone2",12,250,0.048
"E3","V3FLO",9101,"zone3",4,250,0.016
"E3","V3FLO",9101,"zone4",7,250,0.028
"E3","V3FLO",9101,"zone5 (farthest)",7,250,0.028
"E3","V3FLO",9102,"zone1 (nearest)",223,250,0.892
"E3","V3FLO",9102,"zone2",12,250,0.048
"E3","V3FLO",9102,"zone3",5,250,0.02
"E3","V3FLO",9102,"zone4",4,250,0.016
"E3","V3FLO",9102,"zone5 (farthest)",6,250,0.024
"E3","V3FLO",9103,"zone1 (nearest)",216,250,0.864
"E3","V3FLO",9103,"zone2",13,250,0.052
"E3","V3FLO",9103,"zone3",10,250,0.04
"E3","V3FLO",9103,"zone4",4,250,0.016
"E3","V3FLO",9103,"zone5 (farthest)",7,250,0.028
"E3","V3FLO",9104,"zone1 (nearest)",0,0,NA
"E3","V3FLO",9104,"zone2",0,0,NA
"E3","V3FLO",9104,"zone3",0,0,NA
"E3","V3FLO",9104,"zone4",0,0,NA
"E3","V3FLO",9104,"zone5 (farthest)",0,0,NA
"E3","V3FLO",9105,"zone1 (nearest)",0,0,NA
"E3","V3FLO",9105,"zone2",0,0,NA
"E3","V3FLO",9105,"zone3",0,0,NA
"E3","V3FLO",9105,"zone4",0,0,NA
"E3","V3FLO",9105,"zone5 (farthest)",0,0,NA
"E3","V3FLO",9106,"zone1 (nearest)",0,0,NA
"E3","V3FLO",9106,"zone2",0,0,NA
"E3","V3FLO",9106,"zone3",0,0,NA
"E3","V3FLO",9106,"zone4",0,0,NA
"E3","V3FLO",9106,"zone5 (farthest)",0,0,NA
"E3","V3FLO",9107,"zone1 (nearest)",0,0,NA
"E3","V3FLO",9107,"zone2",0,0,NA
"E3","V3FLO",9107,"zone3",0,0,NA
"E3","V3FLO",9107,"zone4",0,0,NA
"E3","V3FLO",9107,"zone5 (farthest)",0,0,NA
"E3","V3FLO",9108,"zone1 (nearest)",0,0,NA
"E3","V3FLO",9108,"zone2",0,0,NA
"E3","V3FLO",9108,"zone3",0,0,NA
"E3","V3FLO",9108,"zone4",0,0,NA
"E3","V3FLO",9108,"zone5 (farthest)",0,0,NA
"E3","V3FLO",9109,"zone1 (nearest)",0,0,NA
"E3","V3FLO",9109,"zone2",0,0,NA
"E3","V3FLO",9109,"zone3",0,0,NA
"E3","V3FLO",9109,"zone4",0,0,NA
"E3","V3FLO",9109,"zone5 (farthest)",0,0,NA
"E3","V3FLO",9110,"zone1 (nearest)",0,0,NA
"E3","V3FLO",9110,"zone2",0,0,NA
"E3","V3FLO",9110,"zone3",0,0,NA
"E3","V3FLO",9110,"zone4",0,0,NA
"E3","V3FLO",9110,"zone5 (farthest)",0,0,NA
"E3","V3FLO",10101,"zone1 (nearest)",225,250,0.9
"E3","V3FLO",10101,"zone2",4,250,0.016
"E3","V3FLO",10101,"zone3",1,250,0.004
"E3","V3FLO",10101,"zone4",2,250,0.008
"E3","V3FLO",10101,"zone5 (farthest)",18,250,0.072
"E3","V3FLO",10102,"zone1 (nearest)",224,250,0.896
"E3","V3FLO",10102,"zone2",1,250,0.004
"E3","V3FLO",10102,"zone3",1,250,0.004
"E3","V3FLO",10102,"zone4",4,250,0.016
"E3","V3FLO",10102,"zone5 (farthest)",20,250,0.08
"E3","V3FLO",10103,"zone1 (nearest)",227,250,0.908
"E3","V3FLO",10103,"zone2",1,250,0.004
"E3","V3FLO",10103,"zone3",1,250,0.004
"E3","V3FLO",10103,"zone4",3,250,0.012
"E3","V3FLO",10103,"zone5 (farthest)",18,250,0.072
"E3","V3FLO",10104,"zone1 (nearest)",0,0,NA
"E3","V3FLO",10104,"zone2",0,0,NA
"E3","V3FLO",10104,"zone3",0,0,NA
"E3","V3FLO",10104,"zone4",0,0,NA
"E3","V3FLO",10104,"zone5 (farthest)",0,0,NA
"E3","V3FLO",10105,"zone1 (nearest)",0,0,NA
"E3","V3FLO",10105,"zone2",0,0,NA
"E3","V3FLO",10105,"zone3",0,0,NA
"E3","V3FLO",10105,"zone4",0,0,NA
"E3","V3FLO",10105,"zone5 (farthest)",0,0,NA
"E3","V3FLO",10106,"zone1 (nearest)",0,0,NA
"E3","V3FLO",10106,"zone2",0,0,NA
"E3","V3FLO",10106,"zone3",0,0,NA
"E3","V3FLO",10106,"zone4",0,0,NA
"E3","V3FLO",10106,"zone5 (farthest)",0,0,NA
"E3","V3FLO",10107,"zone1 (nearest)",0,0,NA
"E3","V3FLO",10107,"zone2",0,0,NA
"E3","V3FLO",10107,"zone3",0,0,NA
"E3","V3FLO",10107,"zone4",0,0,NA
"E3","V3FLO",10107,"zone5 (farthest)",0,0,NA
"E3","V3FLO",10108,"zone1 (nearest)",0,0,NA
"E3","V3FLO",10108,"zone2",0,0,NA
"E3","V3FLO",10108,"zone3",0,0,NA
"E3","V3FLO",10108,"zone4",0,0,NA
"E3","V3FLO",10108,"zone5 (farthest)",0,0,NA
"E3","V3FLO",10109,"zone1 (nearest)",0,0,NA
"E3","V3FLO",10109,"zone2",0,0,NA
"E3","V3FLO",10109,"zone3",0,0,NA
"E3","V3FLO",10109,"zone4",0,0,NA
"E3","V3FLO",10109,"zone5 (farthest)",0,0,NA
"E3","V3FLO",10110,"zone1 (nearest)",0,0,NA
"E3","V3FLO",10110,"zone2",0,0,NA
"E3","V3FLO",10110,"zone3",0,0,NA
"E3","V3FLO",10110,"zone4",0,0,NA
"E3","V3FLO",10110,"zone5 (farthest)",0,0,NA
"E3","V3FLO",11101,"zone1 (nearest)",0,0,NA
"E3","V3FLO",11101,"zone2",0,0,NA
"E3","V3FLO",11101,"zone3",0,0,NA
"E3","V3FLO",11101,"zone4",0,0,NA
"E3","V3FLO",11101,"zone5 (farthest)",0,0,NA
"E3","V3FLO",11102,"zone1 (nearest)",0,0,NA
"E3","V3FLO",11102,"zone2",0,0,NA
"E3","V3FLO",11102,"zone3",0,0,NA
"E3","V3FLO",11102,"zone4",0,0,NA
"E3","V3FLO",11102,"zone5 (farthest)",0,0,NA
"E3","V3FLO",11103,"zone1 (nearest)",0,0,NA
"E3","V3FLO",11103,"zone2",0,0,NA
"E3","V3FLO",11103,"zone3",0,0,NA
"E3","V3FLO",11103,"zone4",0,0,NA
"E3","V3FLO",11103,"zone5 (farthest)",0,0,NA
"E3","V3FLO",11104,"zone1 (nearest)",0,0,NA
"E3","V3FLO",11104,"zone2",0,0,NA
"E3","V3FLO",11104,"zone3",0,0,NA
"E3","V3FLO",11104,"zone4",0,0,NA
"E3","V3FLO",11104,"zone5 (farthest)",0,0,NA
"E3","V3FLO",11105,"zone1 (nearest)",0,0,NA
"E3","V3FLO",11105,"zone2",0,0,NA
"E3","V3FLO",11105,"zone3",0,0,NA
"E3","V3FLO",11105,"zone4",0,0,NA
"E3","V3FLO",11105,"zone5 (farthest)",0,0,NA
"E3","V3FLO",11106,"zone1 (nearest)",0,0,NA
"E3","V3FLO",11106,"zone2",0,0,NA
"E3","V3FLO",11106,"zone3",0,0,NA
"E3","V3FLO",11106,"zone4",0,0,NA
"E3","V3FLO",11106,"zone5 (farthest)",0,0,NA
"E3","V3FLO",11107,"zone1 (nearest)",0,0,NA
"E3","V3FLO",11107,"zone2",0,0,NA
"E3","V3FLO",11107,"zone3",0,0,NA
"E3","V3FLO",11107,"zone4",0,0,NA
"E3","V3FLO",11107,"zone5 (farthest)",0,0,NA
"E3","V3FLO",11108,"zone1 (nearest)",0,0,NA
"E3","V3FLO",11108,"zone2",0,0,NA
"E3","V3FLO",11108,"zone3",0,0,NA
"E3","V3FLO",11108,"zone4",0,0,NA
"E3","V3FLO",11108,"zone5 (farthest)",0,0,NA
"E3","V3FLO",11109,"zone1 (nearest)",0,0,NA
"E3","V3FLO",11109,"zone2",0,0,NA
"E3","V3FLO",11109,"zone3",0,0,NA
"E3","V3FLO",11109,"zone4",0,0,NA
"E3","V3FLO",11109,"zone5 (farthest)",0,0,NA
"E3","V3FLO",11110,"zone1 (nearest)",0,0,NA
"E3","V3FLO",11110,"zone2",0,0,NA
"E3","V3FLO",11110,"zone3",0,0,NA
"E3","V3FLO",11110,"zone4",0,0,NA
"E3","V3FLO",11110,"zone5 (farthest)",0,0,NA
"E3","V3FLO",12101,"zone1 (nearest)",0,0,NA
"E3","V3FLO",12101,"zone2",0,0,NA
"E3","V3FLO",12101,"zone3",0,0,NA
"E3","V3FLO",12101,"zone4",0,0,NA
"E3","V3FLO",12101,"zone5 (farthest)",0,0,NA
"E3","V3FLO",12102,"zone1 (nearest)",0,0,NA
"E3","V3FLO",12102,"zone2",0,0,NA
"E3","V3FLO",12102,"zone3",0,0,NA
"E3","V3FLO",12102,"zone4",0,0,NA
"E3","V3FLO",12102,"zone5 (farthest)",0,0,NA
"E3","V3FLO",12103,"zone1 (nearest)",0,0,NA
"E3","V3FLO",12103,"zone2",0,0,NA
"E3","V3FLO",12103,"zone3",0,0,NA
"E3","V3FLO",12103,"zone4",0,0,NA
"E3","V3FLO",12103,"zone5 (farthest)",0,0,NA
"E3","V3FLO",12104,"zone1 (nearest)",0,0,NA
"E3","V3FLO",12104,"zone2",0,0,NA
"E3","V3FLO",12104,"zone3",0,0,NA
"E3","V3FLO",12104,"zone4",0,0,NA
"E3","V3FLO",12104,"zone5 (farthest)",0,0,NA
"E3","V3FLO",12105,"zone1 (nearest)",0,0,NA
"E3","V3FLO",12105,"zone2",0,0,NA
"E3","V3FLO",12105,"zone3",0,0,NA
"E3","V3FLO",12105,"zone4",0,0,NA
"E3","V3FLO",12105,"zone5 (farthest)",0,0,NA
"E3","V3FLO",12106,"zone1 (nearest)",0,0,NA
"E3","V3FLO",12106,"zone2",0,0,NA
"E3","V3FLO",12106,"zone3",0,0,NA
"E3","V3FLO",12106,"zone4",0,0,NA
"E3","V3FLO",12106,"zone5 (farthest)",0,0,NA
"E3","V3FLO",12107,"zone1 (nearest)",0,0,NA
"E3","V3FLO",12107,"zone2",0,0,NA
"E3","V3FLO",12107,"zone3",0,0,NA
"E3","V3FLO",12107,"zone4",0,0,NA
"E3","V3FLO",12107,"zone5 (farthest)",0,0,NA
"E3","V3FLO",12108,"zone1 (nearest)",0,0,NA
"E3","V3FLO",12108,"zone2",0,0,NA
"E3","V3FLO",12108,"zone3",0,0,NA
"E3","V3FLO",12108,"zone4",0,0,NA
"E3","V3FLO",12108,"zone5 (farthest)",0,0,NA
"E3","V3FLO",12109,"zone1 (nearest)",0,0,NA
"E3","V3FLO",12109,"zone2",0,0,NA
"E3","V3FLO",12109,"zone3",0,0,NA
"E3","V3FLO",12109,"zone4",0,0,NA
"E3","V3FLO",12109,"zone5 (farthest)",0,0,NA
"E3","V3FLO",12110,"zone1 (nearest)",0,0,NA
"E3","V3FLO",12110,"zone2",0,0,NA
"E3","V3FLO",12110,"zone3",0,0,NA
"E3","V3FLO",12110,"zone4",0,0,NA
"E3","V3FLO",12110,"zone5 (farthest)",0,0,NA
"E3","V3FLO",13101,"zone1 (nearest)",0,0,NA
"E3","V3FLO",13101,"zone2",0,0,NA
"E3","V3FLO",13101,"zone3",0,0,NA
"E3","V3FLO",13101,"zone4",0,0,NA
"E3","V3FLO",13101,"zone5 (farthest)",0,0,NA
"E3","V3FLO",13102,"zone1 (nearest)",0,0,NA
"E3","V3FLO",13102,"zone2",0,0,NA
"E3","V3FLO",13102,"zone3",0,0,NA
"E3","V3FLO",13102,"zone4",0,0,NA
"E3","V3FLO",13102,"zone5 (farthest)",0,0,NA
"E3","V3FLO",13103,"zone1 (nearest)",0,0,NA
"E3","V3FLO",13103,"zone2",0,0,NA
"E3","V3FLO",13103,"zone3",0,0,NA
"E3","V3FLO",13103,"zone4",0,0,NA
"E3","V3FLO",13103,"zone5 (farthest)",0,0,NA
"E3","V3FLO",13104,"zone1 (nearest)",0,0,NA
"E3","V3FLO",13104,"zone2",0,0,NA
"E3","V3FLO",13104,"zone3",0,0,NA
"E3","V3FLO",13104,"zone4",0,0,NA
"E3","V3FLO",13104,"zone5 (farthest)",0,0,NA
"E3","V3FLO",13105,"zone1 (nearest)",0,0,NA
"E3","V3FLO",13105,"zone2",0,0,NA
"E3","V3FLO",13105,"zone3",0,0,NA
"E3","V3FLO",13105,"zone4",0,0,NA
"E3","V3FLO",13105,"zone5 (farthest)",0,0,NA
"E3","V3FLO",13106,"zone1 (nearest)",0,0,NA
"E3","V3FLO",13106,"zone2",0,0,NA
"E3","V3FLO",13106,"zone3",0,0,NA
"E3","V3FLO",13106,"zone4",0,0,NA
"E3","V3FLO",13106,"zone5 (farthest)",0,0,NA
"E3","V3FLO",13107,"zone1 (nearest)",0,0,NA
"E3","V3FLO",13107,"zone2",0,0,NA
"E3","V3FLO",13107,"zone3",0,0,NA
"E3","V3FLO",13107,"zone4",0,0,NA
"E3","V3FLO",13107,"zone5 (farthest)",0,0,NA
"E3","V3FLO",13108,"zone1 (nearest)",0,0,NA
"E3","V3FLO",13108,"zone2",0,0,NA
"E3","V3FLO",13108,"zone3",0,0,NA
"E3","V3FLO",13108,"zone4",0,0,NA
"E3","V3FLO",13108,"zone5 (farthest)",0,0,NA
"E3","V3FLO",13109,"zone1 (nearest)",0,0,NA
"E3","V3FLO",13109,"zone2",0,0,NA
"E3","V3FLO",13109,"zone3",0,0,NA
"E3","V3FLO",13109,"zone4",0,0,NA
"E3","V3FLO",13109,"zone5 (farthest)",0,0,NA
"E3","V3FLO",13110,"zone1 (nearest)",0,0,NA
"E3","V3FLO",13110,"zone2",0,0,NA
"E3","V3FLO",13110,"zone3",0,0,NA
"E3","V3FLO",13110,"zone4",0,0,NA
"E3","V3FLO",13110,"zone5 (farthest)",0,0,NA
"E3","V3FLO",14101,"zone1 (nearest)",0,0,NA
"E3","V3FLO",14101,"zone2",0,0,NA
"E3","V3FLO",14101,"zone3",0,0,NA
"E3","V3FLO",14101,"zone4",0,0,NA
"E3","V3FLO",14101,"zone5 (farthest)",0,0,NA
"E3","V3FLO",14102,"zone1 (nearest)",0,0,NA
"E3","V3FLO",14102,"zone2",0,0,NA
"E3","V3FLO",14102,"zone3",0,0,NA
"E3","V3FLO",14102,"zone4",0,0,NA
"E3","V3FLO",14102,"zone5 (farthest)",0,0,NA
"E3","V3FLO",14103,"zone1 (nearest)",0,0,NA
"E3","V3FLO",14103,"zone2",0,0,NA
"E3","V3FLO",14103,"zone3",0,0,NA
"E3","V3FLO",14103,"zone4",0,0,NA
"E3","V3FLO",14103,"zone5 (farthest)",0,0,NA
"E3","V3FLO",14104,"zone1 (nearest)",0,0,NA
"E3","V3FLO",14104,"zone2",0,0,NA
"E3","V3FLO",14104,"zone3",0,0,NA
"E3","V3FLO",14104,"zone4",0,0,NA
"E3","V3FLO",14104,"zone5 (farthest)",0,0,NA
"E3","V3FLO",14105,"zone1 (nearest)",0,0,NA
"E3","V3FLO",14105,"zone2",0,0,NA
"E3","V3FLO",14105,"zone3",0,0,NA
"E3","V3FLO",14105,"zone4",0,0,NA
"E3","V3FLO",14105,"zone5 (farthest)",0,0,NA
"E3","V3FLO",14106,"zone1 (nearest)",0,0,NA
"E3","V3FLO",14106,"zone2",0,0,NA
"E3","V3FLO",14106,"zone3",0,0,NA
"E3","V3FLO",14106,"zone4",0,0,NA
"E3","V3FLO",14106,"zone5 (farthest)",0,0,NA
"E3","V3FLO",14107,"zone1 (nearest)",0,0,NA
"E3","V3FLO",14107,"zone2",0,0,NA
"E3","V3FLO",14107,"zone3",0,0,NA
"E3","V3FLO",14107,"zone4",0,0,NA
"E3","V3FLO",14107,"zone5 (farthest)",0,0,NA
"E3","V3FLO",14108,"zone1 (nearest)",0,0,NA
"E3","V3FLO",14108,"zone2",0,0,NA
"E3","V3FLO",14108,"zone3",0,0,NA
"E3","V3FLO",14108,"zone4",0,0,NA
"E3","V3FLO",14108,"zone5 (farthest)",0,0,NA
"E3","V3FLO",14109,"zone1 (nearest)",0,0,NA
"E3","V3FLO",14109,"zone2",0,0,NA
"E3","V3FLO",14109,"zone3",0,0,NA
"E3","V3FLO",14109,"zone4",0,0,NA
"E3","V3FLO",14109,"zone5 (farthest)",0,0,NA
"E3","V3FLO",14110,"zone1 (nearest)",0,0,NA
"E3","V3FLO",14110,"zone2",0,0,NA
"E3","V3FLO",14110,"zone3",0,0,NA
"E3","V3FLO",14110,"zone4",0,0,NA
"E3","V3FLO",14110,"zone5 (farthest)",0,0,NA
"E3","V3FLO",15101,"zone1 (nearest)",0,0,NA
"E3","V3FLO",15101,"zone2",0,0,NA
"E3","V3FLO",15101,"zone3",0,0,NA
"E3","V3FLO",15101,"zone4",0,0,NA
"E3","V3FLO",15101,"zone5 (farthest)",0,0,NA
"E3","V3FLO",15102,"zone1 (nearest)",0,0,NA
"E3","V3FLO",15102,"zone2",0,0,NA
"E3","V3FLO",15102,"zone3",0,0,NA
"E3","V3FLO",15102,"zone4",0,0,NA
"E3","V3FLO",15102,"zone5 (farthest)",0,0,NA
"E3","V3FLO",15103,"zone1 (nearest)",0,0,NA
"E3","V3FLO",15103,"zone2",0,0,NA
"E3","V3FLO",15103,"zone3",0,0,NA
"E3","V3FLO",15103,"zone4",0,0,NA
"E3","V3FLO",15103,"zone5 (farthest)",0,0,NA
"E3","V3FLO",15104,"zone1 (nearest)",0,0,NA
"E3","V3FLO",15104,"zone2",0,0,NA
"E3","V3FLO",15104,"zone3",0,0,NA
"E3","V3FLO",15104,"zone4",0,0,NA
"E3","V3FLO",15104,"zone5 (farthest)",0,0,NA
"E3","V3FLO",15105,"zone1 (nearest)",0,0,NA
"E3","V3FLO",15105,"zone2",0,0,NA
"E3","V3FLO",15105,"zone3",0,0,NA
"E3","V3FLO",15105,"zone4",0,0,NA
"E3","V3FLO",15105,"zone5 (farthest)",0,0,NA
"E3","V3FLO",15106,"zone1 (nearest)",0,0,NA
"E3","V3FLO",15106,"zone2",0,0,NA
"E3","V3FLO",15106,"zone3",0,0,NA
"E3","V3FLO",15106,"zone4",0,0,NA
"E3","V3FLO",15106,"zone5 (farthest)",0,0,NA
"E3","V3FLO",15107,"zone1 (nearest)",0,0,NA
"E3","V3FLO",15107,"zone2",0,0,NA
"E3","V3FLO",15107,"zone3",0,0,NA
"E3","V3FLO",15107,"zone4",0,0,NA
"E3","V3FLO",15107,"zone5 (farthest)",0,0,NA
"E3","V3FLO",15108,"zone1 (nearest)",0,0,NA
"E3","V3FLO",15108,"zone2",0,0,NA
"E3","V3FLO",15108,"zone3",0,0,NA
"E3","V3FLO",15108,"zone4",0,0,NA
"E3","V3FLO",15108,"zone5 (farthest)",0,0,NA
"E3","V3FLO",15109,"zone1 (nearest)",0,0,NA
"E3","V3FLO",15109,"zone2",0,0,NA
"E3","V3FLO",15109,"zone3",0,0,NA
"E3","V3FLO",15109,"zone4",0,0,NA
"E3","V3FLO",15109,"zone5 (farthest)",0,0,NA
"E3","V3FLO",15110,"zone1 (nearest)",0,0,NA
"E3","V3FLO",15110,"zone2",0,0,NA
"E3","V3FLO",15110,"zone3",0,0,NA
"E3","V3FLO",15110,"zone4",0,0,NA
"E3","V3FLO",15110,"zone5 (farthest)",0,0,NA
"E3","V3FLO",16101,"zone1 (nearest)",0,0,NA
"E3","V3FLO",16101,"zone2",0,0,NA
"E3","V3FLO",16101,"zone3",0,0,NA
"E3","V3FLO",16101,"zone4",0,0,NA
"E3","V3FLO",16101,"zone5 (farthest)",0,0,NA
"E3","V3FLO",16102,"zone1 (nearest)",0,0,NA
"E3","V3FLO",16102,"zone2",0,0,NA
"E3","V3FLO",16102,"zone3",0,0,NA
"E3","V3FLO",16102,"zone4",0,0,NA
"E3","V3FLO",16102,"zone5 (farthest)",0,0,NA
"E3","V3FLO",16103,"zone1 (nearest)",0,0,NA
"E3","V3FLO",16103,"zone2",0,0,NA
"E3","V3FLO",16103,"zone3",0,0,NA
"E3","V3FLO",16103,"zone4",0,0,NA
"E3","V3FLO",16103,"zone5 (farthest)",0,0,NA
"E3","V3FLO",16104,"zone1 (nearest)",0,0,NA
"E3","V3FLO",16104,"zone2",0,0,NA
"E3","V3FLO",16104,"zone3",0,0,NA
"E3","V3FLO",16104,"zone4",0,0,NA
"E3","V3FLO",16104,"zone5 (farthest)",0,0,NA
"E3","V3FLO",16105,"zone1 (nearest)",0,0,NA
"E3","V3FLO",16105,"zone2",0,0,NA
"E3","V3FLO",16105,"zone3",0,0,NA
"E3","V3FLO",16105,"zone4",0,0,NA
"E3","V3FLO",16105,"zone5 (farthest)",0,0,NA
"E3","V3FLO",16106,"zone1 (nearest)",0,0,NA
"E3","V3FLO",16106,"zone2",0,0,NA
"E3","V3FLO",16106,"zone3",0,0,NA
"E3","V3FLO",16106,"zone4",0,0,NA
"E3","V3FLO",16106,"zone5 (farthest)",0,0,NA
"E3","V3FLO",16107,"zone1 (nearest)",0,0,NA
"E3","V3FLO",16107,"zone2",0,0,NA
"E3","V3FLO",16107,"zone3",0,0,NA
"E3","V3FLO",16107,"zone4",0,0,NA
"E3","V3FLO",16107,"zone5 (farthest)",0,0,NA
"E3","V3FLO",16108,"zone1 (nearest)",0,0,NA
"E3","V3FLO",16108,"zone2",0,0,NA
"E3","V3FLO",16108,"zone3",0,0,NA
"E3","V3FLO",16108,"zone4",0,0,NA
"E3","V3FLO",16108,"zone5 (farthest)",0,0,NA
"E3","V3FLO",16109,"zone1 (nearest)",0,0,NA
"E3","V3FLO",16109,"zone2",0,0,NA
"E3","V3FLO",16109,"zone3",0,0,NA
"E3","V3FLO",16109,"zone4",0,0,NA
"E3","V3FLO",16109,"zone5 (farthest)",0,0,NA
"E3","V3FLO",16110,"zone1 (nearest)",0,0,NA
"E3","V3FLO",16110,"zone2",0,0,NA
"E3","V3FLO",16110,"zone3",0,0,NA
"E3","V3FLO",16110,"zone4",0,0,NA
"E3","V3FLO",16110,"zone5 (farthest)",0,0,NA
"E3","V3FLO",17101,"zone1 (nearest)",0,0,NA
"E3","V3FLO",17101,"zone2",0,0,NA
"E3","V3FLO",17101,"zone3",0,0,NA
"E3","V3FLO",17101,"zone4",0,0,NA
"E3","V3FLO",17101,"zone5 (farthest)",0,0,NA
"E3","V3FLO",17102,"zone1 (nearest)",0,0,NA
"E3","V3FLO",17102,"zone2",0,0,NA
"E3","V3FLO",17102,"zone3",0,0,NA
"E3","V3FLO",17102,"zone4",0,0,NA
"E3","V3FLO",17102,"zone5 (farthest)",0,0,NA
"E3","V3FLO",17103,"zone1 (nearest)",0,0,NA
"E3","V3FLO",17103,"zone2",0,0,NA
"E3","V3FLO",17103,"zone3",0,0,NA
"E3","V3FLO",17103,"zone4",0,0,NA
"E3","V3FLO",17103,"zone5 (farthest)",0,0,NA
"E3","V3FLO",17104,"zone1 (nearest)",0,0,NA
"E3","V3FLO",17104,"zone2",0,0,NA
"E3","V3FLO",17104,"zone3",0,0,NA
"E3","V3FLO",17104,"zone4",0,0,NA
"E3","V3FLO",17104,"zone5 (farthest)",0,0,NA
"E3","V3FLO",17105,"zone1 (nearest)",0,0,NA
"E3","V3FLO",17105,"zone2",0,0,NA
"E3","V3FLO",17105,"zone3",0,0,NA
"E3","V3FLO",17105,"zone4",0,0,NA
"E3","V3FLO",17105,"zone5 (farthest)",0,0,NA
"E3","V3FLO",17106,"zone1 (nearest)",0,0,NA
"E3","V3FLO",17106,"zone2",0,0,NA
"E3","V3FLO",17106,"zone3",0,0,NA
"E3","V3FLO",17106,"zone4",0,0,NA
"E3","V3FLO",17106,"zone5 (farthest)",0,0,NA
"E3","V3FLO",17107,"zone1 (nearest)",0,0,NA
"E3","V3FLO",17107,"zone2",0,0,NA
"E3","V3FLO",17107,"zone3",0,0,NA
"E3","V3FLO",17107,"zone4",0,0,NA
"E3","V3FLO",17107,"zone5 (farthest)",0,0,NA
"E3","V3FLO",17108,"zone1 (nearest)",0,0,NA
"E3","V3FLO",17108,"zone2",0,0,NA
"E3","V3FLO",17108,"zone3",0,0,NA
"E3","V3FLO",17108,"zone4",0,0,NA
"E3","V3FLO",17108,"zone5 (farthest)",0,0,NA
"E3","V3FLO",17109,"zone1 (nearest)",0,0,NA
"E3","V3FLO",17109,"zone2",0,0,NA
"E3","V3FLO",17109,"zone3",0,0,NA
"E3","V3FLO",17109,"zone4",0,0,NA
"E3","V3FLO",17109,"zone5 (farthest)",0,0,NA
"E3","V3FLO",17110,"zone1 (nearest)",0,0,NA
"E3","V3FLO",17110,"zone2",0,0,NA
"E3","V3FLO",17110,"zone3",0,0,NA
"E3","V3FLO",17110,"zone4",0,0,NA
"E3","V3FLO",17110,"zone5 (farthest)",0,0,NA
"E3","V3FLO",18101,"zone1 (nearest)",0,0,NA
"E3","V3FLO",18101,"zone2",0,0,NA
"E3","V3FLO",18101,"zone3",0,0,NA
"E3","V3FLO",18101,"zone4",0,0,NA
"E3","V3FLO",18101,"zone5 (farthest)",0,0,NA
"E3","V3FLO",18102,"zone1 (nearest)",0,0,NA
"E3","V3FLO",18102,"zone2",0,0,NA
"E3","V3FLO",18102,"zone3",0,0,NA
"E3","V3FLO",18102,"zone4",0,0,NA
"E3","V3FLO",18102,"zone5 (farthest)",0,0,NA
"E3","V3FLO",18103,"zone1 (nearest)",0,0,NA
"E3","V3FLO",18103,"zone2",0,0,NA
"E3","V3FLO",18103,"zone3",0,0,NA
"E3","V3FLO",18103,"zone4",0,0,NA
"E3","V3FLO",18103,"zone5 (farthest)",0,0,NA
"E3","V3FLO",18104,"zone1 (nearest)",0,0,NA
"E3","V3FLO",18104,"zone2",0,0,NA
"E3","V3FLO",18104,"zone3",0,0,NA
"E3","V3FLO",18104,"zone4",0,0,NA
"E3","V3FLO",18104,"zone5 (farthest)",0,0,NA
"E3","V3FLO",18105,"zone1 (nearest)",0,0,NA
"E3","V3FLO",18105,"zone2",0,0,NA
"E3","V3FLO",18105,"zone3",0,0,NA
"E3","V3FLO",18105,"zone4",0,0,NA
"E3","V3FLO",18105,"zone5 (farthest)",0,0,NA
"E3","V3FLO",18106,"zone1 (nearest)",0,0,NA
"E3","V3FLO",18106,"zone2",0,0,NA
"E3","V3FLO",18106,"zone3",0,0,NA
"E3","V3FLO",18106,"zone4",0,0,NA
"E3","V3FLO",18106,"zone5 (farthest)",0,0,NA
"E3","V3FLO",18107,"zone1 (nearest)",0,0,NA
"E3","V3FLO",18107,"zone2",0,0,NA
"E3","V3FLO",18107,"zone3",0,0,NA
"E3","V3FLO",18107,"zone4",0,0,NA
"E3","V3FLO",18107,"zone5 (farthest)",0,0,NA
"E3","V3FLO",18108,"zone1 (nearest)",0,0,NA
"E3","V3FLO",18108,"zone2",0,0,NA
"E3","V3FLO",18108,"zone3",0,0,NA
"E3","V3FLO",18108,"zone4",0,0,NA
"E3","V3FLO",18108,"zone5 (farthest)",0,0,NA
"E3","V3FLO",18109,"zone1 (nearest)",0,0,NA
"E3","V3FLO",18109,"zone2",0,0,NA
"E3","V3FLO",18109,"zone3",0,0,NA
"E3","V3FLO",18109,"zone4",0,0,NA
"E3","V3FLO",18109,"zone5 (farthest)",0,0,NA
"E3","V3FLO",18110,"zone1 (nearest)",0,0,NA
"E3","V3FLO",18110,"zone2",0,0,NA
"E3","V3FLO",18110,"zone3",0,0,NA
"E3","V3FLO",18110,"zone4",0,0,NA
"E3","V3FLO",18110,"zone5 (farthest)",0,0,NA
"E3","V3FLO",19101,"zone1 (nearest)",0,0,NA
"E3","V3FLO",19101,"zone2",0,0,NA
"E3","V3FLO",19101,"zone3",0,0,NA
"E3","V3FLO",19101,"zone4",0,0,NA
"E3","V3FLO",19101,"zone5 (farthest)",0,0,NA
"E3","V3FLO",19102,"zone1 (nearest)",0,0,NA
"E3","V3FLO",19102,"zone2",0,0,NA
"E3","V3FLO",19102,"zone3",0,0,NA
"E3","V3FLO",19102,"zone4",0,0,NA
"E3","V3FLO",19102,"zone5 (farthest)",0,0,NA
"E3","V3FLO",19103,"zone1 (nearest)",0,0,NA
"E3","V3FLO",19103,"zone2",0,0,NA
"E3","V3FLO",19103,"zone3",0,0,NA
"E3","V3FLO",19103,"zone4",0,0,NA
"E3","V3FLO",19103,"zone5 (farthest)",0,0,NA
"E3","V3FLO",19104,"zone1 (nearest)",0,0,NA
"E3","V3FLO",19104,"zone2",0,0,NA
"E3","V3FLO",19104,"zone3",0,0,NA
"E3","V3FLO",19104,"zone4",0,0,NA
"E3","V3FLO",19104,"zone5 (farthest)",0,0,NA
"E3","V3FLO",19105,"zone1 (nearest)",0,0,NA
"E3","V3FLO",19105,"zone2",0,0,NA
"E3","V3FLO",19105,"zone3",0,0,NA
"E3","V3FLO",19105,"zone4",0,0,NA
"E3","V3FLO",19105,"zone5 (farthest)",0,0,NA
"E3","V3FLO",19106,"zone1 (nearest)",0,0,NA
"E3","V3FLO",19106,"zone2",0,0,NA
"E3","V3FLO",19106,"zone3",0,0,NA
"E3","V3FLO",19106,"zone4",0,0,NA
"E3","V3FLO",19106,"zone5 (farthest)",0,0,NA
"E3","V3FLO",19107,"zone1 (nearest)",0,0,NA
"E3","V3FLO",19107,"zone2",0,0,NA
"E3","V3FLO",19107,"zone3",0,0,NA
"E3","V3FLO",19107,"zone4",0,0,NA
"E3","V3FLO",19107,"zone5 (farthest)",0,0,NA
"E3","V3FLO",19108,"zone1 (nearest)",0,0,NA
"E3","V3FLO",19108,"zone2",0,0,NA
"E3","V3FLO",19108,"zone3",0,0,NA
"E3","V3FLO",19108,"zone4",0,0,NA
"E3","V3FLO",19108,"zone5 (farthest)",0,0,NA
"E3","V3FLO",19109,"zone1 (nearest)",0,0,NA
"E3","V3FLO",19109,"zone2",0,0,NA
"E3","V3FLO",19109,"zone3",0,0,NA
"E3","V3FLO",19109,"zone4",0,0,NA
"E3","V3FLO",19109,"zone5 (farthest)",0,0,NA
"E3","V3FLO",19110,"zone1 (nearest)",0,0,NA
"E3","V3FLO",19110,"zone2",0,0,NA
"E3","V3FLO",19110,"zone3",0,0,NA
"E3","V3FLO",19110,"zone4",0,0,NA
"E3","V3FLO",19110,"zone5 (farthest)",0,0,NA
"E3","V3FLO",20101,"zone1 (nearest)",0,0,NA
"E3","V3FLO",20101,"zone2",0,0,NA
"E3","V3FLO",20101,"zone3",0,0,NA
"E3","V3FLO",20101,"zone4",0,0,NA
"E3","V3FLO",20101,"zone5 (farthest)",0,0,NA
"E3","V3FLO",20102,"zone1 (nearest)",0,0,NA
"E3","V3FLO",20102,"zone2",0,0,NA
"E3","V3FLO",20102,"zone3",0,0,NA
"E3","V3FLO",20102,"zone4",0,0,NA
"E3","V3FLO",20102,"zone5 (farthest)",0,0,NA
"E3","V3FLO",20103,"zone1 (nearest)",0,0,NA
"E3","V3FLO",20103,"zone2",0,0,NA
"E3","V3FLO",20103,"zone3",0,0,NA
"E3","V3FLO",20103,"zone4",0,0,NA
"E3","V3FLO",20103,"zone5 (farthest)",0,0,NA
"E3","V3FLO",20104,"zone1 (nearest)",0,0,NA
"E3","V3FLO",20104,"zone2",0,0,NA
"E3","V3FLO",20104,"zone3",0,0,NA
"E3","V3FLO",20104,"zone4",0,0,NA
"E3","V3FLO",20104,"zone5 (farthest)",0,0,NA
"E3","V3FLO",20105,"zone1 (nearest)",0,0,NA
"E3","V3FLO",20105,"zone2",0,0,NA
"E3","V3FLO",20105,"zone3",0,0,NA
"E3","V3FLO",20105,"zone4",0,0,NA
"E3","V3FLO",20105,"zone5 (farthest)",0,0,NA
"E3","V3FLO",20106,"zone1 (nearest)",0,0,NA
"E3","V3FLO",20106,"zone2",0,0,NA
"E3","V3FLO",20106,"zone3",0,0,NA
"E3","V3FLO",20106,"zone4",0,0,NA
"E3","V3FLO",20106,"zone5 (farthest)",0,0,NA
"E3","V3FLO",20107,"zone1 (nearest)",0,0,NA
"E3","V3FLO",20107,"zone2",0,0,NA
"E3","V3FLO",20107,"zone3",0,0,NA
"E3","V3FLO",20107,"zone4",0,0,NA
"E3","V3FLO",20107,"zone5 (farthest)",0,0,NA
"E3","V3FLO",20108,"zone1 (nearest)",0,0,NA
"E3","V3FLO",20108,"zone2",0,0,NA
"E3","V3FLO",20108,"zone3",0,0,NA
"E3","V3FLO",20108,"zone4",0,0,NA
"E3","V3FLO",20108,"zone5 (farthest)",0,0,NA
"E3","V3FLO",20109,"zone1 (nearest)",0,0,NA
"E3","V3FLO",20109,"zone2",0,0,NA
"E3","V3FLO",20109,"zone3",0,0,NA
"E3","V3FLO",20109,"zone4",0,0,NA
"E3","V3FLO",20109,"zone5 (farthest)",0,0,NA
"E3","V3FLO",20110,"zone1 (nearest)",0,0,NA
"E3","V3FLO",20110,"zone2",0,0,NA
"E3","V3FLO",20110,"zone3",0,0,NA
"E3","V3FLO",20110,"zone4",0,0,NA
"E3","V3FLO",20110,"zone5 (farthest)",0,0,NA
"E3","V3FLO",21101,"zone1 (nearest)",0,0,NA
"E3","V3FLO",21101,"zone2",0,0,NA
"E3","V3FLO",21101,"zone3",0,0,NA
"E3","V3FLO",21101,"zone4",0,0,NA
"E3","V3FLO",21101,"zone5 (farthest)",0,0,NA
"E3","V3FLO",21102,"zone1 (nearest)",0,0,NA
"E3","V3FLO",21102,"zone2",0,0,NA
"E3","V3FLO",21102,"zone3",0,0,NA
"E3","V3FLO",21102,"zone4",0,0,NA
"E3","V3FLO",21102,"zone5 (farthest)",0,0,NA
"E3","V3FLO",21103,"zone1 (nearest)",0,0,NA
"E3","V3FLO",21103,"zone2",0,0,NA
"E3","V3FLO",21103,"zone3",0,0,NA
"E3","V3FLO",21103,"zone4",0,0,NA
"E3","V3FLO",21103,"zone5 (farthest)",0,0,NA
"E3","V3FLO",21104,"zone1 (nearest)",0,0,NA
"E3","V3FLO",21104,"zone2",0,0,NA
"E3","V3FLO",21104,"zone3",0,0,NA
"E3","V3FLO",21104,"zone4",0,0,NA
"E3","V3FLO",21104,"zone5 (farthest)",0,0,NA
"E3","V3FLO",21105,"zone1 (nearest)",0,0,NA
"E3","V3FLO",21105,"zone2",0,0,NA
"E3","V3FLO",21105,"zone3",0,0,NA
"E3","V3FLO",21105,"zone4",0,0,NA
"E3","V3FLO",21105,"zone5 (farthest)",0,0,NA
"E3","V3FLO",21106,"zone1 (nearest)",0,0,NA
"E3","V3FLO",21106,"zone2",0,0,NA
"E3","V3FLO",21106,"zone3",0,0,NA
"E3","V3FLO",21106,"zone4",0,0,NA
"E3","V3FLO",21106,"zone5 (farthest)",0,0,NA
"E3","V3FLO",21107,"zone1 (nearest)",0,0,NA
"E3","V3FLO",21107,"zone2",0,0,NA
"E3","V3FLO",21107,"zone3",0,0,NA
"E3","V3FLO",21107,"zone4",0,0,NA
"E3","V3FLO",21107,"zone5 (farthest)",0,0,NA
"E3","V3FLO",21108,"zone1 (nearest)",0,0,NA
"E3","V3FLO",21108,"zone2",0,0,NA
"E3","V3FLO",21108,"zone3",0,0,NA
"E3","V3FLO",21108,"zone4",0,0,NA
"E3","V3FLO",21108,"zone5 (farthest)",0,0,NA
"E3","V3FLO",21109,"zone1 (nearest)",0,0,NA
"E3","V3FLO",21109,"zone2",0,0,NA
"E3","V3FLO",21109,"zone3",0,0,NA
"E3","V3FLO",21109,"zone4",0,0,NA
"E3","V3FLO",21109,"zone5 (farthest)",0,0,NA
"E3","V3FLO",21110,"zone1 (nearest)",0,0,NA
"E3","V3FLO",21110,"zone2",0,0,NA
"E3","V3FLO",21110,"zone3",0,0,NA
"E3","V3FLO",21110,"zone4",0,0,NA
"E3","V3FLO",21110,"zone5 (farthest)",0,0,NA
"E3","V3FLO",22101,"zone1 (nearest)",0,0,NA
"E3","V3FLO",22101,"zone2",0,0,NA
"E3","V3FLO",22101,"zone3",0,0,NA
"E3","V3FLO",22101,"zone4",0,0,NA
"E3","V3FLO",22101,"zone5 (farthest)",0,0,NA
"E3","V3FLO",22102,"zone1 (nearest)",0,0,NA
"E3","V3FLO",22102,"zone2",0,0,NA
"E3","V3FLO",22102,"zone3",0,0,NA
"E3","V3FLO",22102,"zone4",0,0,NA
"E3","V3FLO",22102,"zone5 (farthest)",0,0,NA
"E3","V3FLO",22103,"zone1 (nearest)",0,0,NA
"E3","V3FLO",22103,"zone2",0,0,NA
"E3","V3FLO",22103,"zone3",0,0,NA
"E3","V3FLO",22103,"zone4",0,0,NA
"E3","V3FLO",22103,"zone5 (farthest)",0,0,NA
"E3","V3FLO",22104,"zone1 (nearest)",0,0,NA
"E3","V3FLO",22104,"zone2",0,0,NA
"E3","V3FLO",22104,"zone3",0,0,NA
"E3","V3FLO",22104,"zone4",0,0,NA
"E3","V3FLO",22104,"zone5 (farthest)",0,0,NA
"E3","V3FLO",22105,"zone1 (nearest)",0,0,NA
"E3","V3FLO",22105,"zone2",0,0,NA
"E3","V3FLO",22105,"zone3",0,0,NA
"E3","V3FLO",22105,"zone4",0,0,NA
"E3","V3FLO",22105,"zone5 (farthest)",0,0,NA
"E3","V3FLO",22106,"zone1 (nearest)",0,0,NA
"E3","V3FLO",22106,"zone2",0,0,NA
"E3","V3FLO",22106,"zone3",0,0,NA
"E3","V3FLO",22106,"zone4",0,0,NA
"E3","V3FLO",22106,"zone5 (farthest)",0,0,NA
"E3","V3FLO",22107,"zone1 (nearest)",0,0,NA
"E3","V3FLO",22107,"zone2",0,0,NA
"E3","V3FLO",22107,"zone3",0,0,NA
"E3","V3FLO",22107,"zone4",0,0,NA
"E3","V3FLO",22107,"zone5 (farthest)",0,0,NA
"E3","V3FLO",22108,"zone1 (nearest)",0,0,NA
"E3","V3FLO",22108,"zone2",0,0,NA
"E3","V3FLO",22108,"zone3",0,0,NA
"E3","V3FLO",22108,"zone4",0,0,NA
"E3","V3FLO",22108,"zone5 (farthest)",0,0,NA
"E3","V3FLO",22109,"zone1 (nearest)",0,0,NA
"E3","V3FLO",22109,"zone2",0,0,NA
"E3","V3FLO",22109,"zone3",0,0,NA
"E3","V3FLO",22109,"zone4",0,0,NA
"E3","V3FLO",22109,"zone5 (farthest)",0,0,NA
"E3","V3FLO",22110,"zone1 (nearest)",0,0,NA
"E3","V3FLO",22110,"zone2",0,0,NA
"E3","V3FLO",22110,"zone3",0,0,NA
"E3","V3FLO",22110,"zone4",0,0,NA
"E3","V3FLO",22110,"zone5 (farthest)",0,0,NA
"E3","V3FLO",23101,"zone1 (nearest)",0,0,NA
"E3","V3FLO",23101,"zone2",0,0,NA
"E3","V3FLO",23101,"zone3",0,0,NA
"E3","V3FLO",23101,"zone4",0,0,NA
"E3","V3FLO",23101,"zone5 (farthest)",0,0,NA
"E3","V3FLO",23102,"zone1 (nearest)",0,0,NA
"E3","V3FLO",23102,"zone2",0,0,NA
"E3","V3FLO",23102,"zone3",0,0,NA
"E3","V3FLO",23102,"zone4",0,0,NA
"E3","V3FLO",23102,"zone5 (farthest)",0,0,NA
"E3","V3FLO",23103,"zone1 (nearest)",0,0,NA
"E3","V3FLO",23103,"zone2",0,0,NA
"E3","V3FLO",23103,"zone3",0,0,NA
"E3","V3FLO",23103,"zone4",0,0,NA
"E3","V3FLO",23103,"zone5 (farthest)",0,0,NA
"E3","V3FLO",23104,"zone1 (nearest)",0,0,NA
"E3","V3FLO",23104,"zone2",0,0,NA
"E3","V3FLO",23104,"zone3",0,0,NA
"E3","V3FLO",23104,"zone4",0,0,NA
"E3","V3FLO",23104,"zone5 (farthest)",0,0,NA
"E3","V3FLO",23105,"zone1 (nearest)",0,0,NA
"E3","V3FLO",23105,"zone2",0,0,NA
"E3","V3FLO",23105,"zone3",0,0,NA
"E3","V3FLO",23105,"zone4",0,0,NA
"E3","V3FLO",23105,"zone5 (farthest)",0,0,NA
"E3","V3FLO",23106,"zone1 (nearest)",0,0,NA
"E3","V3FLO",23106,"zone2",0,0,NA
"E3","V3FLO",23106,"zone3",0,0,NA
"E3","V3FLO",23106,"zone4",0,0,NA
"E3","V3FLO",23106,"zone5 (farthest)",0,0,NA
"E3","V3FLO",23107,"zone1 (nearest)",0,0,NA
"E3","V3FLO",23107,"zone2",0,0,NA
"E3","V3FLO",23107,"zone3",0,0,NA
"E3","V3FLO",23107,"zone4",0,0,NA
"E3","V3FLO",23107,"zone5 (farthest)",0,0,NA
"E3","V3FLO",23108,"zone1 (nearest)",0,0,NA
"E3","V3FLO",23108,"zone2",0,0,NA
"E3","V3FLO",23108,"zone3",0,0,NA
"E3","V3FLO",23108,"zone4",0,0,NA
"E3","V3FLO",23108,"zone5 (farthest)",0,0,NA
"E3","V3FLO",23109,"zone1 (nearest)",0,0,NA
"E3","V3FLO",23109,"zone2",0,0,NA
"E3","V3FLO",23109,"zone3",0,0,NA
"E3","V3FLO",23109,"zone4",0,0,NA
"E3","V3FLO",23109,"zone5 (farthest)",0,0,NA
"E3","V3FLO",23110,"zone1 (nearest)",0,0,NA
"E3","V3FLO",23110,"zone2",0,0,NA
"E3","V3FLO",23110,"zone3",0,0,NA
"E3","V3FLO",23110,"zone4",0,0,NA
"E3","V3FLO",23110,"zone5 (farthest)",0,0,NA
"E3","V3FLO",24101,"zone1 (nearest)",0,0,NA
"E3","V3FLO",24101,"zone2",0,0,NA
"E3","V3FLO",24101,"zone3",0,0,NA
"E3","V3FLO",24101,"zone4",0,0,NA
"E3","V3FLO",24101,"zone5 (farthest)",0,0,NA
"E3","V3FLO",24102,"zone1 (nearest)",0,0,NA
"E3","V3FLO",24102,"zone2",0,0,NA
"E3","V3FLO",24102,"zone3",0,0,NA
"E3","V3FLO",24102,"zone4",0,0,NA
"E3","V3FLO",24102,"zone5 (farthest)",0,0,NA
"E3","V3FLO",24103,"zone1 (nearest)",0,0,NA
"E3","V3FLO",24103,"zone2",0,0,NA
"E3","V3FLO",24103,"zone3",0,0,NA
"E3","V3FLO",24103,"zone4",0,0,NA
"E3","V3FLO",24103,"zone5 (farthest)",0,0,NA
"E3","V3FLO",24104,"zone1 (nearest)",0,0,NA
"E3","V3FLO",24104,"zone2",0,0,NA
"E3","V3FLO",24104,"zone3",0,0,NA
"E3","V3FLO",24104,"zone4",0,0,NA
"E3","V3FLO",24104,"zone5 (farthest)",0,0,NA
"E3","V3FLO",24105,"zone1 (nearest)",0,0,NA
"E3","V3FLO",24105,"zone2",0,0,NA
"E3","V3FLO",24105,"zone3",0,0,NA
"E3","V3FLO",24105,"zone4",0,0,NA
"E3","V3FLO",24105,"zone5 (farthest)",0,0,NA
"E3","V3FLO",24106,"zone1 (nearest)",0,0,NA
"E3","V3FLO",24106,"zone2",0,0,NA
"E3","V3FLO",24106,"zone3",0,0,NA
"E3","V3FLO",24106,"zone4",0,0,NA
"E3","V3FLO",24106,"zone5 (farthest)",0,0,NA
"E3","V3FLO",24107,"zone1 (nearest)",0,0,NA
"E3","V3FLO",24107,"zone2",0,0,NA
"E3","V3FLO",24107,"zone3",0,0,NA
"E3","V3FLO",24107,"zone4",0,0,NA
"E3","V3FLO",24107,"zone5 (farthest)",0,0,NA
"E3","V3FLO",24108,"zone1 (nearest)",0,0,NA
"E3","V3FLO",24108,"zone2",0,0,NA
"E3","V3FLO",24108,"zone3",0,0,NA
"E3","V3FLO",24108,"zone4",0,0,NA
"E3","V3FLO",24108,"zone5 (farthest)",0,0,NA
"E3","V3FLO",24109,"zone1 (nearest)",0,0,NA
"E3","V3FLO",24109,"zone2",0,0,NA
"E3","V3FLO",24109,"zone3",0,0,NA
"E3","V3FLO",24109,"zone4",0,0,NA
"E3","V3FLO",24109,"zone5 (farthest)",0,0,NA
"E3","V3FLO",24110,"zone1 (nearest)",0,0,NA
"E3","V3FLO",24110,"zone2",0,0,NA
"E3","V3FLO",24110,"zone3",0,0,NA
"E3","V3FLO",24110,"zone4",0,0,NA
"E3","V3FLO",24110,"zone5 (farthest)",0,0,NA
"E3","V3FLO",25101,"zone1 (nearest)",0,0,NA
"E3","V3FLO",25101,"zone2",0,0,NA
"E3","V3FLO",25101,"zone3",0,0,NA
"E3","V3FLO",25101,"zone4",0,0,NA
"E3","V3FLO",25101,"zone5 (farthest)",0,0,NA
"E3","V3FLO",25102,"zone1 (nearest)",0,0,NA
"E3","V3FLO",25102,"zone2",0,0,NA
"E3","V3FLO",25102,"zone3",0,0,NA
"E3","V3FLO",25102,"zone4",0,0,NA
"E3","V3FLO",25102,"zone5 (farthest)",0,0,NA
"E3","V3FLO",25103,"zone1 (nearest)",0,0,NA
"E3","V3FLO",25103,"zone2",0,0,NA
"E3","V3FLO",25103,"zone3",0,0,NA
"E3","V3FLO",25103,"zone4",0,0,NA
"E3","V3FLO",25103,"zone5 (farthest)",0,0,NA
"E3","V3FLO",25104,"zone1 (nearest)",0,0,NA
"E3","V3FLO",25104,"zone2",0,0,NA
"E3","V3FLO",25104,"zone3",0,0,NA
"E3","V3FLO",25104,"zone4",0,0,NA
"E3","V3FLO",25104,"zone5 (farthest)",0,0,NA
"E3","V3FLO",25105,"zone1 (nearest)",0,0,NA
"E3","V3FLO",25105,"zone2",0,0,NA
"E3","V3FLO",25105,"zone3",0,0,NA
"E3","V3FLO",25105,"zone4",0,0,NA
"E3","V3FLO",25105,"zone5 (farthest)",0,0,NA
"E3","V3FLO",25106,"zone1 (nearest)",0,0,NA
"E3","V3FLO",25106,"zone2",0,0,NA
"E3","V3FLO",25106,"zone3",0,0,NA
"E3","V3FLO",25106,"zone4",0,0,NA
"E3","V3FLO",25106,"zone5 (farthest)",0,0,NA
"E3","V3FLO",25107,"zone1 (nearest)",0,0,NA
"E3","V3FLO",25107,"zone2",0,0,NA
"E3","V3FLO",25107,"zone3",0,0,NA
"E3","V3FLO",25107,"zone4",0,0,NA
"E3","V3FLO",25107,"zone5 (farthest)",0,0,NA
"E3","V3FLO",25108,"zone1 (nearest)",0,0,NA
"E3","V3FLO",25108,"zone2",0,0,NA
"E3","V3FLO",25108,"zone3",0,0,NA
"E3","V3FLO",25108,"zone4",0,0,NA
"E3","V3FLO",25108,"zone5 (farthest)",0,0,NA
"E3","V3FLO",25109,"zone1 (nearest)",0,0,NA
"E3","V3FLO",25109,"zone2",0,0,NA
"E3","V3FLO",25109,"zone3",0,0,NA
"E3","V3FLO",25109,"zone4",0,0,NA
"E3","V3FLO",25109,"zone5 (farthest)",0,0,NA
"E3","V3FLO",25110,"zone1 (nearest)",0,0,NA
"E3","V3FLO",25110,"zone2",0,0,NA
"E3","V3FLO",25110,"zone3",0,0,NA
"E3","V3FLO",25110,"zone4",0,0,NA
"E3","V3FLO",25110,"zone5 (farthest)",0,0,NA
"E3","V3FLO",26101,"zone1 (nearest)",0,0,NA
"E3","V3FLO",26101,"zone2",0,0,NA
"E3","V3FLO",26101,"zone3",0,0,NA
"E3","V3FLO",26101,"zone4",0,0,NA
"E3","V3FLO",26101,"zone5 (farthest)",0,0,NA
"E3","V3FLO",26102,"zone1 (nearest)",0,0,NA
"E3","V3FLO",26102,"zone2",0,0,NA
"E3","V3FLO",26102,"zone3",0,0,NA
"E3","V3FLO",26102,"zone4",0,0,NA
"E3","V3FLO",26102,"zone5 (farthest)",0,0,NA
"E3","V3FLO",26103,"zone1 (nearest)",0,0,NA
"E3","V3FLO",26103,"zone2",0,0,NA
"E3","V3FLO",26103,"zone3",0,0,NA
"E3","V3FLO",26103,"zone4",0,0,NA
"E3","V3FLO",26103,"zone5 (farthest)",0,0,NA
"E3","V3FLO",26104,"zone1 (nearest)",0,0,NA
"E3","V3FLO",26104,"zone2",0,0,NA
"E3","V3FLO",26104,"zone3",0,0,NA
"E3","V3FLO",26104,"zone4",0,0,NA
"E3","V3FLO",26104,"zone5 (farthest)",0,0,NA
"E3","V3FLO",26105,"zone1 (nearest)",0,0,NA
"E3","V3FLO",26105,"zone2",0,0,NA
"E3","V3FLO",26105,"zone3",0,0,NA
"E3","V3FLO",26105,"zone4",0,0,NA
"E3","V3FLO",26105,"zone5 (farthest)",0,0,NA
"E3","V3FLO",26106,"zone1 (nearest)",0,0,NA
"E3","V3FLO",26106,"zone2",0,0,NA
"E3","V3FLO",26106,"zone3",0,0,NA
"E3","V3FLO",26106,"zone4",0,0,NA
"E3","V3FLO",26106,"zone5 (farthest)",0,0,NA
"E3","V3FLO",26107,"zone1 (nearest)",0,0,NA
"E3","V3FLO",26107,"zone2",0,0,NA
"E3","V3FLO",26107,"zone3",0,0,NA
"E3","V3FLO",26107,"zone4",0,0,NA
"E3","V3FLO",26107,"zone5 (farthest)",0,0,NA
"E3","V3FLO",26108,"zone1 (nearest)",0,0,NA
"E3","V3FLO",26108,"zone2",0,0,NA
"E3","V3FLO",26108,"zone3",0,0,NA
"E3","V3FLO",26108,"zone4",0,0,NA
"E3","V3FLO",26108,"zone5 (farthest)",0,0,NA
"E3","V3FLO",26109,"zone1 (nearest)",0,0,NA
"E3","V3FLO",26109,"zone2",0,0,NA
"E3","V3FLO",26109,"zone3",0,0,NA
"E3","V3FLO",26109,"zone4",0,0,NA
"E3","V3FLO",26109,"zone5 (farthest)",0,0,NA
"E3","V3FLO",26110,"zone1 (nearest)",0,0,NA
"E3","V3FLO",26110,"zone2",0,0,NA
"E3","V3FLO",26110,"zone3",0,0,NA
"E3","V3FLO",26110,"zone4",0,0,NA
"E3","V3FLO",26110,"zone5 (farthest)",0,0,NA
"E3","V3FLO",27101,"zone1 (nearest)",0,0,NA
"E3","V3FLO",27101,"zone2",0,0,NA
"E3","V3FLO",27101,"zone3",0,0,NA
"E3","V3FLO",27101,"zone4",0,0,NA
"E3","V3FLO",27101,"zone5 (farthest)",0,0,NA
"E3","V3FLO",27102,"zone1 (nearest)",0,0,NA
"E3","V3FLO",27102,"zone2",0,0,NA
"E3","V3FLO",27102,"zone3",0,0,NA
"E3","V3FLO",27102,"zone4",0,0,NA
"E3","V3FLO",27102,"zone5 (farthest)",0,0,NA
"E3","V3FLO",27103,"zone1 (nearest)",0,0,NA
"E3","V3FLO",27103,"zone2",0,0,NA
"E3","V3FLO",27103,"zone3",0,0,NA
"E3","V3FLO",27103,"zone4",0,0,NA
"E3","V3FLO",27103,"zone5 (farthest)",0,0,NA
"E3","V3FLO",27104,"zone1 (nearest)",0,0,NA
"E3","V3FLO",27104,"zone2",0,0,NA
"E3","V3FLO",27104,"zone3",0,0,NA
"E3","V3FLO",27104,"zone4",0,0,NA
"E3","V3FLO",27104,"zone5 (farthest)",0,0,NA
"E3","V3FLO",27105,"zone1 (nearest)",0,0,NA
"E3","V3FLO",27105,"zone2",0,0,NA
"E3","V3FLO",27105,"zone3",0,0,NA
"E3","V3FLO",27105,"zone4",0,0,NA
"E3","V3FLO",27105,"zone5 (farthest)",0,0,NA
"E3","V3FLO",27106,"zone1 (nearest)",0,0,NA
"E3","V3FLO",27106,"zone2",0,0,NA
"E3","V3FLO",27106,"zone3",0,0,NA
"E3","V3FLO",27106,"zone4",0,0,NA
"E3","V3FLO",27106,"zone5 (farthest)",0,0,NA
"E3","V3FLO",27107,"zone1 (nearest)",0,0,NA
"E3","V3FLO",27107,"zone2",0,0,NA
"E3","V3FLO",27107,"zone3",0,0,NA
"E3","V3FLO",27107,"zone4",0,0,NA
"E3","V3FLO",27107,"zone5 (farthest)",0,0,NA
"E3","V3FLO",27108,"zone1 (nearest)",0,0,NA
"E3","V3FLO",27108,"zone2",0,0,NA
"E3","V3FLO",27108,"zone3",0,0,NA
"E3","V3FLO",27108,"zone4",0,0,NA
"E3","V3FLO",27108,"zone5 (farthest)",0,0,NA
"E3","V3FLO",27109,"zone1 (nearest)",0,0,NA
"E3","V3FLO",27109,"zone2",0,0,NA
"E3","V3FLO",27109,"zone3",0,0,NA
"E3","V3FLO",27109,"zone4",0,0,NA
"E3","V3FLO",27109,"zone5 (farthest)",0,0,NA
"E3","V3FLO",27110,"zone1 (nearest)",0,0,NA
"E3","V3FLO",27110,"zone2",0,0,NA
"E3","V3FLO",27110,"zone3",0,0,NA
"E3","V3FLO",27110,"zone4",0,0,NA
"E3","V3FLO",27110,"zone5 (farthest)",0,0,NA
"E3","V3FLO",28101,"zone1 (nearest)",0,0,NA
"E3","V3FLO",28101,"zone2",0,0,NA
"E3","V3FLO",28101,"zone3",0,0,NA
"E3","V3FLO",28101,"zone4",0,0,NA
"E3","V3FLO",28101,"zone5 (farthest)",0,0,NA
"E3","V3FLO",28102,"zone1 (nearest)",0,0,NA
"E3","V3FLO",28102,"zone2",0,0,NA
"E3","V3FLO",28102,"zone3",0,0,NA
"E3","V3FLO",28102,"zone4",0,0,NA
"E3","V3FLO",28102,"zone5 (farthest)",0,0,NA
"E3","V3FLO",28103,"zone1 (nearest)",0,0,NA
"E3","V3FLO",28103,"zone2",0,0,NA
"E3","V3FLO",28103,"zone3",0,0,NA
"E3","V3FLO",28103,"zone4",0,0,NA
"E3","V3FLO",28103,"zone5 (farthest)",0,0,NA
"E3","V3FLO",28104,"zone1 (nearest)",0,0,NA
"E3","V3FLO",28104,"zone2",0,0,NA
"E3","V3FLO",28104,"zone3",0,0,NA
"E3","V3FLO",28104,"zone4",0,0,NA
"E3","V3FLO",28104,"zone5 (farthest)",0,0,NA
"E3","V3FLO",28105,"zone1 (nearest)",0,0,NA
"E3","V3FLO",28105,"zone2",0,0,NA
"E3","V3FLO",28105,"zone3",0,0,NA
"E3","V3FLO",28105,"zone4",0,0,NA
"E3","V3FLO",28105,"zone5 (farthest)",0,0,NA
"E3","V3FLO",28106,"zone1 (nearest)",0,0,NA
"E3","V3FLO",28106,"zone2",0,0,NA
"E3","V3FLO",28106,"zone3",0,0,NA
"E3","V3FLO",28106,"zone4",0,0,NA
"E3","V3FLO",28106,"zone5 (farthest)",0,0,NA
"E3","V3FLO",28107,"zone1 (nearest)",0,0,NA
"E3","V3FLO",28107,"zone2",0,0,NA
"E3","V3FLO",28107,"zone3",0,0,NA
"E3","V3FLO",28107,"zone4",0,0,NA
"E3","V3FLO",28107,"zone5 (farthest)",0,0,NA
"E3","V3FLO",28108,"zone1 (nearest)",0,0,NA
"E3","V3FLO",28108,"zone2",0,0,NA
"E3","V3FLO",28108,"zone3",0,0,NA
"E3","V3FLO",28108,"zone4",0,0,NA
"E3","V3FLO",28108,"zone5 (farthest)",0,0,NA
"E3","V3FLO",28109,"zone1 (nearest)",0,0,NA
"E3","V3FLO",28109,"zone2",0,0,NA
"E3","V3FLO",28109,"zone3",0,0,NA
"E3","V3FLO",28109,"zone4",0,0,NA
"E3","V3FLO",28109,"zone5 (farthest)",0,0,NA
"E3","V3FLO",28110,"zone1 (nearest)",0,0,NA
"E3","V3FLO",28110,"zone2",0,0,NA
"E3","V3FLO",28110,"zone3",0,0,NA
"E3","V3FLO",28110,"zone4",0,0,NA
"E3","V3FLO",28110,"zone5 (farthest)",0,0,NA
"E3","V3FLO",29101,"zone1 (nearest)",0,0,NA
"E3","V3FLO",29101,"zone2",0,0,NA
"E3","V3FLO",29101,"zone3",0,0,NA
"E3","V3FLO",29101,"zone4",0,0,NA
"E3","V3FLO",29101,"zone5 (farthest)",0,0,NA
"E3","V3FLO",29102,"zone1 (nearest)",0,0,NA
"E3","V3FLO",29102,"zone2",0,0,NA
"E3","V3FLO",29102,"zone3",0,0,NA
"E3","V3FLO",29102,"zone4",0,0,NA
"E3","V3FLO",29102,"zone5 (farthest)",0,0,NA
"E3","V3FLO",29103,"zone1 (nearest)",0,0,NA
"E3","V3FLO",29103,"zone2",0,0,NA
"E3","V3FLO",29103,"zone3",0,0,NA
"E3","V3FLO",29103,"zone4",0,0,NA
"E3","V3FLO",29103,"zone5 (farthest)",0,0,NA
"E3","V3FLO",29104,"zone1 (nearest)",0,0,NA
"E3","V3FLO",29104,"zone2",0,0,NA
"E3","V3FLO",29104,"zone3",0,0,NA
"E3","V3FLO",29104,"zone4",0,0,NA
"E3","V3FLO",29104,"zone5 (farthest)",0,0,NA
"E3","V3FLO",29105,"zone1 (nearest)",0,0,NA
"E3","V3FLO",29105,"zone2",0,0,NA
"E3","V3FLO",29105,"zone3",0,0,NA
"E3","V3FLO",29105,"zone4",0,0,NA
"E3","V3FLO",29105,"zone5 (farthest)",0,0,NA
"E3","V3FLO",29106,"zone1 (nearest)",0,0,NA
"E3","V3FLO",29106,"zone2",0,0,NA
"E3","V3FLO",29106,"zone3",0,0,NA
"E3","V3FLO",29106,"zone4",0,0,NA
"E3","V3FLO",29106,"zone5 (farthest)",0,0,NA
"E3","V3FLO",29107,"zone1 (nearest)",0,0,NA
"E3","V3FLO",29107,"zone2",0,0,NA
"E3","V3FLO",29107,"zone3",0,0,NA
"E3","V3FLO",29107,"zone4",0,0,NA
"E3","V3FLO",29107,"zone5 (farthest)",0,0,NA
"E3","V3FLO",29108,"zone1 (nearest)",0,0,NA
"E3","V3FLO",29108,"zone2",0,0,NA
"E3","V3FLO",29108,"zone3",0,0,NA
"E3","V3FLO",29108,"zone4",0,0,NA
"E3","V3FLO",29108,"zone5 (farthest)",0,0,NA
"E3","V3FLO",29109,"zone1 (nearest)",0,0,NA
"E3","V3FLO",29109,"zone2",0,0,NA
"E3","V3FLO",29109,"zone3",0,0,NA
"E3","V3FLO",29109,"zone4",0,0,NA
"E3","V3FLO",29109,"zone5 (farthest)",0,0,NA
"E3","V3FLO",29110,"zone1 (nearest)",0,0,NA
"E3","V3FLO",29110,"zone2",0,0,NA
"E3","V3FLO",29110,"zone3",0,0,NA
"E3","V3FLO",29110,"zone4",0,0,NA
"E3","V3FLO",29110,"zone5 (farthest)",0,0,NA
"E3","V3FLO",30101,"zone1 (nearest)",0,0,NA
"E3","V3FLO",30101,"zone2",0,0,NA
"E3","V3FLO",30101,"zone3",0,0,NA
"E3","V3FLO",30101,"zone4",0,0,NA
"E3","V3FLO",30101,"zone5 (farthest)",0,0,NA
"E3","V3FLO",30102,"zone1 (nearest)",0,0,NA
"E3","V3FLO",30102,"zone2",0,0,NA
"E3","V3FLO",30102,"zone3",0,0,NA
"E3","V3FLO",30102,"zone4",0,0,NA
"E3","V3FLO",30102,"zone5 (farthest)",0,0,NA
"E3","V3FLO",30103,"zone1 (nearest)",0,0,NA
"E3","V3FLO",30103,"zone2",0,0,NA
"E3","V3FLO",30103,"zone3",0,0,NA
"E3","V3FLO",30103,"zone4",0,0,NA
"E3","V3FLO",30103,"zone5 (farthest)",0,0,NA
"E3","V3FLO",30104,"zone1 (nearest)",0,0,NA
"E3","V3FLO",30104,"zone2",0,0,NA
"E3","V3FLO",30104,"zone3",0,0,NA
"E3","V3FLO",30104,"zone4",0,0,NA
"E3","V3FLO",30104,"zone5 (farthest)",0,0,NA
"E3","V3FLO",30105,"zone1 (nearest)",0,0,NA
"E3","V3FLO",30105,"zone2",0,0,NA
"E3","V3FLO",30105,"zone3",0,0,NA
"E3","V3FLO",30105,"zone4",0,0,NA
"E3","V3FLO",30105,"zone5 (farthest)",0,0,NA
"E3","V3FLO",30106,"zone1 (nearest)",0,0,NA
"E3","V3FLO",30106,"zone2",0,0,NA
"E3","V3FLO",30106,"zone3",0,0,NA
"E3","V3FLO",30106,"zone4",0,0,NA
"E3","V3FLO",30106,"zone5 (farthest)",0,0,NA
"E3","V3FLO",30107,"zone1 (nearest)",0,0,NA
"E3","V3FLO",30107,"zone2",0,0,NA
"E3","V3FLO",30107,"zone3",0,0,NA
"E3","V3FLO",30107,"zone4",0,0,NA
"E3","V3FLO",30107,"zone5 (farthest)",0,0,NA
"E3","V3FLO",30108,"zone1 (nearest)",0,0,NA
"E3","V3FLO",30108,"zone2",0,0,NA
"E3","V3FLO",30108,"zone3",0,0,NA
"E3","V3FLO",30108,"zone4",0,0,NA
"E3","V3FLO",30108,"zone5 (farthest)",0,0,NA
"E3","V3FLO",30109,"zone1 (nearest)",0,0,NA
"E3","V3FLO",30109,"zone2",0,0,NA
"E3","V3FLO",30109,"zone3",0,0,NA
"E3","V3FLO",30109,"zone4",0,0,NA
"E3","V3FLO",30109,"zone5 (farthest)",0,0,NA
"E3","V3FLO",30110,"zone1 (nearest)",0,0,NA
"E3","V3FLO",30110,"zone2",0,0,NA
"E3","V3FLO",30110,"zone3",0,0,NA
"E3","V3FLO",30110,"zone4",0,0,NA
"E3","V3FLO",30110,"zone5 (farthest)",0,0,NA
"E3","V3SPL140",1101,"zone1 (nearest)",220,250,0.88
"E3","V3SPL140",1101,"zone2",14,250,0.056
"E3","V3SPL140",1101,"zone3",10,250,0.04
"E3","V3SPL140",1101,"zone4",2,250,0.008
"E3","V3SPL140",1101,"zone5 (farthest)",4,250,0.016
"E3","V3SPL140",1102,"zone1 (nearest)",222,250,0.888
"E3","V3SPL140",1102,"zone2",13,250,0.052
"E3","V3SPL140",1102,"zone3",10,250,0.04
"E3","V3SPL140",1102,"zone4",4,250,0.016
"E3","V3SPL140",1102,"zone5 (farthest)",1,250,0.004
"E3","V3SPL140",1103,"zone1 (nearest)",224,250,0.896
"E3","V3SPL140",1103,"zone2",18,250,0.072
"E3","V3SPL140",1103,"zone3",4,250,0.016
"E3","V3SPL140",1103,"zone4",2,250,0.008
"E3","V3SPL140",1103,"zone5 (farthest)",2,250,0.008
"E3","V3SPL140",1104,"zone1 (nearest)",0,0,NA
"E3","V3SPL140",1104,"zone2",0,0,NA
"E3","V3SPL140",1104,"zone3",0,0,NA
"E3","V3SPL140",1104,"zone4",0,0,NA
"E3","V3SPL140",1104,"zone5 (farthest)",0,0,NA
"E3","V3SPL140",1105,"zone1 (nearest)",0,0,NA
"E3","V3SPL140",1105,"zone2",0,0,NA
"E3","V3SPL140",1105,"zone3",0,0,NA
"E3","V3SPL140",1105,"zone4",0,0,NA
"E3","V3SPL140",1105,"zone5 (farthest)",0,0,NA
"E3","V3SPL140",1106,"zone1 (nearest)",0,0,NA
"E3","V3SPL140",1106,"zone2",0,0,NA
"E3","V3SPL140",1106,"zone3",0,0,NA
"E3","V3SPL140",1106,"zone4",0,0,NA
"E3","V3SPL140",1106,"zone5 (farthest)",0,0,NA
"E3","V3SPL140",1107,"zone1 (nearest)",0,0,NA
"E3","V3SPL140",1107,"zone2",0,0,NA
"E3","V3SPL140",1107,"zone3",0,0,NA
"E3","V3SPL140",1107,"zone4",0,0,NA
"E3","V3SPL140",1107,"zone5 (farthest)",0,0,NA
"E3","V3SPL140",1108,"zone1 (nearest)",0,0,NA
"E3","V3SPL140",1108,"zone2",0,0,NA
"E3","V3SPL140",1108,"zone3",0,0,NA
"E3","V3SPL140",1108,"zone4",0,0,NA
"E3","V3SPL140",1108,"zone5 (farthest)",0,0,NA
"E3","V3SPL140",1109,"zone1 (nearest)",0,0,NA
"E3","V3SPL140",1109,"zone2",0,0,NA
"E3","V3SPL140",1109,"zone3",0,0,NA
"E3","V3SPL140",1109,"zone4",0,0,NA
"E3","V3SPL140",1109,"zone5 (farthest)",0,0,NA
"E3","V3SPL140",1110,"zone1 (nearest)",0,0,NA
"E3","V3SPL140",1110,"zone2",0,0,NA
"E3","V3SPL140",1110,"zone3",0,0,NA
"E3","V3SPL140",1110,"zone4",0,0,NA
"E3","V3SPL140",1110,"zone5 (farthest)",0,0,NA
"E3","V3SPL140",2101,"zone1 (nearest)",136,250,0.544
"E3","V3SPL140",2101,"zone2",23,250,0.092
"E3","V3SPL140",2101,"zone3",28,250,0.112
"E3","V3SPL140",2101,"zone4",33,250,0.132
"E3","V3SPL140",2101,"zone5 (farthest)",30,250,0.12
"E3","V3SPL140",2102,"zone1 (nearest)",134,250,0.536
"E3","V3SPL140",2102,"zone2",25,250,0.1
"E3","V3SPL140",2102,"zone3",25,250,0.1
"E3","V3SPL140",2102,"zone4",34,250,0.136
"E3","V3SPL140",2102,"zone5 (farthest)",32,250,0.128
"E3","V3SPL140",2103,"zone1 (nearest)",134,250,0.536
"E3","V3SPL140",2103,"zone2",23,250,0.092
"E3","V3SPL140",2103,"zone3",41,250,0.164
"E3","V3SPL140",2103,"zone4",25,250,0.1
"E3","V3SPL140",2103,"zone5 (farthest)",27,250,0.108
"E3","V3SPL140",2104,"zone1 (nearest)",0,0,NA
"E3","V3SPL140",2104,"zone2",0,0,NA
"E3","V3SPL140",2104,"zone3",0,0,NA
"E3","V3SPL140",2104,"zone4",0,0,NA
"E3","V3SPL140",2104,"zone5 (farthest)",0,0,NA
"E3","V3SPL140",2105,"zone1 (nearest)",0,0,NA
"E3","V3SPL140",2105,"zone2",0,0,NA
"E3","V3SPL140",2105,"zone3",0,0,NA
"E3","V3SPL140",2105,"zone4",0,0,NA
"E3","V3SPL140",2105,"zone5 (farthest)",0,0,NA
"E3","V3SPL140",2106,"zone1 (nearest)",0,0,NA
"E3","V3SPL140",2106,"zone2",0,0,NA
"E3","V3SPL140",2106,"zone3",0,0,NA
"E3","V3SPL140",2106,"zone4",0,0,NA
"E3","V3SPL140",2106,"zone5 (farthest)",0,0,NA
"E3","V3SPL140",2107,"zone1 (nearest)",0,0,NA
"E3","V3SPL140",2107,"zone2",0,0,NA
"E3","V3SPL140",2107,"zone3",0,0,NA
"E3","V3SPL140",2107,"zone4",0,0,NA
"E3","V3SPL140",2107,"zone5 (farthest)",0,0,NA
"E3","V3SPL140",2108,"zone1 (nearest)",0,0,NA
"E3","V3SPL140",2108,"zone2",0,0,NA
"E3","V3SPL140",2108,"zone3",0,0,NA
"E3","V3SPL140",2108,"zone4",0,0,NA
"E3","V3SPL140",2108,"zone5 (farthest)",0,0,NA
"E3","V3SPL140",2109,"zone1 (nearest)",0,0,NA
"E3","V3SPL140",2109,"zone2",0,0,NA
"E3","V3SPL140",2109,"zone3",0,0,NA
"E3","V3SPL140",2109,"zone4",0,0,NA
"E3","V3SPL140",2109,"zone5 (farthest)",0,0,NA
"E3","V3SPL140",2110,"zone1 (nearest)",0,0,NA
"E3","V3SPL140",2110,"zone2",0,0,NA
"E3","V3SPL140",2110,"zone3",0,0,NA
"E3","V3SPL140",2110,"zone4",0,0,NA
"E3","V3SPL140",2110,"zone5 (farthest)",0,0,NA
"E3","V3SPL140",3101,"zone1 (nearest)",233,250,0.932
"E3","V3SPL140",3101,"zone2",5,250,0.02
"E3","V3SPL140",3101,"zone3",4,250,0.016
"E3","V3SPL140",3101,"zone4",5,250,0.02
"E3","V3SPL140",3101,"zone5 (farthest)",3,250,0.012
"E3","V3SPL140",3102,"zone1 (nearest)",238,250,0.952
"E3","V3SPL140",3102,"zone2",5,250,0.02
"E3","V3SPL140",3102,"zone3",1,250,0.004
"E3","V3SPL140",3102,"zone4",1,250,0.004
"E3","V3SPL140",3102,"zone5 (farthest)",5,250,0.02
"E3","V3SPL140",3103,"zone1 (nearest)",236,250,0.944
"E3","V3SPL140",3103,"zone2",2,250,0.008
"E3","V3SPL140",3103,"zone3",5,250,0.02
"E3","V3SPL140",3103,"zone4",0,250,0
"E3","V3SPL140",3103,"zone5 (farthest)",7,250,0.028
"E3","V3SPL140",3104,"zone1 (nearest)",0,0,NA
"E3","V3SPL140",3104,"zone2",0,0,NA
"E3","V3SPL140",3104,"zone3",0,0,NA
"E3","V3SPL140",3104,"zone4",0,0,NA
"E3","V3SPL140",3104,"zone5 (farthest)",0,0,NA
"E3","V3SPL140",3105,"zone1 (nearest)",0,0,NA
"E3","V3SPL140",3105,"zone2",0,0,NA
"E3","V3SPL140",3105,"zone3",0,0,NA
"E3","V3SPL140",3105,"zone4",0,0,NA
"E3","V3SPL140",3105,"zone5 (farthest)",0,0,NA
"E3","V3SPL140",3106,"zone1 (nearest)",0,0,NA
"E3","V3SPL140",3106,"zone2",0,0,NA
"E3","V3SPL140",3106,"zone3",0,0,NA
"E3","V3SPL140",3106,"zone4",0,0,NA
"E3","V3SPL140",3106,"zone5 (farthest)",0,0,NA
"E3","V3SPL140",3107,"zone1 (nearest)",0,0,NA
"E3","V3SPL140",3107,"zone2",0,0,NA
"E3","V3SPL140",3107,"zone3",0,0,NA
"E3","V3SPL140",3107,"zone4",0,0,NA
"E3","V3SPL140",3107,"zone5 (farthest)",0,0,NA
"E3","V3SPL140",3108,"zone1 (nearest)",0,0,NA
"E3","V3SPL140",3108,"zone2",0,0,NA
"E3","V3SPL140",3108,"zone3",0,0,NA
"E3","V3SPL140",3108,"zone4",0,0,NA
"E3","V3SPL140",3108,"zone5 (farthest)",0,0,NA
"E3","V3SPL140",3109,"zone1 (nearest)",0,0,NA
"E3","V3SPL140",3109,"zone2",0,0,NA
"E3","V3SPL140",3109,"zone3",0,0,NA
"E3","V3SPL140",3109,"zone4",0,0,NA
"E3","V3SPL140",3109,"zone5 (farthest)",0,0,NA
"E3","V3SPL140",3110,"zone1 (nearest)",0,0,NA
"E3","V3SPL140",3110,"zone2",0,0,NA
"E3","V3SPL140",3110,"zone3",0,0,NA
"E3","V3SPL140",3110,"zone4",0,0,NA
"E3","V3SPL140",3110,"zone5 (farthest)",0,0,NA
"E3","V3SPL140",4101,"zone1 (nearest)",201,250,0.804
"E3","V3SPL140",4101,"zone2",6,250,0.024
"E3","V3SPL140",4101,"zone3",8,250,0.032
"E3","V3SPL140",4101,"zone4",12,250,0.048
"E3","V3SPL140",4101,"zone5 (farthest)",23,250,0.092
"E3","V3SPL140",4102,"zone1 (nearest)",207,250,0.828
"E3","V3SPL140",4102,"zone2",8,250,0.032
"E3","V3SPL140",4102,"zone3",10,250,0.04
"E3","V3SPL140",4102,"zone4",13,250,0.052
"E3","V3SPL140",4102,"zone5 (farthest)",12,250,0.048
"E3","V3SPL140",4103,"zone1 (nearest)",207,250,0.828
"E3","V3SPL140",4103,"zone2",10,250,0.04
"E3","V3SPL140",4103,"zone3",4,250,0.016
"E3","V3SPL140",4103,"zone4",12,250,0.048
"E3","V3SPL140",4103,"zone5 (farthest)",17,250,0.068
"E3","V3SPL140",4104,"zone1 (nearest)",0,0,NA
"E3","V3SPL140",4104,"zone2",0,0,NA
"E3","V3SPL140",4104,"zone3",0,0,NA
"E3","V3SPL140",4104,"zone4",0,0,NA
"E3","V3SPL140",4104,"zone5 (farthest)",0,0,NA
"E3","V3SPL140",4105,"zone1 (nearest)",0,0,NA
"E3","V3SPL140",4105,"zone2",0,0,NA
"E3","V3SPL140",4105,"zone3",0,0,NA
"E3","V3SPL140",4105,"zone4",0,0,NA
"E3","V3SPL140",4105,"zone5 (farthest)",0,0,NA
"E3","V3SPL140",4106,"zone1 (nearest)",0,0,NA
"E3","V3SPL140",4106,"zone2",0,0,NA
"E3","V3SPL140",4106,"zone3",0,0,NA
"E3","V3SPL140",4106,"zone4",0,0,NA
"E3","V3SPL140",4106,"zone5 (farthest)",0,0,NA
"E3","V3SPL140",4107,"zone1 (nearest)",0,0,NA
"E3","V3SPL140",4107,"zone2",0,0,NA
"E3","V3SPL140",4107,"zone3",0,0,NA
"E3","V3SPL140",4107,"zone4",0,0,NA
"E3","V3SPL140",4107,"zone5 (farthest)",0,0,NA
"E3","V3SPL140",4108,"zone1 (nearest)",0,0,NA
"E3","V3SPL140",4108,"zone2",0,0,NA
"E3","V3SPL140",4108,"zone3",0,0,NA
"E3","V3SPL140",4108,"zone4",0,0,NA
"E3","V3SPL140",4108,"zone5 (farthest)",0,0,NA
"E3","V3SPL140",4109,"zone1 (nearest)",0,0,NA
"E3","V3SPL140",4109,"zone2",0,0,NA
"E3","V3SPL140",4109,"zone3",0,0,NA
"E3","V3SPL140",4109,"zone4",0,0,NA
"E3","V3SPL140",4109,"zone5 (farthest)",0,0,NA
"E3","V3SPL140",4110,"zone1 (nearest)",0,0,NA
"E3","V3SPL140",4110,"zone2",0,0,NA
"E3","V3SPL140",4110,"zone3",0,0,NA
"E3","V3SPL140",4110,"zone4",0,0,NA
"E3","V3SPL140",4110,"zone5 (farthest)",0,0,NA
"E3","V3SPL140",5101,"zone1 (nearest)",223,250,0.892
"E3","V3SPL140",5101,"zone2",6,250,0.024
"E3","V3SPL140",5101,"zone3",5,250,0.02
"E3","V3SPL140",5101,"zone4",6,250,0.024
"E3","V3SPL140",5101,"zone5 (farthest)",10,250,0.04
"E3","V3SPL140",5102,"zone1 (nearest)",225,250,0.9
"E3","V3SPL140",5102,"zone2",6,250,0.024
"E3","V3SPL140",5102,"zone3",5,250,0.02
"E3","V3SPL140",5102,"zone4",10,250,0.04
"E3","V3SPL140",5102,"zone5 (farthest)",4,250,0.016
"E3","V3SPL140",5103,"zone1 (nearest)",227,250,0.908
"E3","V3SPL140",5103,"zone2",9,250,0.036
"E3","V3SPL140",5103,"zone3",5,250,0.02
"E3","V3SPL140",5103,"zone4",2,250,0.008
"E3","V3SPL140",5103,"zone5 (farthest)",7,250,0.028
"E3","V3SPL140",5104,"zone1 (nearest)",0,0,NA
"E3","V3SPL140",5104,"zone2",0,0,NA
"E3","V3SPL140",5104,"zone3",0,0,NA
"E3","V3SPL140",5104,"zone4",0,0,NA
"E3","V3SPL140",5104,"zone5 (farthest)",0,0,NA
"E3","V3SPL140",5105,"zone1 (nearest)",0,0,NA
"E3","V3SPL140",5105,"zone2",0,0,NA
"E3","V3SPL140",5105,"zone3",0,0,NA
"E3","V3SPL140",5105,"zone4",0,0,NA
"E3","V3SPL140",5105,"zone5 (farthest)",0,0,NA
"E3","V3SPL140",5106,"zone1 (nearest)",0,0,NA
"E3","V3SPL140",5106,"zone2",0,0,NA
"E3","V3SPL140",5106,"zone3",0,0,NA
"E3","V3SPL140",5106,"zone4",0,0,NA
"E3","V3SPL140",5106,"zone5 (farthest)",0,0,NA
"E3","V3SPL140",5107,"zone1 (nearest)",0,0,NA
"E3","V3SPL140",5107,"zone2",0,0,NA
"E3","V3SPL140",5107,"zone3",0,0,NA
"E3","V3SPL140",5107,"zone4",0,0,NA
"E3","V3SPL140",5107,"zone5 (farthest)",0,0,NA
"E3","V3SPL140",5108,"zone1 (nearest)",0,0,NA
"E3","V3SPL140",5108,"zone2",0,0,NA
"E3","V3SPL140",5108,"zone3",0,0,NA
"E3","V3SPL140",5108,"zone4",0,0,NA
"E3","V3SPL140",5108,"zone5 (farthest)",0,0,NA
"E3","V3SPL140",5109,"zone1 (nearest)",0,0,NA
"E3","V3SPL140",5109,"zone2",0,0,NA
"E3","V3SPL140",5109,"zone3",0,0,NA
"E3","V3SPL140",5109,"zone4",0,0,NA
"E3","V3SPL140",5109,"zone5 (farthest)",0,0,NA
"E3","V3SPL140",5110,"zone1 (nearest)",0,0,NA
"E3","V3SPL140",5110,"zone2",0,0,NA
"E3","V3SPL140",5110,"zone3",0,0,NA
"E3","V3SPL140",5110,"zone4",0,0,NA
"E3","V3SPL140",5110,"zone5 (farthest)",0,0,NA
"E3","V3SPL140",6101,"zone1 (nearest)",169,250,0.676
"E3","V3SPL140",6101,"zone2",23,250,0.092
"E3","V3SPL140",6101,"zone3",13,250,0.052
"E3","V3SPL140",6101,"zone4",18,250,0.072
"E3","V3SPL140",6101,"zone5 (farthest)",27,250,0.108
"E3","V3SPL140",6102,"zone1 (nearest)",174,250,0.696
"E3","V3SPL140",6102,"zone2",19,250,0.076
"E3","V3SPL140",6102,"zone3",16,250,0.064
"E3","V3SPL140",6102,"zone4",18,250,0.072
"E3","V3SPL140",6102,"zone5 (farthest)",23,250,0.092
"E3","V3SPL140",6103,"zone1 (nearest)",180,250,0.72
"E3","V3SPL140",6103,"zone2",20,250,0.08
"E3","V3SPL140",6103,"zone3",16,250,0.064
"E3","V3SPL140",6103,"zone4",16,250,0.064
"E3","V3SPL140",6103,"zone5 (farthest)",18,250,0.072
"E3","V3SPL140",6104,"zone1 (nearest)",0,0,NA
"E3","V3SPL140",6104,"zone2",0,0,NA
"E3","V3SPL140",6104,"zone3",0,0,NA
"E3","V3SPL140",6104,"zone4",0,0,NA
"E3","V3SPL140",6104,"zone5 (farthest)",0,0,NA
"E3","V3SPL140",6105,"zone1 (nearest)",0,0,NA
"E3","V3SPL140",6105,"zone2",0,0,NA
"E3","V3SPL140",6105,"zone3",0,0,NA
"E3","V3SPL140",6105,"zone4",0,0,NA
"E3","V3SPL140",6105,"zone5 (farthest)",0,0,NA
"E3","V3SPL140",6106,"zone1 (nearest)",0,0,NA
"E3","V3SPL140",6106,"zone2",0,0,NA
"E3","V3SPL140",6106,"zone3",0,0,NA
"E3","V3SPL140",6106,"zone4",0,0,NA
"E3","V3SPL140",6106,"zone5 (farthest)",0,0,NA
"E3","V3SPL140",6107,"zone1 (nearest)",0,0,NA
"E3","V3SPL140",6107,"zone2",0,0,NA
"E3","V3SPL140",6107,"zone3",0,0,NA
"E3","V3SPL140",6107,"zone4",0,0,NA
"E3","V3SPL140",6107,"zone5 (farthest)",0,0,NA
"E3","V3SPL140",6108,"zone1 (nearest)",0,0,NA
"E3","V3SPL140",6108,"zone2",0,0,NA
"E3","V3SPL140",6108,"zone3",0,0,NA
"E3","V3SPL140",6108,"zone4",0,0,NA
"E3","V3SPL140",6108,"zone5 (farthest)",0,0,NA
"E3","V3SPL140",6109,"zone1 (nearest)",0,0,NA
"E3","V3SPL140",6109,"zone2",0,0,NA
"E3","V3SPL140",6109,"zone3",0,0,NA
"E3","V3SPL140",6109,"zone4",0,0,NA
"E3","V3SPL140",6109,"zone5 (farthest)",0,0,NA
"E3","V3SPL140",6110,"zone1 (nearest)",0,0,NA
"E3","V3SPL140",6110,"zone2",0,0,NA
"E3","V3SPL140",6110,"zone3",0,0,NA
"E3","V3SPL140",6110,"zone4",0,0,NA
"E3","V3SPL140",6110,"zone5 (farthest)",0,0,NA
"E3","V3SPL140",7101,"zone1 (nearest)",244,250,0.976
"E3","V3SPL140",7101,"zone2",1,250,0.004
"E3","V3SPL140",7101,"zone3",1,250,0.004
"E3","V3SPL140",7101,"zone4",2,250,0.008
"E3","V3SPL140",7101,"zone5 (farthest)",2,250,0.008
"E3","V3SPL140",7102,"zone1 (nearest)",242,250,0.968
"E3","V3SPL140",7102,"zone2",1,250,0.004
"E3","V3SPL140",7102,"zone3",1,250,0.004
"E3","V3SPL140",7102,"zone4",1,250,0.004
"E3","V3SPL140",7102,"zone5 (farthest)",5,250,0.02
"E3","V3SPL140",7103,"zone1 (nearest)",240,250,0.96
"E3","V3SPL140",7103,"zone2",1,250,0.004
"E3","V3SPL140",7103,"zone3",1,250,0.004
"E3","V3SPL140",7103,"zone4",2,250,0.008
"E3","V3SPL140",7103,"zone5 (farthest)",6,250,0.024
"E3","V3SPL140",7104,"zone1 (nearest)",0,0,NA
"E3","V3SPL140",7104,"zone2",0,0,NA
"E3","V3SPL140",7104,"zone3",0,0,NA
"E3","V3SPL140",7104,"zone4",0,0,NA
"E3","V3SPL140",7104,"zone5 (farthest)",0,0,NA
"E3","V3SPL140",7105,"zone1 (nearest)",0,0,NA
"E3","V3SPL140",7105,"zone2",0,0,NA
"E3","V3SPL140",7105,"zone3",0,0,NA
"E3","V3SPL140",7105,"zone4",0,0,NA
"E3","V3SPL140",7105,"zone5 (farthest)",0,0,NA
"E3","V3SPL140",7106,"zone1 (nearest)",0,0,NA
"E3","V3SPL140",7106,"zone2",0,0,NA
"E3","V3SPL140",7106,"zone3",0,0,NA
"E3","V3SPL140",7106,"zone4",0,0,NA
"E3","V3SPL140",7106,"zone5 (farthest)",0,0,NA
"E3","V3SPL140",7107,"zone1 (nearest)",0,0,NA
"E3","V3SPL140",7107,"zone2",0,0,NA
"E3","V3SPL140",7107,"zone3",0,0,NA
"E3","V3SPL140",7107,"zone4",0,0,NA
"E3","V3SPL140",7107,"zone5 (farthest)",0,0,NA
"E3","V3SPL140",7108,"zone1 (nearest)",0,0,NA
"E3","V3SPL140",7108,"zone2",0,0,NA
"E3","V3SPL140",7108,"zone3",0,0,NA
"E3","V3SPL140",7108,"zone4",0,0,NA
"E3","V3SPL140",7108,"zone5 (farthest)",0,0,NA
"E3","V3SPL140",7109,"zone1 (nearest)",0,0,NA
"E3","V3SPL140",7109,"zone2",0,0,NA
"E3","V3SPL140",7109,"zone3",0,0,NA
"E3","V3SPL140",7109,"zone4",0,0,NA
"E3","V3SPL140",7109,"zone5 (farthest)",0,0,NA
"E3","V3SPL140",7110,"zone1 (nearest)",0,0,NA
"E3","V3SPL140",7110,"zone2",0,0,NA
"E3","V3SPL140",7110,"zone3",0,0,NA
"E3","V3SPL140",7110,"zone4",0,0,NA
"E3","V3SPL140",7110,"zone5 (farthest)",0,0,NA
"E3","V3SPL140",8101,"zone1 (nearest)",219,250,0.876
"E3","V3SPL140",8101,"zone2",7,250,0.028
"E3","V3SPL140",8101,"zone3",5,250,0.02
"E3","V3SPL140",8101,"zone4",6,250,0.024
"E3","V3SPL140",8101,"zone5 (farthest)",13,250,0.052
"E3","V3SPL140",8102,"zone1 (nearest)",222,250,0.888
"E3","V3SPL140",8102,"zone2",8,250,0.032
"E3","V3SPL140",8102,"zone3",5,250,0.02
"E3","V3SPL140",8102,"zone4",6,250,0.024
"E3","V3SPL140",8102,"zone5 (farthest)",9,250,0.036
"E3","V3SPL140",8103,"zone1 (nearest)",233,250,0.932
"E3","V3SPL140",8103,"zone2",4,250,0.016
"E3","V3SPL140",8103,"zone3",2,250,0.008
"E3","V3SPL140",8103,"zone4",2,250,0.008
"E3","V3SPL140",8103,"zone5 (farthest)",9,250,0.036
"E3","V3SPL140",8104,"zone1 (nearest)",0,0,NA
"E3","V3SPL140",8104,"zone2",0,0,NA
"E3","V3SPL140",8104,"zone3",0,0,NA
"E3","V3SPL140",8104,"zone4",0,0,NA
"E3","V3SPL140",8104,"zone5 (farthest)",0,0,NA
"E3","V3SPL140",8105,"zone1 (nearest)",0,0,NA
"E3","V3SPL140",8105,"zone2",0,0,NA
"E3","V3SPL140",8105,"zone3",0,0,NA
"E3","V3SPL140",8105,"zone4",0,0,NA
"E3","V3SPL140",8105,"zone5 (farthest)",0,0,NA
"E3","V3SPL140",8106,"zone1 (nearest)",0,0,NA
"E3","V3SPL140",8106,"zone2",0,0,NA
"E3","V3SPL140",8106,"zone3",0,0,NA
"E3","V3SPL140",8106,"zone4",0,0,NA
"E3","V3SPL140",8106,"zone5 (farthest)",0,0,NA
"E3","V3SPL140",8107,"zone1 (nearest)",0,0,NA
"E3","V3SPL140",8107,"zone2",0,0,NA
"E3","V3SPL140",8107,"zone3",0,0,NA
"E3","V3SPL140",8107,"zone4",0,0,NA
"E3","V3SPL140",8107,"zone5 (farthest)",0,0,NA
"E3","V3SPL140",8108,"zone1 (nearest)",0,0,NA
"E3","V3SPL140",8108,"zone2",0,0,NA
"E3","V3SPL140",8108,"zone3",0,0,NA
"E3","V3SPL140",8108,"zone4",0,0,NA
"E3","V3SPL140",8108,"zone5 (farthest)",0,0,NA
"E3","V3SPL140",8109,"zone1 (nearest)",0,0,NA
"E3","V3SPL140",8109,"zone2",0,0,NA
"E3","V3SPL140",8109,"zone3",0,0,NA
"E3","V3SPL140",8109,"zone4",0,0,NA
"E3","V3SPL140",8109,"zone5 (farthest)",0,0,NA
"E3","V3SPL140",8110,"zone1 (nearest)",0,0,NA
"E3","V3SPL140",8110,"zone2",0,0,NA
"E3","V3SPL140",8110,"zone3",0,0,NA
"E3","V3SPL140",8110,"zone4",0,0,NA
"E3","V3SPL140",8110,"zone5 (farthest)",0,0,NA
"E3","V3SPL140",9101,"zone1 (nearest)",225,250,0.9
"E3","V3SPL140",9101,"zone2",8,250,0.032
"E3","V3SPL140",9101,"zone3",3,250,0.012
"E3","V3SPL140",9101,"zone4",7,250,0.028
"E3","V3SPL140",9101,"zone5 (farthest)",7,250,0.028
"E3","V3SPL140",9102,"zone1 (nearest)",225,250,0.9
"E3","V3SPL140",9102,"zone2",8,250,0.032
"E3","V3SPL140",9102,"zone3",6,250,0.024
"E3","V3SPL140",9102,"zone4",5,250,0.02
"E3","V3SPL140",9102,"zone5 (farthest)",6,250,0.024
"E3","V3SPL140",9103,"zone1 (nearest)",217,250,0.868
"E3","V3SPL140",9103,"zone2",11,250,0.044
"E3","V3SPL140",9103,"zone3",11,250,0.044
"E3","V3SPL140",9103,"zone4",4,250,0.016
"E3","V3SPL140",9103,"zone5 (farthest)",7,250,0.028
"E3","V3SPL140",9104,"zone1 (nearest)",0,0,NA
"E3","V3SPL140",9104,"zone2",0,0,NA
"E3","V3SPL140",9104,"zone3",0,0,NA
"E3","V3SPL140",9104,"zone4",0,0,NA
"E3","V3SPL140",9104,"zone5 (farthest)",0,0,NA
"E3","V3SPL140",9105,"zone1 (nearest)",0,0,NA
"E3","V3SPL140",9105,"zone2",0,0,NA
"E3","V3SPL140",9105,"zone3",0,0,NA
"E3","V3SPL140",9105,"zone4",0,0,NA
"E3","V3SPL140",9105,"zone5 (farthest)",0,0,NA
"E3","V3SPL140",9106,"zone1 (nearest)",0,0,NA
"E3","V3SPL140",9106,"zone2",0,0,NA
"E3","V3SPL140",9106,"zone3",0,0,NA
"E3","V3SPL140",9106,"zone4",0,0,NA
"E3","V3SPL140",9106,"zone5 (farthest)",0,0,NA
"E3","V3SPL140",9107,"zone1 (nearest)",0,0,NA
"E3","V3SPL140",9107,"zone2",0,0,NA
"E3","V3SPL140",9107,"zone3",0,0,NA
"E3","V3SPL140",9107,"zone4",0,0,NA
"E3","V3SPL140",9107,"zone5 (farthest)",0,0,NA
"E3","V3SPL140",9108,"zone1 (nearest)",0,0,NA
"E3","V3SPL140",9108,"zone2",0,0,NA
"E3","V3SPL140",9108,"zone3",0,0,NA
"E3","V3SPL140",9108,"zone4",0,0,NA
"E3","V3SPL140",9108,"zone5 (farthest)",0,0,NA
"E3","V3SPL140",9109,"zone1 (nearest)",0,0,NA
"E3","V3SPL140",9109,"zone2",0,0,NA
"E3","V3SPL140",9109,"zone3",0,0,NA
"E3","V3SPL140",9109,"zone4",0,0,NA
"E3","V3SPL140",9109,"zone5 (farthest)",0,0,NA
"E3","V3SPL140",9110,"zone1 (nearest)",0,0,NA
"E3","V3SPL140",9110,"zone2",0,0,NA
"E3","V3SPL140",9110,"zone3",0,0,NA
"E3","V3SPL140",9110,"zone4",0,0,NA
"E3","V3SPL140",9110,"zone5 (farthest)",0,0,NA
"E3","V3SPL140",10101,"zone1 (nearest)",225,250,0.9
"E3","V3SPL140",10101,"zone2",4,250,0.016
"E3","V3SPL140",10101,"zone3",1,250,0.004
"E3","V3SPL140",10101,"zone4",2,250,0.008
"E3","V3SPL140",10101,"zone5 (farthest)",18,250,0.072
"E3","V3SPL140",10102,"zone1 (nearest)",224,250,0.896
"E3","V3SPL140",10102,"zone2",1,250,0.004
"E3","V3SPL140",10102,"zone3",1,250,0.004
"E3","V3SPL140",10102,"zone4",4,250,0.016
"E3","V3SPL140",10102,"zone5 (farthest)",20,250,0.08
"E3","V3SPL140",10103,"zone1 (nearest)",227,250,0.908
"E3","V3SPL140",10103,"zone2",1,250,0.004
"E3","V3SPL140",10103,"zone3",1,250,0.004
"E3","V3SPL140",10103,"zone4",3,250,0.012
"E3","V3SPL140",10103,"zone5 (farthest)",18,250,0.072
"E3","V3SPL140",10104,"zone1 (nearest)",0,0,NA
"E3","V3SPL140",10104,"zone2",0,0,NA
"E3","V3SPL140",10104,"zone3",0,0,NA
"E3","V3SPL140",10104,"zone4",0,0,NA
"E3","V3SPL140",10104,"zone5 (farthest)",0,0,NA
"E3","V3SPL140",10105,"zone1 (nearest)",0,0,NA
"E3","V3SPL140",10105,"zone2",0,0,NA
"E3","V3SPL140",10105,"zone3",0,0,NA
"E3","V3SPL140",10105,"zone4",0,0,NA
"E3","V3SPL140",10105,"zone5 (farthest)",0,0,NA
"E3","V3SPL140",10106,"zone1 (nearest)",0,0,NA
"E3","V3SPL140",10106,"zone2",0,0,NA
"E3","V3SPL140",10106,"zone3",0,0,NA
"E3","V3SPL140",10106,"zone4",0,0,NA
"E3","V3SPL140",10106,"zone5 (farthest)",0,0,NA
"E3","V3SPL140",10107,"zone1 (nearest)",0,0,NA
"E3","V3SPL140",10107,"zone2",0,0,NA
"E3","V3SPL140",10107,"zone3",0,0,NA
"E3","V3SPL140",10107,"zone4",0,0,NA
"E3","V3SPL140",10107,"zone5 (farthest)",0,0,NA
"E3","V3SPL140",10108,"zone1 (nearest)",0,0,NA
"E3","V3SPL140",10108,"zone2",0,0,NA
"E3","V3SPL140",10108,"zone3",0,0,NA
"E3","V3SPL140",10108,"zone4",0,0,NA
"E3","V3SPL140",10108,"zone5 (farthest)",0,0,NA
"E3","V3SPL140",10109,"zone1 (nearest)",0,0,NA
"E3","V3SPL140",10109,"zone2",0,0,NA
"E3","V3SPL140",10109,"zone3",0,0,NA
"E3","V3SPL140",10109,"zone4",0,0,NA
"E3","V3SPL140",10109,"zone5 (farthest)",0,0,NA
"E3","V3SPL140",10110,"zone1 (nearest)",0,0,NA
"E3","V3SPL140",10110,"zone2",0,0,NA
"E3","V3SPL140",10110,"zone3",0,0,NA
"E3","V3SPL140",10110,"zone4",0,0,NA
"E3","V3SPL140",10110,"zone5 (farthest)",0,0,NA
"E3","V3SPL140",11101,"zone1 (nearest)",0,0,NA
"E3","V3SPL140",11101,"zone2",0,0,NA
"E3","V3SPL140",11101,"zone3",0,0,NA
"E3","V3SPL140",11101,"zone4",0,0,NA
"E3","V3SPL140",11101,"zone5 (farthest)",0,0,NA
"E3","V3SPL140",11102,"zone1 (nearest)",0,0,NA
"E3","V3SPL140",11102,"zone2",0,0,NA
"E3","V3SPL140",11102,"zone3",0,0,NA
"E3","V3SPL140",11102,"zone4",0,0,NA
"E3","V3SPL140",11102,"zone5 (farthest)",0,0,NA
"E3","V3SPL140",11103,"zone1 (nearest)",0,0,NA
"E3","V3SPL140",11103,"zone2",0,0,NA
"E3","V3SPL140",11103,"zone3",0,0,NA
"E3","V3SPL140",11103,"zone4",0,0,NA
"E3","V3SPL140",11103,"zone5 (farthest)",0,0,NA
"E3","V3SPL140",11104,"zone1 (nearest)",0,0,NA
"E3","V3SPL140",11104,"zone2",0,0,NA
"E3","V3SPL140",11104,"zone3",0,0,NA
"E3","V3SPL140",11104,"zone4",0,0,NA
"E3","V3SPL140",11104,"zone5 (farthest)",0,0,NA
"E3","V3SPL140",11105,"zone1 (nearest)",0,0,NA
"E3","V3SPL140",11105,"zone2",0,0,NA
"E3","V3SPL140",11105,"zone3",0,0,NA
"E3","V3SPL140",11105,"zone4",0,0,NA
"E3","V3SPL140",11105,"zone5 (farthest)",0,0,NA
"E3","V3SPL140",11106,"zone1 (nearest)",0,0,NA
"E3","V3SPL140",11106,"zone2",0,0,NA
"E3","V3SPL140",11106,"zone3",0,0,NA
"E3","V3SPL140",11106,"zone4",0,0,NA
"E3","V3SPL140",11106,"zone5 (farthest)",0,0,NA
"E3","V3SPL140",11107,"zone1 (nearest)",0,0,NA
"E3","V3SPL140",11107,"zone2",0,0,NA
"E3","V3SPL140",11107,"zone3",0,0,NA
"E3","V3SPL140",11107,"zone4",0,0,NA
"E3","V3SPL140",11107,"zone5 (farthest)",0,0,NA
"E3","V3SPL140",11108,"zone1 (nearest)",0,0,NA
"E3","V3SPL140",11108,"zone2",0,0,NA
"E3","V3SPL140",11108,"zone3",0,0,NA
"E3","V3SPL140",11108,"zone4",0,0,NA
"E3","V3SPL140",11108,"zone5 (farthest)",0,0,NA
"E3","V3SPL140",11109,"zone1 (nearest)",0,0,NA
"E3","V3SPL140",11109,"zone2",0,0,NA
"E3","V3SPL140",11109,"zone3",0,0,NA
"E3","V3SPL140",11109,"zone4",0,0,NA
"E3","V3SPL140",11109,"zone5 (farthest)",0,0,NA
"E3","V3SPL140",11110,"zone1 (nearest)",0,0,NA
"E3","V3SPL140",11110,"zone2",0,0,NA
"E3","V3SPL140",11110,"zone3",0,0,NA
"E3","V3SPL140",11110,"zone4",0,0,NA
"E3","V3SPL140",11110,"zone5 (farthest)",0,0,NA
"E3","V3SPL140",12101,"zone1 (nearest)",0,0,NA
"E3","V3SPL140",12101,"zone2",0,0,NA
"E3","V3SPL140",12101,"zone3",0,0,NA
"E3","V3SPL140",12101,"zone4",0,0,NA
"E3","V3SPL140",12101,"zone5 (farthest)",0,0,NA
"E3","V3SPL140",12102,"zone1 (nearest)",0,0,NA
"E3","V3SPL140",12102,"zone2",0,0,NA
"E3","V3SPL140",12102,"zone3",0,0,NA
"E3","V3SPL140",12102,"zone4",0,0,NA
"E3","V3SPL140",12102,"zone5 (farthest)",0,0,NA
"E3","V3SPL140",12103,"zone1 (nearest)",0,0,NA
"E3","V3SPL140",12103,"zone2",0,0,NA
"E3","V3SPL140",12103,"zone3",0,0,NA
"E3","V3SPL140",12103,"zone4",0,0,NA
"E3","V3SPL140",12103,"zone5 (farthest)",0,0,NA
"E3","V3SPL140",12104,"zone1 (nearest)",0,0,NA
"E3","V3SPL140",12104,"zone2",0,0,NA
"E3","V3SPL140",12104,"zone3",0,0,NA
"E3","V3SPL140",12104,"zone4",0,0,NA
"E3","V3SPL140",12104,"zone5 (farthest)",0,0,NA
"E3","V3SPL140",12105,"zone1 (nearest)",0,0,NA
"E3","V3SPL140",12105,"zone2",0,0,NA
"E3","V3SPL140",12105,"zone3",0,0,NA
"E3","V3SPL140",12105,"zone4",0,0,NA
"E3","V3SPL140",12105,"zone5 (farthest)",0,0,NA
"E3","V3SPL140",12106,"zone1 (nearest)",0,0,NA
"E3","V3SPL140",12106,"zone2",0,0,NA
"E3","V3SPL140",12106,"zone3",0,0,NA
"E3","V3SPL140",12106,"zone4",0,0,NA
"E3","V3SPL140",12106,"zone5 (farthest)",0,0,NA
"E3","V3SPL140",12107,"zone1 (nearest)",0,0,NA
"E3","V3SPL140",12107,"zone2",0,0,NA
"E3","V3SPL140",12107,"zone3",0,0,NA
"E3","V3SPL140",12107,"zone4",0,0,NA
"E3","V3SPL140",12107,"zone5 (farthest)",0,0,NA
"E3","V3SPL140",12108,"zone1 (nearest)",0,0,NA
"E3","V3SPL140",12108,"zone2",0,0,NA
"E3","V3SPL140",12108,"zone3",0,0,NA
"E3","V3SPL140",12108,"zone4",0,0,NA
"E3","V3SPL140",12108,"zone5 (farthest)",0,0,NA
"E3","V3SPL140",12109,"zone1 (nearest)",0,0,NA
"E3","V3SPL140",12109,"zone2",0,0,NA
"E3","V3SPL140",12109,"zone3",0,0,NA
"E3","V3SPL140",12109,"zone4",0,0,NA
"E3","V3SPL140",12109,"zone5 (farthest)",0,0,NA
"E3","V3SPL140",12110,"zone1 (nearest)",0,0,NA
"E3","V3SPL140",12110,"zone2",0,0,NA
"E3","V3SPL140",12110,"zone3",0,0,NA
"E3","V3SPL140",12110,"zone4",0,0,NA
"E3","V3SPL140",12110,"zone5 (farthest)",0,0,NA
"E3","V3SPL140",13101,"zone1 (nearest)",0,0,NA
"E3","V3SPL140",13101,"zone2",0,0,NA
"E3","V3SPL140",13101,"zone3",0,0,NA
"E3","V3SPL140",13101,"zone4",0,0,NA
"E3","V3SPL140",13101,"zone5 (farthest)",0,0,NA
"E3","V3SPL140",13102,"zone1 (nearest)",0,0,NA
"E3","V3SPL140",13102,"zone2",0,0,NA
"E3","V3SPL140",13102,"zone3",0,0,NA
"E3","V3SPL140",13102,"zone4",0,0,NA
"E3","V3SPL140",13102,"zone5 (farthest)",0,0,NA
"E3","V3SPL140",13103,"zone1 (nearest)",0,0,NA
"E3","V3SPL140",13103,"zone2",0,0,NA
"E3","V3SPL140",13103,"zone3",0,0,NA
"E3","V3SPL140",13103,"zone4",0,0,NA
"E3","V3SPL140",13103,"zone5 (farthest)",0,0,NA
"E3","V3SPL140",13104,"zone1 (nearest)",0,0,NA
"E3","V3SPL140",13104,"zone2",0,0,NA
"E3","V3SPL140",13104,"zone3",0,0,NA
"E3","V3SPL140",13104,"zone4",0,0,NA
"E3","V3SPL140",13104,"zone5 (farthest)",0,0,NA
"E3","V3SPL140",13105,"zone1 (nearest)",0,0,NA
"E3","V3SPL140",13105,"zone2",0,0,NA
"E3","V3SPL140",13105,"zone3",0,0,NA
"E3","V3SPL140",13105,"zone4",0,0,NA
"E3","V3SPL140",13105,"zone5 (farthest)",0,0,NA
"E3","V3SPL140",13106,"zone1 (nearest)",0,0,NA
"E3","V3SPL140",13106,"zone2",0,0,NA
"E3","V3SPL140",13106,"zone3",0,0,NA
"E3","V3SPL140",13106,"zone4",0,0,NA
"E3","V3SPL140",13106,"zone5 (farthest)",0,0,NA
"E3","V3SPL140",13107,"zone1 (nearest)",0,0,NA
"E3","V3SPL140",13107,"zone2",0,0,NA
"E3","V3SPL140",13107,"zone3",0,0,NA
"E3","V3SPL140",13107,"zone4",0,0,NA
"E3","V3SPL140",13107,"zone5 (farthest)",0,0,NA
"E3","V3SPL140",13108,"zone1 (nearest)",0,0,NA
"E3","V3SPL140",13108,"zone2",0,0,NA
"E3","V3SPL140",13108,"zone3",0,0,NA
"E3","V3SPL140",13108,"zone4",0,0,NA
"E3","V3SPL140",13108,"zone5 (farthest)",0,0,NA
"E3","V3SPL140",13109,"zone1 (nearest)",0,0,NA
"E3","V3SPL140",13109,"zone2",0,0,NA
"E3","V3SPL140",13109,"zone3",0,0,NA
"E3","V3SPL140",13109,"zone4",0,0,NA
"E3","V3SPL140",13109,"zone5 (farthest)",0,0,NA
"E3","V3SPL140",13110,"zone1 (nearest)",0,0,NA
"E3","V3SPL140",13110,"zone2",0,0,NA
"E3","V3SPL140",13110,"zone3",0,0,NA
"E3","V3SPL140",13110,"zone4",0,0,NA
"E3","V3SPL140",13110,"zone5 (farthest)",0,0,NA
"E3","V3SPL140",14101,"zone1 (nearest)",0,0,NA
"E3","V3SPL140",14101,"zone2",0,0,NA
"E3","V3SPL140",14101,"zone3",0,0,NA
"E3","V3SPL140",14101,"zone4",0,0,NA
"E3","V3SPL140",14101,"zone5 (farthest)",0,0,NA
"E3","V3SPL140",14102,"zone1 (nearest)",0,0,NA
"E3","V3SPL140",14102,"zone2",0,0,NA
"E3","V3SPL140",14102,"zone3",0,0,NA
"E3","V3SPL140",14102,"zone4",0,0,NA
"E3","V3SPL140",14102,"zone5 (farthest)",0,0,NA
"E3","V3SPL140",14103,"zone1 (nearest)",0,0,NA
"E3","V3SPL140",14103,"zone2",0,0,NA
"E3","V3SPL140",14103,"zone3",0,0,NA
"E3","V3SPL140",14103,"zone4",0,0,NA
"E3","V3SPL140",14103,"zone5 (farthest)",0,0,NA
"E3","V3SPL140",14104,"zone1 (nearest)",0,0,NA
"E3","V3SPL140",14104,"zone2",0,0,NA
"E3","V3SPL140",14104,"zone3",0,0,NA
"E3","V3SPL140",14104,"zone4",0,0,NA
"E3","V3SPL140",14104,"zone5 (farthest)",0,0,NA
"E3","V3SPL140",14105,"zone1 (nearest)",0,0,NA
"E3","V3SPL140",14105,"zone2",0,0,NA
"E3","V3SPL140",14105,"zone3",0,0,NA
"E3","V3SPL140",14105,"zone4",0,0,NA
"E3","V3SPL140",14105,"zone5 (farthest)",0,0,NA
"E3","V3SPL140",14106,"zone1 (nearest)",0,0,NA
"E3","V3SPL140",14106,"zone2",0,0,NA
"E3","V3SPL140",14106,"zone3",0,0,NA
"E3","V3SPL140",14106,"zone4",0,0,NA
"E3","V3SPL140",14106,"zone5 (farthest)",0,0,NA
"E3","V3SPL140",14107,"zone1 (nearest)",0,0,NA
"E3","V3SPL140",14107,"zone2",0,0,NA
"E3","V3SPL140",14107,"zone3",0,0,NA
"E3","V3SPL140",14107,"zone4",0,0,NA
"E3","V3SPL140",14107,"zone5 (farthest)",0,0,NA
"E3","V3SPL140",14108,"zone1 (nearest)",0,0,NA
"E3","V3SPL140",14108,"zone2",0,0,NA
"E3","V3SPL140",14108,"zone3",0,0,NA
"E3","V3SPL140",14108,"zone4",0,0,NA
"E3","V3SPL140",14108,"zone5 (farthest)",0,0,NA
"E3","V3SPL140",14109,"zone1 (nearest)",0,0,NA
"E3","V3SPL140",14109,"zone2",0,0,NA
"E3","V3SPL140",14109,"zone3",0,0,NA
"E3","V3SPL140",14109,"zone4",0,0,NA
"E3","V3SPL140",14109,"zone5 (farthest)",0,0,NA
"E3","V3SPL140",14110,"zone1 (nearest)",0,0,NA
"E3","V3SPL140",14110,"zone2",0,0,NA
"E3","V3SPL140",14110,"zone3",0,0,NA
"E3","V3SPL140",14110,"zone4",0,0,NA
"E3","V3SPL140",14110,"zone5 (farthest)",0,0,NA
"E3","V3SPL140",15101,"zone1 (nearest)",0,0,NA
"E3","V3SPL140",15101,"zone2",0,0,NA
"E3","V3SPL140",15101,"zone3",0,0,NA
"E3","V3SPL140",15101,"zone4",0,0,NA
"E3","V3SPL140",15101,"zone5 (farthest)",0,0,NA
"E3","V3SPL140",15102,"zone1 (nearest)",0,0,NA
"E3","V3SPL140",15102,"zone2",0,0,NA
"E3","V3SPL140",15102,"zone3",0,0,NA
"E3","V3SPL140",15102,"zone4",0,0,NA
"E3","V3SPL140",15102,"zone5 (farthest)",0,0,NA
"E3","V3SPL140",15103,"zone1 (nearest)",0,0,NA
"E3","V3SPL140",15103,"zone2",0,0,NA
"E3","V3SPL140",15103,"zone3",0,0,NA
"E3","V3SPL140",15103,"zone4",0,0,NA
"E3","V3SPL140",15103,"zone5 (farthest)",0,0,NA
"E3","V3SPL140",15104,"zone1 (nearest)",0,0,NA
"E3","V3SPL140",15104,"zone2",0,0,NA
"E3","V3SPL140",15104,"zone3",0,0,NA
"E3","V3SPL140",15104,"zone4",0,0,NA
"E3","V3SPL140",15104,"zone5 (farthest)",0,0,NA
"E3","V3SPL140",15105,"zone1 (nearest)",0,0,NA
"E3","V3SPL140",15105,"zone2",0,0,NA
"E3","V3SPL140",15105,"zone3",0,0,NA
"E3","V3SPL140",15105,"zone4",0,0,NA
"E3","V3SPL140",15105,"zone5 (farthest)",0,0,NA
"E3","V3SPL140",15106,"zone1 (nearest)",0,0,NA
"E3","V3SPL140",15106,"zone2",0,0,NA
"E3","V3SPL140",15106,"zone3",0,0,NA
"E3","V3SPL140",15106,"zone4",0,0,NA
"E3","V3SPL140",15106,"zone5 (farthest)",0,0,NA
"E3","V3SPL140",15107,"zone1 (nearest)",0,0,NA
"E3","V3SPL140",15107,"zone2",0,0,NA
"E3","V3SPL140",15107,"zone3",0,0,NA
"E3","V3SPL140",15107,"zone4",0,0,NA
"E3","V3SPL140",15107,"zone5 (farthest)",0,0,NA
"E3","V3SPL140",15108,"zone1 (nearest)",0,0,NA
"E3","V3SPL140",15108,"zone2",0,0,NA
"E3","V3SPL140",15108,"zone3",0,0,NA
"E3","V3SPL140",15108,"zone4",0,0,NA
"E3","V3SPL140",15108,"zone5 (farthest)",0,0,NA
"E3","V3SPL140",15109,"zone1 (nearest)",0,0,NA
"E3","V3SPL140",15109,"zone2",0,0,NA
"E3","V3SPL140",15109,"zone3",0,0,NA
"E3","V3SPL140",15109,"zone4",0,0,NA
"E3","V3SPL140",15109,"zone5 (farthest)",0,0,NA
"E3","V3SPL140",15110,"zone1 (nearest)",0,0,NA
"E3","V3SPL140",15110,"zone2",0,0,NA
"E3","V3SPL140",15110,"zone3",0,0,NA
"E3","V3SPL140",15110,"zone4",0,0,NA
"E3","V3SPL140",15110,"zone5 (farthest)",0,0,NA
"E3","V3SPL140",16101,"zone1 (nearest)",0,0,NA
"E3","V3SPL140",16101,"zone2",0,0,NA
"E3","V3SPL140",16101,"zone3",0,0,NA
"E3","V3SPL140",16101,"zone4",0,0,NA
"E3","V3SPL140",16101,"zone5 (farthest)",0,0,NA
"E3","V3SPL140",16102,"zone1 (nearest)",0,0,NA
"E3","V3SPL140",16102,"zone2",0,0,NA
"E3","V3SPL140",16102,"zone3",0,0,NA
"E3","V3SPL140",16102,"zone4",0,0,NA
"E3","V3SPL140",16102,"zone5 (farthest)",0,0,NA
"E3","V3SPL140",16103,"zone1 (nearest)",0,0,NA
"E3","V3SPL140",16103,"zone2",0,0,NA
"E3","V3SPL140",16103,"zone3",0,0,NA
"E3","V3SPL140",16103,"zone4",0,0,NA
"E3","V3SPL140",16103,"zone5 (farthest)",0,0,NA
"E3","V3SPL140",16104,"zone1 (nearest)",0,0,NA
"E3","V3SPL140",16104,"zone2",0,0,NA
"E3","V3SPL140",16104,"zone3",0,0,NA
"E3","V3SPL140",16104,"zone4",0,0,NA
"E3","V3SPL140",16104,"zone5 (farthest)",0,0,NA
"E3","V3SPL140",16105,"zone1 (nearest)",0,0,NA
"E3","V3SPL140",16105,"zone2",0,0,NA
"E3","V3SPL140",16105,"zone3",0,0,NA
"E3","V3SPL140",16105,"zone4",0,0,NA
"E3","V3SPL140",16105,"zone5 (farthest)",0,0,NA
"E3","V3SPL140",16106,"zone1 (nearest)",0,0,NA
"E3","V3SPL140",16106,"zone2",0,0,NA
"E3","V3SPL140",16106,"zone3",0,0,NA
"E3","V3SPL140",16106,"zone4",0,0,NA
"E3","V3SPL140",16106,"zone5 (farthest)",0,0,NA
"E3","V3SPL140",16107,"zone1 (nearest)",0,0,NA
"E3","V3SPL140",16107,"zone2",0,0,NA
"E3","V3SPL140",16107,"zone3",0,0,NA
"E3","V3SPL140",16107,"zone4",0,0,NA
"E3","V3SPL140",16107,"zone5 (farthest)",0,0,NA
"E3","V3SPL140",16108,"zone1 (nearest)",0,0,NA
"E3","V3SPL140",16108,"zone2",0,0,NA
"E3","V3SPL140",16108,"zone3",0,0,NA
"E3","V3SPL140",16108,"zone4",0,0,NA
"E3","V3SPL140",16108,"zone5 (farthest)",0,0,NA
"E3","V3SPL140",16109,"zone1 (nearest)",0,0,NA
"E3","V3SPL140",16109,"zone2",0,0,NA
"E3","V3SPL140",16109,"zone3",0,0,NA
"E3","V3SPL140",16109,"zone4",0,0,NA
"E3","V3SPL140",16109,"zone5 (farthest)",0,0,NA
"E3","V3SPL140",16110,"zone1 (nearest)",0,0,NA
"E3","V3SPL140",16110,"zone2",0,0,NA
"E3","V3SPL140",16110,"zone3",0,0,NA
"E3","V3SPL140",16110,"zone4",0,0,NA
"E3","V3SPL140",16110,"zone5 (farthest)",0,0,NA
"E3","V3SPL140",17101,"zone1 (nearest)",0,0,NA
"E3","V3SPL140",17101,"zone2",0,0,NA
"E3","V3SPL140",17101,"zone3",0,0,NA
"E3","V3SPL140",17101,"zone4",0,0,NA
"E3","V3SPL140",17101,"zone5 (farthest)",0,0,NA
"E3","V3SPL140",17102,"zone1 (nearest)",0,0,NA
"E3","V3SPL140",17102,"zone2",0,0,NA
"E3","V3SPL140",17102,"zone3",0,0,NA
"E3","V3SPL140",17102,"zone4",0,0,NA
"E3","V3SPL140",17102,"zone5 (farthest)",0,0,NA
"E3","V3SPL140",17103,"zone1 (nearest)",0,0,NA
"E3","V3SPL140",17103,"zone2",0,0,NA
"E3","V3SPL140",17103,"zone3",0,0,NA
"E3","V3SPL140",17103,"zone4",0,0,NA
"E3","V3SPL140",17103,"zone5 (farthest)",0,0,NA
"E3","V3SPL140",17104,"zone1 (nearest)",0,0,NA
"E3","V3SPL140",17104,"zone2",0,0,NA
"E3","V3SPL140",17104,"zone3",0,0,NA
"E3","V3SPL140",17104,"zone4",0,0,NA
"E3","V3SPL140",17104,"zone5 (farthest)",0,0,NA
"E3","V3SPL140",17105,"zone1 (nearest)",0,0,NA
"E3","V3SPL140",17105,"zone2",0,0,NA
"E3","V3SPL140",17105,"zone3",0,0,NA
"E3","V3SPL140",17105,"zone4",0,0,NA
"E3","V3SPL140",17105,"zone5 (farthest)",0,0,NA
"E3","V3SPL140",17106,"zone1 (nearest)",0,0,NA
"E3","V3SPL140",17106,"zone2",0,0,NA
"E3","V3SPL140",17106,"zone3",0,0,NA
"E3","V3SPL140",17106,"zone4",0,0,NA
"E3","V3SPL140",17106,"zone5 (farthest)",0,0,NA
"E3","V3SPL140",17107,"zone1 (nearest)",0,0,NA
"E3","V3SPL140",17107,"zone2",0,0,NA
"E3","V3SPL140",17107,"zone3",0,0,NA
"E3","V3SPL140",17107,"zone4",0,0,NA
"E3","V3SPL140",17107,"zone5 (farthest)",0,0,NA
"E3","V3SPL140",17108,"zone1 (nearest)",0,0,NA
"E3","V3SPL140",17108,"zone2",0,0,NA
"E3","V3SPL140",17108,"zone3",0,0,NA
"E3","V3SPL140",17108,"zone4",0,0,NA
"E3","V3SPL140",17108,"zone5 (farthest)",0,0,NA
"E3","V3SPL140",17109,"zone1 (nearest)",0,0,NA
"E3","V3SPL140",17109,"zone2",0,0,NA
"E3","V3SPL140",17109,"zone3",0,0,NA
"E3","V3SPL140",17109,"zone4",0,0,NA
"E3","V3SPL140",17109,"zone5 (farthest)",0,0,NA
"E3","V3SPL140",17110,"zone1 (nearest)",0,0,NA
"E3","V3SPL140",17110,"zone2",0,0,NA
"E3","V3SPL140",17110,"zone3",0,0,NA
"E3","V3SPL140",17110,"zone4",0,0,NA
"E3","V3SPL140",17110,"zone5 (farthest)",0,0,NA
"E3","V3SPL140",18101,"zone1 (nearest)",0,0,NA
"E3","V3SPL140",18101,"zone2",0,0,NA
"E3","V3SPL140",18101,"zone3",0,0,NA
"E3","V3SPL140",18101,"zone4",0,0,NA
"E3","V3SPL140",18101,"zone5 (farthest)",0,0,NA
"E3","V3SPL140",18102,"zone1 (nearest)",0,0,NA
"E3","V3SPL140",18102,"zone2",0,0,NA
"E3","V3SPL140",18102,"zone3",0,0,NA
"E3","V3SPL140",18102,"zone4",0,0,NA
"E3","V3SPL140",18102,"zone5 (farthest)",0,0,NA
"E3","V3SPL140",18103,"zone1 (nearest)",0,0,NA
"E3","V3SPL140",18103,"zone2",0,0,NA
"E3","V3SPL140",18103,"zone3",0,0,NA
"E3","V3SPL140",18103,"zone4",0,0,NA
"E3","V3SPL140",18103,"zone5 (farthest)",0,0,NA
"E3","V3SPL140",18104,"zone1 (nearest)",0,0,NA
"E3","V3SPL140",18104,"zone2",0,0,NA
"E3","V3SPL140",18104,"zone3",0,0,NA
"E3","V3SPL140",18104,"zone4",0,0,NA
"E3","V3SPL140",18104,"zone5 (farthest)",0,0,NA
"E3","V3SPL140",18105,"zone1 (nearest)",0,0,NA
"E3","V3SPL140",18105,"zone2",0,0,NA
"E3","V3SPL140",18105,"zone3",0,0,NA
"E3","V3SPL140",18105,"zone4",0,0,NA
"E3","V3SPL140",18105,"zone5 (farthest)",0,0,NA
"E3","V3SPL140",18106,"zone1 (nearest)",0,0,NA
"E3","V3SPL140",18106,"zone2",0,0,NA
"E3","V3SPL140",18106,"zone3",0,0,NA
"E3","V3SPL140",18106,"zone4",0,0,NA
"E3","V3SPL140",18106,"zone5 (farthest)",0,0,NA
"E3","V3SPL140",18107,"zone1 (nearest)",0,0,NA
"E3","V3SPL140",18107,"zone2",0,0,NA
"E3","V3SPL140",18107,"zone3",0,0,NA
"E3","V3SPL140",18107,"zone4",0,0,NA
"E3","V3SPL140",18107,"zone5 (farthest)",0,0,NA
"E3","V3SPL140",18108,"zone1 (nearest)",0,0,NA
"E3","V3SPL140",18108,"zone2",0,0,NA
"E3","V3SPL140",18108,"zone3",0,0,NA
"E3","V3SPL140",18108,"zone4",0,0,NA
"E3","V3SPL140",18108,"zone5 (farthest)",0,0,NA
"E3","V3SPL140",18109,"zone1 (nearest)",0,0,NA
"E3","V3SPL140",18109,"zone2",0,0,NA
"E3","V3SPL140",18109,"zone3",0,0,NA
"E3","V3SPL140",18109,"zone4",0,0,NA
"E3","V3SPL140",18109,"zone5 (farthest)",0,0,NA
"E3","V3SPL140",18110,"zone1 (nearest)",0,0,NA
"E3","V3SPL140",18110,"zone2",0,0,NA
"E3","V3SPL140",18110,"zone3",0,0,NA
"E3","V3SPL140",18110,"zone4",0,0,NA
"E3","V3SPL140",18110,"zone5 (farthest)",0,0,NA
"E3","V3SPL140",19101,"zone1 (nearest)",0,0,NA
"E3","V3SPL140",19101,"zone2",0,0,NA
"E3","V3SPL140",19101,"zone3",0,0,NA
"E3","V3SPL140",19101,"zone4",0,0,NA
"E3","V3SPL140",19101,"zone5 (farthest)",0,0,NA
"E3","V3SPL140",19102,"zone1 (nearest)",0,0,NA
"E3","V3SPL140",19102,"zone2",0,0,NA
"E3","V3SPL140",19102,"zone3",0,0,NA
"E3","V3SPL140",19102,"zone4",0,0,NA
"E3","V3SPL140",19102,"zone5 (farthest)",0,0,NA
"E3","V3SPL140",19103,"zone1 (nearest)",0,0,NA
"E3","V3SPL140",19103,"zone2",0,0,NA
"E3","V3SPL140",19103,"zone3",0,0,NA
"E3","V3SPL140",19103,"zone4",0,0,NA
"E3","V3SPL140",19103,"zone5 (farthest)",0,0,NA
"E3","V3SPL140",19104,"zone1 (nearest)",0,0,NA
"E3","V3SPL140",19104,"zone2",0,0,NA
"E3","V3SPL140",19104,"zone3",0,0,NA
"E3","V3SPL140",19104,"zone4",0,0,NA
"E3","V3SPL140",19104,"zone5 (farthest)",0,0,NA
"E3","V3SPL140",19105,"zone1 (nearest)",0,0,NA
"E3","V3SPL140",19105,"zone2",0,0,NA
"E3","V3SPL140",19105,"zone3",0,0,NA
"E3","V3SPL140",19105,"zone4",0,0,NA
"E3","V3SPL140",19105,"zone5 (farthest)",0,0,NA
"E3","V3SPL140",19106,"zone1 (nearest)",0,0,NA
"E3","V3SPL140",19106,"zone2",0,0,NA
"E3","V3SPL140",19106,"zone3",0,0,NA
"E3","V3SPL140",19106,"zone4",0,0,NA
"E3","V3SPL140",19106,"zone5 (farthest)",0,0,NA
"E3","V3SPL140",19107,"zone1 (nearest)",0,0,NA
"E3","V3SPL140",19107,"zone2",0,0,NA
"E3","V3SPL140",19107,"zone3",0,0,NA
"E3","V3SPL140",19107,"zone4",0,0,NA
"E3","V3SPL140",19107,"zone5 (farthest)",0,0,NA
"E3","V3SPL140",19108,"zone1 (nearest)",0,0,NA
"E3","V3SPL140",19108,"zone2",0,0,NA
"E3","V3SPL140",19108,"zone3",0,0,NA
"E3","V3SPL140",19108,"zone4",0,0,NA
"E3","V3SPL140",19108,"zone5 (farthest)",0,0,NA
"E3","V3SPL140",19109,"zone1 (nearest)",0,0,NA
"E3","V3SPL140",19109,"zone2",0,0,NA
"E3","V3SPL140",19109,"zone3",0,0,NA
"E3","V3SPL140",19109,"zone4",0,0,NA
"E3","V3SPL140",19109,"zone5 (farthest)",0,0,NA
"E3","V3SPL140",19110,"zone1 (nearest)",0,0,NA
"E3","V3SPL140",19110,"zone2",0,0,NA
"E3","V3SPL140",19110,"zone3",0,0,NA
"E3","V3SPL140",19110,"zone4",0,0,NA
"E3","V3SPL140",19110,"zone5 (farthest)",0,0,NA
"E3","V3SPL140",20101,"zone1 (nearest)",0,0,NA
"E3","V3SPL140",20101,"zone2",0,0,NA
"E3","V3SPL140",20101,"zone3",0,0,NA
"E3","V3SPL140",20101,"zone4",0,0,NA
"E3","V3SPL140",20101,"zone5 (farthest)",0,0,NA
"E3","V3SPL140",20102,"zone1 (nearest)",0,0,NA
"E3","V3SPL140",20102,"zone2",0,0,NA
"E3","V3SPL140",20102,"zone3",0,0,NA
"E3","V3SPL140",20102,"zone4",0,0,NA
"E3","V3SPL140",20102,"zone5 (farthest)",0,0,NA
"E3","V3SPL140",20103,"zone1 (nearest)",0,0,NA
"E3","V3SPL140",20103,"zone2",0,0,NA
"E3","V3SPL140",20103,"zone3",0,0,NA
"E3","V3SPL140",20103,"zone4",0,0,NA
"E3","V3SPL140",20103,"zone5 (farthest)",0,0,NA
"E3","V3SPL140",20104,"zone1 (nearest)",0,0,NA
"E3","V3SPL140",20104,"zone2",0,0,NA
"E3","V3SPL140",20104,"zone3",0,0,NA
"E3","V3SPL140",20104,"zone4",0,0,NA
"E3","V3SPL140",20104,"zone5 (farthest)",0,0,NA
"E3","V3SPL140",20105,"zone1 (nearest)",0,0,NA
"E3","V3SPL140",20105,"zone2",0,0,NA
"E3","V3SPL140",20105,"zone3",0,0,NA
"E3","V3SPL140",20105,"zone4",0,0,NA
"E3","V3SPL140",20105,"zone5 (farthest)",0,0,NA
"E3","V3SPL140",20106,"zone1 (nearest)",0,0,NA
"E3","V3SPL140",20106,"zone2",0,0,NA
"E3","V3SPL140",20106,"zone3",0,0,NA
"E3","V3SPL140",20106,"zone4",0,0,NA
"E3","V3SPL140",20106,"zone5 (farthest)",0,0,NA
"E3","V3SPL140",20107,"zone1 (nearest)",0,0,NA
"E3","V3SPL140",20107,"zone2",0,0,NA
"E3","V3SPL140",20107,"zone3",0,0,NA
"E3","V3SPL140",20107,"zone4",0,0,NA
"E3","V3SPL140",20107,"zone5 (farthest)",0,0,NA
"E3","V3SPL140",20108,"zone1 (nearest)",0,0,NA
"E3","V3SPL140",20108,"zone2",0,0,NA
"E3","V3SPL140",20108,"zone3",0,0,NA
"E3","V3SPL140",20108,"zone4",0,0,NA
"E3","V3SPL140",20108,"zone5 (farthest)",0,0,NA
"E3","V3SPL140",20109,"zone1 (nearest)",0,0,NA
"E3","V3SPL140",20109,"zone2",0,0,NA
"E3","V3SPL140",20109,"zone3",0,0,NA
"E3","V3SPL140",20109,"zone4",0,0,NA
"E3","V3SPL140",20109,"zone5 (farthest)",0,0,NA
"E3","V3SPL140",20110,"zone1 (nearest)",0,0,NA
"E3","V3SPL140",20110,"zone2",0,0,NA
"E3","V3SPL140",20110,"zone3",0,0,NA
"E3","V3SPL140",20110,"zone4",0,0,NA
"E3","V3SPL140",20110,"zone5 (farthest)",0,0,NA
"E3","V3SPL140",21101,"zone1 (nearest)",0,0,NA
"E3","V3SPL140",21101,"zone2",0,0,NA
"E3","V3SPL140",21101,"zone3",0,0,NA
"E3","V3SPL140",21101,"zone4",0,0,NA
"E3","V3SPL140",21101,"zone5 (farthest)",0,0,NA
"E3","V3SPL140",21102,"zone1 (nearest)",0,0,NA
"E3","V3SPL140",21102,"zone2",0,0,NA
"E3","V3SPL140",21102,"zone3",0,0,NA
"E3","V3SPL140",21102,"zone4",0,0,NA
"E3","V3SPL140",21102,"zone5 (farthest)",0,0,NA
"E3","V3SPL140",21103,"zone1 (nearest)",0,0,NA
"E3","V3SPL140",21103,"zone2",0,0,NA
"E3","V3SPL140",21103,"zone3",0,0,NA
"E3","V3SPL140",21103,"zone4",0,0,NA
"E3","V3SPL140",21103,"zone5 (farthest)",0,0,NA
"E3","V3SPL140",21104,"zone1 (nearest)",0,0,NA
"E3","V3SPL140",21104,"zone2",0,0,NA
"E3","V3SPL140",21104,"zone3",0,0,NA
"E3","V3SPL140",21104,"zone4",0,0,NA
"E3","V3SPL140",21104,"zone5 (farthest)",0,0,NA
"E3","V3SPL140",21105,"zone1 (nearest)",0,0,NA
"E3","V3SPL140",21105,"zone2",0,0,NA
"E3","V3SPL140",21105,"zone3",0,0,NA
"E3","V3SPL140",21105,"zone4",0,0,NA
"E3","V3SPL140",21105,"zone5 (farthest)",0,0,NA
"E3","V3SPL140",21106,"zone1 (nearest)",0,0,NA
"E3","V3SPL140",21106,"zone2",0,0,NA
"E3","V3SPL140",21106,"zone3",0,0,NA
"E3","V3SPL140",21106,"zone4",0,0,NA
"E3","V3SPL140",21106,"zone5 (farthest)",0,0,NA
"E3","V3SPL140",21107,"zone1 (nearest)",0,0,NA
"E3","V3SPL140",21107,"zone2",0,0,NA
"E3","V3SPL140",21107,"zone3",0,0,NA
"E3","V3SPL140",21107,"zone4",0,0,NA
"E3","V3SPL140",21107,"zone5 (farthest)",0,0,NA
"E3","V3SPL140",21108,"zone1 (nearest)",0,0,NA
"E3","V3SPL140",21108,"zone2",0,0,NA
"E3","V3SPL140",21108,"zone3",0,0,NA
"E3","V3SPL140",21108,"zone4",0,0,NA
"E3","V3SPL140",21108,"zone5 (farthest)",0,0,NA
"E3","V3SPL140",21109,"zone1 (nearest)",0,0,NA
"E3","V3SPL140",21109,"zone2",0,0,NA
"E3","V3SPL140",21109,"zone3",0,0,NA
"E3","V3SPL140",21109,"zone4",0,0,NA
"E3","V3SPL140",21109,"zone5 (farthest)",0,0,NA
"E3","V3SPL140",21110,"zone1 (nearest)",0,0,NA
"E3","V3SPL140",21110,"zone2",0,0,NA
"E3","V3SPL140",21110,"zone3",0,0,NA
"E3","V3SPL140",21110,"zone4",0,0,NA
"E3","V3SPL140",21110,"zone5 (farthest)",0,0,NA
"E3","V3SPL140",22101,"zone1 (nearest)",0,0,NA
"E3","V3SPL140",22101,"zone2",0,0,NA
"E3","V3SPL140",22101,"zone3",0,0,NA
"E3","V3SPL140",22101,"zone4",0,0,NA
"E3","V3SPL140",22101,"zone5 (farthest)",0,0,NA
"E3","V3SPL140",22102,"zone1 (nearest)",0,0,NA
"E3","V3SPL140",22102,"zone2",0,0,NA
"E3","V3SPL140",22102,"zone3",0,0,NA
"E3","V3SPL140",22102,"zone4",0,0,NA
"E3","V3SPL140",22102,"zone5 (farthest)",0,0,NA
"E3","V3SPL140",22103,"zone1 (nearest)",0,0,NA
"E3","V3SPL140",22103,"zone2",0,0,NA
"E3","V3SPL140",22103,"zone3",0,0,NA
"E3","V3SPL140",22103,"zone4",0,0,NA
"E3","V3SPL140",22103,"zone5 (farthest)",0,0,NA
"E3","V3SPL140",22104,"zone1 (nearest)",0,0,NA
"E3","V3SPL140",22104,"zone2",0,0,NA
"E3","V3SPL140",22104,"zone3",0,0,NA
"E3","V3SPL140",22104,"zone4",0,0,NA
"E3","V3SPL140",22104,"zone5 (farthest)",0,0,NA
"E3","V3SPL140",22105,"zone1 (nearest)",0,0,NA
"E3","V3SPL140",22105,"zone2",0,0,NA
"E3","V3SPL140",22105,"zone3",0,0,NA
"E3","V3SPL140",22105,"zone4",0,0,NA
"E3","V3SPL140",22105,"zone5 (farthest)",0,0,NA
"E3","V3SPL140",22106,"zone1 (nearest)",0,0,NA
"E3","V3SPL140",22106,"zone2",0,0,NA
"E3","V3SPL140",22106,"zone3",0,0,NA
"E3","V3SPL140",22106,"zone4",0,0,NA
"E3","V3SPL140",22106,"zone5 (farthest)",0,0,NA
"E3","V3SPL140",22107,"zone1 (nearest)",0,0,NA
"E3","V3SPL140",22107,"zone2",0,0,NA
"E3","V3SPL140",22107,"zone3",0,0,NA
"E3","V3SPL140",22107,"zone4",0,0,NA
"E3","V3SPL140",22107,"zone5 (farthest)",0,0,NA
"E3","V3SPL140",22108,"zone1 (nearest)",0,0,NA
"E3","V3SPL140",22108,"zone2",0,0,NA
"E3","V3SPL140",22108,"zone3",0,0,NA
"E3","V3SPL140",22108,"zone4",0,0,NA
"E3","V3SPL140",22108,"zone5 (farthest)",0,0,NA
"E3","V3SPL140",22109,"zone1 (nearest)",0,0,NA
"E3","V3SPL140",22109,"zone2",0,0,NA
"E3","V3SPL140",22109,"zone3",0,0,NA
"E3","V3SPL140",22109,"zone4",0,0,NA
"E3","V3SPL140",22109,"zone5 (farthest)",0,0,NA
"E3","V3SPL140",22110,"zone1 (nearest)",0,0,NA
"E3","V3SPL140",22110,"zone2",0,0,NA
"E3","V3SPL140",22110,"zone3",0,0,NA
"E3","V3SPL140",22110,"zone4",0,0,NA
"E3","V3SPL140",22110,"zone5 (farthest)",0,0,NA
"E3","V3SPL140",23101,"zone1 (nearest)",0,0,NA
"E3","V3SPL140",23101,"zone2",0,0,NA
"E3","V3SPL140",23101,"zone3",0,0,NA
"E3","V3SPL140",23101,"zone4",0,0,NA
"E3","V3SPL140",23101,"zone5 (farthest)",0,0,NA
"E3","V3SPL140",23102,"zone1 (nearest)",0,0,NA
"E3","V3SPL140",23102,"zone2",0,0,NA
"E3","V3SPL140",23102,"zone3",0,0,NA
"E3","V3SPL140",23102,"zone4",0,0,NA
"E3","V3SPL140",23102,"zone5 (farthest)",0,0,NA
"E3","V3SPL140",23103,"zone1 (nearest)",0,0,NA
"E3","V3SPL140",23103,"zone2",0,0,NA
"E3","V3SPL140",23103,"zone3",0,0,NA
"E3","V3SPL140",23103,"zone4",0,0,NA
"E3","V3SPL140",23103,"zone5 (farthest)",0,0,NA
"E3","V3SPL140",23104,"zone1 (nearest)",0,0,NA
"E3","V3SPL140",23104,"zone2",0,0,NA
"E3","V3SPL140",23104,"zone3",0,0,NA
"E3","V3SPL140",23104,"zone4",0,0,NA
"E3","V3SPL140",23104,"zone5 (farthest)",0,0,NA
"E3","V3SPL140",23105,"zone1 (nearest)",0,0,NA
"E3","V3SPL140",23105,"zone2",0,0,NA
"E3","V3SPL140",23105,"zone3",0,0,NA
"E3","V3SPL140",23105,"zone4",0,0,NA
"E3","V3SPL140",23105,"zone5 (farthest)",0,0,NA
"E3","V3SPL140",23106,"zone1 (nearest)",0,0,NA
"E3","V3SPL140",23106,"zone2",0,0,NA
"E3","V3SPL140",23106,"zone3",0,0,NA
"E3","V3SPL140",23106,"zone4",0,0,NA
"E3","V3SPL140",23106,"zone5 (farthest)",0,0,NA
"E3","V3SPL140",23107,"zone1 (nearest)",0,0,NA
"E3","V3SPL140",23107,"zone2",0,0,NA
"E3","V3SPL140",23107,"zone3",0,0,NA
"E3","V3SPL140",23107,"zone4",0,0,NA
"E3","V3SPL140",23107,"zone5 (farthest)",0,0,NA
"E3","V3SPL140",23108,"zone1 (nearest)",0,0,NA
"E3","V3SPL140",23108,"zone2",0,0,NA
"E3","V3SPL140",23108,"zone3",0,0,NA
"E3","V3SPL140",23108,"zone4",0,0,NA
"E3","V3SPL140",23108,"zone5 (farthest)",0,0,NA
"E3","V3SPL140",23109,"zone1 (nearest)",0,0,NA
"E3","V3SPL140",23109,"zone2",0,0,NA
"E3","V3SPL140",23109,"zone3",0,0,NA
"E3","V3SPL140",23109,"zone4",0,0,NA
"E3","V3SPL140",23109,"zone5 (farthest)",0,0,NA
"E3","V3SPL140",23110,"zone1 (nearest)",0,0,NA
"E3","V3SPL140",23110,"zone2",0,0,NA
"E3","V3SPL140",23110,"zone3",0,0,NA
"E3","V3SPL140",23110,"zone4",0,0,NA
"E3","V3SPL140",23110,"zone5 (farthest)",0,0,NA
"E3","V3SPL140",24101,"zone1 (nearest)",0,0,NA
"E3","V3SPL140",24101,"zone2",0,0,NA
"E3","V3SPL140",24101,"zone3",0,0,NA
"E3","V3SPL140",24101,"zone4",0,0,NA
"E3","V3SPL140",24101,"zone5 (farthest)",0,0,NA
"E3","V3SPL140",24102,"zone1 (nearest)",0,0,NA
"E3","V3SPL140",24102,"zone2",0,0,NA
"E3","V3SPL140",24102,"zone3",0,0,NA
"E3","V3SPL140",24102,"zone4",0,0,NA
"E3","V3SPL140",24102,"zone5 (farthest)",0,0,NA
"E3","V3SPL140",24103,"zone1 (nearest)",0,0,NA
"E3","V3SPL140",24103,"zone2",0,0,NA
"E3","V3SPL140",24103,"zone3",0,0,NA
"E3","V3SPL140",24103,"zone4",0,0,NA
"E3","V3SPL140",24103,"zone5 (farthest)",0,0,NA
"E3","V3SPL140",24104,"zone1 (nearest)",0,0,NA
"E3","V3SPL140",24104,"zone2",0,0,NA
"E3","V3SPL140",24104,"zone3",0,0,NA
"E3","V3SPL140",24104,"zone4",0,0,NA
"E3","V3SPL140",24104,"zone5 (farthest)",0,0,NA
"E3","V3SPL140",24105,"zone1 (nearest)",0,0,NA
"E3","V3SPL140",24105,"zone2",0,0,NA
"E3","V3SPL140",24105,"zone3",0,0,NA
"E3","V3SPL140",24105,"zone4",0,0,NA
"E3","V3SPL140",24105,"zone5 (farthest)",0,0,NA
"E3","V3SPL140",24106,"zone1 (nearest)",0,0,NA
"E3","V3SPL140",24106,"zone2",0,0,NA
"E3","V3SPL140",24106,"zone3",0,0,NA
"E3","V3SPL140",24106,"zone4",0,0,NA
"E3","V3SPL140",24106,"zone5 (farthest)",0,0,NA
"E3","V3SPL140",24107,"zone1 (nearest)",0,0,NA
"E3","V3SPL140",24107,"zone2",0,0,NA
"E3","V3SPL140",24107,"zone3",0,0,NA
"E3","V3SPL140",24107,"zone4",0,0,NA
"E3","V3SPL140",24107,"zone5 (farthest)",0,0,NA
"E3","V3SPL140",24108,"zone1 (nearest)",0,0,NA
"E3","V3SPL140",24108,"zone2",0,0,NA
"E3","V3SPL140",24108,"zone3",0,0,NA
"E3","V3SPL140",24108,"zone4",0,0,NA
"E3","V3SPL140",24108,"zone5 (farthest)",0,0,NA
"E3","V3SPL140",24109,"zone1 (nearest)",0,0,NA
"E3","V3SPL140",24109,"zone2",0,0,NA
"E3","V3SPL140",24109,"zone3",0,0,NA
"E3","V3SPL140",24109,"zone4",0,0,NA
"E3","V3SPL140",24109,"zone5 (farthest)",0,0,NA
"E3","V3SPL140",24110,"zone1 (nearest)",0,0,NA
"E3","V3SPL140",24110,"zone2",0,0,NA
"E3","V3SPL140",24110,"zone3",0,0,NA
"E3","V3SPL140",24110,"zone4",0,0,NA
"E3","V3SPL140",24110,"zone5 (farthest)",0,0,NA
"E3","V3SPL140",25101,"zone1 (nearest)",0,0,NA
"E3","V3SPL140",25101,"zone2",0,0,NA
"E3","V3SPL140",25101,"zone3",0,0,NA
"E3","V3SPL140",25101,"zone4",0,0,NA
"E3","V3SPL140",25101,"zone5 (farthest)",0,0,NA
"E3","V3SPL140",25102,"zone1 (nearest)",0,0,NA
"E3","V3SPL140",25102,"zone2",0,0,NA
"E3","V3SPL140",25102,"zone3",0,0,NA
"E3","V3SPL140",25102,"zone4",0,0,NA
"E3","V3SPL140",25102,"zone5 (farthest)",0,0,NA
"E3","V3SPL140",25103,"zone1 (nearest)",0,0,NA
"E3","V3SPL140",25103,"zone2",0,0,NA
"E3","V3SPL140",25103,"zone3",0,0,NA
"E3","V3SPL140",25103,"zone4",0,0,NA
"E3","V3SPL140",25103,"zone5 (farthest)",0,0,NA
"E3","V3SPL140",25104,"zone1 (nearest)",0,0,NA
"E3","V3SPL140",25104,"zone2",0,0,NA
"E3","V3SPL140",25104,"zone3",0,0,NA
"E3","V3SPL140",25104,"zone4",0,0,NA
"E3","V3SPL140",25104,"zone5 (farthest)",0,0,NA
"E3","V3SPL140",25105,"zone1 (nearest)",0,0,NA
"E3","V3SPL140",25105,"zone2",0,0,NA
"E3","V3SPL140",25105,"zone3",0,0,NA
"E3","V3SPL140",25105,"zone4",0,0,NA
"E3","V3SPL140",25105,"zone5 (farthest)",0,0,NA
"E3","V3SPL140",25106,"zone1 (nearest)",0,0,NA
"E3","V3SPL140",25106,"zone2",0,0,NA
"E3","V3SPL140",25106,"zone3",0,0,NA
"E3","V3SPL140",25106,"zone4",0,0,NA
"E3","V3SPL140",25106,"zone5 (farthest)",0,0,NA
"E3","V3SPL140",25107,"zone1 (nearest)",0,0,NA
"E3","V3SPL140",25107,"zone2",0,0,NA
"E3","V3SPL140",25107,"zone3",0,0,NA
"E3","V3SPL140",25107,"zone4",0,0,NA
"E3","V3SPL140",25107,"zone5 (farthest)",0,0,NA
"E3","V3SPL140",25108,"zone1 (nearest)",0,0,NA
"E3","V3SPL140",25108,"zone2",0,0,NA
"E3","V3SPL140",25108,"zone3",0,0,NA
"E3","V3SPL140",25108,"zone4",0,0,NA
"E3","V3SPL140",25108,"zone5 (farthest)",0,0,NA
"E3","V3SPL140",25109,"zone1 (nearest)",0,0,NA
"E3","V3SPL140",25109,"zone2",0,0,NA
"E3","V3SPL140",25109,"zone3",0,0,NA
"E3","V3SPL140",25109,"zone4",0,0,NA
"E3","V3SPL140",25109,"zone5 (farthest)",0,0,NA
"E3","V3SPL140",25110,"zone1 (nearest)",0,0,NA
"E3","V3SPL140",25110,"zone2",0,0,NA
"E3","V3SPL140",25110,"zone3",0,0,NA
"E3","V3SPL140",25110,"zone4",0,0,NA
"E3","V3SPL140",25110,"zone5 (farthest)",0,0,NA
"E3","V3SPL140",26101,"zone1 (nearest)",0,0,NA
"E3","V3SPL140",26101,"zone2",0,0,NA
"E3","V3SPL140",26101,"zone3",0,0,NA
"E3","V3SPL140",26101,"zone4",0,0,NA
"E3","V3SPL140",26101,"zone5 (farthest)",0,0,NA
"E3","V3SPL140",26102,"zone1 (nearest)",0,0,NA
"E3","V3SPL140",26102,"zone2",0,0,NA
"E3","V3SPL140",26102,"zone3",0,0,NA
"E3","V3SPL140",26102,"zone4",0,0,NA
"E3","V3SPL140",26102,"zone5 (farthest)",0,0,NA
"E3","V3SPL140",26103,"zone1 (nearest)",0,0,NA
"E3","V3SPL140",26103,"zone2",0,0,NA
"E3","V3SPL140",26103,"zone3",0,0,NA
"E3","V3SPL140",26103,"zone4",0,0,NA
"E3","V3SPL140",26103,"zone5 (farthest)",0,0,NA
"E3","V3SPL140",26104,"zone1 (nearest)",0,0,NA
"E3","V3SPL140",26104,"zone2",0,0,NA
"E3","V3SPL140",26104,"zone3",0,0,NA
"E3","V3SPL140",26104,"zone4",0,0,NA
"E3","V3SPL140",26104,"zone5 (farthest)",0,0,NA
"E3","V3SPL140",26105,"zone1 (nearest)",0,0,NA
"E3","V3SPL140",26105,"zone2",0,0,NA
"E3","V3SPL140",26105,"zone3",0,0,NA
"E3","V3SPL140",26105,"zone4",0,0,NA
"E3","V3SPL140",26105,"zone5 (farthest)",0,0,NA
"E3","V3SPL140",26106,"zone1 (nearest)",0,0,NA
"E3","V3SPL140",26106,"zone2",0,0,NA
"E3","V3SPL140",26106,"zone3",0,0,NA
"E3","V3SPL140",26106,"zone4",0,0,NA
"E3","V3SPL140",26106,"zone5 (farthest)",0,0,NA
"E3","V3SPL140",26107,"zone1 (nearest)",0,0,NA
"E3","V3SPL140",26107,"zone2",0,0,NA
"E3","V3SPL140",26107,"zone3",0,0,NA
"E3","V3SPL140",26107,"zone4",0,0,NA
"E3","V3SPL140",26107,"zone5 (farthest)",0,0,NA
"E3","V3SPL140",26108,"zone1 (nearest)",0,0,NA
"E3","V3SPL140",26108,"zone2",0,0,NA
"E3","V3SPL140",26108,"zone3",0,0,NA
"E3","V3SPL140",26108,"zone4",0,0,NA
"E3","V3SPL140",26108,"zone5 (farthest)",0,0,NA
"E3","V3SPL140",26109,"zone1 (nearest)",0,0,NA
"E3","V3SPL140",26109,"zone2",0,0,NA
"E3","V3SPL140",26109,"zone3",0,0,NA
"E3","V3SPL140",26109,"zone4",0,0,NA
"E3","V3SPL140",26109,"zone5 (farthest)",0,0,NA
"E3","V3SPL140",26110,"zone1 (nearest)",0,0,NA
"E3","V3SPL140",26110,"zone2",0,0,NA
"E3","V3SPL140",26110,"zone3",0,0,NA
"E3","V3SPL140",26110,"zone4",0,0,NA
"E3","V3SPL140",26110,"zone5 (farthest)",0,0,NA
"E3","V3SPL140",27101,"zone1 (nearest)",0,0,NA
"E3","V3SPL140",27101,"zone2",0,0,NA
"E3","V3SPL140",27101,"zone3",0,0,NA
"E3","V3SPL140",27101,"zone4",0,0,NA
"E3","V3SPL140",27101,"zone5 (farthest)",0,0,NA
"E3","V3SPL140",27102,"zone1 (nearest)",0,0,NA
"E3","V3SPL140",27102,"zone2",0,0,NA
"E3","V3SPL140",27102,"zone3",0,0,NA
"E3","V3SPL140",27102,"zone4",0,0,NA
"E3","V3SPL140",27102,"zone5 (farthest)",0,0,NA
"E3","V3SPL140",27103,"zone1 (nearest)",0,0,NA
"E3","V3SPL140",27103,"zone2",0,0,NA
"E3","V3SPL140",27103,"zone3",0,0,NA
"E3","V3SPL140",27103,"zone4",0,0,NA
"E3","V3SPL140",27103,"zone5 (farthest)",0,0,NA
"E3","V3SPL140",27104,"zone1 (nearest)",0,0,NA
"E3","V3SPL140",27104,"zone2",0,0,NA
"E3","V3SPL140",27104,"zone3",0,0,NA
"E3","V3SPL140",27104,"zone4",0,0,NA
"E3","V3SPL140",27104,"zone5 (farthest)",0,0,NA
"E3","V3SPL140",27105,"zone1 (nearest)",0,0,NA
"E3","V3SPL140",27105,"zone2",0,0,NA
"E3","V3SPL140",27105,"zone3",0,0,NA
"E3","V3SPL140",27105,"zone4",0,0,NA
"E3","V3SPL140",27105,"zone5 (farthest)",0,0,NA
"E3","V3SPL140",27106,"zone1 (nearest)",0,0,NA
"E3","V3SPL140",27106,"zone2",0,0,NA
"E3","V3SPL140",27106,"zone3",0,0,NA
"E3","V3SPL140",27106,"zone4",0,0,NA
"E3","V3SPL140",27106,"zone5 (farthest)",0,0,NA
"E3","V3SPL140",27107,"zone1 (nearest)",0,0,NA
"E3","V3SPL140",27107,"zone2",0,0,NA
"E3","V3SPL140",27107,"zone3",0,0,NA
"E3","V3SPL140",27107,"zone4",0,0,NA
"E3","V3SPL140",27107,"zone5 (farthest)",0,0,NA
"E3","V3SPL140",27108,"zone1 (nearest)",0,0,NA
"E3","V3SPL140",27108,"zone2",0,0,NA
"E3","V3SPL140",27108,"zone3",0,0,NA
"E3","V3SPL140",27108,"zone4",0,0,NA
"E3","V3SPL140",27108,"zone5 (farthest)",0,0,NA
"E3","V3SPL140",27109,"zone1 (nearest)",0,0,NA
"E3","V3SPL140",27109,"zone2",0,0,NA
"E3","V3SPL140",27109,"zone3",0,0,NA
"E3","V3SPL140",27109,"zone4",0,0,NA
"E3","V3SPL140",27109,"zone5 (farthest)",0,0,NA
"E3","V3SPL140",27110,"zone1 (nearest)",0,0,NA
"E3","V3SPL140",27110,"zone2",0,0,NA
"E3","V3SPL140",27110,"zone3",0,0,NA
"E3","V3SPL140",27110,"zone4",0,0,NA
"E3","V3SPL140",27110,"zone5 (farthest)",0,0,NA
"E3","V3SPL140",28101,"zone1 (nearest)",0,0,NA
"E3","V3SPL140",28101,"zone2",0,0,NA
"E3","V3SPL140",28101,"zone3",0,0,NA
"E3","V3SPL140",28101,"zone4",0,0,NA
"E3","V3SPL140",28101,"zone5 (farthest)",0,0,NA
"E3","V3SPL140",28102,"zone1 (nearest)",0,0,NA
"E3","V3SPL140",28102,"zone2",0,0,NA
"E3","V3SPL140",28102,"zone3",0,0,NA
"E3","V3SPL140",28102,"zone4",0,0,NA
"E3","V3SPL140",28102,"zone5 (farthest)",0,0,NA
"E3","V3SPL140",28103,"zone1 (nearest)",0,0,NA
"E3","V3SPL140",28103,"zone2",0,0,NA
"E3","V3SPL140",28103,"zone3",0,0,NA
"E3","V3SPL140",28103,"zone4",0,0,NA
"E3","V3SPL140",28103,"zone5 (farthest)",0,0,NA
"E3","V3SPL140",28104,"zone1 (nearest)",0,0,NA
"E3","V3SPL140",28104,"zone2",0,0,NA
"E3","V3SPL140",28104,"zone3",0,0,NA
"E3","V3SPL140",28104,"zone4",0,0,NA
"E3","V3SPL140",28104,"zone5 (farthest)",0,0,NA
"E3","V3SPL140",28105,"zone1 (nearest)",0,0,NA
"E3","V3SPL140",28105,"zone2",0,0,NA
"E3","V3SPL140",28105,"zone3",0,0,NA
"E3","V3SPL140",28105,"zone4",0,0,NA
"E3","V3SPL140",28105,"zone5 (farthest)",0,0,NA
"E3","V3SPL140",28106,"zone1 (nearest)",0,0,NA
"E3","V3SPL140",28106,"zone2",0,0,NA
"E3","V3SPL140",28106,"zone3",0,0,NA
"E3","V3SPL140",28106,"zone4",0,0,NA
"E3","V3SPL140",28106,"zone5 (farthest)",0,0,NA
"E3","V3SPL140",28107,"zone1 (nearest)",0,0,NA
"E3","V3SPL140",28107,"zone2",0,0,NA
"E3","V3SPL140",28107,"zone3",0,0,NA
"E3","V3SPL140",28107,"zone4",0,0,NA
"E3","V3SPL140",28107,"zone5 (farthest)",0,0,NA
"E3","V3SPL140",28108,"zone1 (nearest)",0,0,NA
"E3","V3SPL140",28108,"zone2",0,0,NA
"E3","V3SPL140",28108,"zone3",0,0,NA
"E3","V3SPL140",28108,"zone4",0,0,NA
"E3","V3SPL140",28108,"zone5 (farthest)",0,0,NA
"E3","V3SPL140",28109,"zone1 (nearest)",0,0,NA
"E3","V3SPL140",28109,"zone2",0,0,NA
"E3","V3SPL140",28109,"zone3",0,0,NA
"E3","V3SPL140",28109,"zone4",0,0,NA
"E3","V3SPL140",28109,"zone5 (farthest)",0,0,NA
"E3","V3SPL140",28110,"zone1 (nearest)",0,0,NA
"E3","V3SPL140",28110,"zone2",0,0,NA
"E3","V3SPL140",28110,"zone3",0,0,NA
"E3","V3SPL140",28110,"zone4",0,0,NA
"E3","V3SPL140",28110,"zone5 (farthest)",0,0,NA
"E3","V3SPL140",29101,"zone1 (nearest)",0,0,NA
"E3","V3SPL140",29101,"zone2",0,0,NA
"E3","V3SPL140",29101,"zone3",0,0,NA
"E3","V3SPL140",29101,"zone4",0,0,NA
"E3","V3SPL140",29101,"zone5 (farthest)",0,0,NA
"E3","V3SPL140",29102,"zone1 (nearest)",0,0,NA
"E3","V3SPL140",29102,"zone2",0,0,NA
"E3","V3SPL140",29102,"zone3",0,0,NA
"E3","V3SPL140",29102,"zone4",0,0,NA
"E3","V3SPL140",29102,"zone5 (farthest)",0,0,NA
"E3","V3SPL140",29103,"zone1 (nearest)",0,0,NA
"E3","V3SPL140",29103,"zone2",0,0,NA
"E3","V3SPL140",29103,"zone3",0,0,NA
"E3","V3SPL140",29103,"zone4",0,0,NA
"E3","V3SPL140",29103,"zone5 (farthest)",0,0,NA
"E3","V3SPL140",29104,"zone1 (nearest)",0,0,NA
"E3","V3SPL140",29104,"zone2",0,0,NA
"E3","V3SPL140",29104,"zone3",0,0,NA
"E3","V3SPL140",29104,"zone4",0,0,NA
"E3","V3SPL140",29104,"zone5 (farthest)",0,0,NA
"E3","V3SPL140",29105,"zone1 (nearest)",0,0,NA
"E3","V3SPL140",29105,"zone2",0,0,NA
"E3","V3SPL140",29105,"zone3",0,0,NA
"E3","V3SPL140",29105,"zone4",0,0,NA
"E3","V3SPL140",29105,"zone5 (farthest)",0,0,NA
"E3","V3SPL140",29106,"zone1 (nearest)",0,0,NA
"E3","V3SPL140",29106,"zone2",0,0,NA
"E3","V3SPL140",29106,"zone3",0,0,NA
"E3","V3SPL140",29106,"zone4",0,0,NA
"E3","V3SPL140",29106,"zone5 (farthest)",0,0,NA
"E3","V3SPL140",29107,"zone1 (nearest)",0,0,NA
"E3","V3SPL140",29107,"zone2",0,0,NA
"E3","V3SPL140",29107,"zone3",0,0,NA
"E3","V3SPL140",29107,"zone4",0,0,NA
"E3","V3SPL140",29107,"zone5 (farthest)",0,0,NA
"E3","V3SPL140",29108,"zone1 (nearest)",0,0,NA
"E3","V3SPL140",29108,"zone2",0,0,NA
"E3","V3SPL140",29108,"zone3",0,0,NA
"E3","V3SPL140",29108,"zone4",0,0,NA
"E3","V3SPL140",29108,"zone5 (farthest)",0,0,NA
"E3","V3SPL140",29109,"zone1 (nearest)",0,0,NA
"E3","V3SPL140",29109,"zone2",0,0,NA
"E3","V3SPL140",29109,"zone3",0,0,NA
"E3","V3SPL140",29109,"zone4",0,0,NA
"E3","V3SPL140",29109,"zone5 (farthest)",0,0,NA
"E3","V3SPL140",29110,"zone1 (nearest)",0,0,NA
"E3","V3SPL140",29110,"zone2",0,0,NA
"E3","V3SPL140",29110,"zone3",0,0,NA
"E3","V3SPL140",29110,"zone4",0,0,NA
"E3","V3SPL140",29110,"zone5 (farthest)",0,0,NA
"E3","V3SPL140",30101,"zone1 (nearest)",0,0,NA
"E3","V3SPL140",30101,"zone2",0,0,NA
"E3","V3SPL140",30101,"zone3",0,0,NA
"E3","V3SPL140",30101,"zone4",0,0,NA
"E3","V3SPL140",30101,"zone5 (farthest)",0,0,NA
"E3","V3SPL140",30102,"zone1 (nearest)",0,0,NA
"E3","V3SPL140",30102,"zone2",0,0,NA
"E3","V3SPL140",30102,"zone3",0,0,NA
"E3","V3SPL140",30102,"zone4",0,0,NA
"E3","V3SPL140",30102,"zone5 (farthest)",0,0,NA
"E3","V3SPL140",30103,"zone1 (nearest)",0,0,NA
"E3","V3SPL140",30103,"zone2",0,0,NA
"E3","V3SPL140",30103,"zone3",0,0,NA
"E3","V3SPL140",30103,"zone4",0,0,NA
"E3","V3SPL140",30103,"zone5 (farthest)",0,0,NA
"E3","V3SPL140",30104,"zone1 (nearest)",0,0,NA
"E3","V3SPL140",30104,"zone2",0,0,NA
"E3","V3SPL140",30104,"zone3",0,0,NA
"E3","V3SPL140",30104,"zone4",0,0,NA
"E3","V3SPL140",30104,"zone5 (farthest)",0,0,NA
"E3","V3SPL140",30105,"zone1 (nearest)",0,0,NA
"E3","V3SPL140",30105,"zone2",0,0,NA
"E3","V3SPL140",30105,"zone3",0,0,NA
"E3","V3SPL140",30105,"zone4",0,0,NA
"E3","V3SPL140",30105,"zone5 (farthest)",0,0,NA
"E3","V3SPL140",30106,"zone1 (nearest)",0,0,NA
"E3","V3SPL140",30106,"zone2",0,0,NA
"E3","V3SPL140",30106,"zone3",0,0,NA
"E3","V3SPL140",30106,"zone4",0,0,NA
"E3","V3SPL140",30106,"zone5 (farthest)",0,0,NA
"E3","V3SPL140",30107,"zone1 (nearest)",0,0,NA
"E3","V3SPL140",30107,"zone2",0,0,NA
"E3","V3SPL140",30107,"zone3",0,0,NA
"E3","V3SPL140",30107,"zone4",0,0,NA
"E3","V3SPL140",30107,"zone5 (farthest)",0,0,NA
"E3","V3SPL140",30108,"zone1 (nearest)",0,0,NA
"E3","V3SPL140",30108,"zone2",0,0,NA
"E3","V3SPL140",30108,"zone3",0,0,NA
"E3","V3SPL140",30108,"zone4",0,0,NA
"E3","V3SPL140",30108,"zone5 (farthest)",0,0,NA
"E3","V3SPL140",30109,"zone1 (nearest)",0,0,NA
"E3","V3SPL140",30109,"zone2",0,0,NA
"E3","V3SPL140",30109,"zone3",0,0,NA
"E3","V3SPL140",30109,"zone4",0,0,NA
"E3","V3SPL140",30109,"zone5 (farthest)",0,0,NA
"E3","V3SPL140",30110,"zone1 (nearest)",0,0,NA
"E3","V3SPL140",30110,"zone2",0,0,NA
"E3","V3SPL140",30110,"zone3",0,0,NA
"E3","V3SPL140",30110,"zone4",0,0,NA
"E3","V3SPL140",30110,"zone5 (farthest)",0,0,NA
"E3","V3SPL153",1101,"zone1 (nearest)",226,250,0.904
"E3","V3SPL153",1101,"zone2",12,250,0.048
"E3","V3SPL153",1101,"zone3",7,250,0.028
"E3","V3SPL153",1101,"zone4",2,250,0.008
"E3","V3SPL153",1101,"zone5 (farthest)",3,250,0.012
"E3","V3SPL153",1102,"zone1 (nearest)",222,250,0.888
"E3","V3SPL153",1102,"zone2",11,250,0.044
"E3","V3SPL153",1102,"zone3",12,250,0.048
"E3","V3SPL153",1102,"zone4",5,250,0.02
"E3","V3SPL153",1102,"zone5 (farthest)",0,250,0
"E3","V3SPL153",1103,"zone1 (nearest)",222,250,0.888
"E3","V3SPL153",1103,"zone2",19,250,0.076
"E3","V3SPL153",1103,"zone3",6,250,0.024
"E3","V3SPL153",1103,"zone4",1,250,0.004
"E3","V3SPL153",1103,"zone5 (farthest)",2,250,0.008
"E3","V3SPL153",1104,"zone1 (nearest)",0,0,NA
"E3","V3SPL153",1104,"zone2",0,0,NA
"E3","V3SPL153",1104,"zone3",0,0,NA
"E3","V3SPL153",1104,"zone4",0,0,NA
"E3","V3SPL153",1104,"zone5 (farthest)",0,0,NA
"E3","V3SPL153",1105,"zone1 (nearest)",0,0,NA
"E3","V3SPL153",1105,"zone2",0,0,NA
"E3","V3SPL153",1105,"zone3",0,0,NA
"E3","V3SPL153",1105,"zone4",0,0,NA
"E3","V3SPL153",1105,"zone5 (farthest)",0,0,NA
"E3","V3SPL153",1106,"zone1 (nearest)",0,0,NA
"E3","V3SPL153",1106,"zone2",0,0,NA
"E3","V3SPL153",1106,"zone3",0,0,NA
"E3","V3SPL153",1106,"zone4",0,0,NA
"E3","V3SPL153",1106,"zone5 (farthest)",0,0,NA
"E3","V3SPL153",1107,"zone1 (nearest)",0,0,NA
"E3","V3SPL153",1107,"zone2",0,0,NA
"E3","V3SPL153",1107,"zone3",0,0,NA
"E3","V3SPL153",1107,"zone4",0,0,NA
"E3","V3SPL153",1107,"zone5 (farthest)",0,0,NA
"E3","V3SPL153",1108,"zone1 (nearest)",0,0,NA
"E3","V3SPL153",1108,"zone2",0,0,NA
"E3","V3SPL153",1108,"zone3",0,0,NA
"E3","V3SPL153",1108,"zone4",0,0,NA
"E3","V3SPL153",1108,"zone5 (farthest)",0,0,NA
"E3","V3SPL153",1109,"zone1 (nearest)",0,0,NA
"E3","V3SPL153",1109,"zone2",0,0,NA
"E3","V3SPL153",1109,"zone3",0,0,NA
"E3","V3SPL153",1109,"zone4",0,0,NA
"E3","V3SPL153",1109,"zone5 (farthest)",0,0,NA
"E3","V3SPL153",1110,"zone1 (nearest)",0,0,NA
"E3","V3SPL153",1110,"zone2",0,0,NA
"E3","V3SPL153",1110,"zone3",0,0,NA
"E3","V3SPL153",1110,"zone4",0,0,NA
"E3","V3SPL153",1110,"zone5 (farthest)",0,0,NA
"E3","V3SPL153",2101,"zone1 (nearest)",217,250,0.868
"E3","V3SPL153",2101,"zone2",6,250,0.024
"E3","V3SPL153",2101,"zone3",12,250,0.048
"E3","V3SPL153",2101,"zone4",3,250,0.012
"E3","V3SPL153",2101,"zone5 (farthest)",12,250,0.048
"E3","V3SPL153",2102,"zone1 (nearest)",216,250,0.864
"E3","V3SPL153",2102,"zone2",7,250,0.028
"E3","V3SPL153",2102,"zone3",8,250,0.032
"E3","V3SPL153",2102,"zone4",7,250,0.028
"E3","V3SPL153",2102,"zone5 (farthest)",12,250,0.048
"E3","V3SPL153",2103,"zone1 (nearest)",218,250,0.872
"E3","V3SPL153",2103,"zone2",4,250,0.016
"E3","V3SPL153",2103,"zone3",11,250,0.044
"E3","V3SPL153",2103,"zone4",8,250,0.032
"E3","V3SPL153",2103,"zone5 (farthest)",9,250,0.036
"E3","V3SPL153",2104,"zone1 (nearest)",0,0,NA
"E3","V3SPL153",2104,"zone2",0,0,NA
"E3","V3SPL153",2104,"zone3",0,0,NA
"E3","V3SPL153",2104,"zone4",0,0,NA
"E3","V3SPL153",2104,"zone5 (farthest)",0,0,NA
"E3","V3SPL153",2105,"zone1 (nearest)",0,0,NA
"E3","V3SPL153",2105,"zone2",0,0,NA
"E3","V3SPL153",2105,"zone3",0,0,NA
"E3","V3SPL153",2105,"zone4",0,0,NA
"E3","V3SPL153",2105,"zone5 (farthest)",0,0,NA
"E3","V3SPL153",2106,"zone1 (nearest)",0,0,NA
"E3","V3SPL153",2106,"zone2",0,0,NA
"E3","V3SPL153",2106,"zone3",0,0,NA
"E3","V3SPL153",2106,"zone4",0,0,NA
"E3","V3SPL153",2106,"zone5 (farthest)",0,0,NA
"E3","V3SPL153",2107,"zone1 (nearest)",0,0,NA
"E3","V3SPL153",2107,"zone2",0,0,NA
"E3","V3SPL153",2107,"zone3",0,0,NA
"E3","V3SPL153",2107,"zone4",0,0,NA
"E3","V3SPL153",2107,"zone5 (farthest)",0,0,NA
"E3","V3SPL153",2108,"zone1 (nearest)",0,0,NA
"E3","V3SPL153",2108,"zone2",0,0,NA
"E3","V3SPL153",2108,"zone3",0,0,NA
"E3","V3SPL153",2108,"zone4",0,0,NA
"E3","V3SPL153",2108,"zone5 (farthest)",0,0,NA
"E3","V3SPL153",2109,"zone1 (nearest)",0,0,NA
"E3","V3SPL153",2109,"zone2",0,0,NA
"E3","V3SPL153",2109,"zone3",0,0,NA
"E3","V3SPL153",2109,"zone4",0,0,NA
"E3","V3SPL153",2109,"zone5 (farthest)",0,0,NA
"E3","V3SPL153",2110,"zone1 (nearest)",0,0,NA
"E3","V3SPL153",2110,"zone2",0,0,NA
"E3","V3SPL153",2110,"zone3",0,0,NA
"E3","V3SPL153",2110,"zone4",0,0,NA
"E3","V3SPL153",2110,"zone5 (farthest)",0,0,NA
"E3","V3SPL153",3101,"zone1 (nearest)",233,250,0.932
"E3","V3SPL153",3101,"zone2",5,250,0.02
"E3","V3SPL153",3101,"zone3",4,250,0.016
"E3","V3SPL153",3101,"zone4",5,250,0.02
"E3","V3SPL153",3101,"zone5 (farthest)",3,250,0.012
"E3","V3SPL153",3102,"zone1 (nearest)",236,250,0.944
"E3","V3SPL153",3102,"zone2",6,250,0.024
"E3","V3SPL153",3102,"zone3",2,250,0.008
"E3","V3SPL153",3102,"zone4",1,250,0.004
"E3","V3SPL153",3102,"zone5 (farthest)",5,250,0.02
"E3","V3SPL153",3103,"zone1 (nearest)",233,250,0.932
"E3","V3SPL153",3103,"zone2",4,250,0.016
"E3","V3SPL153",3103,"zone3",6,250,0.024
"E3","V3SPL153",3103,"zone4",0,250,0
"E3","V3SPL153",3103,"zone5 (farthest)",7,250,0.028
"E3","V3SPL153",3104,"zone1 (nearest)",0,0,NA
"E3","V3SPL153",3104,"zone2",0,0,NA
"E3","V3SPL153",3104,"zone3",0,0,NA
"E3","V3SPL153",3104,"zone4",0,0,NA
"E3","V3SPL153",3104,"zone5 (farthest)",0,0,NA
"E3","V3SPL153",3105,"zone1 (nearest)",0,0,NA
"E3","V3SPL153",3105,"zone2",0,0,NA
"E3","V3SPL153",3105,"zone3",0,0,NA
"E3","V3SPL153",3105,"zone4",0,0,NA
"E3","V3SPL153",3105,"zone5 (farthest)",0,0,NA
"E3","V3SPL153",3106,"zone1 (nearest)",0,0,NA
"E3","V3SPL153",3106,"zone2",0,0,NA
"E3","V3SPL153",3106,"zone3",0,0,NA
"E3","V3SPL153",3106,"zone4",0,0,NA
"E3","V3SPL153",3106,"zone5 (farthest)",0,0,NA
"E3","V3SPL153",3107,"zone1 (nearest)",0,0,NA
"E3","V3SPL153",3107,"zone2",0,0,NA
"E3","V3SPL153",3107,"zone3",0,0,NA
"E3","V3SPL153",3107,"zone4",0,0,NA
"E3","V3SPL153",3107,"zone5 (farthest)",0,0,NA
"E3","V3SPL153",3108,"zone1 (nearest)",0,0,NA
"E3","V3SPL153",3108,"zone2",0,0,NA
"E3","V3SPL153",3108,"zone3",0,0,NA
"E3","V3SPL153",3108,"zone4",0,0,NA
"E3","V3SPL153",3108,"zone5 (farthest)",0,0,NA
"E3","V3SPL153",3109,"zone1 (nearest)",0,0,NA
"E3","V3SPL153",3109,"zone2",0,0,NA
"E3","V3SPL153",3109,"zone3",0,0,NA
"E3","V3SPL153",3109,"zone4",0,0,NA
"E3","V3SPL153",3109,"zone5 (farthest)",0,0,NA
"E3","V3SPL153",3110,"zone1 (nearest)",0,0,NA
"E3","V3SPL153",3110,"zone2",0,0,NA
"E3","V3SPL153",3110,"zone3",0,0,NA
"E3","V3SPL153",3110,"zone4",0,0,NA
"E3","V3SPL153",3110,"zone5 (farthest)",0,0,NA
"E3","V3SPL153",4101,"zone1 (nearest)",203,250,0.812
"E3","V3SPL153",4101,"zone2",6,250,0.024
"E3","V3SPL153",4101,"zone3",6,250,0.024
"E3","V3SPL153",4101,"zone4",12,250,0.048
"E3","V3SPL153",4101,"zone5 (farthest)",23,250,0.092
"E3","V3SPL153",4102,"zone1 (nearest)",207,250,0.828
"E3","V3SPL153",4102,"zone2",8,250,0.032
"E3","V3SPL153",4102,"zone3",10,250,0.04
"E3","V3SPL153",4102,"zone4",13,250,0.052
"E3","V3SPL153",4102,"zone5 (farthest)",12,250,0.048
"E3","V3SPL153",4103,"zone1 (nearest)",209,250,0.836
"E3","V3SPL153",4103,"zone2",9,250,0.036
"E3","V3SPL153",4103,"zone3",3,250,0.012
"E3","V3SPL153",4103,"zone4",12,250,0.048
"E3","V3SPL153",4103,"zone5 (farthest)",17,250,0.068
"E3","V3SPL153",4104,"zone1 (nearest)",0,0,NA
"E3","V3SPL153",4104,"zone2",0,0,NA
"E3","V3SPL153",4104,"zone3",0,0,NA
"E3","V3SPL153",4104,"zone4",0,0,NA
"E3","V3SPL153",4104,"zone5 (farthest)",0,0,NA
"E3","V3SPL153",4105,"zone1 (nearest)",0,0,NA
"E3","V3SPL153",4105,"zone2",0,0,NA
"E3","V3SPL153",4105,"zone3",0,0,NA
"E3","V3SPL153",4105,"zone4",0,0,NA
"E3","V3SPL153",4105,"zone5 (farthest)",0,0,NA
"E3","V3SPL153",4106,"zone1 (nearest)",0,0,NA
"E3","V3SPL153",4106,"zone2",0,0,NA
"E3","V3SPL153",4106,"zone3",0,0,NA
"E3","V3SPL153",4106,"zone4",0,0,NA
"E3","V3SPL153",4106,"zone5 (farthest)",0,0,NA
"E3","V3SPL153",4107,"zone1 (nearest)",0,0,NA
"E3","V3SPL153",4107,"zone2",0,0,NA
"E3","V3SPL153",4107,"zone3",0,0,NA
"E3","V3SPL153",4107,"zone4",0,0,NA
"E3","V3SPL153",4107,"zone5 (farthest)",0,0,NA
"E3","V3SPL153",4108,"zone1 (nearest)",0,0,NA
"E3","V3SPL153",4108,"zone2",0,0,NA
"E3","V3SPL153",4108,"zone3",0,0,NA
"E3","V3SPL153",4108,"zone4",0,0,NA
"E3","V3SPL153",4108,"zone5 (farthest)",0,0,NA
"E3","V3SPL153",4109,"zone1 (nearest)",0,0,NA
"E3","V3SPL153",4109,"zone2",0,0,NA
"E3","V3SPL153",4109,"zone3",0,0,NA
"E3","V3SPL153",4109,"zone4",0,0,NA
"E3","V3SPL153",4109,"zone5 (farthest)",0,0,NA
"E3","V3SPL153",4110,"zone1 (nearest)",0,0,NA
"E3","V3SPL153",4110,"zone2",0,0,NA
"E3","V3SPL153",4110,"zone3",0,0,NA
"E3","V3SPL153",4110,"zone4",0,0,NA
"E3","V3SPL153",4110,"zone5 (farthest)",0,0,NA
"E3","V3SPL153",5101,"zone1 (nearest)",223,250,0.892
"E3","V3SPL153",5101,"zone2",7,250,0.028
"E3","V3SPL153",5101,"zone3",4,250,0.016
"E3","V3SPL153",5101,"zone4",7,250,0.028
"E3","V3SPL153",5101,"zone5 (farthest)",9,250,0.036
"E3","V3SPL153",5102,"zone1 (nearest)",225,250,0.9
"E3","V3SPL153",5102,"zone2",8,250,0.032
"E3","V3SPL153",5102,"zone3",4,250,0.016
"E3","V3SPL153",5102,"zone4",9,250,0.036
"E3","V3SPL153",5102,"zone5 (farthest)",4,250,0.016
"E3","V3SPL153",5103,"zone1 (nearest)",227,250,0.908
"E3","V3SPL153",5103,"zone2",10,250,0.04
"E3","V3SPL153",5103,"zone3",5,250,0.02
"E3","V3SPL153",5103,"zone4",1,250,0.004
"E3","V3SPL153",5103,"zone5 (farthest)",7,250,0.028
"E3","V3SPL153",5104,"zone1 (nearest)",0,0,NA
"E3","V3SPL153",5104,"zone2",0,0,NA
"E3","V3SPL153",5104,"zone3",0,0,NA
"E3","V3SPL153",5104,"zone4",0,0,NA
"E3","V3SPL153",5104,"zone5 (farthest)",0,0,NA
"E3","V3SPL153",5105,"zone1 (nearest)",0,0,NA
"E3","V3SPL153",5105,"zone2",0,0,NA
"E3","V3SPL153",5105,"zone3",0,0,NA
"E3","V3SPL153",5105,"zone4",0,0,NA
"E3","V3SPL153",5105,"zone5 (farthest)",0,0,NA
"E3","V3SPL153",5106,"zone1 (nearest)",0,0,NA
"E3","V3SPL153",5106,"zone2",0,0,NA
"E3","V3SPL153",5106,"zone3",0,0,NA
"E3","V3SPL153",5106,"zone4",0,0,NA
"E3","V3SPL153",5106,"zone5 (farthest)",0,0,NA
"E3","V3SPL153",5107,"zone1 (nearest)",0,0,NA
"E3","V3SPL153",5107,"zone2",0,0,NA
"E3","V3SPL153",5107,"zone3",0,0,NA
"E3","V3SPL153",5107,"zone4",0,0,NA
"E3","V3SPL153",5107,"zone5 (farthest)",0,0,NA
"E3","V3SPL153",5108,"zone1 (nearest)",0,0,NA
"E3","V3SPL153",5108,"zone2",0,0,NA
"E3","V3SPL153",5108,"zone3",0,0,NA
"E3","V3SPL153",5108,"zone4",0,0,NA
"E3","V3SPL153",5108,"zone5 (farthest)",0,0,NA
"E3","V3SPL153",5109,"zone1 (nearest)",0,0,NA
"E3","V3SPL153",5109,"zone2",0,0,NA
"E3","V3SPL153",5109,"zone3",0,0,NA
"E3","V3SPL153",5109,"zone4",0,0,NA
"E3","V3SPL153",5109,"zone5 (farthest)",0,0,NA
"E3","V3SPL153",5110,"zone1 (nearest)",0,0,NA
"E3","V3SPL153",5110,"zone2",0,0,NA
"E3","V3SPL153",5110,"zone3",0,0,NA
"E3","V3SPL153",5110,"zone4",0,0,NA
"E3","V3SPL153",5110,"zone5 (farthest)",0,0,NA
"E3","V3SPL153",6101,"zone1 (nearest)",169,250,0.676
"E3","V3SPL153",6101,"zone2",23,250,0.092
"E3","V3SPL153",6101,"zone3",13,250,0.052
"E3","V3SPL153",6101,"zone4",18,250,0.072
"E3","V3SPL153",6101,"zone5 (farthest)",27,250,0.108
"E3","V3SPL153",6102,"zone1 (nearest)",169,250,0.676
"E3","V3SPL153",6102,"zone2",23,250,0.092
"E3","V3SPL153",6102,"zone3",18,250,0.072
"E3","V3SPL153",6102,"zone4",17,250,0.068
"E3","V3SPL153",6102,"zone5 (farthest)",23,250,0.092
"E3","V3SPL153",6103,"zone1 (nearest)",178,250,0.712
"E3","V3SPL153",6103,"zone2",20,250,0.08
"E3","V3SPL153",6103,"zone3",18,250,0.072
"E3","V3SPL153",6103,"zone4",16,250,0.064
"E3","V3SPL153",6103,"zone5 (farthest)",18,250,0.072
"E3","V3SPL153",6104,"zone1 (nearest)",0,0,NA
"E3","V3SPL153",6104,"zone2",0,0,NA
"E3","V3SPL153",6104,"zone3",0,0,NA
"E3","V3SPL153",6104,"zone4",0,0,NA
"E3","V3SPL153",6104,"zone5 (farthest)",0,0,NA
"E3","V3SPL153",6105,"zone1 (nearest)",0,0,NA
"E3","V3SPL153",6105,"zone2",0,0,NA
"E3","V3SPL153",6105,"zone3",0,0,NA
"E3","V3SPL153",6105,"zone4",0,0,NA
"E3","V3SPL153",6105,"zone5 (farthest)",0,0,NA
"E3","V3SPL153",6106,"zone1 (nearest)",0,0,NA
"E3","V3SPL153",6106,"zone2",0,0,NA
"E3","V3SPL153",6106,"zone3",0,0,NA
"E3","V3SPL153",6106,"zone4",0,0,NA
"E3","V3SPL153",6106,"zone5 (farthest)",0,0,NA
"E3","V3SPL153",6107,"zone1 (nearest)",0,0,NA
"E3","V3SPL153",6107,"zone2",0,0,NA
"E3","V3SPL153",6107,"zone3",0,0,NA
"E3","V3SPL153",6107,"zone4",0,0,NA
"E3","V3SPL153",6107,"zone5 (farthest)",0,0,NA
"E3","V3SPL153",6108,"zone1 (nearest)",0,0,NA
"E3","V3SPL153",6108,"zone2",0,0,NA
"E3","V3SPL153",6108,"zone3",0,0,NA
"E3","V3SPL153",6108,"zone4",0,0,NA
"E3","V3SPL153",6108,"zone5 (farthest)",0,0,NA
"E3","V3SPL153",6109,"zone1 (nearest)",0,0,NA
"E3","V3SPL153",6109,"zone2",0,0,NA
"E3","V3SPL153",6109,"zone3",0,0,NA
"E3","V3SPL153",6109,"zone4",0,0,NA
"E3","V3SPL153",6109,"zone5 (farthest)",0,0,NA
"E3","V3SPL153",6110,"zone1 (nearest)",0,0,NA
"E3","V3SPL153",6110,"zone2",0,0,NA
"E3","V3SPL153",6110,"zone3",0,0,NA
"E3","V3SPL153",6110,"zone4",0,0,NA
"E3","V3SPL153",6110,"zone5 (farthest)",0,0,NA
"E3","V3SPL153",7101,"zone1 (nearest)",244,250,0.976
"E3","V3SPL153",7101,"zone2",1,250,0.004
"E3","V3SPL153",7101,"zone3",2,250,0.008
"E3","V3SPL153",7101,"zone4",1,250,0.004
"E3","V3SPL153",7101,"zone5 (farthest)",2,250,0.008
"E3","V3SPL153",7102,"zone1 (nearest)",242,250,0.968
"E3","V3SPL153",7102,"zone2",1,250,0.004
"E3","V3SPL153",7102,"zone3",1,250,0.004
"E3","V3SPL153",7102,"zone4",1,250,0.004
"E3","V3SPL153",7102,"zone5 (farthest)",5,250,0.02
"E3","V3SPL153",7103,"zone1 (nearest)",240,250,0.96
"E3","V3SPL153",7103,"zone2",1,250,0.004
"E3","V3SPL153",7103,"zone3",1,250,0.004
"E3","V3SPL153",7103,"zone4",3,250,0.012
"E3","V3SPL153",7103,"zone5 (farthest)",5,250,0.02
"E3","V3SPL153",7104,"zone1 (nearest)",0,0,NA
"E3","V3SPL153",7104,"zone2",0,0,NA
"E3","V3SPL153",7104,"zone3",0,0,NA
"E3","V3SPL153",7104,"zone4",0,0,NA
"E3","V3SPL153",7104,"zone5 (farthest)",0,0,NA
"E3","V3SPL153",7105,"zone1 (nearest)",0,0,NA
"E3","V3SPL153",7105,"zone2",0,0,NA
"E3","V3SPL153",7105,"zone3",0,0,NA
"E3","V3SPL153",7105,"zone4",0,0,NA
"E3","V3SPL153",7105,"zone5 (farthest)",0,0,NA
"E3","V3SPL153",7106,"zone1 (nearest)",0,0,NA
"E3","V3SPL153",7106,"zone2",0,0,NA
"E3","V3SPL153",7106,"zone3",0,0,NA
"E3","V3SPL153",7106,"zone4",0,0,NA
"E3","V3SPL153",7106,"zone5 (farthest)",0,0,NA
"E3","V3SPL153",7107,"zone1 (nearest)",0,0,NA
"E3","V3SPL153",7107,"zone2",0,0,NA
"E3","V3SPL153",7107,"zone3",0,0,NA
"E3","V3SPL153",7107,"zone4",0,0,NA
"E3","V3SPL153",7107,"zone5 (farthest)",0,0,NA
"E3","V3SPL153",7108,"zone1 (nearest)",0,0,NA
"E3","V3SPL153",7108,"zone2",0,0,NA
"E3","V3SPL153",7108,"zone3",0,0,NA
"E3","V3SPL153",7108,"zone4",0,0,NA
"E3","V3SPL153",7108,"zone5 (farthest)",0,0,NA
"E3","V3SPL153",7109,"zone1 (nearest)",0,0,NA
"E3","V3SPL153",7109,"zone2",0,0,NA
"E3","V3SPL153",7109,"zone3",0,0,NA
"E3","V3SPL153",7109,"zone4",0,0,NA
"E3","V3SPL153",7109,"zone5 (farthest)",0,0,NA
"E3","V3SPL153",7110,"zone1 (nearest)",0,0,NA
"E3","V3SPL153",7110,"zone2",0,0,NA
"E3","V3SPL153",7110,"zone3",0,0,NA
"E3","V3SPL153",7110,"zone4",0,0,NA
"E3","V3SPL153",7110,"zone5 (farthest)",0,0,NA
"E3","V3SPL153",8101,"zone1 (nearest)",231,250,0.924
"E3","V3SPL153",8101,"zone2",4,250,0.016
"E3","V3SPL153",8101,"zone3",1,250,0.004
"E3","V3SPL153",8101,"zone4",4,250,0.016
"E3","V3SPL153",8101,"zone5 (farthest)",10,250,0.04
"E3","V3SPL153",8102,"zone1 (nearest)",233,250,0.932
"E3","V3SPL153",8102,"zone2",5,250,0.02
"E3","V3SPL153",8102,"zone3",2,250,0.008
"E3","V3SPL153",8102,"zone4",5,250,0.02
"E3","V3SPL153",8102,"zone5 (farthest)",5,250,0.02
"E3","V3SPL153",8103,"zone1 (nearest)",238,250,0.952
"E3","V3SPL153",8103,"zone2",2,250,0.008
"E3","V3SPL153",8103,"zone3",0,250,0
"E3","V3SPL153",8103,"zone4",2,250,0.008
"E3","V3SPL153",8103,"zone5 (farthest)",8,250,0.032
"E3","V3SPL153",8104,"zone1 (nearest)",0,0,NA
"E3","V3SPL153",8104,"zone2",0,0,NA
"E3","V3SPL153",8104,"zone3",0,0,NA
"E3","V3SPL153",8104,"zone4",0,0,NA
"E3","V3SPL153",8104,"zone5 (farthest)",0,0,NA
"E3","V3SPL153",8105,"zone1 (nearest)",0,0,NA
"E3","V3SPL153",8105,"zone2",0,0,NA
"E3","V3SPL153",8105,"zone3",0,0,NA
"E3","V3SPL153",8105,"zone4",0,0,NA
"E3","V3SPL153",8105,"zone5 (farthest)",0,0,NA
"E3","V3SPL153",8106,"zone1 (nearest)",0,0,NA
"E3","V3SPL153",8106,"zone2",0,0,NA
"E3","V3SPL153",8106,"zone3",0,0,NA
"E3","V3SPL153",8106,"zone4",0,0,NA
"E3","V3SPL153",8106,"zone5 (farthest)",0,0,NA
"E3","V3SPL153",8107,"zone1 (nearest)",0,0,NA
"E3","V3SPL153",8107,"zone2",0,0,NA
"E3","V3SPL153",8107,"zone3",0,0,NA
"E3","V3SPL153",8107,"zone4",0,0,NA
"E3","V3SPL153",8107,"zone5 (farthest)",0,0,NA
"E3","V3SPL153",8108,"zone1 (nearest)",0,0,NA
"E3","V3SPL153",8108,"zone2",0,0,NA
"E3","V3SPL153",8108,"zone3",0,0,NA
"E3","V3SPL153",8108,"zone4",0,0,NA
"E3","V3SPL153",8108,"zone5 (farthest)",0,0,NA
"E3","V3SPL153",8109,"zone1 (nearest)",0,0,NA
"E3","V3SPL153",8109,"zone2",0,0,NA
"E3","V3SPL153",8109,"zone3",0,0,NA
"E3","V3SPL153",8109,"zone4",0,0,NA
"E3","V3SPL153",8109,"zone5 (farthest)",0,0,NA
"E3","V3SPL153",8110,"zone1 (nearest)",0,0,NA
"E3","V3SPL153",8110,"zone2",0,0,NA
"E3","V3SPL153",8110,"zone3",0,0,NA
"E3","V3SPL153",8110,"zone4",0,0,NA
"E3","V3SPL153",8110,"zone5 (farthest)",0,0,NA
"E3","V3SPL153",9101,"zone1 (nearest)",220,250,0.88
"E3","V3SPL153",9101,"zone2",13,250,0.052
"E3","V3SPL153",9101,"zone3",3,250,0.012
"E3","V3SPL153",9101,"zone4",7,250,0.028
"E3","V3SPL153",9101,"zone5 (farthest)",7,250,0.028
"E3","V3SPL153",9102,"zone1 (nearest)",224,250,0.896
"E3","V3SPL153",9102,"zone2",11,250,0.044
"E3","V3SPL153",9102,"zone3",5,250,0.02
"E3","V3SPL153",9102,"zone4",4,250,0.016
"E3","V3SPL153",9102,"zone5 (farthest)",6,250,0.024
"E3","V3SPL153",9103,"zone1 (nearest)",213,250,0.852
"E3","V3SPL153",9103,"zone2",16,250,0.064
"E3","V3SPL153",9103,"zone3",10,250,0.04
"E3","V3SPL153",9103,"zone4",4,250,0.016
"E3","V3SPL153",9103,"zone5 (farthest)",7,250,0.028
"E3","V3SPL153",9104,"zone1 (nearest)",0,0,NA
"E3","V3SPL153",9104,"zone2",0,0,NA
"E3","V3SPL153",9104,"zone3",0,0,NA
"E3","V3SPL153",9104,"zone4",0,0,NA
"E3","V3SPL153",9104,"zone5 (farthest)",0,0,NA
"E3","V3SPL153",9105,"zone1 (nearest)",0,0,NA
"E3","V3SPL153",9105,"zone2",0,0,NA
"E3","V3SPL153",9105,"zone3",0,0,NA
"E3","V3SPL153",9105,"zone4",0,0,NA
"E3","V3SPL153",9105,"zone5 (farthest)",0,0,NA
"E3","V3SPL153",9106,"zone1 (nearest)",0,0,NA
"E3","V3SPL153",9106,"zone2",0,0,NA
"E3","V3SPL153",9106,"zone3",0,0,NA
"E3","V3SPL153",9106,"zone4",0,0,NA
"E3","V3SPL153",9106,"zone5 (farthest)",0,0,NA
"E3","V3SPL153",9107,"zone1 (nearest)",0,0,NA
"E3","V3SPL153",9107,"zone2",0,0,NA
"E3","V3SPL153",9107,"zone3",0,0,NA
"E3","V3SPL153",9107,"zone4",0,0,NA
"E3","V3SPL153",9107,"zone5 (farthest)",0,0,NA
"E3","V3SPL153",9108,"zone1 (nearest)",0,0,NA
"E3","V3SPL153",9108,"zone2",0,0,NA
"E3","V3SPL153",9108,"zone3",0,0,NA
"E3","V3SPL153",9108,"zone4",0,0,NA
"E3","V3SPL153",9108,"zone5 (farthest)",0,0,NA
"E3","V3SPL153",9109,"zone1 (nearest)",0,0,NA
"E3","V3SPL153",9109,"zone2",0,0,NA
"E3","V3SPL153",9109,"zone3",0,0,NA
"E3","V3SPL153",9109,"zone4",0,0,NA
"E3","V3SPL153",9109,"zone5 (farthest)",0,0,NA
"E3","V3SPL153",9110,"zone1 (nearest)",0,0,NA
"E3","V3SPL153",9110,"zone2",0,0,NA
"E3","V3SPL153",9110,"zone3",0,0,NA
"E3","V3SPL153",9110,"zone4",0,0,NA
"E3","V3SPL153",9110,"zone5 (farthest)",0,0,NA
"E3","V3SPL153",10101,"zone1 (nearest)",225,250,0.9
"E3","V3SPL153",10101,"zone2",4,250,0.016
"E3","V3SPL153",10101,"zone3",1,250,0.004
"E3","V3SPL153",10101,"zone4",2,250,0.008
"E3","V3SPL153",10101,"zone5 (farthest)",18,250,0.072
"E3","V3SPL153",10102,"zone1 (nearest)",224,250,0.896
"E3","V3SPL153",10102,"zone2",1,250,0.004
"E3","V3SPL153",10102,"zone3",1,250,0.004
"E3","V3SPL153",10102,"zone4",4,250,0.016
"E3","V3SPL153",10102,"zone5 (farthest)",20,250,0.08
"E3","V3SPL153",10103,"zone1 (nearest)",227,250,0.908
"E3","V3SPL153",10103,"zone2",1,250,0.004
"E3","V3SPL153",10103,"zone3",1,250,0.004
"E3","V3SPL153",10103,"zone4",3,250,0.012
"E3","V3SPL153",10103,"zone5 (farthest)",18,250,0.072
"E3","V3SPL153",10104,"zone1 (nearest)",0,0,NA
"E3","V3SPL153",10104,"zone2",0,0,NA
"E3","V3SPL153",10104,"zone3",0,0,NA
"E3","V3SPL153",10104,"zone4",0,0,NA
"E3","V3SPL153",10104,"zone5 (farthest)",0,0,NA
"E3","V3SPL153",10105,"zone1 (nearest)",0,0,NA
"E3","V3SPL153",10105,"zone2",0,0,NA
"E3","V3SPL153",10105,"zone3",0,0,NA
"E3","V3SPL153",10105,"zone4",0,0,NA
"E3","V3SPL153",10105,"zone5 (farthest)",0,0,NA
"E3","V3SPL153",10106,"zone1 (nearest)",0,0,NA
"E3","V3SPL153",10106,"zone2",0,0,NA
"E3","V3SPL153",10106,"zone3",0,0,NA
"E3","V3SPL153",10106,"zone4",0,0,NA
"E3","V3SPL153",10106,"zone5 (farthest)",0,0,NA
"E3","V3SPL153",10107,"zone1 (nearest)",0,0,NA
"E3","V3SPL153",10107,"zone2",0,0,NA
"E3","V3SPL153",10107,"zone3",0,0,NA
"E3","V3SPL153",10107,"zone4",0,0,NA
"E3","V3SPL153",10107,"zone5 (farthest)",0,0,NA
"E3","V3SPL153",10108,"zone1 (nearest)",0,0,NA
"E3","V3SPL153",10108,"zone2",0,0,NA
"E3","V3SPL153",10108,"zone3",0,0,NA
"E3","V3SPL153",10108,"zone4",0,0,NA
"E3","V3SPL153",10108,"zone5 (farthest)",0,0,NA
"E3","V3SPL153",10109,"zone1 (nearest)",0,0,NA
"E3","V3SPL153",10109,"zone2",0,0,NA
"E3","V3SPL153",10109,"zone3",0,0,NA
"E3","V3SPL153",10109,"zone4",0,0,NA
"E3","V3SPL153",10109,"zone5 (farthest)",0,0,NA
"E3","V3SPL153",10110,"zone1 (nearest)",0,0,NA
"E3","V3SPL153",10110,"zone2",0,0,NA
"E3","V3SPL153",10110,"zone3",0,0,NA
"E3","V3SPL153",10110,"zone4",0,0,NA
"E3","V3SPL153",10110,"zone5 (farthest)",0,0,NA
"E3","V3SPL153",11101,"zone1 (nearest)",0,0,NA
"E3","V3SPL153",11101,"zone2",0,0,NA
"E3","V3SPL153",11101,"zone3",0,0,NA
"E3","V3SPL153",11101,"zone4",0,0,NA
"E3","V3SPL153",11101,"zone5 (farthest)",0,0,NA
"E3","V3SPL153",11102,"zone1 (nearest)",0,0,NA
"E3","V3SPL153",11102,"zone2",0,0,NA
"E3","V3SPL153",11102,"zone3",0,0,NA
"E3","V3SPL153",11102,"zone4",0,0,NA
"E3","V3SPL153",11102,"zone5 (farthest)",0,0,NA
"E3","V3SPL153",11103,"zone1 (nearest)",0,0,NA
"E3","V3SPL153",11103,"zone2",0,0,NA
"E3","V3SPL153",11103,"zone3",0,0,NA
"E3","V3SPL153",11103,"zone4",0,0,NA
"E3","V3SPL153",11103,"zone5 (farthest)",0,0,NA
"E3","V3SPL153",11104,"zone1 (nearest)",0,0,NA
"E3","V3SPL153",11104,"zone2",0,0,NA
"E3","V3SPL153",11104,"zone3",0,0,NA
"E3","V3SPL153",11104,"zone4",0,0,NA
"E3","V3SPL153",11104,"zone5 (farthest)",0,0,NA
"E3","V3SPL153",11105,"zone1 (nearest)",0,0,NA
"E3","V3SPL153",11105,"zone2",0,0,NA
"E3","V3SPL153",11105,"zone3",0,0,NA
"E3","V3SPL153",11105,"zone4",0,0,NA
"E3","V3SPL153",11105,"zone5 (farthest)",0,0,NA
"E3","V3SPL153",11106,"zone1 (nearest)",0,0,NA
"E3","V3SPL153",11106,"zone2",0,0,NA
"E3","V3SPL153",11106,"zone3",0,0,NA
"E3","V3SPL153",11106,"zone4",0,0,NA
"E3","V3SPL153",11106,"zone5 (farthest)",0,0,NA
"E3","V3SPL153",11107,"zone1 (nearest)",0,0,NA
"E3","V3SPL153",11107,"zone2",0,0,NA
"E3","V3SPL153",11107,"zone3",0,0,NA
"E3","V3SPL153",11107,"zone4",0,0,NA
"E3","V3SPL153",11107,"zone5 (farthest)",0,0,NA
"E3","V3SPL153",11108,"zone1 (nearest)",0,0,NA
"E3","V3SPL153",11108,"zone2",0,0,NA
"E3","V3SPL153",11108,"zone3",0,0,NA
"E3","V3SPL153",11108,"zone4",0,0,NA
"E3","V3SPL153",11108,"zone5 (farthest)",0,0,NA
"E3","V3SPL153",11109,"zone1 (nearest)",0,0,NA
"E3","V3SPL153",11109,"zone2",0,0,NA
"E3","V3SPL153",11109,"zone3",0,0,NA
"E3","V3SPL153",11109,"zone4",0,0,NA
"E3","V3SPL153",11109,"zone5 (farthest)",0,0,NA
"E3","V3SPL153",11110,"zone1 (nearest)",0,0,NA
"E3","V3SPL153",11110,"zone2",0,0,NA
"E3","V3SPL153",11110,"zone3",0,0,NA
"E3","V3SPL153",11110,"zone4",0,0,NA
"E3","V3SPL153",11110,"zone5 (farthest)",0,0,NA
"E3","V3SPL153",12101,"zone1 (nearest)",0,0,NA
"E3","V3SPL153",12101,"zone2",0,0,NA
"E3","V3SPL153",12101,"zone3",0,0,NA
"E3","V3SPL153",12101,"zone4",0,0,NA
"E3","V3SPL153",12101,"zone5 (farthest)",0,0,NA
"E3","V3SPL153",12102,"zone1 (nearest)",0,0,NA
"E3","V3SPL153",12102,"zone2",0,0,NA
"E3","V3SPL153",12102,"zone3",0,0,NA
"E3","V3SPL153",12102,"zone4",0,0,NA
"E3","V3SPL153",12102,"zone5 (farthest)",0,0,NA
"E3","V3SPL153",12103,"zone1 (nearest)",0,0,NA
"E3","V3SPL153",12103,"zone2",0,0,NA
"E3","V3SPL153",12103,"zone3",0,0,NA
"E3","V3SPL153",12103,"zone4",0,0,NA
"E3","V3SPL153",12103,"zone5 (farthest)",0,0,NA
"E3","V3SPL153",12104,"zone1 (nearest)",0,0,NA
"E3","V3SPL153",12104,"zone2",0,0,NA
"E3","V3SPL153",12104,"zone3",0,0,NA
"E3","V3SPL153",12104,"zone4",0,0,NA
"E3","V3SPL153",12104,"zone5 (farthest)",0,0,NA
"E3","V3SPL153",12105,"zone1 (nearest)",0,0,NA
"E3","V3SPL153",12105,"zone2",0,0,NA
"E3","V3SPL153",12105,"zone3",0,0,NA
"E3","V3SPL153",12105,"zone4",0,0,NA
"E3","V3SPL153",12105,"zone5 (farthest)",0,0,NA
"E3","V3SPL153",12106,"zone1 (nearest)",0,0,NA
"E3","V3SPL153",12106,"zone2",0,0,NA
"E3","V3SPL153",12106,"zone3",0,0,NA
"E3","V3SPL153",12106,"zone4",0,0,NA
"E3","V3SPL153",12106,"zone5 (farthest)",0,0,NA
"E3","V3SPL153",12107,"zone1 (nearest)",0,0,NA
"E3","V3SPL153",12107,"zone2",0,0,NA
"E3","V3SPL153",12107,"zone3",0,0,NA
"E3","V3SPL153",12107,"zone4",0,0,NA
"E3","V3SPL153",12107,"zone5 (farthest)",0,0,NA
"E3","V3SPL153",12108,"zone1 (nearest)",0,0,NA
"E3","V3SPL153",12108,"zone2",0,0,NA
"E3","V3SPL153",12108,"zone3",0,0,NA
"E3","V3SPL153",12108,"zone4",0,0,NA
"E3","V3SPL153",12108,"zone5 (farthest)",0,0,NA
"E3","V3SPL153",12109,"zone1 (nearest)",0,0,NA
"E3","V3SPL153",12109,"zone2",0,0,NA
"E3","V3SPL153",12109,"zone3",0,0,NA
"E3","V3SPL153",12109,"zone4",0,0,NA
"E3","V3SPL153",12109,"zone5 (farthest)",0,0,NA
"E3","V3SPL153",12110,"zone1 (nearest)",0,0,NA
"E3","V3SPL153",12110,"zone2",0,0,NA
"E3","V3SPL153",12110,"zone3",0,0,NA
"E3","V3SPL153",12110,"zone4",0,0,NA
"E3","V3SPL153",12110,"zone5 (farthest)",0,0,NA
"E3","V3SPL153",13101,"zone1 (nearest)",0,0,NA
"E3","V3SPL153",13101,"zone2",0,0,NA
"E3","V3SPL153",13101,"zone3",0,0,NA
"E3","V3SPL153",13101,"zone4",0,0,NA
"E3","V3SPL153",13101,"zone5 (farthest)",0,0,NA
"E3","V3SPL153",13102,"zone1 (nearest)",0,0,NA
"E3","V3SPL153",13102,"zone2",0,0,NA
"E3","V3SPL153",13102,"zone3",0,0,NA
"E3","V3SPL153",13102,"zone4",0,0,NA
"E3","V3SPL153",13102,"zone5 (farthest)",0,0,NA
"E3","V3SPL153",13103,"zone1 (nearest)",0,0,NA
"E3","V3SPL153",13103,"zone2",0,0,NA
"E3","V3SPL153",13103,"zone3",0,0,NA
"E3","V3SPL153",13103,"zone4",0,0,NA
"E3","V3SPL153",13103,"zone5 (farthest)",0,0,NA
"E3","V3SPL153",13104,"zone1 (nearest)",0,0,NA
"E3","V3SPL153",13104,"zone2",0,0,NA
"E3","V3SPL153",13104,"zone3",0,0,NA
"E3","V3SPL153",13104,"zone4",0,0,NA
"E3","V3SPL153",13104,"zone5 (farthest)",0,0,NA
"E3","V3SPL153",13105,"zone1 (nearest)",0,0,NA
"E3","V3SPL153",13105,"zone2",0,0,NA
"E3","V3SPL153",13105,"zone3",0,0,NA
"E3","V3SPL153",13105,"zone4",0,0,NA
"E3","V3SPL153",13105,"zone5 (farthest)",0,0,NA
"E3","V3SPL153",13106,"zone1 (nearest)",0,0,NA
"E3","V3SPL153",13106,"zone2",0,0,NA
"E3","V3SPL153",13106,"zone3",0,0,NA
"E3","V3SPL153",13106,"zone4",0,0,NA
"E3","V3SPL153",13106,"zone5 (farthest)",0,0,NA
"E3","V3SPL153",13107,"zone1 (nearest)",0,0,NA
"E3","V3SPL153",13107,"zone2",0,0,NA
"E3","V3SPL153",13107,"zone3",0,0,NA
"E3","V3SPL153",13107,"zone4",0,0,NA
"E3","V3SPL153",13107,"zone5 (farthest)",0,0,NA
"E3","V3SPL153",13108,"zone1 (nearest)",0,0,NA
"E3","V3SPL153",13108,"zone2",0,0,NA
"E3","V3SPL153",13108,"zone3",0,0,NA
"E3","V3SPL153",13108,"zone4",0,0,NA
"E3","V3SPL153",13108,"zone5 (farthest)",0,0,NA
"E3","V3SPL153",13109,"zone1 (nearest)",0,0,NA
"E3","V3SPL153",13109,"zone2",0,0,NA
"E3","V3SPL153",13109,"zone3",0,0,NA
"E3","V3SPL153",13109,"zone4",0,0,NA
"E3","V3SPL153",13109,"zone5 (farthest)",0,0,NA
"E3","V3SPL153",13110,"zone1 (nearest)",0,0,NA
"E3","V3SPL153",13110,"zone2",0,0,NA
"E3","V3SPL153",13110,"zone3",0,0,NA
"E3","V3SPL153",13110,"zone4",0,0,NA
"E3","V3SPL153",13110,"zone5 (farthest)",0,0,NA
"E3","V3SPL153",14101,"zone1 (nearest)",0,0,NA
"E3","V3SPL153",14101,"zone2",0,0,NA
"E3","V3SPL153",14101,"zone3",0,0,NA
"E3","V3SPL153",14101,"zone4",0,0,NA
"E3","V3SPL153",14101,"zone5 (farthest)",0,0,NA
"E3","V3SPL153",14102,"zone1 (nearest)",0,0,NA
"E3","V3SPL153",14102,"zone2",0,0,NA
"E3","V3SPL153",14102,"zone3",0,0,NA
"E3","V3SPL153",14102,"zone4",0,0,NA
"E3","V3SPL153",14102,"zone5 (farthest)",0,0,NA
"E3","V3SPL153",14103,"zone1 (nearest)",0,0,NA
"E3","V3SPL153",14103,"zone2",0,0,NA
"E3","V3SPL153",14103,"zone3",0,0,NA
"E3","V3SPL153",14103,"zone4",0,0,NA
"E3","V3SPL153",14103,"zone5 (farthest)",0,0,NA
"E3","V3SPL153",14104,"zone1 (nearest)",0,0,NA
"E3","V3SPL153",14104,"zone2",0,0,NA
"E3","V3SPL153",14104,"zone3",0,0,NA
"E3","V3SPL153",14104,"zone4",0,0,NA
"E3","V3SPL153",14104,"zone5 (farthest)",0,0,NA
"E3","V3SPL153",14105,"zone1 (nearest)",0,0,NA
"E3","V3SPL153",14105,"zone2",0,0,NA
"E3","V3SPL153",14105,"zone3",0,0,NA
"E3","V3SPL153",14105,"zone4",0,0,NA
"E3","V3SPL153",14105,"zone5 (farthest)",0,0,NA
"E3","V3SPL153",14106,"zone1 (nearest)",0,0,NA
"E3","V3SPL153",14106,"zone2",0,0,NA
"E3","V3SPL153",14106,"zone3",0,0,NA
"E3","V3SPL153",14106,"zone4",0,0,NA
"E3","V3SPL153",14106,"zone5 (farthest)",0,0,NA
"E3","V3SPL153",14107,"zone1 (nearest)",0,0,NA
"E3","V3SPL153",14107,"zone2",0,0,NA
"E3","V3SPL153",14107,"zone3",0,0,NA
"E3","V3SPL153",14107,"zone4",0,0,NA
"E3","V3SPL153",14107,"zone5 (farthest)",0,0,NA
"E3","V3SPL153",14108,"zone1 (nearest)",0,0,NA
"E3","V3SPL153",14108,"zone2",0,0,NA
"E3","V3SPL153",14108,"zone3",0,0,NA
"E3","V3SPL153",14108,"zone4",0,0,NA
"E3","V3SPL153",14108,"zone5 (farthest)",0,0,NA
"E3","V3SPL153",14109,"zone1 (nearest)",0,0,NA
"E3","V3SPL153",14109,"zone2",0,0,NA
"E3","V3SPL153",14109,"zone3",0,0,NA
"E3","V3SPL153",14109,"zone4",0,0,NA
"E3","V3SPL153",14109,"zone5 (farthest)",0,0,NA
"E3","V3SPL153",14110,"zone1 (nearest)",0,0,NA
"E3","V3SPL153",14110,"zone2",0,0,NA
"E3","V3SPL153",14110,"zone3",0,0,NA
"E3","V3SPL153",14110,"zone4",0,0,NA
"E3","V3SPL153",14110,"zone5 (farthest)",0,0,NA
"E3","V3SPL153",15101,"zone1 (nearest)",0,0,NA
"E3","V3SPL153",15101,"zone2",0,0,NA
"E3","V3SPL153",15101,"zone3",0,0,NA
"E3","V3SPL153",15101,"zone4",0,0,NA
"E3","V3SPL153",15101,"zone5 (farthest)",0,0,NA
"E3","V3SPL153",15102,"zone1 (nearest)",0,0,NA
"E3","V3SPL153",15102,"zone2",0,0,NA
"E3","V3SPL153",15102,"zone3",0,0,NA
"E3","V3SPL153",15102,"zone4",0,0,NA
"E3","V3SPL153",15102,"zone5 (farthest)",0,0,NA
"E3","V3SPL153",15103,"zone1 (nearest)",0,0,NA
"E3","V3SPL153",15103,"zone2",0,0,NA
"E3","V3SPL153",15103,"zone3",0,0,NA
"E3","V3SPL153",15103,"zone4",0,0,NA
"E3","V3SPL153",15103,"zone5 (farthest)",0,0,NA
"E3","V3SPL153",15104,"zone1 (nearest)",0,0,NA
"E3","V3SPL153",15104,"zone2",0,0,NA
"E3","V3SPL153",15104,"zone3",0,0,NA
"E3","V3SPL153",15104,"zone4",0,0,NA
"E3","V3SPL153",15104,"zone5 (farthest)",0,0,NA
"E3","V3SPL153",15105,"zone1 (nearest)",0,0,NA
"E3","V3SPL153",15105,"zone2",0,0,NA
"E3","V3SPL153",15105,"zone3",0,0,NA
"E3","V3SPL153",15105,"zone4",0,0,NA
"E3","V3SPL153",15105,"zone5 (farthest)",0,0,NA
"E3","V3SPL153",15106,"zone1 (nearest)",0,0,NA
"E3","V3SPL153",15106,"zone2",0,0,NA
"E3","V3SPL153",15106,"zone3",0,0,NA
"E3","V3SPL153",15106,"zone4",0,0,NA
"E3","V3SPL153",15106,"zone5 (farthest)",0,0,NA
"E3","V3SPL153",15107,"zone1 (nearest)",0,0,NA
"E3","V3SPL153",15107,"zone2",0,0,NA
"E3","V3SPL153",15107,"zone3",0,0,NA
"E3","V3SPL153",15107,"zone4",0,0,NA
"E3","V3SPL153",15107,"zone5 (farthest)",0,0,NA
"E3","V3SPL153",15108,"zone1 (nearest)",0,0,NA
"E3","V3SPL153",15108,"zone2",0,0,NA
"E3","V3SPL153",15108,"zone3",0,0,NA
"E3","V3SPL153",15108,"zone4",0,0,NA
"E3","V3SPL153",15108,"zone5 (farthest)",0,0,NA
"E3","V3SPL153",15109,"zone1 (nearest)",0,0,NA
"E3","V3SPL153",15109,"zone2",0,0,NA
"E3","V3SPL153",15109,"zone3",0,0,NA
"E3","V3SPL153",15109,"zone4",0,0,NA
"E3","V3SPL153",15109,"zone5 (farthest)",0,0,NA
"E3","V3SPL153",15110,"zone1 (nearest)",0,0,NA
"E3","V3SPL153",15110,"zone2",0,0,NA
"E3","V3SPL153",15110,"zone3",0,0,NA
"E3","V3SPL153",15110,"zone4",0,0,NA
"E3","V3SPL153",15110,"zone5 (farthest)",0,0,NA
"E3","V3SPL153",16101,"zone1 (nearest)",0,0,NA
"E3","V3SPL153",16101,"zone2",0,0,NA
"E3","V3SPL153",16101,"zone3",0,0,NA
"E3","V3SPL153",16101,"zone4",0,0,NA
"E3","V3SPL153",16101,"zone5 (farthest)",0,0,NA
"E3","V3SPL153",16102,"zone1 (nearest)",0,0,NA
"E3","V3SPL153",16102,"zone2",0,0,NA
"E3","V3SPL153",16102,"zone3",0,0,NA
"E3","V3SPL153",16102,"zone4",0,0,NA
"E3","V3SPL153",16102,"zone5 (farthest)",0,0,NA
"E3","V3SPL153",16103,"zone1 (nearest)",0,0,NA
"E3","V3SPL153",16103,"zone2",0,0,NA
"E3","V3SPL153",16103,"zone3",0,0,NA
"E3","V3SPL153",16103,"zone4",0,0,NA
"E3","V3SPL153",16103,"zone5 (farthest)",0,0,NA
"E3","V3SPL153",16104,"zone1 (nearest)",0,0,NA
"E3","V3SPL153",16104,"zone2",0,0,NA
"E3","V3SPL153",16104,"zone3",0,0,NA
"E3","V3SPL153",16104,"zone4",0,0,NA
"E3","V3SPL153",16104,"zone5 (farthest)",0,0,NA
"E3","V3SPL153",16105,"zone1 (nearest)",0,0,NA
"E3","V3SPL153",16105,"zone2",0,0,NA
"E3","V3SPL153",16105,"zone3",0,0,NA
"E3","V3SPL153",16105,"zone4",0,0,NA
"E3","V3SPL153",16105,"zone5 (farthest)",0,0,NA
"E3","V3SPL153",16106,"zone1 (nearest)",0,0,NA
"E3","V3SPL153",16106,"zone2",0,0,NA
"E3","V3SPL153",16106,"zone3",0,0,NA
"E3","V3SPL153",16106,"zone4",0,0,NA
"E3","V3SPL153",16106,"zone5 (farthest)",0,0,NA
"E3","V3SPL153",16107,"zone1 (nearest)",0,0,NA
"E3","V3SPL153",16107,"zone2",0,0,NA
"E3","V3SPL153",16107,"zone3",0,0,NA
"E3","V3SPL153",16107,"zone4",0,0,NA
"E3","V3SPL153",16107,"zone5 (farthest)",0,0,NA
"E3","V3SPL153",16108,"zone1 (nearest)",0,0,NA
"E3","V3SPL153",16108,"zone2",0,0,NA
"E3","V3SPL153",16108,"zone3",0,0,NA
"E3","V3SPL153",16108,"zone4",0,0,NA
"E3","V3SPL153",16108,"zone5 (farthest)",0,0,NA
"E3","V3SPL153",16109,"zone1 (nearest)",0,0,NA
"E3","V3SPL153",16109,"zone2",0,0,NA
"E3","V3SPL153",16109,"zone3",0,0,NA
"E3","V3SPL153",16109,"zone4",0,0,NA
"E3","V3SPL153",16109,"zone5 (farthest)",0,0,NA
"E3","V3SPL153",16110,"zone1 (nearest)",0,0,NA
"E3","V3SPL153",16110,"zone2",0,0,NA
"E3","V3SPL153",16110,"zone3",0,0,NA
"E3","V3SPL153",16110,"zone4",0,0,NA
"E3","V3SPL153",16110,"zone5 (farthest)",0,0,NA
"E3","V3SPL153",17101,"zone1 (nearest)",0,0,NA
"E3","V3SPL153",17101,"zone2",0,0,NA
"E3","V3SPL153",17101,"zone3",0,0,NA
"E3","V3SPL153",17101,"zone4",0,0,NA
"E3","V3SPL153",17101,"zone5 (farthest)",0,0,NA
"E3","V3SPL153",17102,"zone1 (nearest)",0,0,NA
"E3","V3SPL153",17102,"zone2",0,0,NA
"E3","V3SPL153",17102,"zone3",0,0,NA
"E3","V3SPL153",17102,"zone4",0,0,NA
"E3","V3SPL153",17102,"zone5 (farthest)",0,0,NA
"E3","V3SPL153",17103,"zone1 (nearest)",0,0,NA
"E3","V3SPL153",17103,"zone2",0,0,NA
"E3","V3SPL153",17103,"zone3",0,0,NA
"E3","V3SPL153",17103,"zone4",0,0,NA
"E3","V3SPL153",17103,"zone5 (farthest)",0,0,NA
"E3","V3SPL153",17104,"zone1 (nearest)",0,0,NA
"E3","V3SPL153",17104,"zone2",0,0,NA
"E3","V3SPL153",17104,"zone3",0,0,NA
"E3","V3SPL153",17104,"zone4",0,0,NA
"E3","V3SPL153",17104,"zone5 (farthest)",0,0,NA
"E3","V3SPL153",17105,"zone1 (nearest)",0,0,NA
"E3","V3SPL153",17105,"zone2",0,0,NA
"E3","V3SPL153",17105,"zone3",0,0,NA
"E3","V3SPL153",17105,"zone4",0,0,NA
"E3","V3SPL153",17105,"zone5 (farthest)",0,0,NA
"E3","V3SPL153",17106,"zone1 (nearest)",0,0,NA
"E3","V3SPL153",17106,"zone2",0,0,NA
"E3","V3SPL153",17106,"zone3",0,0,NA
"E3","V3SPL153",17106,"zone4",0,0,NA
"E3","V3SPL153",17106,"zone5 (farthest)",0,0,NA
"E3","V3SPL153",17107,"zone1 (nearest)",0,0,NA
"E3","V3SPL153",17107,"zone2",0,0,NA
"E3","V3SPL153",17107,"zone3",0,0,NA
"E3","V3SPL153",17107,"zone4",0,0,NA
"E3","V3SPL153",17107,"zone5 (farthest)",0,0,NA
"E3","V3SPL153",17108,"zone1 (nearest)",0,0,NA
"E3","V3SPL153",17108,"zone2",0,0,NA
"E3","V3SPL153",17108,"zone3",0,0,NA
"E3","V3SPL153",17108,"zone4",0,0,NA
"E3","V3SPL153",17108,"zone5 (farthest)",0,0,NA
"E3","V3SPL153",17109,"zone1 (nearest)",0,0,NA
"E3","V3SPL153",17109,"zone2",0,0,NA
"E3","V3SPL153",17109,"zone3",0,0,NA
"E3","V3SPL153",17109,"zone4",0,0,NA
"E3","V3SPL153",17109,"zone5 (farthest)",0,0,NA
"E3","V3SPL153",17110,"zone1 (nearest)",0,0,NA
"E3","V3SPL153",17110,"zone2",0,0,NA
"E3","V3SPL153",17110,"zone3",0,0,NA
"E3","V3SPL153",17110,"zone4",0,0,NA
"E3","V3SPL153",17110,"zone5 (farthest)",0,0,NA
"E3","V3SPL153",18101,"zone1 (nearest)",0,0,NA
"E3","V3SPL153",18101,"zone2",0,0,NA
"E3","V3SPL153",18101,"zone3",0,0,NA
"E3","V3SPL153",18101,"zone4",0,0,NA
"E3","V3SPL153",18101,"zone5 (farthest)",0,0,NA
"E3","V3SPL153",18102,"zone1 (nearest)",0,0,NA
"E3","V3SPL153",18102,"zone2",0,0,NA
"E3","V3SPL153",18102,"zone3",0,0,NA
"E3","V3SPL153",18102,"zone4",0,0,NA
"E3","V3SPL153",18102,"zone5 (farthest)",0,0,NA
"E3","V3SPL153",18103,"zone1 (nearest)",0,0,NA
"E3","V3SPL153",18103,"zone2",0,0,NA
"E3","V3SPL153",18103,"zone3",0,0,NA
"E3","V3SPL153",18103,"zone4",0,0,NA
"E3","V3SPL153",18103,"zone5 (farthest)",0,0,NA
"E3","V3SPL153",18104,"zone1 (nearest)",0,0,NA
"E3","V3SPL153",18104,"zone2",0,0,NA
"E3","V3SPL153",18104,"zone3",0,0,NA
"E3","V3SPL153",18104,"zone4",0,0,NA
"E3","V3SPL153",18104,"zone5 (farthest)",0,0,NA
"E3","V3SPL153",18105,"zone1 (nearest)",0,0,NA
"E3","V3SPL153",18105,"zone2",0,0,NA
"E3","V3SPL153",18105,"zone3",0,0,NA
"E3","V3SPL153",18105,"zone4",0,0,NA
"E3","V3SPL153",18105,"zone5 (farthest)",0,0,NA
"E3","V3SPL153",18106,"zone1 (nearest)",0,0,NA
"E3","V3SPL153",18106,"zone2",0,0,NA
"E3","V3SPL153",18106,"zone3",0,0,NA
"E3","V3SPL153",18106,"zone4",0,0,NA
"E3","V3SPL153",18106,"zone5 (farthest)",0,0,NA
"E3","V3SPL153",18107,"zone1 (nearest)",0,0,NA
"E3","V3SPL153",18107,"zone2",0,0,NA
"E3","V3SPL153",18107,"zone3",0,0,NA
"E3","V3SPL153",18107,"zone4",0,0,NA
"E3","V3SPL153",18107,"zone5 (farthest)",0,0,NA
"E3","V3SPL153",18108,"zone1 (nearest)",0,0,NA
"E3","V3SPL153",18108,"zone2",0,0,NA
"E3","V3SPL153",18108,"zone3",0,0,NA
"E3","V3SPL153",18108,"zone4",0,0,NA
"E3","V3SPL153",18108,"zone5 (farthest)",0,0,NA
"E3","V3SPL153",18109,"zone1 (nearest)",0,0,NA
"E3","V3SPL153",18109,"zone2",0,0,NA
"E3","V3SPL153",18109,"zone3",0,0,NA
"E3","V3SPL153",18109,"zone4",0,0,NA
"E3","V3SPL153",18109,"zone5 (farthest)",0,0,NA
"E3","V3SPL153",18110,"zone1 (nearest)",0,0,NA
"E3","V3SPL153",18110,"zone2",0,0,NA
"E3","V3SPL153",18110,"zone3",0,0,NA
"E3","V3SPL153",18110,"zone4",0,0,NA
"E3","V3SPL153",18110,"zone5 (farthest)",0,0,NA
"E3","V3SPL153",19101,"zone1 (nearest)",0,0,NA
"E3","V3SPL153",19101,"zone2",0,0,NA
"E3","V3SPL153",19101,"zone3",0,0,NA
"E3","V3SPL153",19101,"zone4",0,0,NA
"E3","V3SPL153",19101,"zone5 (farthest)",0,0,NA
"E3","V3SPL153",19102,"zone1 (nearest)",0,0,NA
"E3","V3SPL153",19102,"zone2",0,0,NA
"E3","V3SPL153",19102,"zone3",0,0,NA
"E3","V3SPL153",19102,"zone4",0,0,NA
"E3","V3SPL153",19102,"zone5 (farthest)",0,0,NA
"E3","V3SPL153",19103,"zone1 (nearest)",0,0,NA
"E3","V3SPL153",19103,"zone2",0,0,NA
"E3","V3SPL153",19103,"zone3",0,0,NA
"E3","V3SPL153",19103,"zone4",0,0,NA
"E3","V3SPL153",19103,"zone5 (farthest)",0,0,NA
"E3","V3SPL153",19104,"zone1 (nearest)",0,0,NA
"E3","V3SPL153",19104,"zone2",0,0,NA
"E3","V3SPL153",19104,"zone3",0,0,NA
"E3","V3SPL153",19104,"zone4",0,0,NA
"E3","V3SPL153",19104,"zone5 (farthest)",0,0,NA
"E3","V3SPL153",19105,"zone1 (nearest)",0,0,NA
"E3","V3SPL153",19105,"zone2",0,0,NA
"E3","V3SPL153",19105,"zone3",0,0,NA
"E3","V3SPL153",19105,"zone4",0,0,NA
"E3","V3SPL153",19105,"zone5 (farthest)",0,0,NA
"E3","V3SPL153",19106,"zone1 (nearest)",0,0,NA
"E3","V3SPL153",19106,"zone2",0,0,NA
"E3","V3SPL153",19106,"zone3",0,0,NA
"E3","V3SPL153",19106,"zone4",0,0,NA
"E3","V3SPL153",19106,"zone5 (farthest)",0,0,NA
"E3","V3SPL153",19107,"zone1 (nearest)",0,0,NA
"E3","V3SPL153",19107,"zone2",0,0,NA
"E3","V3SPL153",19107,"zone3",0,0,NA
"E3","V3SPL153",19107,"zone4",0,0,NA
"E3","V3SPL153",19107,"zone5 (farthest)",0,0,NA
"E3","V3SPL153",19108,"zone1 (nearest)",0,0,NA
"E3","V3SPL153",19108,"zone2",0,0,NA
"E3","V3SPL153",19108,"zone3",0,0,NA
"E3","V3SPL153",19108,"zone4",0,0,NA
"E3","V3SPL153",19108,"zone5 (farthest)",0,0,NA
"E3","V3SPL153",19109,"zone1 (nearest)",0,0,NA
"E3","V3SPL153",19109,"zone2",0,0,NA
"E3","V3SPL153",19109,"zone3",0,0,NA
"E3","V3SPL153",19109,"zone4",0,0,NA
"E3","V3SPL153",19109,"zone5 (farthest)",0,0,NA
"E3","V3SPL153",19110,"zone1 (nearest)",0,0,NA
"E3","V3SPL153",19110,"zone2",0,0,NA
"E3","V3SPL153",19110,"zone3",0,0,NA
"E3","V3SPL153",19110,"zone4",0,0,NA
"E3","V3SPL153",19110,"zone5 (farthest)",0,0,NA
"E3","V3SPL153",20101,"zone1 (nearest)",0,0,NA
"E3","V3SPL153",20101,"zone2",0,0,NA
"E3","V3SPL153",20101,"zone3",0,0,NA
"E3","V3SPL153",20101,"zone4",0,0,NA
"E3","V3SPL153",20101,"zone5 (farthest)",0,0,NA
"E3","V3SPL153",20102,"zone1 (nearest)",0,0,NA
"E3","V3SPL153",20102,"zone2",0,0,NA
"E3","V3SPL153",20102,"zone3",0,0,NA
"E3","V3SPL153",20102,"zone4",0,0,NA
"E3","V3SPL153",20102,"zone5 (farthest)",0,0,NA
"E3","V3SPL153",20103,"zone1 (nearest)",0,0,NA
"E3","V3SPL153",20103,"zone2",0,0,NA
"E3","V3SPL153",20103,"zone3",0,0,NA
"E3","V3SPL153",20103,"zone4",0,0,NA
"E3","V3SPL153",20103,"zone5 (farthest)",0,0,NA
"E3","V3SPL153",20104,"zone1 (nearest)",0,0,NA
"E3","V3SPL153",20104,"zone2",0,0,NA
"E3","V3SPL153",20104,"zone3",0,0,NA
"E3","V3SPL153",20104,"zone4",0,0,NA
"E3","V3SPL153",20104,"zone5 (farthest)",0,0,NA
"E3","V3SPL153",20105,"zone1 (nearest)",0,0,NA
"E3","V3SPL153",20105,"zone2",0,0,NA
"E3","V3SPL153",20105,"zone3",0,0,NA
"E3","V3SPL153",20105,"zone4",0,0,NA
"E3","V3SPL153",20105,"zone5 (farthest)",0,0,NA
"E3","V3SPL153",20106,"zone1 (nearest)",0,0,NA
"E3","V3SPL153",20106,"zone2",0,0,NA
"E3","V3SPL153",20106,"zone3",0,0,NA
"E3","V3SPL153",20106,"zone4",0,0,NA
"E3","V3SPL153",20106,"zone5 (farthest)",0,0,NA
"E3","V3SPL153",20107,"zone1 (nearest)",0,0,NA
"E3","V3SPL153",20107,"zone2",0,0,NA
"E3","V3SPL153",20107,"zone3",0,0,NA
"E3","V3SPL153",20107,"zone4",0,0,NA
"E3","V3SPL153",20107,"zone5 (farthest)",0,0,NA
"E3","V3SPL153",20108,"zone1 (nearest)",0,0,NA
"E3","V3SPL153",20108,"zone2",0,0,NA
"E3","V3SPL153",20108,"zone3",0,0,NA
"E3","V3SPL153",20108,"zone4",0,0,NA
"E3","V3SPL153",20108,"zone5 (farthest)",0,0,NA
"E3","V3SPL153",20109,"zone1 (nearest)",0,0,NA
"E3","V3SPL153",20109,"zone2",0,0,NA
"E3","V3SPL153",20109,"zone3",0,0,NA
"E3","V3SPL153",20109,"zone4",0,0,NA
"E3","V3SPL153",20109,"zone5 (farthest)",0,0,NA
"E3","V3SPL153",20110,"zone1 (nearest)",0,0,NA
"E3","V3SPL153",20110,"zone2",0,0,NA
"E3","V3SPL153",20110,"zone3",0,0,NA
"E3","V3SPL153",20110,"zone4",0,0,NA
"E3","V3SPL153",20110,"zone5 (farthest)",0,0,NA
"E3","V3SPL153",21101,"zone1 (nearest)",0,0,NA
"E3","V3SPL153",21101,"zone2",0,0,NA
"E3","V3SPL153",21101,"zone3",0,0,NA
"E3","V3SPL153",21101,"zone4",0,0,NA
"E3","V3SPL153",21101,"zone5 (farthest)",0,0,NA
"E3","V3SPL153",21102,"zone1 (nearest)",0,0,NA
"E3","V3SPL153",21102,"zone2",0,0,NA
"E3","V3SPL153",21102,"zone3",0,0,NA
"E3","V3SPL153",21102,"zone4",0,0,NA
"E3","V3SPL153",21102,"zone5 (farthest)",0,0,NA
"E3","V3SPL153",21103,"zone1 (nearest)",0,0,NA
"E3","V3SPL153",21103,"zone2",0,0,NA
"E3","V3SPL153",21103,"zone3",0,0,NA
"E3","V3SPL153",21103,"zone4",0,0,NA
"E3","V3SPL153",21103,"zone5 (farthest)",0,0,NA
"E3","V3SPL153",21104,"zone1 (nearest)",0,0,NA
"E3","V3SPL153",21104,"zone2",0,0,NA
"E3","V3SPL153",21104,"zone3",0,0,NA
"E3","V3SPL153",21104,"zone4",0,0,NA
"E3","V3SPL153",21104,"zone5 (farthest)",0,0,NA
"E3","V3SPL153",21105,"zone1 (nearest)",0,0,NA
"E3","V3SPL153",21105,"zone2",0,0,NA
"E3","V3SPL153",21105,"zone3",0,0,NA
"E3","V3SPL153",21105,"zone4",0,0,NA
"E3","V3SPL153",21105,"zone5 (farthest)",0,0,NA
"E3","V3SPL153",21106,"zone1 (nearest)",0,0,NA
"E3","V3SPL153",21106,"zone2",0,0,NA
"E3","V3SPL153",21106,"zone3",0,0,NA
"E3","V3SPL153",21106,"zone4",0,0,NA
"E3","V3SPL153",21106,"zone5 (farthest)",0,0,NA
"E3","V3SPL153",21107,"zone1 (nearest)",0,0,NA
"E3","V3SPL153",21107,"zone2",0,0,NA
"E3","V3SPL153",21107,"zone3",0,0,NA
"E3","V3SPL153",21107,"zone4",0,0,NA
"E3","V3SPL153",21107,"zone5 (farthest)",0,0,NA
"E3","V3SPL153",21108,"zone1 (nearest)",0,0,NA
"E3","V3SPL153",21108,"zone2",0,0,NA
"E3","V3SPL153",21108,"zone3",0,0,NA
"E3","V3SPL153",21108,"zone4",0,0,NA
"E3","V3SPL153",21108,"zone5 (farthest)",0,0,NA
"E3","V3SPL153",21109,"zone1 (nearest)",0,0,NA
"E3","V3SPL153",21109,"zone2",0,0,NA
"E3","V3SPL153",21109,"zone3",0,0,NA
"E3","V3SPL153",21109,"zone4",0,0,NA
"E3","V3SPL153",21109,"zone5 (farthest)",0,0,NA
"E3","V3SPL153",21110,"zone1 (nearest)",0,0,NA
"E3","V3SPL153",21110,"zone2",0,0,NA
"E3","V3SPL153",21110,"zone3",0,0,NA
"E3","V3SPL153",21110,"zone4",0,0,NA
"E3","V3SPL153",21110,"zone5 (farthest)",0,0,NA
"E3","V3SPL153",22101,"zone1 (nearest)",0,0,NA
"E3","V3SPL153",22101,"zone2",0,0,NA
"E3","V3SPL153",22101,"zone3",0,0,NA
"E3","V3SPL153",22101,"zone4",0,0,NA
"E3","V3SPL153",22101,"zone5 (farthest)",0,0,NA
"E3","V3SPL153",22102,"zone1 (nearest)",0,0,NA
"E3","V3SPL153",22102,"zone2",0,0,NA
"E3","V3SPL153",22102,"zone3",0,0,NA
"E3","V3SPL153",22102,"zone4",0,0,NA
"E3","V3SPL153",22102,"zone5 (farthest)",0,0,NA
"E3","V3SPL153",22103,"zone1 (nearest)",0,0,NA
"E3","V3SPL153",22103,"zone2",0,0,NA
"E3","V3SPL153",22103,"zone3",0,0,NA
"E3","V3SPL153",22103,"zone4",0,0,NA
"E3","V3SPL153",22103,"zone5 (farthest)",0,0,NA
"E3","V3SPL153",22104,"zone1 (nearest)",0,0,NA
"E3","V3SPL153",22104,"zone2",0,0,NA
"E3","V3SPL153",22104,"zone3",0,0,NA
"E3","V3SPL153",22104,"zone4",0,0,NA
"E3","V3SPL153",22104,"zone5 (farthest)",0,0,NA
"E3","V3SPL153",22105,"zone1 (nearest)",0,0,NA
"E3","V3SPL153",22105,"zone2",0,0,NA
"E3","V3SPL153",22105,"zone3",0,0,NA
"E3","V3SPL153",22105,"zone4",0,0,NA
"E3","V3SPL153",22105,"zone5 (farthest)",0,0,NA
"E3","V3SPL153",22106,"zone1 (nearest)",0,0,NA
"E3","V3SPL153",22106,"zone2",0,0,NA
"E3","V3SPL153",22106,"zone3",0,0,NA
"E3","V3SPL153",22106,"zone4",0,0,NA
"E3","V3SPL153",22106,"zone5 (farthest)",0,0,NA
"E3","V3SPL153",22107,"zone1 (nearest)",0,0,NA
"E3","V3SPL153",22107,"zone2",0,0,NA
"E3","V3SPL153",22107,"zone3",0,0,NA
"E3","V3SPL153",22107,"zone4",0,0,NA
"E3","V3SPL153",22107,"zone5 (farthest)",0,0,NA
"E3","V3SPL153",22108,"zone1 (nearest)",0,0,NA
"E3","V3SPL153",22108,"zone2",0,0,NA
"E3","V3SPL153",22108,"zone3",0,0,NA
"E3","V3SPL153",22108,"zone4",0,0,NA
"E3","V3SPL153",22108,"zone5 (farthest)",0,0,NA
"E3","V3SPL153",22109,"zone1 (nearest)",0,0,NA
"E3","V3SPL153",22109,"zone2",0,0,NA
"E3","V3SPL153",22109,"zone3",0,0,NA
"E3","V3SPL153",22109,"zone4",0,0,NA
"E3","V3SPL153",22109,"zone5 (farthest)",0,0,NA
"E3","V3SPL153",22110,"zone1 (nearest)",0,0,NA
"E3","V3SPL153",22110,"zone2",0,0,NA
"E3","V3SPL153",22110,"zone3",0,0,NA
"E3","V3SPL153",22110,"zone4",0,0,NA
"E3","V3SPL153",22110,"zone5 (farthest)",0,0,NA
"E3","V3SPL153",23101,"zone1 (nearest)",0,0,NA
"E3","V3SPL153",23101,"zone2",0,0,NA
"E3","V3SPL153",23101,"zone3",0,0,NA
"E3","V3SPL153",23101,"zone4",0,0,NA
"E3","V3SPL153",23101,"zone5 (farthest)",0,0,NA
"E3","V3SPL153",23102,"zone1 (nearest)",0,0,NA
"E3","V3SPL153",23102,"zone2",0,0,NA
"E3","V3SPL153",23102,"zone3",0,0,NA
"E3","V3SPL153",23102,"zone4",0,0,NA
"E3","V3SPL153",23102,"zone5 (farthest)",0,0,NA
"E3","V3SPL153",23103,"zone1 (nearest)",0,0,NA
"E3","V3SPL153",23103,"zone2",0,0,NA
"E3","V3SPL153",23103,"zone3",0,0,NA
"E3","V3SPL153",23103,"zone4",0,0,NA
"E3","V3SPL153",23103,"zone5 (farthest)",0,0,NA
"E3","V3SPL153",23104,"zone1 (nearest)",0,0,NA
"E3","V3SPL153",23104,"zone2",0,0,NA
"E3","V3SPL153",23104,"zone3",0,0,NA
"E3","V3SPL153",23104,"zone4",0,0,NA
"E3","V3SPL153",23104,"zone5 (farthest)",0,0,NA
"E3","V3SPL153",23105,"zone1 (nearest)",0,0,NA
"E3","V3SPL153",23105,"zone2",0,0,NA
"E3","V3SPL153",23105,"zone3",0,0,NA
"E3","V3SPL153",23105,"zone4",0,0,NA
"E3","V3SPL153",23105,"zone5 (farthest)",0,0,NA
"E3","V3SPL153",23106,"zone1 (nearest)",0,0,NA
"E3","V3SPL153",23106,"zone2",0,0,NA
"E3","V3SPL153",23106,"zone3",0,0,NA
"E3","V3SPL153",23106,"zone4",0,0,NA
"E3","V3SPL153",23106,"zone5 (farthest)",0,0,NA
"E3","V3SPL153",23107,"zone1 (nearest)",0,0,NA
"E3","V3SPL153",23107,"zone2",0,0,NA
"E3","V3SPL153",23107,"zone3",0,0,NA
"E3","V3SPL153",23107,"zone4",0,0,NA
"E3","V3SPL153",23107,"zone5 (farthest)",0,0,NA
"E3","V3SPL153",23108,"zone1 (nearest)",0,0,NA
"E3","V3SPL153",23108,"zone2",0,0,NA
"E3","V3SPL153",23108,"zone3",0,0,NA
"E3","V3SPL153",23108,"zone4",0,0,NA
"E3","V3SPL153",23108,"zone5 (farthest)",0,0,NA
"E3","V3SPL153",23109,"zone1 (nearest)",0,0,NA
"E3","V3SPL153",23109,"zone2",0,0,NA
"E3","V3SPL153",23109,"zone3",0,0,NA
"E3","V3SPL153",23109,"zone4",0,0,NA
"E3","V3SPL153",23109,"zone5 (farthest)",0,0,NA
"E3","V3SPL153",23110,"zone1 (nearest)",0,0,NA
"E3","V3SPL153",23110,"zone2",0,0,NA
"E3","V3SPL153",23110,"zone3",0,0,NA
"E3","V3SPL153",23110,"zone4",0,0,NA
"E3","V3SPL153",23110,"zone5 (farthest)",0,0,NA
"E3","V3SPL153",24101,"zone1 (nearest)",0,0,NA
"E3","V3SPL153",24101,"zone2",0,0,NA
"E3","V3SPL153",24101,"zone3",0,0,NA
"E3","V3SPL153",24101,"zone4",0,0,NA
"E3","V3SPL153",24101,"zone5 (farthest)",0,0,NA
"E3","V3SPL153",24102,"zone1 (nearest)",0,0,NA
"E3","V3SPL153",24102,"zone2",0,0,NA
"E3","V3SPL153",24102,"zone3",0,0,NA
"E3","V3SPL153",24102,"zone4",0,0,NA
"E3","V3SPL153",24102,"zone5 (farthest)",0,0,NA
"E3","V3SPL153",24103,"zone1 (nearest)",0,0,NA
"E3","V3SPL153",24103,"zone2",0,0,NA
"E3","V3SPL153",24103,"zone3",0,0,NA
"E3","V3SPL153",24103,"zone4",0,0,NA
"E3","V3SPL153",24103,"zone5 (farthest)",0,0,NA
"E3","V3SPL153",24104,"zone1 (nearest)",0,0,NA
"E3","V3SPL153",24104,"zone2",0,0,NA
"E3","V3SPL153",24104,"zone3",0,0,NA
"E3","V3SPL153",24104,"zone4",0,0,NA
"E3","V3SPL153",24104,"zone5 (farthest)",0,0,NA
"E3","V3SPL153",24105,"zone1 (nearest)",0,0,NA
"E3","V3SPL153",24105,"zone2",0,0,NA
"E3","V3SPL153",24105,"zone3",0,0,NA
"E3","V3SPL153",24105,"zone4",0,0,NA
"E3","V3SPL153",24105,"zone5 (farthest)",0,0,NA
"E3","V3SPL153",24106,"zone1 (nearest)",0,0,NA
"E3","V3SPL153",24106,"zone2",0,0,NA
"E3","V3SPL153",24106,"zone3",0,0,NA
"E3","V3SPL153",24106,"zone4",0,0,NA
"E3","V3SPL153",24106,"zone5 (farthest)",0,0,NA
"E3","V3SPL153",24107,"zone1 (nearest)",0,0,NA
"E3","V3SPL153",24107,"zone2",0,0,NA
"E3","V3SPL153",24107,"zone3",0,0,NA
"E3","V3SPL153",24107,"zone4",0,0,NA
"E3","V3SPL153",24107,"zone5 (farthest)",0,0,NA
"E3","V3SPL153",24108,"zone1 (nearest)",0,0,NA
"E3","V3SPL153",24108,"zone2",0,0,NA
"E3","V3SPL153",24108,"zone3",0,0,NA
"E3","V3SPL153",24108,"zone4",0,0,NA
"E3","V3SPL153",24108,"zone5 (farthest)",0,0,NA
"E3","V3SPL153",24109,"zone1 (nearest)",0,0,NA
"E3","V3SPL153",24109,"zone2",0,0,NA
"E3","V3SPL153",24109,"zone3",0,0,NA
"E3","V3SPL153",24109,"zone4",0,0,NA
"E3","V3SPL153",24109,"zone5 (farthest)",0,0,NA
"E3","V3SPL153",24110,"zone1 (nearest)",0,0,NA
"E3","V3SPL153",24110,"zone2",0,0,NA
"E3","V3SPL153",24110,"zone3",0,0,NA
"E3","V3SPL153",24110,"zone4",0,0,NA
"E3","V3SPL153",24110,"zone5 (farthest)",0,0,NA
"E3","V3SPL153",25101,"zone1 (nearest)",0,0,NA
"E3","V3SPL153",25101,"zone2",0,0,NA
"E3","V3SPL153",25101,"zone3",0,0,NA
"E3","V3SPL153",25101,"zone4",0,0,NA
"E3","V3SPL153",25101,"zone5 (farthest)",0,0,NA
"E3","V3SPL153",25102,"zone1 (nearest)",0,0,NA
"E3","V3SPL153",25102,"zone2",0,0,NA
"E3","V3SPL153",25102,"zone3",0,0,NA
"E3","V3SPL153",25102,"zone4",0,0,NA
"E3","V3SPL153",25102,"zone5 (farthest)",0,0,NA
"E3","V3SPL153",25103,"zone1 (nearest)",0,0,NA
"E3","V3SPL153",25103,"zone2",0,0,NA
"E3","V3SPL153",25103,"zone3",0,0,NA
"E3","V3SPL153",25103,"zone4",0,0,NA
"E3","V3SPL153",25103,"zone5 (farthest)",0,0,NA
"E3","V3SPL153",25104,"zone1 (nearest)",0,0,NA
"E3","V3SPL153",25104,"zone2",0,0,NA
"E3","V3SPL153",25104,"zone3",0,0,NA
"E3","V3SPL153",25104,"zone4",0,0,NA
"E3","V3SPL153",25104,"zone5 (farthest)",0,0,NA
"E3","V3SPL153",25105,"zone1 (nearest)",0,0,NA
"E3","V3SPL153",25105,"zone2",0,0,NA
"E3","V3SPL153",25105,"zone3",0,0,NA
"E3","V3SPL153",25105,"zone4",0,0,NA
"E3","V3SPL153",25105,"zone5 (farthest)",0,0,NA
"E3","V3SPL153",25106,"zone1 (nearest)",0,0,NA
"E3","V3SPL153",25106,"zone2",0,0,NA
"E3","V3SPL153",25106,"zone3",0,0,NA
"E3","V3SPL153",25106,"zone4",0,0,NA
"E3","V3SPL153",25106,"zone5 (farthest)",0,0,NA
"E3","V3SPL153",25107,"zone1 (nearest)",0,0,NA
"E3","V3SPL153",25107,"zone2",0,0,NA
"E3","V3SPL153",25107,"zone3",0,0,NA
"E3","V3SPL153",25107,"zone4",0,0,NA
"E3","V3SPL153",25107,"zone5 (farthest)",0,0,NA
"E3","V3SPL153",25108,"zone1 (nearest)",0,0,NA
"E3","V3SPL153",25108,"zone2",0,0,NA
"E3","V3SPL153",25108,"zone3",0,0,NA
"E3","V3SPL153",25108,"zone4",0,0,NA
"E3","V3SPL153",25108,"zone5 (farthest)",0,0,NA
"E3","V3SPL153",25109,"zone1 (nearest)",0,0,NA
"E3","V3SPL153",25109,"zone2",0,0,NA
"E3","V3SPL153",25109,"zone3",0,0,NA
"E3","V3SPL153",25109,"zone4",0,0,NA
"E3","V3SPL153",25109,"zone5 (farthest)",0,0,NA
"E3","V3SPL153",25110,"zone1 (nearest)",0,0,NA
"E3","V3SPL153",25110,"zone2",0,0,NA
"E3","V3SPL153",25110,"zone3",0,0,NA
"E3","V3SPL153",25110,"zone4",0,0,NA
"E3","V3SPL153",25110,"zone5 (farthest)",0,0,NA
"E3","V3SPL153",26101,"zone1 (nearest)",0,0,NA
"E3","V3SPL153",26101,"zone2",0,0,NA
"E3","V3SPL153",26101,"zone3",0,0,NA
"E3","V3SPL153",26101,"zone4",0,0,NA
"E3","V3SPL153",26101,"zone5 (farthest)",0,0,NA
"E3","V3SPL153",26102,"zone1 (nearest)",0,0,NA
"E3","V3SPL153",26102,"zone2",0,0,NA
"E3","V3SPL153",26102,"zone3",0,0,NA
"E3","V3SPL153",26102,"zone4",0,0,NA
"E3","V3SPL153",26102,"zone5 (farthest)",0,0,NA
"E3","V3SPL153",26103,"zone1 (nearest)",0,0,NA
"E3","V3SPL153",26103,"zone2",0,0,NA
"E3","V3SPL153",26103,"zone3",0,0,NA
"E3","V3SPL153",26103,"zone4",0,0,NA
"E3","V3SPL153",26103,"zone5 (farthest)",0,0,NA
"E3","V3SPL153",26104,"zone1 (nearest)",0,0,NA
"E3","V3SPL153",26104,"zone2",0,0,NA
"E3","V3SPL153",26104,"zone3",0,0,NA
"E3","V3SPL153",26104,"zone4",0,0,NA
"E3","V3SPL153",26104,"zone5 (farthest)",0,0,NA
"E3","V3SPL153",26105,"zone1 (nearest)",0,0,NA
"E3","V3SPL153",26105,"zone2",0,0,NA
"E3","V3SPL153",26105,"zone3",0,0,NA
"E3","V3SPL153",26105,"zone4",0,0,NA
"E3","V3SPL153",26105,"zone5 (farthest)",0,0,NA
"E3","V3SPL153",26106,"zone1 (nearest)",0,0,NA
"E3","V3SPL153",26106,"zone2",0,0,NA
"E3","V3SPL153",26106,"zone3",0,0,NA
"E3","V3SPL153",26106,"zone4",0,0,NA
"E3","V3SPL153",26106,"zone5 (farthest)",0,0,NA
"E3","V3SPL153",26107,"zone1 (nearest)",0,0,NA
"E3","V3SPL153",26107,"zone2",0,0,NA
"E3","V3SPL153",26107,"zone3",0,0,NA
"E3","V3SPL153",26107,"zone4",0,0,NA
"E3","V3SPL153",26107,"zone5 (farthest)",0,0,NA
"E3","V3SPL153",26108,"zone1 (nearest)",0,0,NA
"E3","V3SPL153",26108,"zone2",0,0,NA
"E3","V3SPL153",26108,"zone3",0,0,NA
"E3","V3SPL153",26108,"zone4",0,0,NA
"E3","V3SPL153",26108,"zone5 (farthest)",0,0,NA
"E3","V3SPL153",26109,"zone1 (nearest)",0,0,NA
"E3","V3SPL153",26109,"zone2",0,0,NA
"E3","V3SPL153",26109,"zone3",0,0,NA
"E3","V3SPL153",26109,"zone4",0,0,NA
"E3","V3SPL153",26109,"zone5 (farthest)",0,0,NA
"E3","V3SPL153",26110,"zone1 (nearest)",0,0,NA
"E3","V3SPL153",26110,"zone2",0,0,NA
"E3","V3SPL153",26110,"zone3",0,0,NA
"E3","V3SPL153",26110,"zone4",0,0,NA
"E3","V3SPL153",26110,"zone5 (farthest)",0,0,NA
"E3","V3SPL153",27101,"zone1 (nearest)",0,0,NA
"E3","V3SPL153",27101,"zone2",0,0,NA
"E3","V3SPL153",27101,"zone3",0,0,NA
"E3","V3SPL153",27101,"zone4",0,0,NA
"E3","V3SPL153",27101,"zone5 (farthest)",0,0,NA
"E3","V3SPL153",27102,"zone1 (nearest)",0,0,NA
"E3","V3SPL153",27102,"zone2",0,0,NA
"E3","V3SPL153",27102,"zone3",0,0,NA
"E3","V3SPL153",27102,"zone4",0,0,NA
"E3","V3SPL153",27102,"zone5 (farthest)",0,0,NA
"E3","V3SPL153",27103,"zone1 (nearest)",0,0,NA
"E3","V3SPL153",27103,"zone2",0,0,NA
"E3","V3SPL153",27103,"zone3",0,0,NA
"E3","V3SPL153",27103,"zone4",0,0,NA
"E3","V3SPL153",27103,"zone5 (farthest)",0,0,NA
"E3","V3SPL153",27104,"zone1 (nearest)",0,0,NA
"E3","V3SPL153",27104,"zone2",0,0,NA
"E3","V3SPL153",27104,"zone3",0,0,NA
"E3","V3SPL153",27104,"zone4",0,0,NA
"E3","V3SPL153",27104,"zone5 (farthest)",0,0,NA
"E3","V3SPL153",27105,"zone1 (nearest)",0,0,NA
"E3","V3SPL153",27105,"zone2",0,0,NA
"E3","V3SPL153",27105,"zone3",0,0,NA
"E3","V3SPL153",27105,"zone4",0,0,NA
"E3","V3SPL153",27105,"zone5 (farthest)",0,0,NA
"E3","V3SPL153",27106,"zone1 (nearest)",0,0,NA
"E3","V3SPL153",27106,"zone2",0,0,NA
"E3","V3SPL153",27106,"zone3",0,0,NA
"E3","V3SPL153",27106,"zone4",0,0,NA
"E3","V3SPL153",27106,"zone5 (farthest)",0,0,NA
"E3","V3SPL153",27107,"zone1 (nearest)",0,0,NA
"E3","V3SPL153",27107,"zone2",0,0,NA
"E3","V3SPL153",27107,"zone3",0,0,NA
"E3","V3SPL153",27107,"zone4",0,0,NA
"E3","V3SPL153",27107,"zone5 (farthest)",0,0,NA
"E3","V3SPL153",27108,"zone1 (nearest)",0,0,NA
"E3","V3SPL153",27108,"zone2",0,0,NA
"E3","V3SPL153",27108,"zone3",0,0,NA
"E3","V3SPL153",27108,"zone4",0,0,NA
"E3","V3SPL153",27108,"zone5 (farthest)",0,0,NA
"E3","V3SPL153",27109,"zone1 (nearest)",0,0,NA
"E3","V3SPL153",27109,"zone2",0,0,NA
"E3","V3SPL153",27109,"zone3",0,0,NA
"E3","V3SPL153",27109,"zone4",0,0,NA
"E3","V3SPL153",27109,"zone5 (farthest)",0,0,NA
"E3","V3SPL153",27110,"zone1 (nearest)",0,0,NA
"E3","V3SPL153",27110,"zone2",0,0,NA
"E3","V3SPL153",27110,"zone3",0,0,NA
"E3","V3SPL153",27110,"zone4",0,0,NA
"E3","V3SPL153",27110,"zone5 (farthest)",0,0,NA
"E3","V3SPL153",28101,"zone1 (nearest)",0,0,NA
"E3","V3SPL153",28101,"zone2",0,0,NA
"E3","V3SPL153",28101,"zone3",0,0,NA
"E3","V3SPL153",28101,"zone4",0,0,NA
"E3","V3SPL153",28101,"zone5 (farthest)",0,0,NA
"E3","V3SPL153",28102,"zone1 (nearest)",0,0,NA
"E3","V3SPL153",28102,"zone2",0,0,NA
"E3","V3SPL153",28102,"zone3",0,0,NA
"E3","V3SPL153",28102,"zone4",0,0,NA
"E3","V3SPL153",28102,"zone5 (farthest)",0,0,NA
"E3","V3SPL153",28103,"zone1 (nearest)",0,0,NA
"E3","V3SPL153",28103,"zone2",0,0,NA
"E3","V3SPL153",28103,"zone3",0,0,NA
"E3","V3SPL153",28103,"zone4",0,0,NA
"E3","V3SPL153",28103,"zone5 (farthest)",0,0,NA
"E3","V3SPL153",28104,"zone1 (nearest)",0,0,NA
"E3","V3SPL153",28104,"zone2",0,0,NA
"E3","V3SPL153",28104,"zone3",0,0,NA
"E3","V3SPL153",28104,"zone4",0,0,NA
"E3","V3SPL153",28104,"zone5 (farthest)",0,0,NA
"E3","V3SPL153",28105,"zone1 (nearest)",0,0,NA
"E3","V3SPL153",28105,"zone2",0,0,NA
"E3","V3SPL153",28105,"zone3",0,0,NA
"E3","V3SPL153",28105,"zone4",0,0,NA
"E3","V3SPL153",28105,"zone5 (farthest)",0,0,NA
"E3","V3SPL153",28106,"zone1 (nearest)",0,0,NA
"E3","V3SPL153",28106,"zone2",0,0,NA
"E3","V3SPL153",28106,"zone3",0,0,NA
"E3","V3SPL153",28106,"zone4",0,0,NA
"E3","V3SPL153",28106,"zone5 (farthest)",0,0,NA
"E3","V3SPL153",28107,"zone1 (nearest)",0,0,NA
"E3","V3SPL153",28107,"zone2",0,0,NA
"E3","V3SPL153",28107,"zone3",0,0,NA
"E3","V3SPL153",28107,"zone4",0,0,NA
"E3","V3SPL153",28107,"zone5 (farthest)",0,0,NA
"E3","V3SPL153",28108,"zone1 (nearest)",0,0,NA
"E3","V3SPL153",28108,"zone2",0,0,NA
"E3","V3SPL153",28108,"zone3",0,0,NA
"E3","V3SPL153",28108,"zone4",0,0,NA
"E3","V3SPL153",28108,"zone5 (farthest)",0,0,NA
"E3","V3SPL153",28109,"zone1 (nearest)",0,0,NA
"E3","V3SPL153",28109,"zone2",0,0,NA
"E3","V3SPL153",28109,"zone3",0,0,NA
"E3","V3SPL153",28109,"zone4",0,0,NA
"E3","V3SPL153",28109,"zone5 (farthest)",0,0,NA
"E3","V3SPL153",28110,"zone1 (nearest)",0,0,NA
"E3","V3SPL153",28110,"zone2",0,0,NA
"E3","V3SPL153",28110,"zone3",0,0,NA
"E3","V3SPL153",28110,"zone4",0,0,NA
"E3","V3SPL153",28110,"zone5 (farthest)",0,0,NA
"E3","V3SPL153",29101,"zone1 (nearest)",0,0,NA
"E3","V3SPL153",29101,"zone2",0,0,NA
"E3","V3SPL153",29101,"zone3",0,0,NA
"E3","V3SPL153",29101,"zone4",0,0,NA
"E3","V3SPL153",29101,"zone5 (farthest)",0,0,NA
"E3","V3SPL153",29102,"zone1 (nearest)",0,0,NA
"E3","V3SPL153",29102,"zone2",0,0,NA
"E3","V3SPL153",29102,"zone3",0,0,NA
"E3","V3SPL153",29102,"zone4",0,0,NA
"E3","V3SPL153",29102,"zone5 (farthest)",0,0,NA
"E3","V3SPL153",29103,"zone1 (nearest)",0,0,NA
"E3","V3SPL153",29103,"zone2",0,0,NA
"E3","V3SPL153",29103,"zone3",0,0,NA
"E3","V3SPL153",29103,"zone4",0,0,NA
"E3","V3SPL153",29103,"zone5 (farthest)",0,0,NA
"E3","V3SPL153",29104,"zone1 (nearest)",0,0,NA
"E3","V3SPL153",29104,"zone2",0,0,NA
"E3","V3SPL153",29104,"zone3",0,0,NA
"E3","V3SPL153",29104,"zone4",0,0,NA
"E3","V3SPL153",29104,"zone5 (farthest)",0,0,NA
"E3","V3SPL153",29105,"zone1 (nearest)",0,0,NA
"E3","V3SPL153",29105,"zone2",0,0,NA
"E3","V3SPL153",29105,"zone3",0,0,NA
"E3","V3SPL153",29105,"zone4",0,0,NA
"E3","V3SPL153",29105,"zone5 (farthest)",0,0,NA
"E3","V3SPL153",29106,"zone1 (nearest)",0,0,NA
"E3","V3SPL153",29106,"zone2",0,0,NA
"E3","V3SPL153",29106,"zone3",0,0,NA
"E3","V3SPL153",29106,"zone4",0,0,NA
"E3","V3SPL153",29106,"zone5 (farthest)",0,0,NA
"E3","V3SPL153",29107,"zone1 (nearest)",0,0,NA
"E3","V3SPL153",29107,"zone2",0,0,NA
"E3","V3SPL153",29107,"zone3",0,0,NA
"E3","V3SPL153",29107,"zone4",0,0,NA
"E3","V3SPL153",29107,"zone5 (farthest)",0,0,NA
"E3","V3SPL153",29108,"zone1 (nearest)",0,0,NA
"E3","V3SPL153",29108,"zone2",0,0,NA
"E3","V3SPL153",29108,"zone3",0,0,NA
"E3","V3SPL153",29108,"zone4",0,0,NA
"E3","V3SPL153",29108,"zone5 (farthest)",0,0,NA
"E3","V3SPL153",29109,"zone1 (nearest)",0,0,NA
"E3","V3SPL153",29109,"zone2",0,0,NA
"E3","V3SPL153",29109,"zone3",0,0,NA
"E3","V3SPL153",29109,"zone4",0,0,NA
"E3","V3SPL153",29109,"zone5 (farthest)",0,0,NA
"E3","V3SPL153",29110,"zone1 (nearest)",0,0,NA
"E3","V3SPL153",29110,"zone2",0,0,NA
"E3","V3SPL153",29110,"zone3",0,0,NA
"E3","V3SPL153",29110,"zone4",0,0,NA
"E3","V3SPL153",29110,"zone5 (farthest)",0,0,NA
"E3","V3SPL153",30101,"zone1 (nearest)",0,0,NA
"E3","V3SPL153",30101,"zone2",0,0,NA
"E3","V3SPL153",30101,"zone3",0,0,NA
"E3","V3SPL153",30101,"zone4",0,0,NA
"E3","V3SPL153",30101,"zone5 (farthest)",0,0,NA
"E3","V3SPL153",30102,"zone1 (nearest)",0,0,NA
"E3","V3SPL153",30102,"zone2",0,0,NA
"E3","V3SPL153",30102,"zone3",0,0,NA
"E3","V3SPL153",30102,"zone4",0,0,NA
"E3","V3SPL153",30102,"zone5 (farthest)",0,0,NA
"E3","V3SPL153",30103,"zone1 (nearest)",0,0,NA
"E3","V3SPL153",30103,"zone2",0,0,NA
"E3","V3SPL153",30103,"zone3",0,0,NA
"E3","V3SPL153",30103,"zone4",0,0,NA
"E3","V3SPL153",30103,"zone5 (farthest)",0,0,NA
"E3","V3SPL153",30104,"zone1 (nearest)",0,0,NA
"E3","V3SPL153",30104,"zone2",0,0,NA
"E3","V3SPL153",30104,"zone3",0,0,NA
"E3","V3SPL153",30104,"zone4",0,0,NA
"E3","V3SPL153",30104,"zone5 (farthest)",0,0,NA
"E3","V3SPL153",30105,"zone1 (nearest)",0,0,NA
"E3","V3SPL153",30105,"zone2",0,0,NA
"E3","V3SPL153",30105,"zone3",0,0,NA
"E3","V3SPL153",30105,"zone4",0,0,NA
"E3","V3SPL153",30105,"zone5 (farthest)",0,0,NA
"E3","V3SPL153",30106,"zone1 (nearest)",0,0,NA
"E3","V3SPL153",30106,"zone2",0,0,NA
"E3","V3SPL153",30106,"zone3",0,0,NA
"E3","V3SPL153",30106,"zone4",0,0,NA
"E3","V3SPL153",30106,"zone5 (farthest)",0,0,NA
"E3","V3SPL153",30107,"zone1 (nearest)",0,0,NA
"E3","V3SPL153",30107,"zone2",0,0,NA
"E3","V3SPL153",30107,"zone3",0,0,NA
"E3","V3SPL153",30107,"zone4",0,0,NA
"E3","V3SPL153",30107,"zone5 (farthest)",0,0,NA
"E3","V3SPL153",30108,"zone1 (nearest)",0,0,NA
"E3","V3SPL153",30108,"zone2",0,0,NA
"E3","V3SPL153",30108,"zone3",0,0,NA
"E3","V3SPL153",30108,"zone4",0,0,NA
"E3","V3SPL153",30108,"zone5 (farthest)",0,0,NA
"E3","V3SPL153",30109,"zone1 (nearest)",0,0,NA
"E3","V3SPL153",30109,"zone2",0,0,NA
"E3","V3SPL153",30109,"zone3",0,0,NA
"E3","V3SPL153",30109,"zone4",0,0,NA
"E3","V3SPL153",30109,"zone5 (farthest)",0,0,NA
"E3","V3SPL153",30110,"zone1 (nearest)",0,0,NA
"E3","V3SPL153",30110,"zone2",0,0,NA
"E3","V3SPL153",30110,"zone3",0,0,NA
"E3","V3SPL153",30110,"zone4",0,0,NA
"E3","V3SPL153",30110,"zone5 (farthest)",0,0,NA
"E3","V3SPL160",1101,"zone1 (nearest)",229,250,0.916
"E3","V3SPL160",1101,"zone2",11,250,0.044
"E3","V3SPL160",1101,"zone3",6,250,0.024
"E3","V3SPL160",1101,"zone4",3,250,0.012
"E3","V3SPL160",1101,"zone5 (farthest)",1,250,0.004
"E3","V3SPL160",1102,"zone1 (nearest)",221,250,0.884
"E3","V3SPL160",1102,"zone2",14,250,0.056
"E3","V3SPL160",1102,"zone3",8,250,0.032
"E3","V3SPL160",1102,"zone4",5,250,0.02
"E3","V3SPL160",1102,"zone5 (farthest)",2,250,0.008
"E3","V3SPL160",1103,"zone1 (nearest)",227,250,0.908
"E3","V3SPL160",1103,"zone2",16,250,0.064
"E3","V3SPL160",1103,"zone3",3,250,0.012
"E3","V3SPL160",1103,"zone4",2,250,0.008
"E3","V3SPL160",1103,"zone5 (farthest)",2,250,0.008
"E3","V3SPL160",1104,"zone1 (nearest)",0,0,NA
"E3","V3SPL160",1104,"zone2",0,0,NA
"E3","V3SPL160",1104,"zone3",0,0,NA
"E3","V3SPL160",1104,"zone4",0,0,NA
"E3","V3SPL160",1104,"zone5 (farthest)",0,0,NA
"E3","V3SPL160",1105,"zone1 (nearest)",0,0,NA
"E3","V3SPL160",1105,"zone2",0,0,NA
"E3","V3SPL160",1105,"zone3",0,0,NA
"E3","V3SPL160",1105,"zone4",0,0,NA
"E3","V3SPL160",1105,"zone5 (farthest)",0,0,NA
"E3","V3SPL160",1106,"zone1 (nearest)",0,0,NA
"E3","V3SPL160",1106,"zone2",0,0,NA
"E3","V3SPL160",1106,"zone3",0,0,NA
"E3","V3SPL160",1106,"zone4",0,0,NA
"E3","V3SPL160",1106,"zone5 (farthest)",0,0,NA
"E3","V3SPL160",1107,"zone1 (nearest)",0,0,NA
"E3","V3SPL160",1107,"zone2",0,0,NA
"E3","V3SPL160",1107,"zone3",0,0,NA
"E3","V3SPL160",1107,"zone4",0,0,NA
"E3","V3SPL160",1107,"zone5 (farthest)",0,0,NA
"E3","V3SPL160",1108,"zone1 (nearest)",0,0,NA
"E3","V3SPL160",1108,"zone2",0,0,NA
"E3","V3SPL160",1108,"zone3",0,0,NA
"E3","V3SPL160",1108,"zone4",0,0,NA
"E3","V3SPL160",1108,"zone5 (farthest)",0,0,NA
"E3","V3SPL160",1109,"zone1 (nearest)",0,0,NA
"E3","V3SPL160",1109,"zone2",0,0,NA
"E3","V3SPL160",1109,"zone3",0,0,NA
"E3","V3SPL160",1109,"zone4",0,0,NA
"E3","V3SPL160",1109,"zone5 (farthest)",0,0,NA
"E3","V3SPL160",1110,"zone1 (nearest)",0,0,NA
"E3","V3SPL160",1110,"zone2",0,0,NA
"E3","V3SPL160",1110,"zone3",0,0,NA
"E3","V3SPL160",1110,"zone4",0,0,NA
"E3","V3SPL160",1110,"zone5 (farthest)",0,0,NA
"E3","V3SPL160",2101,"zone1 (nearest)",218,250,0.872
"E3","V3SPL160",2101,"zone2",9,250,0.036
"E3","V3SPL160",2101,"zone3",8,250,0.032
"E3","V3SPL160",2101,"zone4",4,250,0.016
"E3","V3SPL160",2101,"zone5 (farthest)",11,250,0.044
"E3","V3SPL160",2102,"zone1 (nearest)",214,250,0.856
"E3","V3SPL160",2102,"zone2",9,250,0.036
"E3","V3SPL160",2102,"zone3",8,250,0.032
"E3","V3SPL160",2102,"zone4",8,250,0.032
"E3","V3SPL160",2102,"zone5 (farthest)",11,250,0.044
"E3","V3SPL160",2103,"zone1 (nearest)",220,250,0.88
"E3","V3SPL160",2103,"zone2",3,250,0.012
"E3","V3SPL160",2103,"zone3",11,250,0.044
"E3","V3SPL160",2103,"zone4",9,250,0.036
"E3","V3SPL160",2103,"zone5 (farthest)",7,250,0.028
"E3","V3SPL160",2104,"zone1 (nearest)",0,0,NA
"E3","V3SPL160",2104,"zone2",0,0,NA
"E3","V3SPL160",2104,"zone3",0,0,NA
"E3","V3SPL160",2104,"zone4",0,0,NA
"E3","V3SPL160",2104,"zone5 (farthest)",0,0,NA
"E3","V3SPL160",2105,"zone1 (nearest)",0,0,NA
"E3","V3SPL160",2105,"zone2",0,0,NA
"E3","V3SPL160",2105,"zone3",0,0,NA
"E3","V3SPL160",2105,"zone4",0,0,NA
"E3","V3SPL160",2105,"zone5 (farthest)",0,0,NA
"E3","V3SPL160",2106,"zone1 (nearest)",0,0,NA
"E3","V3SPL160",2106,"zone2",0,0,NA
"E3","V3SPL160",2106,"zone3",0,0,NA
"E3","V3SPL160",2106,"zone4",0,0,NA
"E3","V3SPL160",2106,"zone5 (farthest)",0,0,NA
"E3","V3SPL160",2107,"zone1 (nearest)",0,0,NA
"E3","V3SPL160",2107,"zone2",0,0,NA
"E3","V3SPL160",2107,"zone3",0,0,NA
"E3","V3SPL160",2107,"zone4",0,0,NA
"E3","V3SPL160",2107,"zone5 (farthest)",0,0,NA
"E3","V3SPL160",2108,"zone1 (nearest)",0,0,NA
"E3","V3SPL160",2108,"zone2",0,0,NA
"E3","V3SPL160",2108,"zone3",0,0,NA
"E3","V3SPL160",2108,"zone4",0,0,NA
"E3","V3SPL160",2108,"zone5 (farthest)",0,0,NA
"E3","V3SPL160",2109,"zone1 (nearest)",0,0,NA
"E3","V3SPL160",2109,"zone2",0,0,NA
"E3","V3SPL160",2109,"zone3",0,0,NA
"E3","V3SPL160",2109,"zone4",0,0,NA
"E3","V3SPL160",2109,"zone5 (farthest)",0,0,NA
"E3","V3SPL160",2110,"zone1 (nearest)",0,0,NA
"E3","V3SPL160",2110,"zone2",0,0,NA
"E3","V3SPL160",2110,"zone3",0,0,NA
"E3","V3SPL160",2110,"zone4",0,0,NA
"E3","V3SPL160",2110,"zone5 (farthest)",0,0,NA
"E3","V3SPL160",3101,"zone1 (nearest)",233,250,0.932
"E3","V3SPL160",3101,"zone2",6,250,0.024
"E3","V3SPL160",3101,"zone3",3,250,0.012
"E3","V3SPL160",3101,"zone4",5,250,0.02
"E3","V3SPL160",3101,"zone5 (farthest)",3,250,0.012
"E3","V3SPL160",3102,"zone1 (nearest)",235,250,0.94
"E3","V3SPL160",3102,"zone2",7,250,0.028
"E3","V3SPL160",3102,"zone3",2,250,0.008
"E3","V3SPL160",3102,"zone4",1,250,0.004
"E3","V3SPL160",3102,"zone5 (farthest)",5,250,0.02
"E3","V3SPL160",3103,"zone1 (nearest)",234,250,0.936
"E3","V3SPL160",3103,"zone2",4,250,0.016
"E3","V3SPL160",3103,"zone3",5,250,0.02
"E3","V3SPL160",3103,"zone4",0,250,0
"E3","V3SPL160",3103,"zone5 (farthest)",7,250,0.028
"E3","V3SPL160",3104,"zone1 (nearest)",0,0,NA
"E3","V3SPL160",3104,"zone2",0,0,NA
"E3","V3SPL160",3104,"zone3",0,0,NA
"E3","V3SPL160",3104,"zone4",0,0,NA
"E3","V3SPL160",3104,"zone5 (farthest)",0,0,NA
"E3","V3SPL160",3105,"zone1 (nearest)",0,0,NA
"E3","V3SPL160",3105,"zone2",0,0,NA
"E3","V3SPL160",3105,"zone3",0,0,NA
"E3","V3SPL160",3105,"zone4",0,0,NA
"E3","V3SPL160",3105,"zone5 (farthest)",0,0,NA
"E3","V3SPL160",3106,"zone1 (nearest)",0,0,NA
"E3","V3SPL160",3106,"zone2",0,0,NA
"E3","V3SPL160",3106,"zone3",0,0,NA
"E3","V3SPL160",3106,"zone4",0,0,NA
"E3","V3SPL160",3106,"zone5 (farthest)",0,0,NA
"E3","V3SPL160",3107,"zone1 (nearest)",0,0,NA
"E3","V3SPL160",3107,"zone2",0,0,NA
"E3","V3SPL160",3107,"zone3",0,0,NA
"E3","V3SPL160",3107,"zone4",0,0,NA
"E3","V3SPL160",3107,"zone5 (farthest)",0,0,NA
"E3","V3SPL160",3108,"zone1 (nearest)",0,0,NA
"E3","V3SPL160",3108,"zone2",0,0,NA
"E3","V3SPL160",3108,"zone3",0,0,NA
"E3","V3SPL160",3108,"zone4",0,0,NA
"E3","V3SPL160",3108,"zone5 (farthest)",0,0,NA
"E3","V3SPL160",3109,"zone1 (nearest)",0,0,NA
"E3","V3SPL160",3109,"zone2",0,0,NA
"E3","V3SPL160",3109,"zone3",0,0,NA
"E3","V3SPL160",3109,"zone4",0,0,NA
"E3","V3SPL160",3109,"zone5 (farthest)",0,0,NA
"E3","V3SPL160",3110,"zone1 (nearest)",0,0,NA
"E3","V3SPL160",3110,"zone2",0,0,NA
"E3","V3SPL160",3110,"zone3",0,0,NA
"E3","V3SPL160",3110,"zone4",0,0,NA
"E3","V3SPL160",3110,"zone5 (farthest)",0,0,NA
"E3","V3SPL160",4101,"zone1 (nearest)",202,250,0.808
"E3","V3SPL160",4101,"zone2",5,250,0.02
"E3","V3SPL160",4101,"zone3",7,250,0.028
"E3","V3SPL160",4101,"zone4",13,250,0.052
"E3","V3SPL160",4101,"zone5 (farthest)",23,250,0.092
"E3","V3SPL160",4102,"zone1 (nearest)",206,250,0.824
"E3","V3SPL160",4102,"zone2",8,250,0.032
"E3","V3SPL160",4102,"zone3",11,250,0.044
"E3","V3SPL160",4102,"zone4",13,250,0.052
"E3","V3SPL160",4102,"zone5 (farthest)",12,250,0.048
"E3","V3SPL160",4103,"zone1 (nearest)",207,250,0.828
"E3","V3SPL160",4103,"zone2",10,250,0.04
"E3","V3SPL160",4103,"zone3",4,250,0.016
"E3","V3SPL160",4103,"zone4",12,250,0.048
"E3","V3SPL160",4103,"zone5 (farthest)",17,250,0.068
"E3","V3SPL160",4104,"zone1 (nearest)",0,0,NA
"E3","V3SPL160",4104,"zone2",0,0,NA
"E3","V3SPL160",4104,"zone3",0,0,NA
"E3","V3SPL160",4104,"zone4",0,0,NA
"E3","V3SPL160",4104,"zone5 (farthest)",0,0,NA
"E3","V3SPL160",4105,"zone1 (nearest)",0,0,NA
"E3","V3SPL160",4105,"zone2",0,0,NA
"E3","V3SPL160",4105,"zone3",0,0,NA
"E3","V3SPL160",4105,"zone4",0,0,NA
"E3","V3SPL160",4105,"zone5 (farthest)",0,0,NA
"E3","V3SPL160",4106,"zone1 (nearest)",0,0,NA
"E3","V3SPL160",4106,"zone2",0,0,NA
"E3","V3SPL160",4106,"zone3",0,0,NA
"E3","V3SPL160",4106,"zone4",0,0,NA
"E3","V3SPL160",4106,"zone5 (farthest)",0,0,NA
"E3","V3SPL160",4107,"zone1 (nearest)",0,0,NA
"E3","V3SPL160",4107,"zone2",0,0,NA
"E3","V3SPL160",4107,"zone3",0,0,NA
"E3","V3SPL160",4107,"zone4",0,0,NA
"E3","V3SPL160",4107,"zone5 (farthest)",0,0,NA
"E3","V3SPL160",4108,"zone1 (nearest)",0,0,NA
"E3","V3SPL160",4108,"zone2",0,0,NA
"E3","V3SPL160",4108,"zone3",0,0,NA
"E3","V3SPL160",4108,"zone4",0,0,NA
"E3","V3SPL160",4108,"zone5 (farthest)",0,0,NA
"E3","V3SPL160",4109,"zone1 (nearest)",0,0,NA
"E3","V3SPL160",4109,"zone2",0,0,NA
"E3","V3SPL160",4109,"zone3",0,0,NA
"E3","V3SPL160",4109,"zone4",0,0,NA
"E3","V3SPL160",4109,"zone5 (farthest)",0,0,NA
"E3","V3SPL160",4110,"zone1 (nearest)",0,0,NA
"E3","V3SPL160",4110,"zone2",0,0,NA
"E3","V3SPL160",4110,"zone3",0,0,NA
"E3","V3SPL160",4110,"zone4",0,0,NA
"E3","V3SPL160",4110,"zone5 (farthest)",0,0,NA
"E3","V3SPL160",5101,"zone1 (nearest)",224,250,0.896
"E3","V3SPL160",5101,"zone2",5,250,0.02
"E3","V3SPL160",5101,"zone3",5,250,0.02
"E3","V3SPL160",5101,"zone4",7,250,0.028
"E3","V3SPL160",5101,"zone5 (farthest)",9,250,0.036
"E3","V3SPL160",5102,"zone1 (nearest)",223,250,0.892
"E3","V3SPL160",5102,"zone2",9,250,0.036
"E3","V3SPL160",5102,"zone3",4,250,0.016
"E3","V3SPL160",5102,"zone4",10,250,0.04
"E3","V3SPL160",5102,"zone5 (farthest)",4,250,0.016
"E3","V3SPL160",5103,"zone1 (nearest)",226,250,0.904
"E3","V3SPL160",5103,"zone2",10,250,0.04
"E3","V3SPL160",5103,"zone3",5,250,0.02
"E3","V3SPL160",5103,"zone4",2,250,0.008
"E3","V3SPL160",5103,"zone5 (farthest)",7,250,0.028
"E3","V3SPL160",5104,"zone1 (nearest)",0,0,NA
"E3","V3SPL160",5104,"zone2",0,0,NA
"E3","V3SPL160",5104,"zone3",0,0,NA
"E3","V3SPL160",5104,"zone4",0,0,NA
"E3","V3SPL160",5104,"zone5 (farthest)",0,0,NA
"E3","V3SPL160",5105,"zone1 (nearest)",0,0,NA
"E3","V3SPL160",5105,"zone2",0,0,NA
"E3","V3SPL160",5105,"zone3",0,0,NA
"E3","V3SPL160",5105,"zone4",0,0,NA
"E3","V3SPL160",5105,"zone5 (farthest)",0,0,NA
"E3","V3SPL160",5106,"zone1 (nearest)",0,0,NA
"E3","V3SPL160",5106,"zone2",0,0,NA
"E3","V3SPL160",5106,"zone3",0,0,NA
"E3","V3SPL160",5106,"zone4",0,0,NA
"E3","V3SPL160",5106,"zone5 (farthest)",0,0,NA
"E3","V3SPL160",5107,"zone1 (nearest)",0,0,NA
"E3","V3SPL160",5107,"zone2",0,0,NA
"E3","V3SPL160",5107,"zone3",0,0,NA
"E3","V3SPL160",5107,"zone4",0,0,NA
"E3","V3SPL160",5107,"zone5 (farthest)",0,0,NA
"E3","V3SPL160",5108,"zone1 (nearest)",0,0,NA
"E3","V3SPL160",5108,"zone2",0,0,NA
"E3","V3SPL160",5108,"zone3",0,0,NA
"E3","V3SPL160",5108,"zone4",0,0,NA
"E3","V3SPL160",5108,"zone5 (farthest)",0,0,NA
"E3","V3SPL160",5109,"zone1 (nearest)",0,0,NA
"E3","V3SPL160",5109,"zone2",0,0,NA
"E3","V3SPL160",5109,"zone3",0,0,NA
"E3","V3SPL160",5109,"zone4",0,0,NA
"E3","V3SPL160",5109,"zone5 (farthest)",0,0,NA
"E3","V3SPL160",5110,"zone1 (nearest)",0,0,NA
"E3","V3SPL160",5110,"zone2",0,0,NA
"E3","V3SPL160",5110,"zone3",0,0,NA
"E3","V3SPL160",5110,"zone4",0,0,NA
"E3","V3SPL160",5110,"zone5 (farthest)",0,0,NA
"E3","V3SPL160",6101,"zone1 (nearest)",171,250,0.684
"E3","V3SPL160",6101,"zone2",20,250,0.08
"E3","V3SPL160",6101,"zone3",14,250,0.056
"E3","V3SPL160",6101,"zone4",18,250,0.072
"E3","V3SPL160",6101,"zone5 (farthest)",27,250,0.108
"E3","V3SPL160",6102,"zone1 (nearest)",172,250,0.688
"E3","V3SPL160",6102,"zone2",20,250,0.08
"E3","V3SPL160",6102,"zone3",17,250,0.068
"E3","V3SPL160",6102,"zone4",18,250,0.072
"E3","V3SPL160",6102,"zone5 (farthest)",23,250,0.092
"E3","V3SPL160",6103,"zone1 (nearest)",180,250,0.72
"E3","V3SPL160",6103,"zone2",19,250,0.076
"E3","V3SPL160",6103,"zone3",17,250,0.068
"E3","V3SPL160",6103,"zone4",16,250,0.064
"E3","V3SPL160",6103,"zone5 (farthest)",18,250,0.072
"E3","V3SPL160",6104,"zone1 (nearest)",0,0,NA
"E3","V3SPL160",6104,"zone2",0,0,NA
"E3","V3SPL160",6104,"zone3",0,0,NA
"E3","V3SPL160",6104,"zone4",0,0,NA
"E3","V3SPL160",6104,"zone5 (farthest)",0,0,NA
"E3","V3SPL160",6105,"zone1 (nearest)",0,0,NA
"E3","V3SPL160",6105,"zone2",0,0,NA
"E3","V3SPL160",6105,"zone3",0,0,NA
"E3","V3SPL160",6105,"zone4",0,0,NA
"E3","V3SPL160",6105,"zone5 (farthest)",0,0,NA
"E3","V3SPL160",6106,"zone1 (nearest)",0,0,NA
"E3","V3SPL160",6106,"zone2",0,0,NA
"E3","V3SPL160",6106,"zone3",0,0,NA
"E3","V3SPL160",6106,"zone4",0,0,NA
"E3","V3SPL160",6106,"zone5 (farthest)",0,0,NA
"E3","V3SPL160",6107,"zone1 (nearest)",0,0,NA
"E3","V3SPL160",6107,"zone2",0,0,NA
"E3","V3SPL160",6107,"zone3",0,0,NA
"E3","V3SPL160",6107,"zone4",0,0,NA
"E3","V3SPL160",6107,"zone5 (farthest)",0,0,NA
"E3","V3SPL160",6108,"zone1 (nearest)",0,0,NA
"E3","V3SPL160",6108,"zone2",0,0,NA
"E3","V3SPL160",6108,"zone3",0,0,NA
"E3","V3SPL160",6108,"zone4",0,0,NA
"E3","V3SPL160",6108,"zone5 (farthest)",0,0,NA
"E3","V3SPL160",6109,"zone1 (nearest)",0,0,NA
"E3","V3SPL160",6109,"zone2",0,0,NA
"E3","V3SPL160",6109,"zone3",0,0,NA
"E3","V3SPL160",6109,"zone4",0,0,NA
"E3","V3SPL160",6109,"zone5 (farthest)",0,0,NA
"E3","V3SPL160",6110,"zone1 (nearest)",0,0,NA
"E3","V3SPL160",6110,"zone2",0,0,NA
"E3","V3SPL160",6110,"zone3",0,0,NA
"E3","V3SPL160",6110,"zone4",0,0,NA
"E3","V3SPL160",6110,"zone5 (farthest)",0,0,NA
"E3","V3SPL160",7101,"zone1 (nearest)",244,250,0.976
"E3","V3SPL160",7101,"zone2",1,250,0.004
"E3","V3SPL160",7101,"zone3",1,250,0.004
"E3","V3SPL160",7101,"zone4",1,250,0.004
"E3","V3SPL160",7101,"zone5 (farthest)",3,250,0.012
"E3","V3SPL160",7102,"zone1 (nearest)",242,250,0.968
"E3","V3SPL160",7102,"zone2",1,250,0.004
"E3","V3SPL160",7102,"zone3",1,250,0.004
"E3","V3SPL160",7102,"zone4",2,250,0.008
"E3","V3SPL160",7102,"zone5 (farthest)",4,250,0.016
"E3","V3SPL160",7103,"zone1 (nearest)",240,250,0.96
"E3","V3SPL160",7103,"zone2",1,250,0.004
"E3","V3SPL160",7103,"zone3",1,250,0.004
"E3","V3SPL160",7103,"zone4",2,250,0.008
"E3","V3SPL160",7103,"zone5 (farthest)",6,250,0.024
"E3","V3SPL160",7104,"zone1 (nearest)",0,0,NA
"E3","V3SPL160",7104,"zone2",0,0,NA
"E3","V3SPL160",7104,"zone3",0,0,NA
"E3","V3SPL160",7104,"zone4",0,0,NA
"E3","V3SPL160",7104,"zone5 (farthest)",0,0,NA
"E3","V3SPL160",7105,"zone1 (nearest)",0,0,NA
"E3","V3SPL160",7105,"zone2",0,0,NA
"E3","V3SPL160",7105,"zone3",0,0,NA
"E3","V3SPL160",7105,"zone4",0,0,NA
"E3","V3SPL160",7105,"zone5 (farthest)",0,0,NA
"E3","V3SPL160",7106,"zone1 (nearest)",0,0,NA
"E3","V3SPL160",7106,"zone2",0,0,NA
"E3","V3SPL160",7106,"zone3",0,0,NA
"E3","V3SPL160",7106,"zone4",0,0,NA
"E3","V3SPL160",7106,"zone5 (farthest)",0,0,NA
"E3","V3SPL160",7107,"zone1 (nearest)",0,0,NA
"E3","V3SPL160",7107,"zone2",0,0,NA
"E3","V3SPL160",7107,"zone3",0,0,NA
"E3","V3SPL160",7107,"zone4",0,0,NA
"E3","V3SPL160",7107,"zone5 (farthest)",0,0,NA
"E3","V3SPL160",7108,"zone1 (nearest)",0,0,NA
"E3","V3SPL160",7108,"zone2",0,0,NA
"E3","V3SPL160",7108,"zone3",0,0,NA
"E3","V3SPL160",7108,"zone4",0,0,NA
"E3","V3SPL160",7108,"zone5 (farthest)",0,0,NA
"E3","V3SPL160",7109,"zone1 (nearest)",0,0,NA
"E3","V3SPL160",7109,"zone2",0,0,NA
"E3","V3SPL160",7109,"zone3",0,0,NA
"E3","V3SPL160",7109,"zone4",0,0,NA
"E3","V3SPL160",7109,"zone5 (farthest)",0,0,NA
"E3","V3SPL160",7110,"zone1 (nearest)",0,0,NA
"E3","V3SPL160",7110,"zone2",0,0,NA
"E3","V3SPL160",7110,"zone3",0,0,NA
"E3","V3SPL160",7110,"zone4",0,0,NA
"E3","V3SPL160",7110,"zone5 (farthest)",0,0,NA
"E3","V3SPL160",8101,"zone1 (nearest)",231,250,0.924
"E3","V3SPL160",8101,"zone2",4,250,0.016
"E3","V3SPL160",8101,"zone3",1,250,0.004
"E3","V3SPL160",8101,"zone4",4,250,0.016
"E3","V3SPL160",8101,"zone5 (farthest)",10,250,0.04
"E3","V3SPL160",8102,"zone1 (nearest)",232,250,0.928
"E3","V3SPL160",8102,"zone2",4,250,0.016
"E3","V3SPL160",8102,"zone3",2,250,0.008
"E3","V3SPL160",8102,"zone4",6,250,0.024
"E3","V3SPL160",8102,"zone5 (farthest)",6,250,0.024
"E3","V3SPL160",8103,"zone1 (nearest)",238,250,0.952
"E3","V3SPL160",8103,"zone2",2,250,0.008
"E3","V3SPL160",8103,"zone3",0,250,0
"E3","V3SPL160",8103,"zone4",2,250,0.008
"E3","V3SPL160",8103,"zone5 (farthest)",8,250,0.032
"E3","V3SPL160",8104,"zone1 (nearest)",0,0,NA
"E3","V3SPL160",8104,"zone2",0,0,NA
"E3","V3SPL160",8104,"zone3",0,0,NA
"E3","V3SPL160",8104,"zone4",0,0,NA
"E3","V3SPL160",8104,"zone5 (farthest)",0,0,NA
"E3","V3SPL160",8105,"zone1 (nearest)",0,0,NA
"E3","V3SPL160",8105,"zone2",0,0,NA
"E3","V3SPL160",8105,"zone3",0,0,NA
"E3","V3SPL160",8105,"zone4",0,0,NA
"E3","V3SPL160",8105,"zone5 (farthest)",0,0,NA
"E3","V3SPL160",8106,"zone1 (nearest)",0,0,NA
"E3","V3SPL160",8106,"zone2",0,0,NA
"E3","V3SPL160",8106,"zone3",0,0,NA
"E3","V3SPL160",8106,"zone4",0,0,NA
"E3","V3SPL160",8106,"zone5 (farthest)",0,0,NA
"E3","V3SPL160",8107,"zone1 (nearest)",0,0,NA
"E3","V3SPL160",8107,"zone2",0,0,NA
"E3","V3SPL160",8107,"zone3",0,0,NA
"E3","V3SPL160",8107,"zone4",0,0,NA
"E3","V3SPL160",8107,"zone5 (farthest)",0,0,NA
"E3","V3SPL160",8108,"zone1 (nearest)",0,0,NA
"E3","V3SPL160",8108,"zone2",0,0,NA
"E3","V3SPL160",8108,"zone3",0,0,NA
"E3","V3SPL160",8108,"zone4",0,0,NA
"E3","V3SPL160",8108,"zone5 (farthest)",0,0,NA
"E3","V3SPL160",8109,"zone1 (nearest)",0,0,NA
"E3","V3SPL160",8109,"zone2",0,0,NA
"E3","V3SPL160",8109,"zone3",0,0,NA
"E3","V3SPL160",8109,"zone4",0,0,NA
"E3","V3SPL160",8109,"zone5 (farthest)",0,0,NA
"E3","V3SPL160",8110,"zone1 (nearest)",0,0,NA
"E3","V3SPL160",8110,"zone2",0,0,NA
"E3","V3SPL160",8110,"zone3",0,0,NA
"E3","V3SPL160",8110,"zone4",0,0,NA
"E3","V3SPL160",8110,"zone5 (farthest)",0,0,NA
"E3","V3SPL160",9101,"zone1 (nearest)",222,250,0.888
"E3","V3SPL160",9101,"zone2",10,250,0.04
"E3","V3SPL160",9101,"zone3",4,250,0.016
"E3","V3SPL160",9101,"zone4",7,250,0.028
"E3","V3SPL160",9101,"zone5 (farthest)",7,250,0.028
"E3","V3SPL160",9102,"zone1 (nearest)",227,250,0.908
"E3","V3SPL160",9102,"zone2",6,250,0.024
"E3","V3SPL160",9102,"zone3",6,250,0.024
"E3","V3SPL160",9102,"zone4",5,250,0.02
"E3","V3SPL160",9102,"zone5 (farthest)",6,250,0.024
"E3","V3SPL160",9103,"zone1 (nearest)",217,250,0.868
"E3","V3SPL160",9103,"zone2",12,250,0.048
"E3","V3SPL160",9103,"zone3",10,250,0.04
"E3","V3SPL160",9103,"zone4",4,250,0.016
"E3","V3SPL160",9103,"zone5 (farthest)",7,250,0.028
"E3","V3SPL160",9104,"zone1 (nearest)",0,0,NA
"E3","V3SPL160",9104,"zone2",0,0,NA
"E3","V3SPL160",9104,"zone3",0,0,NA
"E3","V3SPL160",9104,"zone4",0,0,NA
"E3","V3SPL160",9104,"zone5 (farthest)",0,0,NA
"E3","V3SPL160",9105,"zone1 (nearest)",0,0,NA
"E3","V3SPL160",9105,"zone2",0,0,NA
"E3","V3SPL160",9105,"zone3",0,0,NA
"E3","V3SPL160",9105,"zone4",0,0,NA
"E3","V3SPL160",9105,"zone5 (farthest)",0,0,NA
"E3","V3SPL160",9106,"zone1 (nearest)",0,0,NA
"E3","V3SPL160",9106,"zone2",0,0,NA
"E3","V3SPL160",9106,"zone3",0,0,NA
"E3","V3SPL160",9106,"zone4",0,0,NA
"E3","V3SPL160",9106,"zone5 (farthest)",0,0,NA
"E3","V3SPL160",9107,"zone1 (nearest)",0,0,NA
"E3","V3SPL160",9107,"zone2",0,0,NA
"E3","V3SPL160",9107,"zone3",0,0,NA
"E3","V3SPL160",9107,"zone4",0,0,NA
"E3","V3SPL160",9107,"zone5 (farthest)",0,0,NA
"E3","V3SPL160",9108,"zone1 (nearest)",0,0,NA
"E3","V3SPL160",9108,"zone2",0,0,NA
"E3","V3SPL160",9108,"zone3",0,0,NA
"E3","V3SPL160",9108,"zone4",0,0,NA
"E3","V3SPL160",9108,"zone5 (farthest)",0,0,NA
"E3","V3SPL160",9109,"zone1 (nearest)",0,0,NA
"E3","V3SPL160",9109,"zone2",0,0,NA
"E3","V3SPL160",9109,"zone3",0,0,NA
"E3","V3SPL160",9109,"zone4",0,0,NA
"E3","V3SPL160",9109,"zone5 (farthest)",0,0,NA
"E3","V3SPL160",9110,"zone1 (nearest)",0,0,NA
"E3","V3SPL160",9110,"zone2",0,0,NA
"E3","V3SPL160",9110,"zone3",0,0,NA
"E3","V3SPL160",9110,"zone4",0,0,NA
"E3","V3SPL160",9110,"zone5 (farthest)",0,0,NA
"E3","V3SPL160",10101,"zone1 (nearest)",225,250,0.9
"E3","V3SPL160",10101,"zone2",4,250,0.016
"E3","V3SPL160",10101,"zone3",1,250,0.004
"E3","V3SPL160",10101,"zone4",2,250,0.008
"E3","V3SPL160",10101,"zone5 (farthest)",18,250,0.072
"E3","V3SPL160",10102,"zone1 (nearest)",224,250,0.896
"E3","V3SPL160",10102,"zone2",1,250,0.004
"E3","V3SPL160",10102,"zone3",1,250,0.004
"E3","V3SPL160",10102,"zone4",4,250,0.016
"E3","V3SPL160",10102,"zone5 (farthest)",20,250,0.08
"E3","V3SPL160",10103,"zone1 (nearest)",227,250,0.908
"E3","V3SPL160",10103,"zone2",1,250,0.004
"E3","V3SPL160",10103,"zone3",1,250,0.004
"E3","V3SPL160",10103,"zone4",3,250,0.012
"E3","V3SPL160",10103,"zone5 (farthest)",18,250,0.072
"E3","V3SPL160",10104,"zone1 (nearest)",0,0,NA
"E3","V3SPL160",10104,"zone2",0,0,NA
"E3","V3SPL160",10104,"zone3",0,0,NA
"E3","V3SPL160",10104,"zone4",0,0,NA
"E3","V3SPL160",10104,"zone5 (farthest)",0,0,NA
"E3","V3SPL160",10105,"zone1 (nearest)",0,0,NA
"E3","V3SPL160",10105,"zone2",0,0,NA
"E3","V3SPL160",10105,"zone3",0,0,NA
"E3","V3SPL160",10105,"zone4",0,0,NA
"E3","V3SPL160",10105,"zone5 (farthest)",0,0,NA
"E3","V3SPL160",10106,"zone1 (nearest)",0,0,NA
"E3","V3SPL160",10106,"zone2",0,0,NA
"E3","V3SPL160",10106,"zone3",0,0,NA
"E3","V3SPL160",10106,"zone4",0,0,NA
"E3","V3SPL160",10106,"zone5 (farthest)",0,0,NA
"E3","V3SPL160",10107,"zone1 (nearest)",0,0,NA
"E3","V3SPL160",10107,"zone2",0,0,NA
"E3","V3SPL160",10107,"zone3",0,0,NA
"E3","V3SPL160",10107,"zone4",0,0,NA
"E3","V3SPL160",10107,"zone5 (farthest)",0,0,NA
"E3","V3SPL160",10108,"zone1 (nearest)",0,0,NA
"E3","V3SPL160",10108,"zone2",0,0,NA
"E3","V3SPL160",10108,"zone3",0,0,NA
"E3","V3SPL160",10108,"zone4",0,0,NA
"E3","V3SPL160",10108,"zone5 (farthest)",0,0,NA
"E3","V3SPL160",10109,"zone1 (nearest)",0,0,NA
"E3","V3SPL160",10109,"zone2",0,0,NA
"E3","V3SPL160",10109,"zone3",0,0,NA
"E3","V3SPL160",10109,"zone4",0,0,NA
"E3","V3SPL160",10109,"zone5 (farthest)",0,0,NA
"E3","V3SPL160",10110,"zone1 (nearest)",0,0,NA
"E3","V3SPL160",10110,"zone2",0,0,NA
"E3","V3SPL160",10110,"zone3",0,0,NA
"E3","V3SPL160",10110,"zone4",0,0,NA
"E3","V3SPL160",10110,"zone5 (farthest)",0,0,NA
"E3","V3SPL160",11101,"zone1 (nearest)",0,0,NA
"E3","V3SPL160",11101,"zone2",0,0,NA
"E3","V3SPL160",11101,"zone3",0,0,NA
"E3","V3SPL160",11101,"zone4",0,0,NA
"E3","V3SPL160",11101,"zone5 (farthest)",0,0,NA
"E3","V3SPL160",11102,"zone1 (nearest)",0,0,NA
"E3","V3SPL160",11102,"zone2",0,0,NA
"E3","V3SPL160",11102,"zone3",0,0,NA
"E3","V3SPL160",11102,"zone4",0,0,NA
"E3","V3SPL160",11102,"zone5 (farthest)",0,0,NA
"E3","V3SPL160",11103,"zone1 (nearest)",0,0,NA
"E3","V3SPL160",11103,"zone2",0,0,NA
"E3","V3SPL160",11103,"zone3",0,0,NA
"E3","V3SPL160",11103,"zone4",0,0,NA
"E3","V3SPL160",11103,"zone5 (farthest)",0,0,NA
"E3","V3SPL160",11104,"zone1 (nearest)",0,0,NA
"E3","V3SPL160",11104,"zone2",0,0,NA
"E3","V3SPL160",11104,"zone3",0,0,NA
"E3","V3SPL160",11104,"zone4",0,0,NA
"E3","V3SPL160",11104,"zone5 (farthest)",0,0,NA
"E3","V3SPL160",11105,"zone1 (nearest)",0,0,NA
"E3","V3SPL160",11105,"zone2",0,0,NA
"E3","V3SPL160",11105,"zone3",0,0,NA
"E3","V3SPL160",11105,"zone4",0,0,NA
"E3","V3SPL160",11105,"zone5 (farthest)",0,0,NA
"E3","V3SPL160",11106,"zone1 (nearest)",0,0,NA
"E3","V3SPL160",11106,"zone2",0,0,NA
"E3","V3SPL160",11106,"zone3",0,0,NA
"E3","V3SPL160",11106,"zone4",0,0,NA
"E3","V3SPL160",11106,"zone5 (farthest)",0,0,NA
"E3","V3SPL160",11107,"zone1 (nearest)",0,0,NA
"E3","V3SPL160",11107,"zone2",0,0,NA
"E3","V3SPL160",11107,"zone3",0,0,NA
"E3","V3SPL160",11107,"zone4",0,0,NA
"E3","V3SPL160",11107,"zone5 (farthest)",0,0,NA
"E3","V3SPL160",11108,"zone1 (nearest)",0,0,NA
"E3","V3SPL160",11108,"zone2",0,0,NA
"E3","V3SPL160",11108,"zone3",0,0,NA
"E3","V3SPL160",11108,"zone4",0,0,NA
"E3","V3SPL160",11108,"zone5 (farthest)",0,0,NA
"E3","V3SPL160",11109,"zone1 (nearest)",0,0,NA
"E3","V3SPL160",11109,"zone2",0,0,NA
"E3","V3SPL160",11109,"zone3",0,0,NA
"E3","V3SPL160",11109,"zone4",0,0,NA
"E3","V3SPL160",11109,"zone5 (farthest)",0,0,NA
"E3","V3SPL160",11110,"zone1 (nearest)",0,0,NA
"E3","V3SPL160",11110,"zone2",0,0,NA
"E3","V3SPL160",11110,"zone3",0,0,NA
"E3","V3SPL160",11110,"zone4",0,0,NA
"E3","V3SPL160",11110,"zone5 (farthest)",0,0,NA
"E3","V3SPL160",12101,"zone1 (nearest)",0,0,NA
"E3","V3SPL160",12101,"zone2",0,0,NA
"E3","V3SPL160",12101,"zone3",0,0,NA
"E3","V3SPL160",12101,"zone4",0,0,NA
"E3","V3SPL160",12101,"zone5 (farthest)",0,0,NA
"E3","V3SPL160",12102,"zone1 (nearest)",0,0,NA
"E3","V3SPL160",12102,"zone2",0,0,NA
"E3","V3SPL160",12102,"zone3",0,0,NA
"E3","V3SPL160",12102,"zone4",0,0,NA
"E3","V3SPL160",12102,"zone5 (farthest)",0,0,NA
"E3","V3SPL160",12103,"zone1 (nearest)",0,0,NA
"E3","V3SPL160",12103,"zone2",0,0,NA
"E3","V3SPL160",12103,"zone3",0,0,NA
"E3","V3SPL160",12103,"zone4",0,0,NA
"E3","V3SPL160",12103,"zone5 (farthest)",0,0,NA
"E3","V3SPL160",12104,"zone1 (nearest)",0,0,NA
"E3","V3SPL160",12104,"zone2",0,0,NA
"E3","V3SPL160",12104,"zone3",0,0,NA
"E3","V3SPL160",12104,"zone4",0,0,NA
"E3","V3SPL160",12104,"zone5 (farthest)",0,0,NA
"E3","V3SPL160",12105,"zone1 (nearest)",0,0,NA
"E3","V3SPL160",12105,"zone2",0,0,NA
"E3","V3SPL160",12105,"zone3",0,0,NA
"E3","V3SPL160",12105,"zone4",0,0,NA
"E3","V3SPL160",12105,"zone5 (farthest)",0,0,NA
"E3","V3SPL160",12106,"zone1 (nearest)",0,0,NA
"E3","V3SPL160",12106,"zone2",0,0,NA
"E3","V3SPL160",12106,"zone3",0,0,NA
"E3","V3SPL160",12106,"zone4",0,0,NA
"E3","V3SPL160",12106,"zone5 (farthest)",0,0,NA
"E3","V3SPL160",12107,"zone1 (nearest)",0,0,NA
"E3","V3SPL160",12107,"zone2",0,0,NA
"E3","V3SPL160",12107,"zone3",0,0,NA
"E3","V3SPL160",12107,"zone4",0,0,NA
"E3","V3SPL160",12107,"zone5 (farthest)",0,0,NA
"E3","V3SPL160",12108,"zone1 (nearest)",0,0,NA
"E3","V3SPL160",12108,"zone2",0,0,NA
"E3","V3SPL160",12108,"zone3",0,0,NA
"E3","V3SPL160",12108,"zone4",0,0,NA
"E3","V3SPL160",12108,"zone5 (farthest)",0,0,NA
"E3","V3SPL160",12109,"zone1 (nearest)",0,0,NA
"E3","V3SPL160",12109,"zone2",0,0,NA
"E3","V3SPL160",12109,"zone3",0,0,NA
"E3","V3SPL160",12109,"zone4",0,0,NA
"E3","V3SPL160",12109,"zone5 (farthest)",0,0,NA
"E3","V3SPL160",12110,"zone1 (nearest)",0,0,NA
"E3","V3SPL160",12110,"zone2",0,0,NA
"E3","V3SPL160",12110,"zone3",0,0,NA
"E3","V3SPL160",12110,"zone4",0,0,NA
"E3","V3SPL160",12110,"zone5 (farthest)",0,0,NA
"E3","V3SPL160",13101,"zone1 (nearest)",0,0,NA
"E3","V3SPL160",13101,"zone2",0,0,NA
"E3","V3SPL160",13101,"zone3",0,0,NA
"E3","V3SPL160",13101,"zone4",0,0,NA
"E3","V3SPL160",13101,"zone5 (farthest)",0,0,NA
"E3","V3SPL160",13102,"zone1 (nearest)",0,0,NA
"E3","V3SPL160",13102,"zone2",0,0,NA
"E3","V3SPL160",13102,"zone3",0,0,NA
"E3","V3SPL160",13102,"zone4",0,0,NA
"E3","V3SPL160",13102,"zone5 (farthest)",0,0,NA
"E3","V3SPL160",13103,"zone1 (nearest)",0,0,NA
"E3","V3SPL160",13103,"zone2",0,0,NA
"E3","V3SPL160",13103,"zone3",0,0,NA
"E3","V3SPL160",13103,"zone4",0,0,NA
"E3","V3SPL160",13103,"zone5 (farthest)",0,0,NA
"E3","V3SPL160",13104,"zone1 (nearest)",0,0,NA
"E3","V3SPL160",13104,"zone2",0,0,NA
"E3","V3SPL160",13104,"zone3",0,0,NA
"E3","V3SPL160",13104,"zone4",0,0,NA
"E3","V3SPL160",13104,"zone5 (farthest)",0,0,NA
"E3","V3SPL160",13105,"zone1 (nearest)",0,0,NA
"E3","V3SPL160",13105,"zone2",0,0,NA
"E3","V3SPL160",13105,"zone3",0,0,NA
"E3","V3SPL160",13105,"zone4",0,0,NA
"E3","V3SPL160",13105,"zone5 (farthest)",0,0,NA
"E3","V3SPL160",13106,"zone1 (nearest)",0,0,NA
"E3","V3SPL160",13106,"zone2",0,0,NA
"E3","V3SPL160",13106,"zone3",0,0,NA
"E3","V3SPL160",13106,"zone4",0,0,NA
"E3","V3SPL160",13106,"zone5 (farthest)",0,0,NA
"E3","V3SPL160",13107,"zone1 (nearest)",0,0,NA
"E3","V3SPL160",13107,"zone2",0,0,NA
"E3","V3SPL160",13107,"zone3",0,0,NA
"E3","V3SPL160",13107,"zone4",0,0,NA
"E3","V3SPL160",13107,"zone5 (farthest)",0,0,NA
"E3","V3SPL160",13108,"zone1 (nearest)",0,0,NA
"E3","V3SPL160",13108,"zone2",0,0,NA
"E3","V3SPL160",13108,"zone3",0,0,NA
"E3","V3SPL160",13108,"zone4",0,0,NA
"E3","V3SPL160",13108,"zone5 (farthest)",0,0,NA
"E3","V3SPL160",13109,"zone1 (nearest)",0,0,NA
"E3","V3SPL160",13109,"zone2",0,0,NA
"E3","V3SPL160",13109,"zone3",0,0,NA
"E3","V3SPL160",13109,"zone4",0,0,NA
"E3","V3SPL160",13109,"zone5 (farthest)",0,0,NA
"E3","V3SPL160",13110,"zone1 (nearest)",0,0,NA
"E3","V3SPL160",13110,"zone2",0,0,NA
"E3","V3SPL160",13110,"zone3",0,0,NA
"E3","V3SPL160",13110,"zone4",0,0,NA
"E3","V3SPL160",13110,"zone5 (farthest)",0,0,NA
"E3","V3SPL160",14101,"zone1 (nearest)",0,0,NA
"E3","V3SPL160",14101,"zone2",0,0,NA
"E3","V3SPL160",14101,"zone3",0,0,NA
"E3","V3SPL160",14101,"zone4",0,0,NA
"E3","V3SPL160",14101,"zone5 (farthest)",0,0,NA
"E3","V3SPL160",14102,"zone1 (nearest)",0,0,NA
"E3","V3SPL160",14102,"zone2",0,0,NA
"E3","V3SPL160",14102,"zone3",0,0,NA
"E3","V3SPL160",14102,"zone4",0,0,NA
"E3","V3SPL160",14102,"zone5 (farthest)",0,0,NA
"E3","V3SPL160",14103,"zone1 (nearest)",0,0,NA
"E3","V3SPL160",14103,"zone2",0,0,NA
"E3","V3SPL160",14103,"zone3",0,0,NA
"E3","V3SPL160",14103,"zone4",0,0,NA
"E3","V3SPL160",14103,"zone5 (farthest)",0,0,NA
"E3","V3SPL160",14104,"zone1 (nearest)",0,0,NA
"E3","V3SPL160",14104,"zone2",0,0,NA
"E3","V3SPL160",14104,"zone3",0,0,NA
"E3","V3SPL160",14104,"zone4",0,0,NA
"E3","V3SPL160",14104,"zone5 (farthest)",0,0,NA
"E3","V3SPL160",14105,"zone1 (nearest)",0,0,NA
"E3","V3SPL160",14105,"zone2",0,0,NA
"E3","V3SPL160",14105,"zone3",0,0,NA
"E3","V3SPL160",14105,"zone4",0,0,NA
"E3","V3SPL160",14105,"zone5 (farthest)",0,0,NA
"E3","V3SPL160",14106,"zone1 (nearest)",0,0,NA
"E3","V3SPL160",14106,"zone2",0,0,NA
"E3","V3SPL160",14106,"zone3",0,0,NA
"E3","V3SPL160",14106,"zone4",0,0,NA
"E3","V3SPL160",14106,"zone5 (farthest)",0,0,NA
"E3","V3SPL160",14107,"zone1 (nearest)",0,0,NA
"E3","V3SPL160",14107,"zone2",0,0,NA
"E3","V3SPL160",14107,"zone3",0,0,NA
"E3","V3SPL160",14107,"zone4",0,0,NA
"E3","V3SPL160",14107,"zone5 (farthest)",0,0,NA
"E3","V3SPL160",14108,"zone1 (nearest)",0,0,NA
"E3","V3SPL160",14108,"zone2",0,0,NA
"E3","V3SPL160",14108,"zone3",0,0,NA
"E3","V3SPL160",14108,"zone4",0,0,NA
"E3","V3SPL160",14108,"zone5 (farthest)",0,0,NA
"E3","V3SPL160",14109,"zone1 (nearest)",0,0,NA
"E3","V3SPL160",14109,"zone2",0,0,NA
"E3","V3SPL160",14109,"zone3",0,0,NA
"E3","V3SPL160",14109,"zone4",0,0,NA
"E3","V3SPL160",14109,"zone5 (farthest)",0,0,NA
"E3","V3SPL160",14110,"zone1 (nearest)",0,0,NA
"E3","V3SPL160",14110,"zone2",0,0,NA
"E3","V3SPL160",14110,"zone3",0,0,NA
"E3","V3SPL160",14110,"zone4",0,0,NA
"E3","V3SPL160",14110,"zone5 (farthest)",0,0,NA
"E3","V3SPL160",15101,"zone1 (nearest)",0,0,NA
"E3","V3SPL160",15101,"zone2",0,0,NA
"E3","V3SPL160",15101,"zone3",0,0,NA
"E3","V3SPL160",15101,"zone4",0,0,NA
"E3","V3SPL160",15101,"zone5 (farthest)",0,0,NA
"E3","V3SPL160",15102,"zone1 (nearest)",0,0,NA
"E3","V3SPL160",15102,"zone2",0,0,NA
"E3","V3SPL160",15102,"zone3",0,0,NA
"E3","V3SPL160",15102,"zone4",0,0,NA
"E3","V3SPL160",15102,"zone5 (farthest)",0,0,NA
"E3","V3SPL160",15103,"zone1 (nearest)",0,0,NA
"E3","V3SPL160",15103,"zone2",0,0,NA
"E3","V3SPL160",15103,"zone3",0,0,NA
"E3","V3SPL160",15103,"zone4",0,0,NA
"E3","V3SPL160",15103,"zone5 (farthest)",0,0,NA
"E3","V3SPL160",15104,"zone1 (nearest)",0,0,NA
"E3","V3SPL160",15104,"zone2",0,0,NA
"E3","V3SPL160",15104,"zone3",0,0,NA
"E3","V3SPL160",15104,"zone4",0,0,NA
"E3","V3SPL160",15104,"zone5 (farthest)",0,0,NA
"E3","V3SPL160",15105,"zone1 (nearest)",0,0,NA
"E3","V3SPL160",15105,"zone2",0,0,NA
"E3","V3SPL160",15105,"zone3",0,0,NA
"E3","V3SPL160",15105,"zone4",0,0,NA
"E3","V3SPL160",15105,"zone5 (farthest)",0,0,NA
"E3","V3SPL160",15106,"zone1 (nearest)",0,0,NA
"E3","V3SPL160",15106,"zone2",0,0,NA
"E3","V3SPL160",15106,"zone3",0,0,NA
"E3","V3SPL160",15106,"zone4",0,0,NA
"E3","V3SPL160",15106,"zone5 (farthest)",0,0,NA
"E3","V3SPL160",15107,"zone1 (nearest)",0,0,NA
"E3","V3SPL160",15107,"zone2",0,0,NA
"E3","V3SPL160",15107,"zone3",0,0,NA
"E3","V3SPL160",15107,"zone4",0,0,NA
"E3","V3SPL160",15107,"zone5 (farthest)",0,0,NA
"E3","V3SPL160",15108,"zone1 (nearest)",0,0,NA
"E3","V3SPL160",15108,"zone2",0,0,NA
"E3","V3SPL160",15108,"zone3",0,0,NA
"E3","V3SPL160",15108,"zone4",0,0,NA
"E3","V3SPL160",15108,"zone5 (farthest)",0,0,NA
"E3","V3SPL160",15109,"zone1 (nearest)",0,0,NA
"E3","V3SPL160",15109,"zone2",0,0,NA
"E3","V3SPL160",15109,"zone3",0,0,NA
"E3","V3SPL160",15109,"zone4",0,0,NA
"E3","V3SPL160",15109,"zone5 (farthest)",0,0,NA
"E3","V3SPL160",15110,"zone1 (nearest)",0,0,NA
"E3","V3SPL160",15110,"zone2",0,0,NA
"E3","V3SPL160",15110,"zone3",0,0,NA
"E3","V3SPL160",15110,"zone4",0,0,NA
"E3","V3SPL160",15110,"zone5 (farthest)",0,0,NA
"E3","V3SPL160",16101,"zone1 (nearest)",0,0,NA
"E3","V3SPL160",16101,"zone2",0,0,NA
"E3","V3SPL160",16101,"zone3",0,0,NA
"E3","V3SPL160",16101,"zone4",0,0,NA
"E3","V3SPL160",16101,"zone5 (farthest)",0,0,NA
"E3","V3SPL160",16102,"zone1 (nearest)",0,0,NA
"E3","V3SPL160",16102,"zone2",0,0,NA
"E3","V3SPL160",16102,"zone3",0,0,NA
"E3","V3SPL160",16102,"zone4",0,0,NA
"E3","V3SPL160",16102,"zone5 (farthest)",0,0,NA
"E3","V3SPL160",16103,"zone1 (nearest)",0,0,NA
"E3","V3SPL160",16103,"zone2",0,0,NA
"E3","V3SPL160",16103,"zone3",0,0,NA
"E3","V3SPL160",16103,"zone4",0,0,NA
"E3","V3SPL160",16103,"zone5 (farthest)",0,0,NA
"E3","V3SPL160",16104,"zone1 (nearest)",0,0,NA
"E3","V3SPL160",16104,"zone2",0,0,NA
"E3","V3SPL160",16104,"zone3",0,0,NA
"E3","V3SPL160",16104,"zone4",0,0,NA
"E3","V3SPL160",16104,"zone5 (farthest)",0,0,NA
"E3","V3SPL160",16105,"zone1 (nearest)",0,0,NA
"E3","V3SPL160",16105,"zone2",0,0,NA
"E3","V3SPL160",16105,"zone3",0,0,NA
"E3","V3SPL160",16105,"zone4",0,0,NA
"E3","V3SPL160",16105,"zone5 (farthest)",0,0,NA
"E3","V3SPL160",16106,"zone1 (nearest)",0,0,NA
"E3","V3SPL160",16106,"zone2",0,0,NA
"E3","V3SPL160",16106,"zone3",0,0,NA
"E3","V3SPL160",16106,"zone4",0,0,NA
"E3","V3SPL160",16106,"zone5 (farthest)",0,0,NA
"E3","V3SPL160",16107,"zone1 (nearest)",0,0,NA
"E3","V3SPL160",16107,"zone2",0,0,NA
"E3","V3SPL160",16107,"zone3",0,0,NA
"E3","V3SPL160",16107,"zone4",0,0,NA
"E3","V3SPL160",16107,"zone5 (farthest)",0,0,NA
"E3","V3SPL160",16108,"zone1 (nearest)",0,0,NA
"E3","V3SPL160",16108,"zone2",0,0,NA
"E3","V3SPL160",16108,"zone3",0,0,NA
"E3","V3SPL160",16108,"zone4",0,0,NA
"E3","V3SPL160",16108,"zone5 (farthest)",0,0,NA
"E3","V3SPL160",16109,"zone1 (nearest)",0,0,NA
"E3","V3SPL160",16109,"zone2",0,0,NA
"E3","V3SPL160",16109,"zone3",0,0,NA
"E3","V3SPL160",16109,"zone4",0,0,NA
"E3","V3SPL160",16109,"zone5 (farthest)",0,0,NA
"E3","V3SPL160",16110,"zone1 (nearest)",0,0,NA
"E3","V3SPL160",16110,"zone2",0,0,NA
"E3","V3SPL160",16110,"zone3",0,0,NA
"E3","V3SPL160",16110,"zone4",0,0,NA
"E3","V3SPL160",16110,"zone5 (farthest)",0,0,NA
"E3","V3SPL160",17101,"zone1 (nearest)",0,0,NA
"E3","V3SPL160",17101,"zone2",0,0,NA
"E3","V3SPL160",17101,"zone3",0,0,NA
"E3","V3SPL160",17101,"zone4",0,0,NA
"E3","V3SPL160",17101,"zone5 (farthest)",0,0,NA
"E3","V3SPL160",17102,"zone1 (nearest)",0,0,NA
"E3","V3SPL160",17102,"zone2",0,0,NA
"E3","V3SPL160",17102,"zone3",0,0,NA
"E3","V3SPL160",17102,"zone4",0,0,NA
"E3","V3SPL160",17102,"zone5 (farthest)",0,0,NA
"E3","V3SPL160",17103,"zone1 (nearest)",0,0,NA
"E3","V3SPL160",17103,"zone2",0,0,NA
"E3","V3SPL160",17103,"zone3",0,0,NA
"E3","V3SPL160",17103,"zone4",0,0,NA
"E3","V3SPL160",17103,"zone5 (farthest)",0,0,NA
"E3","V3SPL160",17104,"zone1 (nearest)",0,0,NA
"E3","V3SPL160",17104,"zone2",0,0,NA
"E3","V3SPL160",17104,"zone3",0,0,NA
"E3","V3SPL160",17104,"zone4",0,0,NA
"E3","V3SPL160",17104,"zone5 (farthest)",0,0,NA
"E3","V3SPL160",17105,"zone1 (nearest)",0,0,NA
"E3","V3SPL160",17105,"zone2",0,0,NA
"E3","V3SPL160",17105,"zone3",0,0,NA
"E3","V3SPL160",17105,"zone4",0,0,NA
"E3","V3SPL160",17105,"zone5 (farthest)",0,0,NA
"E3","V3SPL160",17106,"zone1 (nearest)",0,0,NA
"E3","V3SPL160",17106,"zone2",0,0,NA
"E3","V3SPL160",17106,"zone3",0,0,NA
"E3","V3SPL160",17106,"zone4",0,0,NA
"E3","V3SPL160",17106,"zone5 (farthest)",0,0,NA
"E3","V3SPL160",17107,"zone1 (nearest)",0,0,NA
"E3","V3SPL160",17107,"zone2",0,0,NA
"E3","V3SPL160",17107,"zone3",0,0,NA
"E3","V3SPL160",17107,"zone4",0,0,NA
"E3","V3SPL160",17107,"zone5 (farthest)",0,0,NA
"E3","V3SPL160",17108,"zone1 (nearest)",0,0,NA
"E3","V3SPL160",17108,"zone2",0,0,NA
"E3","V3SPL160",17108,"zone3",0,0,NA
"E3","V3SPL160",17108,"zone4",0,0,NA
"E3","V3SPL160",17108,"zone5 (farthest)",0,0,NA
"E3","V3SPL160",17109,"zone1 (nearest)",0,0,NA
"E3","V3SPL160",17109,"zone2",0,0,NA
"E3","V3SPL160",17109,"zone3",0,0,NA
"E3","V3SPL160",17109,"zone4",0,0,NA
"E3","V3SPL160",17109,"zone5 (farthest)",0,0,NA
"E3","V3SPL160",17110,"zone1 (nearest)",0,0,NA
"E3","V3SPL160",17110,"zone2",0,0,NA
"E3","V3SPL160",17110,"zone3",0,0,NA
"E3","V3SPL160",17110,"zone4",0,0,NA
"E3","V3SPL160",17110,"zone5 (farthest)",0,0,NA
"E3","V3SPL160",18101,"zone1 (nearest)",0,0,NA
"E3","V3SPL160",18101,"zone2",0,0,NA
"E3","V3SPL160",18101,"zone3",0,0,NA
"E3","V3SPL160",18101,"zone4",0,0,NA
"E3","V3SPL160",18101,"zone5 (farthest)",0,0,NA
"E3","V3SPL160",18102,"zone1 (nearest)",0,0,NA
"E3","V3SPL160",18102,"zone2",0,0,NA
"E3","V3SPL160",18102,"zone3",0,0,NA
"E3","V3SPL160",18102,"zone4",0,0,NA
"E3","V3SPL160",18102,"zone5 (farthest)",0,0,NA
"E3","V3SPL160",18103,"zone1 (nearest)",0,0,NA
"E3","V3SPL160",18103,"zone2",0,0,NA
"E3","V3SPL160",18103,"zone3",0,0,NA
"E3","V3SPL160",18103,"zone4",0,0,NA
"E3","V3SPL160",18103,"zone5 (farthest)",0,0,NA
"E3","V3SPL160",18104,"zone1 (nearest)",0,0,NA
"E3","V3SPL160",18104,"zone2",0,0,NA
"E3","V3SPL160",18104,"zone3",0,0,NA
"E3","V3SPL160",18104,"zone4",0,0,NA
"E3","V3SPL160",18104,"zone5 (farthest)",0,0,NA
"E3","V3SPL160",18105,"zone1 (nearest)",0,0,NA
"E3","V3SPL160",18105,"zone2",0,0,NA
"E3","V3SPL160",18105,"zone3",0,0,NA
"E3","V3SPL160",18105,"zone4",0,0,NA
"E3","V3SPL160",18105,"zone5 (farthest)",0,0,NA
"E3","V3SPL160",18106,"zone1 (nearest)",0,0,NA
"E3","V3SPL160",18106,"zone2",0,0,NA
"E3","V3SPL160",18106,"zone3",0,0,NA
"E3","V3SPL160",18106,"zone4",0,0,NA
"E3","V3SPL160",18106,"zone5 (farthest)",0,0,NA
"E3","V3SPL160",18107,"zone1 (nearest)",0,0,NA
"E3","V3SPL160",18107,"zone2",0,0,NA
"E3","V3SPL160",18107,"zone3",0,0,NA
"E3","V3SPL160",18107,"zone4",0,0,NA
"E3","V3SPL160",18107,"zone5 (farthest)",0,0,NA
"E3","V3SPL160",18108,"zone1 (nearest)",0,0,NA
"E3","V3SPL160",18108,"zone2",0,0,NA
"E3","V3SPL160",18108,"zone3",0,0,NA
"E3","V3SPL160",18108,"zone4",0,0,NA
"E3","V3SPL160",18108,"zone5 (farthest)",0,0,NA
"E3","V3SPL160",18109,"zone1 (nearest)",0,0,NA
"E3","V3SPL160",18109,"zone2",0,0,NA
"E3","V3SPL160",18109,"zone3",0,0,NA
"E3","V3SPL160",18109,"zone4",0,0,NA
"E3","V3SPL160",18109,"zone5 (farthest)",0,0,NA
"E3","V3SPL160",18110,"zone1 (nearest)",0,0,NA
"E3","V3SPL160",18110,"zone2",0,0,NA
"E3","V3SPL160",18110,"zone3",0,0,NA
"E3","V3SPL160",18110,"zone4",0,0,NA
"E3","V3SPL160",18110,"zone5 (farthest)",0,0,NA
"E3","V3SPL160",19101,"zone1 (nearest)",0,0,NA
"E3","V3SPL160",19101,"zone2",0,0,NA
"E3","V3SPL160",19101,"zone3",0,0,NA
"E3","V3SPL160",19101,"zone4",0,0,NA
"E3","V3SPL160",19101,"zone5 (farthest)",0,0,NA
"E3","V3SPL160",19102,"zone1 (nearest)",0,0,NA
"E3","V3SPL160",19102,"zone2",0,0,NA
"E3","V3SPL160",19102,"zone3",0,0,NA
"E3","V3SPL160",19102,"zone4",0,0,NA
"E3","V3SPL160",19102,"zone5 (farthest)",0,0,NA
"E3","V3SPL160",19103,"zone1 (nearest)",0,0,NA
"E3","V3SPL160",19103,"zone2",0,0,NA
"E3","V3SPL160",19103,"zone3",0,0,NA
"E3","V3SPL160",19103,"zone4",0,0,NA
"E3","V3SPL160",19103,"zone5 (farthest)",0,0,NA
"E3","V3SPL160",19104,"zone1 (nearest)",0,0,NA
"E3","V3SPL160",19104,"zone2",0,0,NA
"E3","V3SPL160",19104,"zone3",0,0,NA
"E3","V3SPL160",19104,"zone4",0,0,NA
"E3","V3SPL160",19104,"zone5 (farthest)",0,0,NA
"E3","V3SPL160",19105,"zone1 (nearest)",0,0,NA
"E3","V3SPL160",19105,"zone2",0,0,NA
"E3","V3SPL160",19105,"zone3",0,0,NA
"E3","V3SPL160",19105,"zone4",0,0,NA
"E3","V3SPL160",19105,"zone5 (farthest)",0,0,NA
"E3","V3SPL160",19106,"zone1 (nearest)",0,0,NA
"E3","V3SPL160",19106,"zone2",0,0,NA
"E3","V3SPL160",19106,"zone3",0,0,NA
"E3","V3SPL160",19106,"zone4",0,0,NA
"E3","V3SPL160",19106,"zone5 (farthest)",0,0,NA
"E3","V3SPL160",19107,"zone1 (nearest)",0,0,NA
"E3","V3SPL160",19107,"zone2",0,0,NA
"E3","V3SPL160",19107,"zone3",0,0,NA
"E3","V3SPL160",19107,"zone4",0,0,NA
"E3","V3SPL160",19107,"zone5 (farthest)",0,0,NA
"E3","V3SPL160",19108,"zone1 (nearest)",0,0,NA
"E3","V3SPL160",19108,"zone2",0,0,NA
"E3","V3SPL160",19108,"zone3",0,0,NA
"E3","V3SPL160",19108,"zone4",0,0,NA
"E3","V3SPL160",19108,"zone5 (farthest)",0,0,NA
"E3","V3SPL160",19109,"zone1 (nearest)",0,0,NA
"E3","V3SPL160",19109,"zone2",0,0,NA
"E3","V3SPL160",19109,"zone3",0,0,NA
"E3","V3SPL160",19109,"zone4",0,0,NA
"E3","V3SPL160",19109,"zone5 (farthest)",0,0,NA
"E3","V3SPL160",19110,"zone1 (nearest)",0,0,NA
"E3","V3SPL160",19110,"zone2",0,0,NA
"E3","V3SPL160",19110,"zone3",0,0,NA
"E3","V3SPL160",19110,"zone4",0,0,NA
"E3","V3SPL160",19110,"zone5 (farthest)",0,0,NA
"E3","V3SPL160",20101,"zone1 (nearest)",0,0,NA
"E3","V3SPL160",20101,"zone2",0,0,NA
"E3","V3SPL160",20101,"zone3",0,0,NA
"E3","V3SPL160",20101,"zone4",0,0,NA
"E3","V3SPL160",20101,"zone5 (farthest)",0,0,NA
"E3","V3SPL160",20102,"zone1 (nearest)",0,0,NA
"E3","V3SPL160",20102,"zone2",0,0,NA
"E3","V3SPL160",20102,"zone3",0,0,NA
"E3","V3SPL160",20102,"zone4",0,0,NA
"E3","V3SPL160",20102,"zone5 (farthest)",0,0,NA
"E3","V3SPL160",20103,"zone1 (nearest)",0,0,NA
"E3","V3SPL160",20103,"zone2",0,0,NA
"E3","V3SPL160",20103,"zone3",0,0,NA
"E3","V3SPL160",20103,"zone4",0,0,NA
"E3","V3SPL160",20103,"zone5 (farthest)",0,0,NA
"E3","V3SPL160",20104,"zone1 (nearest)",0,0,NA
"E3","V3SPL160",20104,"zone2",0,0,NA
"E3","V3SPL160",20104,"zone3",0,0,NA
"E3","V3SPL160",20104,"zone4",0,0,NA
"E3","V3SPL160",20104,"zone5 (farthest)",0,0,NA
"E3","V3SPL160",20105,"zone1 (nearest)",0,0,NA
"E3","V3SPL160",20105,"zone2",0,0,NA
"E3","V3SPL160",20105,"zone3",0,0,NA
"E3","V3SPL160",20105,"zone4",0,0,NA
"E3","V3SPL160",20105,"zone5 (farthest)",0,0,NA
"E3","V3SPL160",20106,"zone1 (nearest)",0,0,NA
"E3","V3SPL160",20106,"zone2",0,0,NA
"E3","V3SPL160",20106,"zone3",0,0,NA
"E3","V3SPL160",20106,"zone4",0,0,NA
"E3","V3SPL160",20106,"zone5 (farthest)",0,0,NA
"E3","V3SPL160",20107,"zone1 (nearest)",0,0,NA
"E3","V3SPL160",20107,"zone2",0,0,NA
"E3","V3SPL160",20107,"zone3",0,0,NA
"E3","V3SPL160",20107,"zone4",0,0,NA
"E3","V3SPL160",20107,"zone5 (farthest)",0,0,NA
"E3","V3SPL160",20108,"zone1 (nearest)",0,0,NA
"E3","V3SPL160",20108,"zone2",0,0,NA
"E3","V3SPL160",20108,"zone3",0,0,NA
"E3","V3SPL160",20108,"zone4",0,0,NA
"E3","V3SPL160",20108,"zone5 (farthest)",0,0,NA
"E3","V3SPL160",20109,"zone1 (nearest)",0,0,NA
"E3","V3SPL160",20109,"zone2",0,0,NA
"E3","V3SPL160",20109,"zone3",0,0,NA
"E3","V3SPL160",20109,"zone4",0,0,NA
"E3","V3SPL160",20109,"zone5 (farthest)",0,0,NA
"E3","V3SPL160",20110,"zone1 (nearest)",0,0,NA
"E3","V3SPL160",20110,"zone2",0,0,NA
"E3","V3SPL160",20110,"zone3",0,0,NA
"E3","V3SPL160",20110,"zone4",0,0,NA
"E3","V3SPL160",20110,"zone5 (farthest)",0,0,NA
"E3","V3SPL160",21101,"zone1 (nearest)",0,0,NA
"E3","V3SPL160",21101,"zone2",0,0,NA
"E3","V3SPL160",21101,"zone3",0,0,NA
"E3","V3SPL160",21101,"zone4",0,0,NA
"E3","V3SPL160",21101,"zone5 (farthest)",0,0,NA
"E3","V3SPL160",21102,"zone1 (nearest)",0,0,NA
"E3","V3SPL160",21102,"zone2",0,0,NA
"E3","V3SPL160",21102,"zone3",0,0,NA
"E3","V3SPL160",21102,"zone4",0,0,NA
"E3","V3SPL160",21102,"zone5 (farthest)",0,0,NA
"E3","V3SPL160",21103,"zone1 (nearest)",0,0,NA
"E3","V3SPL160",21103,"zone2",0,0,NA
"E3","V3SPL160",21103,"zone3",0,0,NA
"E3","V3SPL160",21103,"zone4",0,0,NA
"E3","V3SPL160",21103,"zone5 (farthest)",0,0,NA
"E3","V3SPL160",21104,"zone1 (nearest)",0,0,NA
"E3","V3SPL160",21104,"zone2",0,0,NA
"E3","V3SPL160",21104,"zone3",0,0,NA
"E3","V3SPL160",21104,"zone4",0,0,NA
"E3","V3SPL160",21104,"zone5 (farthest)",0,0,NA
"E3","V3SPL160",21105,"zone1 (nearest)",0,0,NA
"E3","V3SPL160",21105,"zone2",0,0,NA
"E3","V3SPL160",21105,"zone3",0,0,NA
"E3","V3SPL160",21105,"zone4",0,0,NA
"E3","V3SPL160",21105,"zone5 (farthest)",0,0,NA
"E3","V3SPL160",21106,"zone1 (nearest)",0,0,NA
"E3","V3SPL160",21106,"zone2",0,0,NA
"E3","V3SPL160",21106,"zone3",0,0,NA
"E3","V3SPL160",21106,"zone4",0,0,NA
"E3","V3SPL160",21106,"zone5 (farthest)",0,0,NA
"E3","V3SPL160",21107,"zone1 (nearest)",0,0,NA
"E3","V3SPL160",21107,"zone2",0,0,NA
"E3","V3SPL160",21107,"zone3",0,0,NA
"E3","V3SPL160",21107,"zone4",0,0,NA
"E3","V3SPL160",21107,"zone5 (farthest)",0,0,NA
"E3","V3SPL160",21108,"zone1 (nearest)",0,0,NA
"E3","V3SPL160",21108,"zone2",0,0,NA
"E3","V3SPL160",21108,"zone3",0,0,NA
"E3","V3SPL160",21108,"zone4",0,0,NA
"E3","V3SPL160",21108,"zone5 (farthest)",0,0,NA
"E3","V3SPL160",21109,"zone1 (nearest)",0,0,NA
"E3","V3SPL160",21109,"zone2",0,0,NA
"E3","V3SPL160",21109,"zone3",0,0,NA
"E3","V3SPL160",21109,"zone4",0,0,NA
"E3","V3SPL160",21109,"zone5 (farthest)",0,0,NA
"E3","V3SPL160",21110,"zone1 (nearest)",0,0,NA
"E3","V3SPL160",21110,"zone2",0,0,NA
"E3","V3SPL160",21110,"zone3",0,0,NA
"E3","V3SPL160",21110,"zone4",0,0,NA
"E3","V3SPL160",21110,"zone5 (farthest)",0,0,NA
"E3","V3SPL160",22101,"zone1 (nearest)",0,0,NA
"E3","V3SPL160",22101,"zone2",0,0,NA
"E3","V3SPL160",22101,"zone3",0,0,NA
"E3","V3SPL160",22101,"zone4",0,0,NA
"E3","V3SPL160",22101,"zone5 (farthest)",0,0,NA
"E3","V3SPL160",22102,"zone1 (nearest)",0,0,NA
"E3","V3SPL160",22102,"zone2",0,0,NA
"E3","V3SPL160",22102,"zone3",0,0,NA
"E3","V3SPL160",22102,"zone4",0,0,NA
"E3","V3SPL160",22102,"zone5 (farthest)",0,0,NA
"E3","V3SPL160",22103,"zone1 (nearest)",0,0,NA
"E3","V3SPL160",22103,"zone2",0,0,NA
"E3","V3SPL160",22103,"zone3",0,0,NA
"E3","V3SPL160",22103,"zone4",0,0,NA
"E3","V3SPL160",22103,"zone5 (farthest)",0,0,NA
"E3","V3SPL160",22104,"zone1 (nearest)",0,0,NA
"E3","V3SPL160",22104,"zone2",0,0,NA
"E3","V3SPL160",22104,"zone3",0,0,NA
"E3","V3SPL160",22104,"zone4",0,0,NA
"E3","V3SPL160",22104,"zone5 (farthest)",0,0,NA
"E3","V3SPL160",22105,"zone1 (nearest)",0,0,NA
"E3","V3SPL160",22105,"zone2",0,0,NA
"E3","V3SPL160",22105,"zone3",0,0,NA
"E3","V3SPL160",22105,"zone4",0,0,NA
"E3","V3SPL160",22105,"zone5 (farthest)",0,0,NA
"E3","V3SPL160",22106,"zone1 (nearest)",0,0,NA
"E3","V3SPL160",22106,"zone2",0,0,NA
"E3","V3SPL160",22106,"zone3",0,0,NA
"E3","V3SPL160",22106,"zone4",0,0,NA
"E3","V3SPL160",22106,"zone5 (farthest)",0,0,NA
"E3","V3SPL160",22107,"zone1 (nearest)",0,0,NA
"E3","V3SPL160",22107,"zone2",0,0,NA
"E3","V3SPL160",22107,"zone3",0,0,NA
"E3","V3SPL160",22107,"zone4",0,0,NA
"E3","V3SPL160",22107,"zone5 (farthest)",0,0,NA
"E3","V3SPL160",22108,"zone1 (nearest)",0,0,NA
"E3","V3SPL160",22108,"zone2",0,0,NA
"E3","V3SPL160",22108,"zone3",0,0,NA
"E3","V3SPL160",22108,"zone4",0,0,NA
"E3","V3SPL160",22108,"zone5 (farthest)",0,0,NA
"E3","V3SPL160",22109,"zone1 (nearest)",0,0,NA
"E3","V3SPL160",22109,"zone2",0,0,NA
"E3","V3SPL160",22109,"zone3",0,0,NA
"E3","V3SPL160",22109,"zone4",0,0,NA
"E3","V3SPL160",22109,"zone5 (farthest)",0,0,NA
"E3","V3SPL160",22110,"zone1 (nearest)",0,0,NA
"E3","V3SPL160",22110,"zone2",0,0,NA
"E3","V3SPL160",22110,"zone3",0,0,NA
"E3","V3SPL160",22110,"zone4",0,0,NA
"E3","V3SPL160",22110,"zone5 (farthest)",0,0,NA
"E3","V3SPL160",23101,"zone1 (nearest)",0,0,NA
"E3","V3SPL160",23101,"zone2",0,0,NA
"E3","V3SPL160",23101,"zone3",0,0,NA
"E3","V3SPL160",23101,"zone4",0,0,NA
"E3","V3SPL160",23101,"zone5 (farthest)",0,0,NA
"E3","V3SPL160",23102,"zone1 (nearest)",0,0,NA
"E3","V3SPL160",23102,"zone2",0,0,NA
"E3","V3SPL160",23102,"zone3",0,0,NA
"E3","V3SPL160",23102,"zone4",0,0,NA
"E3","V3SPL160",23102,"zone5 (farthest)",0,0,NA
"E3","V3SPL160",23103,"zone1 (nearest)",0,0,NA
"E3","V3SPL160",23103,"zone2",0,0,NA
"E3","V3SPL160",23103,"zone3",0,0,NA
"E3","V3SPL160",23103,"zone4",0,0,NA
"E3","V3SPL160",23103,"zone5 (farthest)",0,0,NA
"E3","V3SPL160",23104,"zone1 (nearest)",0,0,NA
"E3","V3SPL160",23104,"zone2",0,0,NA
"E3","V3SPL160",23104,"zone3",0,0,NA
"E3","V3SPL160",23104,"zone4",0,0,NA
"E3","V3SPL160",23104,"zone5 (farthest)",0,0,NA
"E3","V3SPL160",23105,"zone1 (nearest)",0,0,NA
"E3","V3SPL160",23105,"zone2",0,0,NA
"E3","V3SPL160",23105,"zone3",0,0,NA
"E3","V3SPL160",23105,"zone4",0,0,NA
"E3","V3SPL160",23105,"zone5 (farthest)",0,0,NA
"E3","V3SPL160",23106,"zone1 (nearest)",0,0,NA
"E3","V3SPL160",23106,"zone2",0,0,NA
"E3","V3SPL160",23106,"zone3",0,0,NA
"E3","V3SPL160",23106,"zone4",0,0,NA
"E3","V3SPL160",23106,"zone5 (farthest)",0,0,NA
"E3","V3SPL160",23107,"zone1 (nearest)",0,0,NA
"E3","V3SPL160",23107,"zone2",0,0,NA
"E3","V3SPL160",23107,"zone3",0,0,NA
"E3","V3SPL160",23107,"zone4",0,0,NA
"E3","V3SPL160",23107,"zone5 (farthest)",0,0,NA
"E3","V3SPL160",23108,"zone1 (nearest)",0,0,NA
"E3","V3SPL160",23108,"zone2",0,0,NA
"E3","V3SPL160",23108,"zone3",0,0,NA
"E3","V3SPL160",23108,"zone4",0,0,NA
"E3","V3SPL160",23108,"zone5 (farthest)",0,0,NA
"E3","V3SPL160",23109,"zone1 (nearest)",0,0,NA
"E3","V3SPL160",23109,"zone2",0,0,NA
"E3","V3SPL160",23109,"zone3",0,0,NA
"E3","V3SPL160",23109,"zone4",0,0,NA
"E3","V3SPL160",23109,"zone5 (farthest)",0,0,NA
"E3","V3SPL160",23110,"zone1 (nearest)",0,0,NA
"E3","V3SPL160",23110,"zone2",0,0,NA
"E3","V3SPL160",23110,"zone3",0,0,NA
"E3","V3SPL160",23110,"zone4",0,0,NA
"E3","V3SPL160",23110,"zone5 (farthest)",0,0,NA
"E3","V3SPL160",24101,"zone1 (nearest)",0,0,NA
"E3","V3SPL160",24101,"zone2",0,0,NA
"E3","V3SPL160",24101,"zone3",0,0,NA
"E3","V3SPL160",24101,"zone4",0,0,NA
"E3","V3SPL160",24101,"zone5 (farthest)",0,0,NA
"E3","V3SPL160",24102,"zone1 (nearest)",0,0,NA
"E3","V3SPL160",24102,"zone2",0,0,NA
"E3","V3SPL160",24102,"zone3",0,0,NA
"E3","V3SPL160",24102,"zone4",0,0,NA
"E3","V3SPL160",24102,"zone5 (farthest)",0,0,NA
"E3","V3SPL160",24103,"zone1 (nearest)",0,0,NA
"E3","V3SPL160",24103,"zone2",0,0,NA
"E3","V3SPL160",24103,"zone3",0,0,NA
"E3","V3SPL160",24103,"zone4",0,0,NA
"E3","V3SPL160",24103,"zone5 (farthest)",0,0,NA
"E3","V3SPL160",24104,"zone1 (nearest)",0,0,NA
"E3","V3SPL160",24104,"zone2",0,0,NA
"E3","V3SPL160",24104,"zone3",0,0,NA
"E3","V3SPL160",24104,"zone4",0,0,NA
"E3","V3SPL160",24104,"zone5 (farthest)",0,0,NA
"E3","V3SPL160",24105,"zone1 (nearest)",0,0,NA
"E3","V3SPL160",24105,"zone2",0,0,NA
"E3","V3SPL160",24105,"zone3",0,0,NA
"E3","V3SPL160",24105,"zone4",0,0,NA
"E3","V3SPL160",24105,"zone5 (farthest)",0,0,NA
"E3","V3SPL160",24106,"zone1 (nearest)",0,0,NA
"E3","V3SPL160",24106,"zone2",0,0,NA
"E3","V3SPL160",24106,"zone3",0,0,NA
"E3","V3SPL160",24106,"zone4",0,0,NA
"E3","V3SPL160",24106,"zone5 (farthest)",0,0,NA
"E3","V3SPL160",24107,"zone1 (nearest)",0,0,NA
"E3","V3SPL160",24107,"zone2",0,0,NA
"E3","V3SPL160",24107,"zone3",0,0,NA
"E3","V3SPL160",24107,"zone4",0,0,NA
"E3","V3SPL160",24107,"zone5 (farthest)",0,0,NA
"E3","V3SPL160",24108,"zone1 (nearest)",0,0,NA
"E3","V3SPL160",24108,"zone2",0,0,NA
"E3","V3SPL160",24108,"zone3",0,0,NA
"E3","V3SPL160",24108,"zone4",0,0,NA
"E3","V3SPL160",24108,"zone5 (farthest)",0,0,NA
"E3","V3SPL160",24109,"zone1 (nearest)",0,0,NA
"E3","V3SPL160",24109,"zone2",0,0,NA
"E3","V3SPL160",24109,"zone3",0,0,NA
"E3","V3SPL160",24109,"zone4",0,0,NA
"E3","V3SPL160",24109,"zone5 (farthest)",0,0,NA
"E3","V3SPL160",24110,"zone1 (nearest)",0,0,NA
"E3","V3SPL160",24110,"zone2",0,0,NA
"E3","V3SPL160",24110,"zone3",0,0,NA
"E3","V3SPL160",24110,"zone4",0,0,NA
"E3","V3SPL160",24110,"zone5 (farthest)",0,0,NA
"E3","V3SPL160",25101,"zone1 (nearest)",0,0,NA
"E3","V3SPL160",25101,"zone2",0,0,NA
"E3","V3SPL160",25101,"zone3",0,0,NA
"E3","V3SPL160",25101,"zone4",0,0,NA
"E3","V3SPL160",25101,"zone5 (farthest)",0,0,NA
"E3","V3SPL160",25102,"zone1 (nearest)",0,0,NA
"E3","V3SPL160",25102,"zone2",0,0,NA
"E3","V3SPL160",25102,"zone3",0,0,NA
"E3","V3SPL160",25102,"zone4",0,0,NA
"E3","V3SPL160",25102,"zone5 (farthest)",0,0,NA
"E3","V3SPL160",25103,"zone1 (nearest)",0,0,NA
"E3","V3SPL160",25103,"zone2",0,0,NA
"E3","V3SPL160",25103,"zone3",0,0,NA
"E3","V3SPL160",25103,"zone4",0,0,NA
"E3","V3SPL160",25103,"zone5 (farthest)",0,0,NA
"E3","V3SPL160",25104,"zone1 (nearest)",0,0,NA
"E3","V3SPL160",25104,"zone2",0,0,NA
"E3","V3SPL160",25104,"zone3",0,0,NA
"E3","V3SPL160",25104,"zone4",0,0,NA
"E3","V3SPL160",25104,"zone5 (farthest)",0,0,NA
"E3","V3SPL160",25105,"zone1 (nearest)",0,0,NA
"E3","V3SPL160",25105,"zone2",0,0,NA
"E3","V3SPL160",25105,"zone3",0,0,NA
"E3","V3SPL160",25105,"zone4",0,0,NA
"E3","V3SPL160",25105,"zone5 (farthest)",0,0,NA
"E3","V3SPL160",25106,"zone1 (nearest)",0,0,NA
"E3","V3SPL160",25106,"zone2",0,0,NA
"E3","V3SPL160",25106,"zone3",0,0,NA
"E3","V3SPL160",25106,"zone4",0,0,NA
"E3","V3SPL160",25106,"zone5 (farthest)",0,0,NA
"E3","V3SPL160",25107,"zone1 (nearest)",0,0,NA
"E3","V3SPL160",25107,"zone2",0,0,NA
"E3","V3SPL160",25107,"zone3",0,0,NA
"E3","V3SPL160",25107,"zone4",0,0,NA
"E3","V3SPL160",25107,"zone5 (farthest)",0,0,NA
"E3","V3SPL160",25108,"zone1 (nearest)",0,0,NA
"E3","V3SPL160",25108,"zone2",0,0,NA
"E3","V3SPL160",25108,"zone3",0,0,NA
"E3","V3SPL160",25108,"zone4",0,0,NA
"E3","V3SPL160",25108,"zone5 (farthest)",0,0,NA
"E3","V3SPL160",25109,"zone1 (nearest)",0,0,NA
"E3","V3SPL160",25109,"zone2",0,0,NA
"E3","V3SPL160",25109,"zone3",0,0,NA
"E3","V3SPL160",25109,"zone4",0,0,NA
"E3","V3SPL160",25109,"zone5 (farthest)",0,0,NA
"E3","V3SPL160",25110,"zone1 (nearest)",0,0,NA
"E3","V3SPL160",25110,"zone2",0,0,NA
"E3","V3SPL160",25110,"zone3",0,0,NA
"E3","V3SPL160",25110,"zone4",0,0,NA
"E3","V3SPL160",25110,"zone5 (farthest)",0,0,NA
"E3","V3SPL160",26101,"zone1 (nearest)",0,0,NA
"E3","V3SPL160",26101,"zone2",0,0,NA
"E3","V3SPL160",26101,"zone3",0,0,NA
"E3","V3SPL160",26101,"zone4",0,0,NA
"E3","V3SPL160",26101,"zone5 (farthest)",0,0,NA
"E3","V3SPL160",26102,"zone1 (nearest)",0,0,NA
"E3","V3SPL160",26102,"zone2",0,0,NA
"E3","V3SPL160",26102,"zone3",0,0,NA
"E3","V3SPL160",26102,"zone4",0,0,NA
"E3","V3SPL160",26102,"zone5 (farthest)",0,0,NA
"E3","V3SPL160",26103,"zone1 (nearest)",0,0,NA
"E3","V3SPL160",26103,"zone2",0,0,NA
"E3","V3SPL160",26103,"zone3",0,0,NA
"E3","V3SPL160",26103,"zone4",0,0,NA
"E3","V3SPL160",26103,"zone5 (farthest)",0,0,NA
"E3","V3SPL160",26104,"zone1 (nearest)",0,0,NA
"E3","V3SPL160",26104,"zone2",0,0,NA
"E3","V3SPL160",26104,"zone3",0,0,NA
"E3","V3SPL160",26104,"zone4",0,0,NA
"E3","V3SPL160",26104,"zone5 (farthest)",0,0,NA
"E3","V3SPL160",26105,"zone1 (nearest)",0,0,NA
"E3","V3SPL160",26105,"zone2",0,0,NA
"E3","V3SPL160",26105,"zone3",0,0,NA
"E3","V3SPL160",26105,"zone4",0,0,NA
"E3","V3SPL160",26105,"zone5 (farthest)",0,0,NA
"E3","V3SPL160",26106,"zone1 (nearest)",0,0,NA
"E3","V3SPL160",26106,"zone2",0,0,NA
"E3","V3SPL160",26106,"zone3",0,0,NA
"E3","V3SPL160",26106,"zone4",0,0,NA
"E3","V3SPL160",26106,"zone5 (farthest)",0,0,NA
"E3","V3SPL160",26107,"zone1 (nearest)",0,0,NA
"E3","V3SPL160",26107,"zone2",0,0,NA
"E3","V3SPL160",26107,"zone3",0,0,NA
"E3","V3SPL160",26107,"zone4",0,0,NA
"E3","V3SPL160",26107,"zone5 (farthest)",0,0,NA
"E3","V3SPL160",26108,"zone1 (nearest)",0,0,NA
"E3","V3SPL160",26108,"zone2",0,0,NA
"E3","V3SPL160",26108,"zone3",0,0,NA
"E3","V3SPL160",26108,"zone4",0,0,NA
"E3","V3SPL160",26108,"zone5 (farthest)",0,0,NA
"E3","V3SPL160",26109,"zone1 (nearest)",0,0,NA
"E3","V3SPL160",26109,"zone2",0,0,NA
"E3","V3SPL160",26109,"zone3",0,0,NA
"E3","V3SPL160",26109,"zone4",0,0,NA
"E3","V3SPL160",26109,"zone5 (farthest)",0,0,NA
"E3","V3SPL160",26110,"zone1 (nearest)",0,0,NA
"E3","V3SPL160",26110,"zone2",0,0,NA
"E3","V3SPL160",26110,"zone3",0,0,NA
"E3","V3SPL160",26110,"zone4",0,0,NA
"E3","V3SPL160",26110,"zone5 (farthest)",0,0,NA
"E3","V3SPL160",27101,"zone1 (nearest)",0,0,NA
"E3","V3SPL160",27101,"zone2",0,0,NA
"E3","V3SPL160",27101,"zone3",0,0,NA
"E3","V3SPL160",27101,"zone4",0,0,NA
"E3","V3SPL160",27101,"zone5 (farthest)",0,0,NA
"E3","V3SPL160",27102,"zone1 (nearest)",0,0,NA
"E3","V3SPL160",27102,"zone2",0,0,NA
"E3","V3SPL160",27102,"zone3",0,0,NA
"E3","V3SPL160",27102,"zone4",0,0,NA
"E3","V3SPL160",27102,"zone5 (farthest)",0,0,NA
"E3","V3SPL160",27103,"zone1 (nearest)",0,0,NA
"E3","V3SPL160",27103,"zone2",0,0,NA
"E3","V3SPL160",27103,"zone3",0,0,NA
"E3","V3SPL160",27103,"zone4",0,0,NA
"E3","V3SPL160",27103,"zone5 (farthest)",0,0,NA
"E3","V3SPL160",27104,"zone1 (nearest)",0,0,NA
"E3","V3SPL160",27104,"zone2",0,0,NA
"E3","V3SPL160",27104,"zone3",0,0,NA
"E3","V3SPL160",27104,"zone4",0,0,NA
"E3","V3SPL160",27104,"zone5 (farthest)",0,0,NA
"E3","V3SPL160",27105,"zone1 (nearest)",0,0,NA
"E3","V3SPL160",27105,"zone2",0,0,NA
"E3","V3SPL160",27105,"zone3",0,0,NA
"E3","V3SPL160",27105,"zone4",0,0,NA
"E3","V3SPL160",27105,"zone5 (farthest)",0,0,NA
"E3","V3SPL160",27106,"zone1 (nearest)",0,0,NA
"E3","V3SPL160",27106,"zone2",0,0,NA
"E3","V3SPL160",27106,"zone3",0,0,NA
"E3","V3SPL160",27106,"zone4",0,0,NA
"E3","V3SPL160",27106,"zone5 (farthest)",0,0,NA
"E3","V3SPL160",27107,"zone1 (nearest)",0,0,NA
"E3","V3SPL160",27107,"zone2",0,0,NA
"E3","V3SPL160",27107,"zone3",0,0,NA
"E3","V3SPL160",27107,"zone4",0,0,NA
"E3","V3SPL160",27107,"zone5 (farthest)",0,0,NA
"E3","V3SPL160",27108,"zone1 (nearest)",0,0,NA
"E3","V3SPL160",27108,"zone2",0,0,NA
"E3","V3SPL160",27108,"zone3",0,0,NA
"E3","V3SPL160",27108,"zone4",0,0,NA
"E3","V3SPL160",27108,"zone5 (farthest)",0,0,NA
"E3","V3SPL160",27109,"zone1 (nearest)",0,0,NA
"E3","V3SPL160",27109,"zone2",0,0,NA
"E3","V3SPL160",27109,"zone3",0,0,NA
"E3","V3SPL160",27109,"zone4",0,0,NA
"E3","V3SPL160",27109,"zone5 (farthest)",0,0,NA
"E3","V3SPL160",27110,"zone1 (nearest)",0,0,NA
"E3","V3SPL160",27110,"zone2",0,0,NA
"E3","V3SPL160",27110,"zone3",0,0,NA
"E3","V3SPL160",27110,"zone4",0,0,NA
"E3","V3SPL160",27110,"zone5 (farthest)",0,0,NA
"E3","V3SPL160",28101,"zone1 (nearest)",0,0,NA
"E3","V3SPL160",28101,"zone2",0,0,NA
"E3","V3SPL160",28101,"zone3",0,0,NA
"E3","V3SPL160",28101,"zone4",0,0,NA
"E3","V3SPL160",28101,"zone5 (farthest)",0,0,NA
"E3","V3SPL160",28102,"zone1 (nearest)",0,0,NA
"E3","V3SPL160",28102,"zone2",0,0,NA
"E3","V3SPL160",28102,"zone3",0,0,NA
"E3","V3SPL160",28102,"zone4",0,0,NA
"E3","V3SPL160",28102,"zone5 (farthest)",0,0,NA
"E3","V3SPL160",28103,"zone1 (nearest)",0,0,NA
"E3","V3SPL160",28103,"zone2",0,0,NA
"E3","V3SPL160",28103,"zone3",0,0,NA
"E3","V3SPL160",28103,"zone4",0,0,NA
"E3","V3SPL160",28103,"zone5 (farthest)",0,0,NA
"E3","V3SPL160",28104,"zone1 (nearest)",0,0,NA
"E3","V3SPL160",28104,"zone2",0,0,NA
"E3","V3SPL160",28104,"zone3",0,0,NA
"E3","V3SPL160",28104,"zone4",0,0,NA
"E3","V3SPL160",28104,"zone5 (farthest)",0,0,NA
"E3","V3SPL160",28105,"zone1 (nearest)",0,0,NA
"E3","V3SPL160",28105,"zone2",0,0,NA
"E3","V3SPL160",28105,"zone3",0,0,NA
"E3","V3SPL160",28105,"zone4",0,0,NA
"E3","V3SPL160",28105,"zone5 (farthest)",0,0,NA
"E3","V3SPL160",28106,"zone1 (nearest)",0,0,NA
"E3","V3SPL160",28106,"zone2",0,0,NA
"E3","V3SPL160",28106,"zone3",0,0,NA
"E3","V3SPL160",28106,"zone4",0,0,NA
"E3","V3SPL160",28106,"zone5 (farthest)",0,0,NA
"E3","V3SPL160",28107,"zone1 (nearest)",0,0,NA
"E3","V3SPL160",28107,"zone2",0,0,NA
"E3","V3SPL160",28107,"zone3",0,0,NA
"E3","V3SPL160",28107,"zone4",0,0,NA
"E3","V3SPL160",28107,"zone5 (farthest)",0,0,NA
"E3","V3SPL160",28108,"zone1 (nearest)",0,0,NA
"E3","V3SPL160",28108,"zone2",0,0,NA
"E3","V3SPL160",28108,"zone3",0,0,NA
"E3","V3SPL160",28108,"zone4",0,0,NA
"E3","V3SPL160",28108,"zone5 (farthest)",0,0,NA
"E3","V3SPL160",28109,"zone1 (nearest)",0,0,NA
"E3","V3SPL160",28109,"zone2",0,0,NA
"E3","V3SPL160",28109,"zone3",0,0,NA
"E3","V3SPL160",28109,"zone4",0,0,NA
"E3","V3SPL160",28109,"zone5 (farthest)",0,0,NA
"E3","V3SPL160",28110,"zone1 (nearest)",0,0,NA
"E3","V3SPL160",28110,"zone2",0,0,NA
"E3","V3SPL160",28110,"zone3",0,0,NA
"E3","V3SPL160",28110,"zone4",0,0,NA
"E3","V3SPL160",28110,"zone5 (farthest)",0,0,NA
"E3","V3SPL160",29101,"zone1 (nearest)",0,0,NA
"E3","V3SPL160",29101,"zone2",0,0,NA
"E3","V3SPL160",29101,"zone3",0,0,NA
"E3","V3SPL160",29101,"zone4",0,0,NA
"E3","V3SPL160",29101,"zone5 (farthest)",0,0,NA
"E3","V3SPL160",29102,"zone1 (nearest)",0,0,NA
"E3","V3SPL160",29102,"zone2",0,0,NA
"E3","V3SPL160",29102,"zone3",0,0,NA
"E3","V3SPL160",29102,"zone4",0,0,NA
"E3","V3SPL160",29102,"zone5 (farthest)",0,0,NA
"E3","V3SPL160",29103,"zone1 (nearest)",0,0,NA
"E3","V3SPL160",29103,"zone2",0,0,NA
"E3","V3SPL160",29103,"zone3",0,0,NA
"E3","V3SPL160",29103,"zone4",0,0,NA
"E3","V3SPL160",29103,"zone5 (farthest)",0,0,NA
"E3","V3SPL160",29104,"zone1 (nearest)",0,0,NA
"E3","V3SPL160",29104,"zone2",0,0,NA
"E3","V3SPL160",29104,"zone3",0,0,NA
"E3","V3SPL160",29104,"zone4",0,0,NA
"E3","V3SPL160",29104,"zone5 (farthest)",0,0,NA
"E3","V3SPL160",29105,"zone1 (nearest)",0,0,NA
"E3","V3SPL160",29105,"zone2",0,0,NA
"E3","V3SPL160",29105,"zone3",0,0,NA
"E3","V3SPL160",29105,"zone4",0,0,NA
"E3","V3SPL160",29105,"zone5 (farthest)",0,0,NA
"E3","V3SPL160",29106,"zone1 (nearest)",0,0,NA
"E3","V3SPL160",29106,"zone2",0,0,NA
"E3","V3SPL160",29106,"zone3",0,0,NA
"E3","V3SPL160",29106,"zone4",0,0,NA
"E3","V3SPL160",29106,"zone5 (farthest)",0,0,NA
"E3","V3SPL160",29107,"zone1 (nearest)",0,0,NA
"E3","V3SPL160",29107,"zone2",0,0,NA
"E3","V3SPL160",29107,"zone3",0,0,NA
"E3","V3SPL160",29107,"zone4",0,0,NA
"E3","V3SPL160",29107,"zone5 (farthest)",0,0,NA
"E3","V3SPL160",29108,"zone1 (nearest)",0,0,NA
"E3","V3SPL160",29108,"zone2",0,0,NA
"E3","V3SPL160",29108,"zone3",0,0,NA
"E3","V3SPL160",29108,"zone4",0,0,NA
"E3","V3SPL160",29108,"zone5 (farthest)",0,0,NA
"E3","V3SPL160",29109,"zone1 (nearest)",0,0,NA
"E3","V3SPL160",29109,"zone2",0,0,NA
"E3","V3SPL160",29109,"zone3",0,0,NA
"E3","V3SPL160",29109,"zone4",0,0,NA
"E3","V3SPL160",29109,"zone5 (farthest)",0,0,NA
"E3","V3SPL160",29110,"zone1 (nearest)",0,0,NA
"E3","V3SPL160",29110,"zone2",0,0,NA
"E3","V3SPL160",29110,"zone3",0,0,NA
"E3","V3SPL160",29110,"zone4",0,0,NA
"E3","V3SPL160",29110,"zone5 (farthest)",0,0,NA
"E3","V3SPL160",30101,"zone1 (nearest)",0,0,NA
"E3","V3SPL160",30101,"zone2",0,0,NA
"E3","V3SPL160",30101,"zone3",0,0,NA
"E3","V3SPL160",30101,"zone4",0,0,NA
"E3","V3SPL160",30101,"zone5 (farthest)",0,0,NA
"E3","V3SPL160",30102,"zone1 (nearest)",0,0,NA
"E3","V3SPL160",30102,"zone2",0,0,NA
"E3","V3SPL160",30102,"zone3",0,0,NA
"E3","V3SPL160",30102,"zone4",0,0,NA
"E3","V3SPL160",30102,"zone5 (farthest)",0,0,NA
"E3","V3SPL160",30103,"zone1 (nearest)",0,0,NA
"E3","V3SPL160",30103,"zone2",0,0,NA
"E3","V3SPL160",30103,"zone3",0,0,NA
"E3","V3SPL160",30103,"zone4",0,0,NA
"E3","V3SPL160",30103,"zone5 (farthest)",0,0,NA
"E3","V3SPL160",30104,"zone1 (nearest)",0,0,NA
"E3","V3SPL160",30104,"zone2",0,0,NA
"E3","V3SPL160",30104,"zone3",0,0,NA
"E3","V3SPL160",30104,"zone4",0,0,NA
"E3","V3SPL160",30104,"zone5 (farthest)",0,0,NA
"E3","V3SPL160",30105,"zone1 (nearest)",0,0,NA
"E3","V3SPL160",30105,"zone2",0,0,NA
"E3","V3SPL160",30105,"zone3",0,0,NA
"E3","V3SPL160",30105,"zone4",0,0,NA
"E3","V3SPL160",30105,"zone5 (farthest)",0,0,NA
"E3","V3SPL160",30106,"zone1 (nearest)",0,0,NA
"E3","V3SPL160",30106,"zone2",0,0,NA
"E3","V3SPL160",30106,"zone3",0,0,NA
"E3","V3SPL160",30106,"zone4",0,0,NA
"E3","V3SPL160",30106,"zone5 (farthest)",0,0,NA
"E3","V3SPL160",30107,"zone1 (nearest)",0,0,NA
"E3","V3SPL160",30107,"zone2",0,0,NA
"E3","V3SPL160",30107,"zone3",0,0,NA
"E3","V3SPL160",30107,"zone4",0,0,NA
"E3","V3SPL160",30107,"zone5 (farthest)",0,0,NA
"E3","V3SPL160",30108,"zone1 (nearest)",0,0,NA
"E3","V3SPL160",30108,"zone2",0,0,NA
"E3","V3SPL160",30108,"zone3",0,0,NA
"E3","V3SPL160",30108,"zone4",0,0,NA
"E3","V3SPL160",30108,"zone5 (farthest)",0,0,NA
"E3","V3SPL160",30109,"zone1 (nearest)",0,0,NA
"E3","V3SPL160",30109,"zone2",0,0,NA
"E3","V3SPL160",30109,"zone3",0,0,NA
"E3","V3SPL160",30109,"zone4",0,0,NA
"E3","V3SPL160",30109,"zone5 (farthest)",0,0,NA
"E3","V3SPL160",30110,"zone1 (nearest)",0,0,NA
"E3","V3SPL160",30110,"zone2",0,0,NA
"E3","V3SPL160",30110,"zone3",0,0,NA
"E3","V3SPL160",30110,"zone4",0,0,NA
"E3","V3SPL160",30110,"zone5 (farthest)",0,0,NA
"E3",NA,1101,"zone1 (nearest)",18144,20250,0.896
"E3",NA,1101,"zone2",1134,20250,0.056
"E3",NA,1101,"zone3",486,20250,0.024
"E3",NA,1101,"zone4",243,20250,0.012
"E3",NA,1101,"zone5 (farthest)",243,20250,0.012
"E3",NA,1102,"zone1 (nearest)",0,0,NA
"E3",NA,1102,"zone2",0,0,NA
"E3",NA,1102,"zone3",0,0,NA
"E3",NA,1102,"zone4",0,0,NA
"E3",NA,1102,"zone5 (farthest)",0,0,NA
"E3",NA,1103,"zone1 (nearest)",0,0,NA
"E3",NA,1103,"zone2",0,0,NA
"E3",NA,1103,"zone3",0,0,NA
"E3",NA,1103,"zone4",0,0,NA
"E3",NA,1103,"zone5 (farthest)",0,0,NA
"E3",NA,1104,"zone1 (nearest)",0,0,NA
"E3",NA,1104,"zone2",0,0,NA
"E3",NA,1104,"zone3",0,0,NA
"E3",NA,1104,"zone4",0,0,NA
"E3",NA,1104,"zone5 (farthest)",0,0,NA
"E3",NA,1105,"zone1 (nearest)",0,0,NA
"E3",NA,1105,"zone2",0,0,NA
"E3",NA,1105,"zone3",0,0,NA
"E3",NA,1105,"zone4",0,0,NA
"E3",NA,1105,"zone5 (farthest)",0,0,NA
"E3",NA,1106,"zone1 (nearest)",0,0,NA
"E3",NA,1106,"zone2",0,0,NA
"E3",NA,1106,"zone3",0,0,NA
"E3",NA,1106,"zone4",0,0,NA
"E3",NA,1106,"zone5 (farthest)",0,0,NA
"E3",NA,1107,"zone1 (nearest)",0,0,NA
"E3",NA,1107,"zone2",0,0,NA
"E3",NA,1107,"zone3",0,0,NA
"E3",NA,1107,"zone4",0,0,NA
"E3",NA,1107,"zone5 (farthest)",0,0,NA
"E3",NA,1108,"zone1 (nearest)",0,0,NA
"E3",NA,1108,"zone2",0,0,NA
"E3",NA,1108,"zone3",0,0,NA
"E3",NA,1108,"zone4",0,0,NA
"E3",NA,1108,"zone5 (farthest)",0,0,NA
"E3",NA,1109,"zone1 (nearest)",0,0,NA
"E3",NA,1109,"zone2",0,0,NA
"E3",NA,1109,"zone3",0,0,NA
"E3",NA,1109,"zone4",0,0,NA
"E3",NA,1109,"zone5 (farthest)",0,0,NA
"E3",NA,1110,"zone1 (nearest)",0,0,NA
"E3",NA,1110,"zone2",0,0,NA
"E3",NA,1110,"zone3",0,0,NA
"E3",NA,1110,"zone4",0,0,NA
"E3",NA,1110,"zone5 (farthest)",0,0,NA
"E3",NA,2101,"zone1 (nearest)",0,0,NA
"E3",NA,2101,"zone2",0,0,NA
"E3",NA,2101,"zone3",0,0,NA
"E3",NA,2101,"zone4",0,0,NA
"E3",NA,2101,"zone5 (farthest)",0,0,NA
"E3",NA,2102,"zone1 (nearest)",0,0,NA
"E3",NA,2102,"zone2",0,0,NA
"E3",NA,2102,"zone3",0,0,NA
"E3",NA,2102,"zone4",0,0,NA
"E3",NA,2102,"zone5 (farthest)",0,0,NA
"E3",NA,2103,"zone1 (nearest)",0,0,NA
"E3",NA,2103,"zone2",0,0,NA
"E3",NA,2103,"zone3",0,0,NA
"E3",NA,2103,"zone4",0,0,NA
"E3",NA,2103,"zone5 (farthest)",0,0,NA
"E3",NA,2104,"zone1 (nearest)",0,0,NA
"E3",NA,2104,"zone2",0,0,NA
"E3",NA,2104,"zone3",0,0,NA
"E3",NA,2104,"zone4",0,0,NA
"E3",NA,2104,"zone5 (farthest)",0,0,NA
"E3",NA,2105,"zone1 (nearest)",0,0,NA
"E3",NA,2105,"zone2",0,0,NA
"E3",NA,2105,"zone3",0,0,NA
"E3",NA,2105,"zone4",0,0,NA
"E3",NA,2105,"zone5 (farthest)",0,0,NA
"E3",NA,2106,"zone1 (nearest)",0,0,NA
"E3",NA,2106,"zone2",0,0,NA
"E3",NA,2106,"zone3",0,0,NA
"E3",NA,2106,"zone4",0,0,NA
"E3",NA,2106,"zone5 (farthest)",0,0,NA
"E3",NA,2107,"zone1 (nearest)",0,0,NA
"E3",NA,2107,"zone2",0,0,NA
"E3",NA,2107,"zone3",0,0,NA
"E3",NA,2107,"zone4",0,0,NA
"E3",NA,2107,"zone5 (farthest)",0,0,NA
"E3",NA,2108,"zone1 (nearest)",0,0,NA
"E3",NA,2108,"zone2",0,0,NA
"E3",NA,2108,"zone3",0,0,NA
"E3",NA,2108,"zone4",0,0,NA
"E3",NA,2108,"zone5 (farthest)",0,0,NA
"E3",NA,2109,"zone1 (nearest)",0,0,NA
"E3",NA,2109,"zone2",0,0,NA
"E3",NA,2109,"zone3",0,0,NA
"E3",NA,2109,"zone4",0,0,NA
"E3",NA,2109,"zone5 (farthest)",0,0,NA
"E3",NA,2110,"zone1 (nearest)",0,0,NA
"E3",NA,2110,"zone2",0,0,NA
"E3",NA,2110,"zone3",0,0,NA
"E3",NA,2110,"zone4",0,0,NA
"E3",NA,2110,"zone5 (farthest)",0,0,NA
"E3",NA,3101,"zone1 (nearest)",0,0,NA
"E3",NA,3101,"zone2",0,0,NA
"E3",NA,3101,"zone3",0,0,NA
"E3",NA,3101,"zone4",0,0,NA
"E3",NA,3101,"zone5 (farthest)",0,0,NA
"E3",NA,3102,"zone1 (nearest)",0,0,NA
"E3",NA,3102,"zone2",0,0,NA
"E3",NA,3102,"zone3",0,0,NA
"E3",NA,3102,"zone4",0,0,NA
"E3",NA,3102,"zone5 (farthest)",0,0,NA
"E3",NA,3103,"zone1 (nearest)",0,0,NA
"E3",NA,3103,"zone2",0,0,NA
"E3",NA,3103,"zone3",0,0,NA
"E3",NA,3103,"zone4",0,0,NA
"E3",NA,3103,"zone5 (farthest)",0,0,NA
"E3",NA,3104,"zone1 (nearest)",0,0,NA
"E3",NA,3104,"zone2",0,0,NA
"E3",NA,3104,"zone3",0,0,NA
"E3",NA,3104,"zone4",0,0,NA
"E3",NA,3104,"zone5 (farthest)",0,0,NA
"E3",NA,3105,"zone1 (nearest)",0,0,NA
"E3",NA,3105,"zone2",0,0,NA
"E3",NA,3105,"zone3",0,0,NA
"E3",NA,3105,"zone4",0,0,NA
"E3",NA,3105,"zone5 (farthest)",0,0,NA
"E3",NA,3106,"zone1 (nearest)",0,0,NA
"E3",NA,3106,"zone2",0,0,NA
"E3",NA,3106,"zone3",0,0,NA
"E3",NA,3106,"zone4",0,0,NA
"E3",NA,3106,"zone5 (farthest)",0,0,NA
"E3",NA,3107,"zone1 (nearest)",0,0,NA
"E3",NA,3107,"zone2",0,0,NA
"E3",NA,3107,"zone3",0,0,NA
"E3",NA,3107,"zone4",0,0,NA
"E3",NA,3107,"zone5 (farthest)",0,0,NA
"E3",NA,3108,"zone1 (nearest)",0,0,NA
"E3",NA,3108,"zone2",0,0,NA
"E3",NA,3108,"zone3",0,0,NA
"E3",NA,3108,"zone4",0,0,NA
"E3",NA,3108,"zone5 (farthest)",0,0,NA
"E3",NA,3109,"zone1 (nearest)",0,0,NA
"E3",NA,3109,"zone2",0,0,NA
"E3",NA,3109,"zone3",0,0,NA
"E3",NA,3109,"zone4",0,0,NA
"E3",NA,3109,"zone5 (farthest)",0,0,NA
"E3",NA,3110,"zone1 (nearest)",0,0,NA
"E3",NA,3110,"zone2",0,0,NA
"E3",NA,3110,"zone3",0,0,NA
"E3",NA,3110,"zone4",0,0,NA
"E3",NA,3110,"zone5 (farthest)",0,0,NA
"E3",NA,4101,"zone1 (nearest)",0,0,NA
"E3",NA,4101,"zone2",0,0,NA
"E3",NA,4101,"zone3",0,0,NA
"E3",NA,4101,"zone4",0,0,NA
"E3",NA,4101,"zone5 (farthest)",0,0,NA
"E3",NA,4102,"zone1 (nearest)",0,0,NA
"E3",NA,4102,"zone2",0,0,NA
"E3",NA,4102,"zone3",0,0,NA
"E3",NA,4102,"zone4",0,0,NA
"E3",NA,4102,"zone5 (farthest)",0,0,NA
"E3",NA,4103,"zone1 (nearest)",0,0,NA
"E3",NA,4103,"zone2",0,0,NA
"E3",NA,4103,"zone3",0,0,NA
"E3",NA,4103,"zone4",0,0,NA
"E3",NA,4103,"zone5 (farthest)",0,0,NA
"E3",NA,4104,"zone1 (nearest)",0,0,NA
"E3",NA,4104,"zone2",0,0,NA
"E3",NA,4104,"zone3",0,0,NA
"E3",NA,4104,"zone4",0,0,NA
"E3",NA,4104,"zone5 (farthest)",0,0,NA
"E3",NA,4105,"zone1 (nearest)",0,0,NA
"E3",NA,4105,"zone2",0,0,NA
"E3",NA,4105,"zone3",0,0,NA
"E3",NA,4105,"zone4",0,0,NA
"E3",NA,4105,"zone5 (farthest)",0,0,NA
"E3",NA,4106,"zone1 (nearest)",0,0,NA
"E3",NA,4106,"zone2",0,0,NA
"E3",NA,4106,"zone3",0,0,NA
"E3",NA,4106,"zone4",0,0,NA
"E3",NA,4106,"zone5 (farthest)",0,0,NA
"E3",NA,4107,"zone1 (nearest)",0,0,NA
"E3",NA,4107,"zone2",0,0,NA
"E3",NA,4107,"zone3",0,0,NA
"E3",NA,4107,"zone4",0,0,NA
"E3",NA,4107,"zone5 (farthest)",0,0,NA
"E3",NA,4108,"zone1 (nearest)",0,0,NA
"E3",NA,4108,"zone2",0,0,NA
"E3",NA,4108,"zone3",0,0,NA
"E3",NA,4108,"zone4",0,0,NA
"E3",NA,4108,"zone5 (farthest)",0,0,NA
"E3",NA,4109,"zone1 (nearest)",0,0,NA
"E3",NA,4109,"zone2",0,0,NA
"E3",NA,4109,"zone3",0,0,NA
"E3",NA,4109,"zone4",0,0,NA
"E3",NA,4109,"zone5 (farthest)",0,0,NA
"E3",NA,4110,"zone1 (nearest)",0,0,NA
"E3",NA,4110,"zone2",0,0,NA
"E3",NA,4110,"zone3",0,0,NA
"E3",NA,4110,"zone4",0,0,NA
"E3",NA,4110,"zone5 (farthest)",0,0,NA
"E3",NA,5101,"zone1 (nearest)",0,0,NA
"E3",NA,5101,"zone2",0,0,NA
"E3",NA,5101,"zone3",0,0,NA
"E3",NA,5101,"zone4",0,0,NA
"E3",NA,5101,"zone5 (farthest)",0,0,NA
"E3",NA,5102,"zone1 (nearest)",0,0,NA
"E3",NA,5102,"zone2",0,0,NA
"E3",NA,5102,"zone3",0,0,NA
"E3",NA,5102,"zone4",0,0,NA
"E3",NA,5102,"zone5 (farthest)",0,0,NA
"E3",NA,5103,"zone1 (nearest)",0,0,NA
"E3",NA,5103,"zone2",0,0,NA
"E3",NA,5103,"zone3",0,0,NA
"E3",NA,5103,"zone4",0,0,NA
"E3",NA,5103,"zone5 (farthest)",0,0,NA
"E3",NA,5104,"zone1 (nearest)",0,0,NA
"E3",NA,5104,"zone2",0,0,NA
"E3",NA,5104,"zone3",0,0,NA
"E3",NA,5104,"zone4",0,0,NA
"E3",NA,5104,"zone5 (farthest)",0,0,NA
"E3",NA,5105,"zone1 (nearest)",0,0,NA
"E3",NA,5105,"zone2",0,0,NA
"E3",NA,5105,"zone3",0,0,NA
"E3",NA,5105,"zone4",0,0,NA
"E3",NA,5105,"zone5 (farthest)",0,0,NA
"E3",NA,5106,"zone1 (nearest)",0,0,NA
"E3",NA,5106,"zone2",0,0,NA
"E3",NA,5106,"zone3",0,0,NA
"E3",NA,5106,"zone4",0,0,NA
"E3",NA,5106,"zone5 (farthest)",0,0,NA
"E3",NA,5107,"zone1 (nearest)",0,0,NA
"E3",NA,5107,"zone2",0,0,NA
"E3",NA,5107,"zone3",0,0,NA
"E3",NA,5107,"zone4",0,0,NA
"E3",NA,5107,"zone5 (farthest)",0,0,NA
"E3",NA,5108,"zone1 (nearest)",0,0,NA
"E3",NA,5108,"zone2",0,0,NA
"E3",NA,5108,"zone3",0,0,NA
"E3",NA,5108,"zone4",0,0,NA
"E3",NA,5108,"zone5 (farthest)",0,0,NA
"E3",NA,5109,"zone1 (nearest)",0,0,NA
"E3",NA,5109,"zone2",0,0,NA
"E3",NA,5109,"zone3",0,0,NA
"E3",NA,5109,"zone4",0,0,NA
"E3",NA,5109,"zone5 (farthest)",0,0,NA
"E3",NA,5110,"zone1 (nearest)",0,0,NA
"E3",NA,5110,"zone2",0,0,NA
"E3",NA,5110,"zone3",0,0,NA
"E3",NA,5110,"zone4",0,0,NA
"E3",NA,5110,"zone5 (farthest)",0,0,NA
"E3",NA,6101,"zone1 (nearest)",0,0,NA
"E3",NA,6101,"zone2",0,0,NA
"E3",NA,6101,"zone3",0,0,NA
"E3",NA,6101,"zone4",0,0,NA
"E3",NA,6101,"zone5 (farthest)",0,0,NA
"E3",NA,6102,"zone1 (nearest)",0,0,NA
"E3",NA,6102,"zone2",0,0,NA
"E3",NA,6102,"zone3",0,0,NA
"E3",NA,6102,"zone4",0,0,NA
"E3",NA,6102,"zone5 (farthest)",0,0,NA
"E3",NA,6103,"zone1 (nearest)",0,0,NA
"E3",NA,6103,"zone2",0,0,NA
"E3",NA,6103,"zone3",0,0,NA
"E3",NA,6103,"zone4",0,0,NA
"E3",NA,6103,"zone5 (farthest)",0,0,NA
"E3",NA,6104,"zone1 (nearest)",0,0,NA
"E3",NA,6104,"zone2",0,0,NA
"E3",NA,6104,"zone3",0,0,NA
"E3",NA,6104,"zone4",0,0,NA
"E3",NA,6104,"zone5 (farthest)",0,0,NA
"E3",NA,6105,"zone1 (nearest)",0,0,NA
"E3",NA,6105,"zone2",0,0,NA
"E3",NA,6105,"zone3",0,0,NA
"E3",NA,6105,"zone4",0,0,NA
"E3",NA,6105,"zone5 (farthest)",0,0,NA
"E3",NA,6106,"zone1 (nearest)",0,0,NA
"E3",NA,6106,"zone2",0,0,NA
"E3",NA,6106,"zone3",0,0,NA
"E3",NA,6106,"zone4",0,0,NA
"E3",NA,6106,"zone5 (farthest)",0,0,NA
"E3",NA,6107,"zone1 (nearest)",0,0,NA
"E3",NA,6107,"zone2",0,0,NA
"E3",NA,6107,"zone3",0,0,NA
"E3",NA,6107,"zone4",0,0,NA
"E3",NA,6107,"zone5 (farthest)",0,0,NA
"E3",NA,6108,"zone1 (nearest)",0,0,NA
"E3",NA,6108,"zone2",0,0,NA
"E3",NA,6108,"zone3",0,0,NA
"E3",NA,6108,"zone4",0,0,NA
"E3",NA,6108,"zone5 (farthest)",0,0,NA
"E3",NA,6109,"zone1 (nearest)",0,0,NA
"E3",NA,6109,"zone2",0,0,NA
"E3",NA,6109,"zone3",0,0,NA
"E3",NA,6109,"zone4",0,0,NA
"E3",NA,6109,"zone5 (farthest)",0,0,NA
"E3",NA,6110,"zone1 (nearest)",0,0,NA
"E3",NA,6110,"zone2",0,0,NA
"E3",NA,6110,"zone3",0,0,NA
"E3",NA,6110,"zone4",0,0,NA
"E3",NA,6110,"zone5 (farthest)",0,0,NA
"E3",NA,7101,"zone1 (nearest)",0,0,NA
"E3",NA,7101,"zone2",0,0,NA
"E3",NA,7101,"zone3",0,0,NA
"E3",NA,7101,"zone4",0,0,NA
"E3",NA,7101,"zone5 (farthest)",0,0,NA
"E3",NA,7102,"zone1 (nearest)",0,0,NA
"E3",NA,7102,"zone2",0,0,NA
"E3",NA,7102,"zone3",0,0,NA
"E3",NA,7102,"zone4",0,0,NA
"E3",NA,7102,"zone5 (farthest)",0,0,NA
"E3",NA,7103,"zone1 (nearest)",0,0,NA
"E3",NA,7103,"zone2",0,0,NA
"E3",NA,7103,"zone3",0,0,NA
"E3",NA,7103,"zone4",0,0,NA
"E3",NA,7103,"zone5 (farthest)",0,0,NA
"E3",NA,7104,"zone1 (nearest)",0,0,NA
"E3",NA,7104,"zone2",0,0,NA
"E3",NA,7104,"zone3",0,0,NA
"E3",NA,7104,"zone4",0,0,NA
"E3",NA,7104,"zone5 (farthest)",0,0,NA
"E3",NA,7105,"zone1 (nearest)",0,0,NA
"E3",NA,7105,"zone2",0,0,NA
"E3",NA,7105,"zone3",0,0,NA
"E3",NA,7105,"zone4",0,0,NA
"E3",NA,7105,"zone5 (farthest)",0,0,NA
"E3",NA,7106,"zone1 (nearest)",0,0,NA
"E3",NA,7106,"zone2",0,0,NA
"E3",NA,7106,"zone3",0,0,NA
"E3",NA,7106,"zone4",0,0,NA
"E3",NA,7106,"zone5 (farthest)",0,0,NA
"E3",NA,7107,"zone1 (nearest)",0,0,NA
"E3",NA,7107,"zone2",0,0,NA
"E3",NA,7107,"zone3",0,0,NA
"E3",NA,7107,"zone4",0,0,NA
"E3",NA,7107,"zone5 (farthest)",0,0,NA
"E3",NA,7108,"zone1 (nearest)",0,0,NA
"E3",NA,7108,"zone2",0,0,NA
"E3",NA,7108,"zone3",0,0,NA
"E3",NA,7108,"zone4",0,0,NA
"E3",NA,7108,"zone5 (farthest)",0,0,NA
"E3",NA,7109,"zone1 (nearest)",0,0,NA
"E3",NA,7109,"zone2",0,0,NA
"E3",NA,7109,"zone3",0,0,NA
"E3",NA,7109,"zone4",0,0,NA
"E3",NA,7109,"zone5 (farthest)",0,0,NA
"E3",NA,7110,"zone1 (nearest)",0,0,NA
"E3",NA,7110,"zone2",0,0,NA
"E3",NA,7110,"zone3",0,0,NA
"E3",NA,7110,"zone4",0,0,NA
"E3",NA,7110,"zone5 (farthest)",0,0,NA
"E3",NA,8101,"zone1 (nearest)",0,0,NA
"E3",NA,8101,"zone2",0,0,NA
"E3",NA,8101,"zone3",0,0,NA
"E3",NA,8101,"zone4",0,0,NA
"E3",NA,8101,"zone5 (farthest)",0,0,NA
"E3",NA,8102,"zone1 (nearest)",0,0,NA
"E3",NA,8102,"zone2",0,0,NA
"E3",NA,8102,"zone3",0,0,NA
"E3",NA,8102,"zone4",0,0,NA
"E3",NA,8102,"zone5 (farthest)",0,0,NA
"E3",NA,8103,"zone1 (nearest)",0,0,NA
"E3",NA,8103,"zone2",0,0,NA
"E3",NA,8103,"zone3",0,0,NA
"E3",NA,8103,"zone4",0,0,NA
"E3",NA,8103,"zone5 (farthest)",0,0,NA
"E3",NA,8104,"zone1 (nearest)",0,0,NA
"E3",NA,8104,"zone2",0,0,NA
"E3",NA,8104,"zone3",0,0,NA
"E3",NA,8104,"zone4",0,0,NA
"E3",NA,8104,"zone5 (farthest)",0,0,NA
"E3",NA,8105,"zone1 (nearest)",0,0,NA
"E3",NA,8105,"zone2",0,0,NA
"E3",NA,8105,"zone3",0,0,NA
"E3",NA,8105,"zone4",0,0,NA
"E3",NA,8105,"zone5 (farthest)",0,0,NA
"E3",NA,8106,"zone1 (nearest)",0,0,NA
"E3",NA,8106,"zone2",0,0,NA
"E3",NA,8106,"zone3",0,0,NA
"E3",NA,8106,"zone4",0,0,NA
"E3",NA,8106,"zone5 (farthest)",0,0,NA
"E3",NA,8107,"zone1 (nearest)",0,0,NA
"E3",NA,8107,"zone2",0,0,NA
"E3",NA,8107,"zone3",0,0,NA
"E3",NA,8107,"zone4",0,0,NA
"E3",NA,8107,"zone5 (farthest)",0,0,NA
"E3",NA,8108,"zone1 (nearest)",0,0,NA
"E3",NA,8108,"zone2",0,0,NA
"E3",NA,8108,"zone3",0,0,NA
"E3",NA,8108,"zone4",0,0,NA
"E3",NA,8108,"zone5 (farthest)",0,0,NA
"E3",NA,8109,"zone1 (nearest)",0,0,NA
"E3",NA,8109,"zone2",0,0,NA
"E3",NA,8109,"zone3",0,0,NA
"E3",NA,8109,"zone4",0,0,NA
"E3",NA,8109,"zone5 (farthest)",0,0,NA
"E3",NA,8110,"zone1 (nearest)",0,0,NA
"E3",NA,8110,"zone2",0,0,NA
"E3",NA,8110,"zone3",0,0,NA
"E3",NA,8110,"zone4",0,0,NA
"E3",NA,8110,"zone5 (farthest)",0,0,NA
"E3",NA,9101,"zone1 (nearest)",0,0,NA
"E3",NA,9101,"zone2",0,0,NA
"E3",NA,9101,"zone3",0,0,NA
"E3",NA,9101,"zone4",0,0,NA
"E3",NA,9101,"zone5 (farthest)",0,0,NA
"E3",NA,9102,"zone1 (nearest)",0,0,NA
"E3",NA,9102,"zone2",0,0,NA
"E3",NA,9102,"zone3",0,0,NA
"E3",NA,9102,"zone4",0,0,NA
"E3",NA,9102,"zone5 (farthest)",0,0,NA
"E3",NA,9103,"zone1 (nearest)",0,0,NA
"E3",NA,9103,"zone2",0,0,NA
"E3",NA,9103,"zone3",0,0,NA
"E3",NA,9103,"zone4",0,0,NA
"E3",NA,9103,"zone5 (farthest)",0,0,NA
"E3",NA,9104,"zone1 (nearest)",0,0,NA
"E3",NA,9104,"zone2",0,0,NA
"E3",NA,9104,"zone3",0,0,NA
"E3",NA,9104,"zone4",0,0,NA
"E3",NA,9104,"zone5 (farthest)",0,0,NA
"E3",NA,9105,"zone1 (nearest)",0,0,NA
"E3",NA,9105,"zone2",0,0,NA
"E3",NA,9105,"zone3",0,0,NA
"E3",NA,9105,"zone4",0,0,NA
"E3",NA,9105,"zone5 (farthest)",0,0,NA
"E3",NA,9106,"zone1 (nearest)",0,0,NA
"E3",NA,9106,"zone2",0,0,NA
"E3",NA,9106,"zone3",0,0,NA
"E3",NA,9106,"zone4",0,0,NA
"E3",NA,9106,"zone5 (farthest)",0,0,NA
"E3",NA,9107,"zone1 (nearest)",0,0,NA
"E3",NA,9107,"zone2",0,0,NA
"E3",NA,9107,"zone3",0,0,NA
"E3",NA,9107,"zone4",0,0,NA
"E3",NA,9107,"zone5 (farthest)",0,0,NA
"E3",NA,9108,"zone1 (nearest)",0,0,NA
"E3",NA,9108,"zone2",0,0,NA
"E3",NA,9108,"zone3",0,0,NA
"E3",NA,9108,"zone4",0,0,NA
"E3",NA,9108,"zone5 (farthest)",0,0,NA
"E3",NA,9109,"zone1 (nearest)",0,0,NA
"E3",NA,9109,"zone2",0,0,NA
"E3",NA,9109,"zone3",0,0,NA
"E3",NA,9109,"zone4",0,0,NA
"E3",NA,9109,"zone5 (farthest)",0,0,NA
"E3",NA,9110,"zone1 (nearest)",0,0,NA
"E3",NA,9110,"zone2",0,0,NA
"E3",NA,9110,"zone3",0,0,NA
"E3",NA,9110,"zone4",0,0,NA
"E3",NA,9110,"zone5 (farthest)",0,0,NA
"E3",NA,10101,"zone1 (nearest)",0,0,NA
"E3",NA,10101,"zone2",0,0,NA
"E3",NA,10101,"zone3",0,0,NA
"E3",NA,10101,"zone4",0,0,NA
"E3",NA,10101,"zone5 (farthest)",0,0,NA
"E3",NA,10102,"zone1 (nearest)",0,0,NA
"E3",NA,10102,"zone2",0,0,NA
"E3",NA,10102,"zone3",0,0,NA
"E3",NA,10102,"zone4",0,0,NA
"E3",NA,10102,"zone5 (farthest)",0,0,NA
"E3",NA,10103,"zone1 (nearest)",0,0,NA
"E3",NA,10103,"zone2",0,0,NA
"E3",NA,10103,"zone3",0,0,NA
"E3",NA,10103,"zone4",0,0,NA
"E3",NA,10103,"zone5 (farthest)",0,0,NA
"E3",NA,10104,"zone1 (nearest)",0,0,NA
"E3",NA,10104,"zone2",0,0,NA
"E3",NA,10104,"zone3",0,0,NA
"E3",NA,10104,"zone4",0,0,NA
"E3",NA,10104,"zone5 (farthest)",0,0,NA
"E3",NA,10105,"zone1 (nearest)",0,0,NA
"E3",NA,10105,"zone2",0,0,NA
"E3",NA,10105,"zone3",0,0,NA
"E3",NA,10105,"zone4",0,0,NA
"E3",NA,10105,"zone5 (farthest)",0,0,NA
"E3",NA,10106,"zone1 (nearest)",0,0,NA
"E3",NA,10106,"zone2",0,0,NA
"E3",NA,10106,"zone3",0,0,NA
"E3",NA,10106,"zone4",0,0,NA
"E3",NA,10106,"zone5 (farthest)",0,0,NA
"E3",NA,10107,"zone1 (nearest)",0,0,NA
"E3",NA,10107,"zone2",0,0,NA
"E3",NA,10107,"zone3",0,0,NA
"E3",NA,10107,"zone4",0,0,NA
"E3",NA,10107,"zone5 (farthest)",0,0,NA
"E3",NA,10108,"zone1 (nearest)",0,0,NA
"E3",NA,10108,"zone2",0,0,NA
"E3",NA,10108,"zone3",0,0,NA
"E3",NA,10108,"zone4",0,0,NA
"E3",NA,10108,"zone5 (farthest)",0,0,NA
"E3",NA,10109,"zone1 (nearest)",0,0,NA
"E3",NA,10109,"zone2",0,0,NA
"E3",NA,10109,"zone3",0,0,NA
"E3",NA,10109,"zone4",0,0,NA
"E3",NA,10109,"zone5 (farthest)",0,0,NA
"E3",NA,10110,"zone1 (nearest)",0,0,NA
"E3",NA,10110,"zone2",0,0,NA
"E3",NA,10110,"zone3",0,0,NA
"E3",NA,10110,"zone4",0,0,NA
"E3",NA,10110,"zone5 (farthest)",0,0,NA
"E3",NA,11101,"zone1 (nearest)",0,0,NA
"E3",NA,11101,"zone2",0,0,NA
"E3",NA,11101,"zone3",0,0,NA
"E3",NA,11101,"zone4",0,0,NA
"E3",NA,11101,"zone5 (farthest)",0,0,NA
"E3",NA,11102,"zone1 (nearest)",0,0,NA
"E3",NA,11102,"zone2",0,0,NA
"E3",NA,11102,"zone3",0,0,NA
"E3",NA,11102,"zone4",0,0,NA
"E3",NA,11102,"zone5 (farthest)",0,0,NA
"E3",NA,11103,"zone1 (nearest)",0,0,NA
"E3",NA,11103,"zone2",0,0,NA
"E3",NA,11103,"zone3",0,0,NA
"E3",NA,11103,"zone4",0,0,NA
"E3",NA,11103,"zone5 (farthest)",0,0,NA
"E3",NA,11104,"zone1 (nearest)",0,0,NA
"E3",NA,11104,"zone2",0,0,NA
"E3",NA,11104,"zone3",0,0,NA
"E3",NA,11104,"zone4",0,0,NA
"E3",NA,11104,"zone5 (farthest)",0,0,NA
"E3",NA,11105,"zone1 (nearest)",0,0,NA
"E3",NA,11105,"zone2",0,0,NA
"E3",NA,11105,"zone3",0,0,NA
"E3",NA,11105,"zone4",0,0,NA
"E3",NA,11105,"zone5 (farthest)",0,0,NA
"E3",NA,11106,"zone1 (nearest)",0,0,NA
"E3",NA,11106,"zone2",0,0,NA
"E3",NA,11106,"zone3",0,0,NA
"E3",NA,11106,"zone4",0,0,NA
"E3",NA,11106,"zone5 (farthest)",0,0,NA
"E3",NA,11107,"zone1 (nearest)",0,0,NA
"E3",NA,11107,"zone2",0,0,NA
"E3",NA,11107,"zone3",0,0,NA
"E3",NA,11107,"zone4",0,0,NA
"E3",NA,11107,"zone5 (farthest)",0,0,NA
"E3",NA,11108,"zone1 (nearest)",0,0,NA
"E3",NA,11108,"zone2",0,0,NA
"E3",NA,11108,"zone3",0,0,NA
"E3",NA,11108,"zone4",0,0,NA
"E3",NA,11108,"zone5 (farthest)",0,0,NA
"E3",NA,11109,"zone1 (nearest)",0,0,NA
"E3",NA,11109,"zone2",0,0,NA
"E3",NA,11109,"zone3",0,0,NA
"E3",NA,11109,"zone4",0,0,NA
"E3",NA,11109,"zone5 (farthest)",0,0,NA
"E3",NA,11110,"zone1 (nearest)",0,0,NA
"E3",NA,11110,"zone2",0,0,NA
"E3",NA,11110,"zone3",0,0,NA
"E3",NA,11110,"zone4",0,0,NA
"E3",NA,11110,"zone5 (farthest)",0,0,NA
"E3",NA,12101,"zone1 (nearest)",0,0,NA
"E3",NA,12101,"zone2",0,0,NA
"E3",NA,12101,"zone3",0,0,NA
"E3",NA,12101,"zone4",0,0,NA
"E3",NA,12101,"zone5 (farthest)",0,0,NA
"E3",NA,12102,"zone1 (nearest)",0,0,NA
"E3",NA,12102,"zone2",0,0,NA
"E3",NA,12102,"zone3",0,0,NA
"E3",NA,12102,"zone4",0,0,NA
"E3",NA,12102,"zone5 (farthest)",0,0,NA
"E3",NA,12103,"zone1 (nearest)",0,0,NA
"E3",NA,12103,"zone2",0,0,NA
"E3",NA,12103,"zone3",0,0,NA
"E3",NA,12103,"zone4",0,0,NA
"E3",NA,12103,"zone5 (farthest)",0,0,NA
"E3",NA,12104,"zone1 (nearest)",0,0,NA
"E3",NA,12104,"zone2",0,0,NA
"E3",NA,12104,"zone3",0,0,NA
"E3",NA,12104,"zone4",0,0,NA
"E3",NA,12104,"zone5 (farthest)",0,0,NA
"E3",NA,12105,"zone1 (nearest)",0,0,NA
"E3",NA,12105,"zone2",0,0,NA
"E3",NA,12105,"zone3",0,0,NA
"E3",NA,12105,"zone4",0,0,NA
"E3",NA,12105,"zone5 (farthest)",0,0,NA
"E3",NA,12106,"zone1 (nearest)",0,0,NA
"E3",NA,12106,"zone2",0,0,NA
"E3",NA,12106,"zone3",0,0,NA
"E3",NA,12106,"zone4",0,0,NA
"E3",NA,12106,"zone5 (farthest)",0,0,NA
"E3",NA,12107,"zone1 (nearest)",0,0,NA
"E3",NA,12107,"zone2",0,0,NA
"E3",NA,12107,"zone3",0,0,NA
"E3",NA,12107,"zone4",0,0,NA
"E3",NA,12107,"zone5 (farthest)",0,0,NA
"E3",NA,12108,"zone1 (nearest)",0,0,NA
"E3",NA,12108,"zone2",0,0,NA
"E3",NA,12108,"zone3",0,0,NA
"E3",NA,12108,"zone4",0,0,NA
"E3",NA,12108,"zone5 (farthest)",0,0,NA
"E3",NA,12109,"zone1 (nearest)",0,0,NA
"E3",NA,12109,"zone2",0,0,NA
"E3",NA,12109,"zone3",0,0,NA
"E3",NA,12109,"zone4",0,0,NA
"E3",NA,12109,"zone5 (farthest)",0,0,NA
"E3",NA,12110,"zone1 (nearest)",0,0,NA
"E3",NA,12110,"zone2",0,0,NA
"E3",NA,12110,"zone3",0,0,NA
"E3",NA,12110,"zone4",0,0,NA
"E3",NA,12110,"zone5 (farthest)",0,0,NA
"E3",NA,13101,"zone1 (nearest)",0,0,NA
"E3",NA,13101,"zone2",0,0,NA
"E3",NA,13101,"zone3",0,0,NA
"E3",NA,13101,"zone4",0,0,NA
"E3",NA,13101,"zone5 (farthest)",0,0,NA
"E3",NA,13102,"zone1 (nearest)",0,0,NA
"E3",NA,13102,"zone2",0,0,NA
"E3",NA,13102,"zone3",0,0,NA
"E3",NA,13102,"zone4",0,0,NA
"E3",NA,13102,"zone5 (farthest)",0,0,NA
"E3",NA,13103,"zone1 (nearest)",0,0,NA
"E3",NA,13103,"zone2",0,0,NA
"E3",NA,13103,"zone3",0,0,NA
"E3",NA,13103,"zone4",0,0,NA
"E3",NA,13103,"zone5 (farthest)",0,0,NA
"E3",NA,13104,"zone1 (nearest)",0,0,NA
"E3",NA,13104,"zone2",0,0,NA
"E3",NA,13104,"zone3",0,0,NA
"E3",NA,13104,"zone4",0,0,NA
"E3",NA,13104,"zone5 (farthest)",0,0,NA
"E3",NA,13105,"zone1 (nearest)",0,0,NA
"E3",NA,13105,"zone2",0,0,NA
"E3",NA,13105,"zone3",0,0,NA
"E3",NA,13105,"zone4",0,0,NA
"E3",NA,13105,"zone5 (farthest)",0,0,NA
"E3",NA,13106,"zone1 (nearest)",0,0,NA
"E3",NA,13106,"zone2",0,0,NA
"E3",NA,13106,"zone3",0,0,NA
"E3",NA,13106,"zone4",0,0,NA
"E3",NA,13106,"zone5 (farthest)",0,0,NA
"E3",NA,13107,"zone1 (nearest)",0,0,NA
"E3",NA,13107,"zone2",0,0,NA
"E3",NA,13107,"zone3",0,0,NA
"E3",NA,13107,"zone4",0,0,NA
"E3",NA,13107,"zone5 (farthest)",0,0,NA
"E3",NA,13108,"zone1 (nearest)",0,0,NA
"E3",NA,13108,"zone2",0,0,NA
"E3",NA,13108,"zone3",0,0,NA
"E3",NA,13108,"zone4",0,0,NA
"E3",NA,13108,"zone5 (farthest)",0,0,NA
"E3",NA,13109,"zone1 (nearest)",0,0,NA
"E3",NA,13109,"zone2",0,0,NA
"E3",NA,13109,"zone3",0,0,NA
"E3",NA,13109,"zone4",0,0,NA
"E3",NA,13109,"zone5 (farthest)",0,0,NA
"E3",NA,13110,"zone1 (nearest)",0,0,NA
"E3",NA,13110,"zone2",0,0,NA
"E3",NA,13110,"zone3",0,0,NA
"E3",NA,13110,"zone4",0,0,NA
"E3",NA,13110,"zone5 (farthest)",0,0,NA
"E3",NA,14101,"zone1 (nearest)",0,0,NA
"E3",NA,14101,"zone2",0,0,NA
"E3",NA,14101,"zone3",0,0,NA
"E3",NA,14101,"zone4",0,0,NA
"E3",NA,14101,"zone5 (farthest)",0,0,NA
"E3",NA,14102,"zone1 (nearest)",0,0,NA
"E3",NA,14102,"zone2",0,0,NA
"E3",NA,14102,"zone3",0,0,NA
"E3",NA,14102,"zone4",0,0,NA
"E3",NA,14102,"zone5 (farthest)",0,0,NA
"E3",NA,14103,"zone1 (nearest)",0,0,NA
"E3",NA,14103,"zone2",0,0,NA
"E3",NA,14103,"zone3",0,0,NA
"E3",NA,14103,"zone4",0,0,NA
"E3",NA,14103,"zone5 (farthest)",0,0,NA
"E3",NA,14104,"zone1 (nearest)",0,0,NA
"E3",NA,14104,"zone2",0,0,NA
"E3",NA,14104,"zone3",0,0,NA
"E3",NA,14104,"zone4",0,0,NA
"E3",NA,14104,"zone5 (farthest)",0,0,NA
"E3",NA,14105,"zone1 (nearest)",0,0,NA
"E3",NA,14105,"zone2",0,0,NA
"E3",NA,14105,"zone3",0,0,NA
"E3",NA,14105,"zone4",0,0,NA
"E3",NA,14105,"zone5 (farthest)",0,0,NA
"E3",NA,14106,"zone1 (nearest)",0,0,NA
"E3",NA,14106,"zone2",0,0,NA
"E3",NA,14106,"zone3",0,0,NA
"E3",NA,14106,"zone4",0,0,NA
"E3",NA,14106,"zone5 (farthest)",0,0,NA
"E3",NA,14107,"zone1 (nearest)",0,0,NA
"E3",NA,14107,"zone2",0,0,NA
"E3",NA,14107,"zone3",0,0,NA
"E3",NA,14107,"zone4",0,0,NA
"E3",NA,14107,"zone5 (farthest)",0,0,NA
"E3",NA,14108,"zone1 (nearest)",0,0,NA
"E3",NA,14108,"zone2",0,0,NA
"E3",NA,14108,"zone3",0,0,NA
"E3",NA,14108,"zone4",0,0,NA
"E3",NA,14108,"zone5 (farthest)",0,0,NA
"E3",NA,14109,"zone1 (nearest)",0,0,NA
"E3",NA,14109,"zone2",0,0,NA
"E3",NA,14109,"zone3",0,0,NA
"E3",NA,14109,"zone4",0,0,NA
"E3",NA,14109,"zone5 (farthest)",0,0,NA
"E3",NA,14110,"zone1 (nearest)",0,0,NA
"E3",NA,14110,"zone2",0,0,NA
"E3",NA,14110,"zone3",0,0,NA
"E3",NA,14110,"zone4",0,0,NA
"E3",NA,14110,"zone5 (farthest)",0,0,NA
"E3",NA,15101,"zone1 (nearest)",0,0,NA
"E3",NA,15101,"zone2",0,0,NA
"E3",NA,15101,"zone3",0,0,NA
"E3",NA,15101,"zone4",0,0,NA
"E3",NA,15101,"zone5 (farthest)",0,0,NA
"E3",NA,15102,"zone1 (nearest)",0,0,NA
"E3",NA,15102,"zone2",0,0,NA
"E3",NA,15102,"zone3",0,0,NA
"E3",NA,15102,"zone4",0,0,NA
"E3",NA,15102,"zone5 (farthest)",0,0,NA
"E3",NA,15103,"zone1 (nearest)",0,0,NA
"E3",NA,15103,"zone2",0,0,NA
"E3",NA,15103,"zone3",0,0,NA
"E3",NA,15103,"zone4",0,0,NA
"E3",NA,15103,"zone5 (farthest)",0,0,NA
"E3",NA,15104,"zone1 (nearest)",0,0,NA
"E3",NA,15104,"zone2",0,0,NA
"E3",NA,15104,"zone3",0,0,NA
"E3",NA,15104,"zone4",0,0,NA
"E3",NA,15104,"zone5 (farthest)",0,0,NA
"E3",NA,15105,"zone1 (nearest)",0,0,NA
"E3",NA,15105,"zone2",0,0,NA
"E3",NA,15105,"zone3",0,0,NA
"E3",NA,15105,"zone4",0,0,NA
"E3",NA,15105,"zone5 (farthest)",0,0,NA
"E3",NA,15106,"zone1 (nearest)",0,0,NA
"E3",NA,15106,"zone2",0,0,NA
"E3",NA,15106,"zone3",0,0,NA
"E3",NA,15106,"zone4",0,0,NA
"E3",NA,15106,"zone5 (farthest)",0,0,NA
"E3",NA,15107,"zone1 (nearest)",0,0,NA
"E3",NA,15107,"zone2",0,0,NA
"E3",NA,15107,"zone3",0,0,NA
"E3",NA,15107,"zone4",0,0,NA
"E3",NA,15107,"zone5 (farthest)",0,0,NA
"E3",NA,15108,"zone1 (nearest)",0,0,NA
"E3",NA,15108,"zone2",0,0,NA
"E3",NA,15108,"zone3",0,0,NA
"E3",NA,15108,"zone4",0,0,NA
"E3",NA,15108,"zone5 (farthest)",0,0,NA
"E3",NA,15109,"zone1 (nearest)",0,0,NA
"E3",NA,15109,"zone2",0,0,NA
"E3",NA,15109,"zone3",0,0,NA
"E3",NA,15109,"zone4",0,0,NA
"E3",NA,15109,"zone5 (farthest)",0,0,NA
"E3",NA,15110,"zone1 (nearest)",0,0,NA
"E3",NA,15110,"zone2",0,0,NA
"E3",NA,15110,"zone3",0,0,NA
"E3",NA,15110,"zone4",0,0,NA
"E3",NA,15110,"zone5 (farthest)",0,0,NA
"E3",NA,16101,"zone1 (nearest)",0,0,NA
"E3",NA,16101,"zone2",0,0,NA
"E3",NA,16101,"zone3",0,0,NA
"E3",NA,16101,"zone4",0,0,NA
"E3",NA,16101,"zone5 (farthest)",0,0,NA
"E3",NA,16102,"zone1 (nearest)",0,0,NA
"E3",NA,16102,"zone2",0,0,NA
"E3",NA,16102,"zone3",0,0,NA
"E3",NA,16102,"zone4",0,0,NA
"E3",NA,16102,"zone5 (farthest)",0,0,NA
"E3",NA,16103,"zone1 (nearest)",0,0,NA
"E3",NA,16103,"zone2",0,0,NA
"E3",NA,16103,"zone3",0,0,NA
"E3",NA,16103,"zone4",0,0,NA
"E3",NA,16103,"zone5 (farthest)",0,0,NA
"E3",NA,16104,"zone1 (nearest)",0,0,NA
"E3",NA,16104,"zone2",0,0,NA
"E3",NA,16104,"zone3",0,0,NA
"E3",NA,16104,"zone4",0,0,NA
"E3",NA,16104,"zone5 (farthest)",0,0,NA
"E3",NA,16105,"zone1 (nearest)",0,0,NA
"E3",NA,16105,"zone2",0,0,NA
"E3",NA,16105,"zone3",0,0,NA
"E3",NA,16105,"zone4",0,0,NA
"E3",NA,16105,"zone5 (farthest)",0,0,NA
"E3",NA,16106,"zone1 (nearest)",0,0,NA
"E3",NA,16106,"zone2",0,0,NA
"E3",NA,16106,"zone3",0,0,NA
"E3",NA,16106,"zone4",0,0,NA
"E3",NA,16106,"zone5 (farthest)",0,0,NA
"E3",NA,16107,"zone1 (nearest)",0,0,NA
"E3",NA,16107,"zone2",0,0,NA
"E3",NA,16107,"zone3",0,0,NA
"E3",NA,16107,"zone4",0,0,NA
"E3",NA,16107,"zone5 (farthest)",0,0,NA
"E3",NA,16108,"zone1 (nearest)",0,0,NA
"E3",NA,16108,"zone2",0,0,NA
"E3",NA,16108,"zone3",0,0,NA
"E3",NA,16108,"zone4",0,0,NA
"E3",NA,16108,"zone5 (farthest)",0,0,NA
"E3",NA,16109,"zone1 (nearest)",0,0,NA
"E3",NA,16109,"zone2",0,0,NA
"E3",NA,16109,"zone3",0,0,NA
"E3",NA,16109,"zone4",0,0,NA
"E3",NA,16109,"zone5 (farthest)",0,0,NA
"E3",NA,16110,"zone1 (nearest)",0,0,NA
"E3",NA,16110,"zone2",0,0,NA
"E3",NA,16110,"zone3",0,0,NA
"E3",NA,16110,"zone4",0,0,NA
"E3",NA,16110,"zone5 (farthest)",0,0,NA
"E3",NA,17101,"zone1 (nearest)",0,0,NA
"E3",NA,17101,"zone2",0,0,NA
"E3",NA,17101,"zone3",0,0,NA
"E3",NA,17101,"zone4",0,0,NA
"E3",NA,17101,"zone5 (farthest)",0,0,NA
"E3",NA,17102,"zone1 (nearest)",0,0,NA
"E3",NA,17102,"zone2",0,0,NA
"E3",NA,17102,"zone3",0,0,NA
"E3",NA,17102,"zone4",0,0,NA
"E3",NA,17102,"zone5 (farthest)",0,0,NA
"E3",NA,17103,"zone1 (nearest)",0,0,NA
"E3",NA,17103,"zone2",0,0,NA
"E3",NA,17103,"zone3",0,0,NA
"E3",NA,17103,"zone4",0,0,NA
"E3",NA,17103,"zone5 (farthest)",0,0,NA
"E3",NA,17104,"zone1 (nearest)",0,0,NA
"E3",NA,17104,"zone2",0,0,NA
"E3",NA,17104,"zone3",0,0,NA
"E3",NA,17104,"zone4",0,0,NA
"E3",NA,17104,"zone5 (farthest)",0,0,NA
"E3",NA,17105,"zone1 (nearest)",0,0,NA
"E3",NA,17105,"zone2",0,0,NA
"E3",NA,17105,"zone3",0,0,NA
"E3",NA,17105,"zone4",0,0,NA
"E3",NA,17105,"zone5 (farthest)",0,0,NA
"E3",NA,17106,"zone1 (nearest)",0,0,NA
"E3",NA,17106,"zone2",0,0,NA
"E3",NA,17106,"zone3",0,0,NA
"E3",NA,17106,"zone4",0,0,NA
"E3",NA,17106,"zone5 (farthest)",0,0,NA
"E3",NA,17107,"zone1 (nearest)",0,0,NA
"E3",NA,17107,"zone2",0,0,NA
"E3",NA,17107,"zone3",0,0,NA
"E3",NA,17107,"zone4",0,0,NA
"E3",NA,17107,"zone5 (farthest)",0,0,NA
"E3",NA,17108,"zone1 (nearest)",0,0,NA
"E3",NA,17108,"zone2",0,0,NA
"E3",NA,17108,"zone3",0,0,NA
"E3",NA,17108,"zone4",0,0,NA
"E3",NA,17108,"zone5 (farthest)",0,0,NA
"E3",NA,17109,"zone1 (nearest)",0,0,NA
"E3",NA,17109,"zone2",0,0,NA
"E3",NA,17109,"zone3",0,0,NA
"E3",NA,17109,"zone4",0,0,NA
"E3",NA,17109,"zone5 (farthest)",0,0,NA
"E3",NA,17110,"zone1 (nearest)",0,0,NA
"E3",NA,17110,"zone2",0,0,NA
"E3",NA,17110,"zone3",0,0,NA
"E3",NA,17110,"zone4",0,0,NA
"E3",NA,17110,"zone5 (farthest)",0,0,NA
"E3",NA,18101,"zone1 (nearest)",0,0,NA
"E3",NA,18101,"zone2",0,0,NA
"E3",NA,18101,"zone3",0,0,NA
"E3",NA,18101,"zone4",0,0,NA
"E3",NA,18101,"zone5 (farthest)",0,0,NA
"E3",NA,18102,"zone1 (nearest)",0,0,NA
"E3",NA,18102,"zone2",0,0,NA
"E3",NA,18102,"zone3",0,0,NA
"E3",NA,18102,"zone4",0,0,NA
"E3",NA,18102,"zone5 (farthest)",0,0,NA
"E3",NA,18103,"zone1 (nearest)",0,0,NA
"E3",NA,18103,"zone2",0,0,NA
"E3",NA,18103,"zone3",0,0,NA
"E3",NA,18103,"zone4",0,0,NA
"E3",NA,18103,"zone5 (farthest)",0,0,NA
"E3",NA,18104,"zone1 (nearest)",0,0,NA
"E3",NA,18104,"zone2",0,0,NA
"E3",NA,18104,"zone3",0,0,NA
"E3",NA,18104,"zone4",0,0,NA
"E3",NA,18104,"zone5 (farthest)",0,0,NA
"E3",NA,18105,"zone1 (nearest)",0,0,NA
"E3",NA,18105,"zone2",0,0,NA
"E3",NA,18105,"zone3",0,0,NA
"E3",NA,18105,"zone4",0,0,NA
"E3",NA,18105,"zone5 (farthest)",0,0,NA
"E3",NA,18106,"zone1 (nearest)",0,0,NA
"E3",NA,18106,"zone2",0,0,NA
"E3",NA,18106,"zone3",0,0,NA
"E3",NA,18106,"zone4",0,0,NA
"E3",NA,18106,"zone5 (farthest)",0,0,NA
"E3",NA,18107,"zone1 (nearest)",0,0,NA
"E3",NA,18107,"zone2",0,0,NA
"E3",NA,18107,"zone3",0,0,NA
"E3",NA,18107,"zone4",0,0,NA
"E3",NA,18107,"zone5 (farthest)",0,0,NA
"E3",NA,18108,"zone1 (nearest)",0,0,NA
"E3",NA,18108,"zone2",0,0,NA
"E3",NA,18108,"zone3",0,0,NA
"E3",NA,18108,"zone4",0,0,NA
"E3",NA,18108,"zone5 (farthest)",0,0,NA
"E3",NA,18109,"zone1 (nearest)",0,0,NA
"E3",NA,18109,"zone2",0,0,NA
"E3",NA,18109,"zone3",0,0,NA
"E3",NA,18109,"zone4",0,0,NA
"E3",NA,18109,"zone5 (farthest)",0,0,NA
"E3",NA,18110,"zone1 (nearest)",0,0,NA
"E3",NA,18110,"zone2",0,0,NA
"E3",NA,18110,"zone3",0,0,NA
"E3",NA,18110,"zone4",0,0,NA
"E3",NA,18110,"zone5 (farthest)",0,0,NA
"E3",NA,19101,"zone1 (nearest)",0,0,NA
"E3",NA,19101,"zone2",0,0,NA
"E3",NA,19101,"zone3",0,0,NA
"E3",NA,19101,"zone4",0,0,NA
"E3",NA,19101,"zone5 (farthest)",0,0,NA
"E3",NA,19102,"zone1 (nearest)",0,0,NA
"E3",NA,19102,"zone2",0,0,NA
"E3",NA,19102,"zone3",0,0,NA
"E3",NA,19102,"zone4",0,0,NA
"E3",NA,19102,"zone5 (farthest)",0,0,NA
"E3",NA,19103,"zone1 (nearest)",0,0,NA
"E3",NA,19103,"zone2",0,0,NA
"E3",NA,19103,"zone3",0,0,NA
"E3",NA,19103,"zone4",0,0,NA
"E3",NA,19103,"zone5 (farthest)",0,0,NA
"E3",NA,19104,"zone1 (nearest)",0,0,NA
"E3",NA,19104,"zone2",0,0,NA
"E3",NA,19104,"zone3",0,0,NA
"E3",NA,19104,"zone4",0,0,NA
"E3",NA,19104,"zone5 (farthest)",0,0,NA
"E3",NA,19105,"zone1 (nearest)",0,0,NA
"E3",NA,19105,"zone2",0,0,NA
"E3",NA,19105,"zone3",0,0,NA
"E3",NA,19105,"zone4",0,0,NA
"E3",NA,19105,"zone5 (farthest)",0,0,NA
"E3",NA,19106,"zone1 (nearest)",0,0,NA
"E3",NA,19106,"zone2",0,0,NA
"E3",NA,19106,"zone3",0,0,NA
"E3",NA,19106,"zone4",0,0,NA
"E3",NA,19106,"zone5 (farthest)",0,0,NA
"E3",NA,19107,"zone1 (nearest)",0,0,NA
"E3",NA,19107,"zone2",0,0,NA
"E3",NA,19107,"zone3",0,0,NA
"E3",NA,19107,"zone4",0,0,NA
"E3",NA,19107,"zone5 (farthest)",0,0,NA
"E3",NA,19108,"zone1 (nearest)",0,0,NA
"E3",NA,19108,"zone2",0,0,NA
"E3",NA,19108,"zone3",0,0,NA
"E3",NA,19108,"zone4",0,0,NA
"E3",NA,19108,"zone5 (farthest)",0,0,NA
"E3",NA,19109,"zone1 (nearest)",0,0,NA
"E3",NA,19109,"zone2",0,0,NA
"E3",NA,19109,"zone3",0,0,NA
"E3",NA,19109,"zone4",0,0,NA
"E3",NA,19109,"zone5 (farthest)",0,0,NA
"E3",NA,19110,"zone1 (nearest)",0,0,NA
"E3",NA,19110,"zone2",0,0,NA
"E3",NA,19110,"zone3",0,0,NA
"E3",NA,19110,"zone4",0,0,NA
"E3",NA,19110,"zone5 (farthest)",0,0,NA
"E3",NA,20101,"zone1 (nearest)",0,0,NA
"E3",NA,20101,"zone2",0,0,NA
"E3",NA,20101,"zone3",0,0,NA
"E3",NA,20101,"zone4",0,0,NA
"E3",NA,20101,"zone5 (farthest)",0,0,NA
"E3",NA,20102,"zone1 (nearest)",0,0,NA
"E3",NA,20102,"zone2",0,0,NA
"E3",NA,20102,"zone3",0,0,NA
"E3",NA,20102,"zone4",0,0,NA
"E3",NA,20102,"zone5 (farthest)",0,0,NA
"E3",NA,20103,"zone1 (nearest)",0,0,NA
"E3",NA,20103,"zone2",0,0,NA
"E3",NA,20103,"zone3",0,0,NA
"E3",NA,20103,"zone4",0,0,NA
"E3",NA,20103,"zone5 (farthest)",0,0,NA
"E3",NA,20104,"zone1 (nearest)",0,0,NA
"E3",NA,20104,"zone2",0,0,NA
"E3",NA,20104,"zone3",0,0,NA
"E3",NA,20104,"zone4",0,0,NA
"E3",NA,20104,"zone5 (farthest)",0,0,NA
"E3",NA,20105,"zone1 (nearest)",0,0,NA
"E3",NA,20105,"zone2",0,0,NA
"E3",NA,20105,"zone3",0,0,NA
"E3",NA,20105,"zone4",0,0,NA
"E3",NA,20105,"zone5 (farthest)",0,0,NA
"E3",NA,20106,"zone1 (nearest)",0,0,NA
"E3",NA,20106,"zone2",0,0,NA
"E3",NA,20106,"zone3",0,0,NA
"E3",NA,20106,"zone4",0,0,NA
"E3",NA,20106,"zone5 (farthest)",0,0,NA
"E3",NA,20107,"zone1 (nearest)",0,0,NA
"E3",NA,20107,"zone2",0,0,NA
"E3",NA,20107,"zone3",0,0,NA
"E3",NA,20107,"zone4",0,0,NA
"E3",NA,20107,"zone5 (farthest)",0,0,NA
"E3",NA,20108,"zone1 (nearest)",0,0,NA
"E3",NA,20108,"zone2",0,0,NA
"E3",NA,20108,"zone3",0,0,NA
"E3",NA,20108,"zone4",0,0,NA
"E3",NA,20108,"zone5 (farthest)",0,0,NA
"E3",NA,20109,"zone1 (nearest)",0,0,NA
"E3",NA,20109,"zone2",0,0,NA
"E3",NA,20109,"zone3",0,0,NA
"E3",NA,20109,"zone4",0,0,NA
"E3",NA,20109,"zone5 (farthest)",0,0,NA
"E3",NA,20110,"zone1 (nearest)",0,0,NA
"E3",NA,20110,"zone2",0,0,NA
"E3",NA,20110,"zone3",0,0,NA
"E3",NA,20110,"zone4",0,0,NA
"E3",NA,20110,"zone5 (farthest)",0,0,NA
"E3",NA,21101,"zone1 (nearest)",0,0,NA
"E3",NA,21101,"zone2",0,0,NA
"E3",NA,21101,"zone3",0,0,NA
"E3",NA,21101,"zone4",0,0,NA
"E3",NA,21101,"zone5 (farthest)",0,0,NA
"E3",NA,21102,"zone1 (nearest)",0,0,NA
"E3",NA,21102,"zone2",0,0,NA
"E3",NA,21102,"zone3",0,0,NA
"E3",NA,21102,"zone4",0,0,NA
"E3",NA,21102,"zone5 (farthest)",0,0,NA
"E3",NA,21103,"zone1 (nearest)",0,0,NA
"E3",NA,21103,"zone2",0,0,NA
"E3",NA,21103,"zone3",0,0,NA
"E3",NA,21103,"zone4",0,0,NA
"E3",NA,21103,"zone5 (farthest)",0,0,NA
"E3",NA,21104,"zone1 (nearest)",0,0,NA
"E3",NA,21104,"zone2",0,0,NA
"E3",NA,21104,"zone3",0,0,NA
"E3",NA,21104,"zone4",0,0,NA
"E3",NA,21104,"zone5 (farthest)",0,0,NA
"E3",NA,21105,"zone1 (nearest)",0,0,NA
"E3",NA,21105,"zone2",0,0,NA
"E3",NA,21105,"zone3",0,0,NA
"E3",NA,21105,"zone4",0,0,NA
"E3",NA,21105,"zone5 (farthest)",0,0,NA
"E3",NA,21106,"zone1 (nearest)",0,0,NA
"E3",NA,21106,"zone2",0,0,NA
"E3",NA,21106,"zone3",0,0,NA
"E3",NA,21106,"zone4",0,0,NA
"E3",NA,21106,"zone5 (farthest)",0,0,NA
"E3",NA,21107,"zone1 (nearest)",0,0,NA
"E3",NA,21107,"zone2",0,0,NA
"E3",NA,21107,"zone3",0,0,NA
"E3",NA,21107,"zone4",0,0,NA
"E3",NA,21107,"zone5 (farthest)",0,0,NA
"E3",NA,21108,"zone1 (nearest)",0,0,NA
"E3",NA,21108,"zone2",0,0,NA
"E3",NA,21108,"zone3",0,0,NA
"E3",NA,21108,"zone4",0,0,NA
"E3",NA,21108,"zone5 (farthest)",0,0,NA
"E3",NA,21109,"zone1 (nearest)",0,0,NA
"E3",NA,21109,"zone2",0,0,NA
"E3",NA,21109,"zone3",0,0,NA
"E3",NA,21109,"zone4",0,0,NA
"E3",NA,21109,"zone5 (farthest)",0,0,NA
"E3",NA,21110,"zone1 (nearest)",0,0,NA
"E3",NA,21110,"zone2",0,0,NA
"E3",NA,21110,"zone3",0,0,NA
"E3",NA,21110,"zone4",0,0,NA
"E3",NA,21110,"zone5 (farthest)",0,0,NA
"E3",NA,22101,"zone1 (nearest)",0,0,NA
"E3",NA,22101,"zone2",0,0,NA
"E3",NA,22101,"zone3",0,0,NA
"E3",NA,22101,"zone4",0,0,NA
"E3",NA,22101,"zone5 (farthest)",0,0,NA
"E3",NA,22102,"zone1 (nearest)",0,0,NA
"E3",NA,22102,"zone2",0,0,NA
"E3",NA,22102,"zone3",0,0,NA
"E3",NA,22102,"zone4",0,0,NA
"E3",NA,22102,"zone5 (farthest)",0,0,NA
"E3",NA,22103,"zone1 (nearest)",0,0,NA
"E3",NA,22103,"zone2",0,0,NA
"E3",NA,22103,"zone3",0,0,NA
"E3",NA,22103,"zone4",0,0,NA
"E3",NA,22103,"zone5 (farthest)",0,0,NA
"E3",NA,22104,"zone1 (nearest)",0,0,NA
"E3",NA,22104,"zone2",0,0,NA
"E3",NA,22104,"zone3",0,0,NA
"E3",NA,22104,"zone4",0,0,NA
"E3",NA,22104,"zone5 (farthest)",0,0,NA
"E3",NA,22105,"zone1 (nearest)",0,0,NA
"E3",NA,22105,"zone2",0,0,NA
"E3",NA,22105,"zone3",0,0,NA
"E3",NA,22105,"zone4",0,0,NA
"E3",NA,22105,"zone5 (farthest)",0,0,NA
"E3",NA,22106,"zone1 (nearest)",0,0,NA
"E3",NA,22106,"zone2",0,0,NA
"E3",NA,22106,"zone3",0,0,NA
"E3",NA,22106,"zone4",0,0,NA
"E3",NA,22106,"zone5 (farthest)",0,0,NA
"E3",NA,22107,"zone1 (nearest)",0,0,NA
"E3",NA,22107,"zone2",0,0,NA
"E3",NA,22107,"zone3",0,0,NA
"E3",NA,22107,"zone4",0,0,NA
"E3",NA,22107,"zone5 (farthest)",0,0,NA
"E3",NA,22108,"zone1 (nearest)",0,0,NA
"E3",NA,22108,"zone2",0,0,NA
"E3",NA,22108,"zone3",0,0,NA
"E3",NA,22108,"zone4",0,0,NA
"E3",NA,22108,"zone5 (farthest)",0,0,NA
"E3",NA,22109,"zone1 (nearest)",0,0,NA
"E3",NA,22109,"zone2",0,0,NA
"E3",NA,22109,"zone3",0,0,NA
"E3",NA,22109,"zone4",0,0,NA
"E3",NA,22109,"zone5 (farthest)",0,0,NA
"E3",NA,22110,"zone1 (nearest)",0,0,NA
"E3",NA,22110,"zone2",0,0,NA
"E3",NA,22110,"zone3",0,0,NA
"E3",NA,22110,"zone4",0,0,NA
"E3",NA,22110,"zone5 (farthest)",0,0,NA
"E3",NA,23101,"zone1 (nearest)",0,0,NA
"E3",NA,23101,"zone2",0,0,NA
"E3",NA,23101,"zone3",0,0,NA
"E3",NA,23101,"zone4",0,0,NA
"E3",NA,23101,"zone5 (farthest)",0,0,NA
"E3",NA,23102,"zone1 (nearest)",0,0,NA
"E3",NA,23102,"zone2",0,0,NA
"E3",NA,23102,"zone3",0,0,NA
"E3",NA,23102,"zone4",0,0,NA
"E3",NA,23102,"zone5 (farthest)",0,0,NA
"E3",NA,23103,"zone1 (nearest)",0,0,NA
"E3",NA,23103,"zone2",0,0,NA
"E3",NA,23103,"zone3",0,0,NA
"E3",NA,23103,"zone4",0,0,NA
"E3",NA,23103,"zone5 (farthest)",0,0,NA
"E3",NA,23104,"zone1 (nearest)",0,0,NA
"E3",NA,23104,"zone2",0,0,NA
"E3",NA,23104,"zone3",0,0,NA
"E3",NA,23104,"zone4",0,0,NA
"E3",NA,23104,"zone5 (farthest)",0,0,NA
"E3",NA,23105,"zone1 (nearest)",0,0,NA
"E3",NA,23105,"zone2",0,0,NA
"E3",NA,23105,"zone3",0,0,NA
"E3",NA,23105,"zone4",0,0,NA
"E3",NA,23105,"zone5 (farthest)",0,0,NA
"E3",NA,23106,"zone1 (nearest)",0,0,NA
"E3",NA,23106,"zone2",0,0,NA
"E3",NA,23106,"zone3",0,0,NA
"E3",NA,23106,"zone4",0,0,NA
"E3",NA,23106,"zone5 (farthest)",0,0,NA
"E3",NA,23107,"zone1 (nearest)",0,0,NA
"E3",NA,23107,"zone2",0,0,NA
"E3",NA,23107,"zone3",0,0,NA
"E3",NA,23107,"zone4",0,0,NA
"E3",NA,23107,"zone5 (farthest)",0,0,NA
"E3",NA,23108,"zone1 (nearest)",0,0,NA
"E3",NA,23108,"zone2",0,0,NA
"E3",NA,23108,"zone3",0,0,NA
"E3",NA,23108,"zone4",0,0,NA
"E3",NA,23108,"zone5 (farthest)",0,0,NA
"E3",NA,23109,"zone1 (nearest)",0,0,NA
"E3",NA,23109,"zone2",0,0,NA
"E3",NA,23109,"zone3",0,0,NA
"E3",NA,23109,"zone4",0,0,NA
"E3",NA,23109,"zone5 (farthest)",0,0,NA
"E3",NA,23110,"zone1 (nearest)",0,0,NA
"E3",NA,23110,"zone2",0,0,NA
"E3",NA,23110,"zone3",0,0,NA
"E3",NA,23110,"zone4",0,0,NA
"E3",NA,23110,"zone5 (farthest)",0,0,NA
"E3",NA,24101,"zone1 (nearest)",0,0,NA
"E3",NA,24101,"zone2",0,0,NA
"E3",NA,24101,"zone3",0,0,NA
"E3",NA,24101,"zone4",0,0,NA
"E3",NA,24101,"zone5 (farthest)",0,0,NA
"E3",NA,24102,"zone1 (nearest)",0,0,NA
"E3",NA,24102,"zone2",0,0,NA
"E3",NA,24102,"zone3",0,0,NA
"E3",NA,24102,"zone4",0,0,NA
"E3",NA,24102,"zone5 (farthest)",0,0,NA
"E3",NA,24103,"zone1 (nearest)",0,0,NA
"E3",NA,24103,"zone2",0,0,NA
"E3",NA,24103,"zone3",0,0,NA
"E3",NA,24103,"zone4",0,0,NA
"E3",NA,24103,"zone5 (farthest)",0,0,NA
"E3",NA,24104,"zone1 (nearest)",0,0,NA
"E3",NA,24104,"zone2",0,0,NA
"E3",NA,24104,"zone3",0,0,NA
"E3",NA,24104,"zone4",0,0,NA
"E3",NA,24104,"zone5 (farthest)",0,0,NA
"E3",NA,24105,"zone1 (nearest)",0,0,NA
"E3",NA,24105,"zone2",0,0,NA
"E3",NA,24105,"zone3",0,0,NA
"E3",NA,24105,"zone4",0,0,NA
"E3",NA,24105,"zone5 (farthest)",0,0,NA
"E3",NA,24106,"zone1 (nearest)",0,0,NA
"E3",NA,24106,"zone2",0,0,NA
"E3",NA,24106,"zone3",0,0,NA
"E3",NA,24106,"zone4",0,0,NA
"E3",NA,24106,"zone5 (farthest)",0,0,NA
"E3",NA,24107,"zone1 (nearest)",0,0,NA
"E3",NA,24107,"zone2",0,0,NA
"E3",NA,24107,"zone3",0,0,NA
"E3",NA,24107,"zone4",0,0,NA
"E3",NA,24107,"zone5 (farthest)",0,0,NA
"E3",NA,24108,"zone1 (nearest)",0,0,NA
"E3",NA,24108,"zone2",0,0,NA
"E3",NA,24108,"zone3",0,0,NA
"E3",NA,24108,"zone4",0,0,NA
"E3",NA,24108,"zone5 (farthest)",0,0,NA
"E3",NA,24109,"zone1 (nearest)",0,0,NA
"E3",NA,24109,"zone2",0,0,NA
"E3",NA,24109,"zone3",0,0,NA
"E3",NA,24109,"zone4",0,0,NA
"E3",NA,24109,"zone5 (farthest)",0,0,NA
"E3",NA,24110,"zone1 (nearest)",0,0,NA
"E3",NA,24110,"zone2",0,0,NA
"E3",NA,24110,"zone3",0,0,NA
"E3",NA,24110,"zone4",0,0,NA
"E3",NA,24110,"zone5 (farthest)",0,0,NA
"E3",NA,25101,"zone1 (nearest)",0,0,NA
"E3",NA,25101,"zone2",0,0,NA
"E3",NA,25101,"zone3",0,0,NA
"E3",NA,25101,"zone4",0,0,NA
"E3",NA,25101,"zone5 (farthest)",0,0,NA
"E3",NA,25102,"zone1 (nearest)",0,0,NA
"E3",NA,25102,"zone2",0,0,NA
"E3",NA,25102,"zone3",0,0,NA
"E3",NA,25102,"zone4",0,0,NA
"E3",NA,25102,"zone5 (farthest)",0,0,NA
"E3",NA,25103,"zone1 (nearest)",0,0,NA
"E3",NA,25103,"zone2",0,0,NA
"E3",NA,25103,"zone3",0,0,NA
"E3",NA,25103,"zone4",0,0,NA
"E3",NA,25103,"zone5 (farthest)",0,0,NA
"E3",NA,25104,"zone1 (nearest)",0,0,NA
"E3",NA,25104,"zone2",0,0,NA
"E3",NA,25104,"zone3",0,0,NA
"E3",NA,25104,"zone4",0,0,NA
"E3",NA,25104,"zone5 (farthest)",0,0,NA
"E3",NA,25105,"zone1 (nearest)",0,0,NA
"E3",NA,25105,"zone2",0,0,NA
"E3",NA,25105,"zone3",0,0,NA
"E3",NA,25105,"zone4",0,0,NA
"E3",NA,25105,"zone5 (farthest)",0,0,NA
"E3",NA,25106,"zone1 (nearest)",0,0,NA
"E3",NA,25106,"zone2",0,0,NA
"E3",NA,25106,"zone3",0,0,NA
"E3",NA,25106,"zone4",0,0,NA
"E3",NA,25106,"zone5 (farthest)",0,0,NA
"E3",NA,25107,"zone1 (nearest)",0,0,NA
"E3",NA,25107,"zone2",0,0,NA
"E3",NA,25107,"zone3",0,0,NA
"E3",NA,25107,"zone4",0,0,NA
"E3",NA,25107,"zone5 (farthest)",0,0,NA
"E3",NA,25108,"zone1 (nearest)",0,0,NA
"E3",NA,25108,"zone2",0,0,NA
"E3",NA,25108,"zone3",0,0,NA
"E3",NA,25108,"zone4",0,0,NA
"E3",NA,25108,"zone5 (farthest)",0,0,NA
"E3",NA,25109,"zone1 (nearest)",0,0,NA
"E3",NA,25109,"zone2",0,0,NA
"E3",NA,25109,"zone3",0,0,NA
"E3",NA,25109,"zone4",0,0,NA
"E3",NA,25109,"zone5 (farthest)",0,0,NA
"E3",NA,25110,"zone1 (nearest)",0,0,NA
"E3",NA,25110,"zone2",0,0,NA
"E3",NA,25110,"zone3",0,0,NA
"E3",NA,25110,"zone4",0,0,NA
"E3",NA,25110,"zone5 (farthest)",0,0,NA
"E3",NA,26101,"zone1 (nearest)",0,0,NA
"E3",NA,26101,"zone2",0,0,NA
"E3",NA,26101,"zone3",0,0,NA
"E3",NA,26101,"zone4",0,0,NA
"E3",NA,26101,"zone5 (farthest)",0,0,NA
"E3",NA,26102,"zone1 (nearest)",0,0,NA
"E3",NA,26102,"zone2",0,0,NA
"E3",NA,26102,"zone3",0,0,NA
"E3",NA,26102,"zone4",0,0,NA
"E3",NA,26102,"zone5 (farthest)",0,0,NA
"E3",NA,26103,"zone1 (nearest)",0,0,NA
"E3",NA,26103,"zone2",0,0,NA
"E3",NA,26103,"zone3",0,0,NA
"E3",NA,26103,"zone4",0,0,NA
"E3",NA,26103,"zone5 (farthest)",0,0,NA
"E3",NA,26104,"zone1 (nearest)",0,0,NA
"E3",NA,26104,"zone2",0,0,NA
"E3",NA,26104,"zone3",0,0,NA
"E3",NA,26104,"zone4",0,0,NA
"E3",NA,26104,"zone5 (farthest)",0,0,NA
"E3",NA,26105,"zone1 (nearest)",0,0,NA
"E3",NA,26105,"zone2",0,0,NA
"E3",NA,26105,"zone3",0,0,NA
"E3",NA,26105,"zone4",0,0,NA
"E3",NA,26105,"zone5 (farthest)",0,0,NA
"E3",NA,26106,"zone1 (nearest)",0,0,NA
"E3",NA,26106,"zone2",0,0,NA
"E3",NA,26106,"zone3",0,0,NA
"E3",NA,26106,"zone4",0,0,NA
"E3",NA,26106,"zone5 (farthest)",0,0,NA
"E3",NA,26107,"zone1 (nearest)",0,0,NA
"E3",NA,26107,"zone2",0,0,NA
"E3",NA,26107,"zone3",0,0,NA
"E3",NA,26107,"zone4",0,0,NA
"E3",NA,26107,"zone5 (farthest)",0,0,NA
"E3",NA,26108,"zone1 (nearest)",0,0,NA
"E3",NA,26108,"zone2",0,0,NA
"E3",NA,26108,"zone3",0,0,NA
"E3",NA,26108,"zone4",0,0,NA
"E3",NA,26108,"zone5 (farthest)",0,0,NA
"E3",NA,26109,"zone1 (nearest)",0,0,NA
"E3",NA,26109,"zone2",0,0,NA
"E3",NA,26109,"zone3",0,0,NA
"E3",NA,26109,"zone4",0,0,NA
"E3",NA,26109,"zone5 (farthest)",0,0,NA
"E3",NA,26110,"zone1 (nearest)",0,0,NA
"E3",NA,26110,"zone2",0,0,NA
"E3",NA,26110,"zone3",0,0,NA
"E3",NA,26110,"zone4",0,0,NA
"E3",NA,26110,"zone5 (farthest)",0,0,NA
"E3",NA,27101,"zone1 (nearest)",0,0,NA
"E3",NA,27101,"zone2",0,0,NA
"E3",NA,27101,"zone3",0,0,NA
"E3",NA,27101,"zone4",0,0,NA
"E3",NA,27101,"zone5 (farthest)",0,0,NA
"E3",NA,27102,"zone1 (nearest)",0,0,NA
"E3",NA,27102,"zone2",0,0,NA
"E3",NA,27102,"zone3",0,0,NA
"E3",NA,27102,"zone4",0,0,NA
"E3",NA,27102,"zone5 (farthest)",0,0,NA
"E3",NA,27103,"zone1 (nearest)",0,0,NA
"E3",NA,27103,"zone2",0,0,NA
"E3",NA,27103,"zone3",0,0,NA
"E3",NA,27103,"zone4",0,0,NA
"E3",NA,27103,"zone5 (farthest)",0,0,NA
"E3",NA,27104,"zone1 (nearest)",0,0,NA
"E3",NA,27104,"zone2",0,0,NA
"E3",NA,27104,"zone3",0,0,NA
"E3",NA,27104,"zone4",0,0,NA
"E3",NA,27104,"zone5 (farthest)",0,0,NA
"E3",NA,27105,"zone1 (nearest)",0,0,NA
"E3",NA,27105,"zone2",0,0,NA
"E3",NA,27105,"zone3",0,0,NA
"E3",NA,27105,"zone4",0,0,NA
"E3",NA,27105,"zone5 (farthest)",0,0,NA
"E3",NA,27106,"zone1 (nearest)",0,0,NA
"E3",NA,27106,"zone2",0,0,NA
"E3",NA,27106,"zone3",0,0,NA
"E3",NA,27106,"zone4",0,0,NA
"E3",NA,27106,"zone5 (farthest)",0,0,NA
"E3",NA,27107,"zone1 (nearest)",0,0,NA
"E3",NA,27107,"zone2",0,0,NA
"E3",NA,27107,"zone3",0,0,NA
"E3",NA,27107,"zone4",0,0,NA
"E3",NA,27107,"zone5 (farthest)",0,0,NA
"E3",NA,27108,"zone1 (nearest)",0,0,NA
"E3",NA,27108,"zone2",0,0,NA
"E3",NA,27108,"zone3",0,0,NA
"E3",NA,27108,"zone4",0,0,NA
"E3",NA,27108,"zone5 (farthest)",0,0,NA
"E3",NA,27109,"zone1 (nearest)",0,0,NA
"E3",NA,27109,"zone2",0,0,NA
"E3",NA,27109,"zone3",0,0,NA
"E3",NA,27109,"zone4",0,0,NA
"E3",NA,27109,"zone5 (farthest)",0,0,NA
"E3",NA,27110,"zone1 (nearest)",0,0,NA
"E3",NA,27110,"zone2",0,0,NA
"E3",NA,27110,"zone3",0,0,NA
"E3",NA,27110,"zone4",0,0,NA
"E3",NA,27110,"zone5 (farthest)",0,0,NA
"E3",NA,28101,"zone1 (nearest)",0,0,NA
"E3",NA,28101,"zone2",0,0,NA
"E3",NA,28101,"zone3",0,0,NA
"E3",NA,28101,"zone4",0,0,NA
"E3",NA,28101,"zone5 (farthest)",0,0,NA
"E3",NA,28102,"zone1 (nearest)",0,0,NA
"E3",NA,28102,"zone2",0,0,NA
"E3",NA,28102,"zone3",0,0,NA
"E3",NA,28102,"zone4",0,0,NA
"E3",NA,28102,"zone5 (farthest)",0,0,NA
"E3",NA,28103,"zone1 (nearest)",0,0,NA
"E3",NA,28103,"zone2",0,0,NA
"E3",NA,28103,"zone3",0,0,NA
"E3",NA,28103,"zone4",0,0,NA
"E3",NA,28103,"zone5 (farthest)",0,0,NA
"E3",NA,28104,"zone1 (nearest)",0,0,NA
"E3",NA,28104,"zone2",0,0,NA
"E3",NA,28104,"zone3",0,0,NA
"E3",NA,28104,"zone4",0,0,NA
"E3",NA,28104,"zone5 (farthest)",0,0,NA
"E3",NA,28105,"zone1 (nearest)",0,0,NA
"E3",NA,28105,"zone2",0,0,NA
"E3",NA,28105,"zone3",0,0,NA
"E3",NA,28105,"zone4",0,0,NA
"E3",NA,28105,"zone5 (farthest)",0,0,NA
"E3",NA,28106,"zone1 (nearest)",0,0,NA
"E3",NA,28106,"zone2",0,0,NA
"E3",NA,28106,"zone3",0,0,NA
"E3",NA,28106,"zone4",0,0,NA
"E3",NA,28106,"zone5 (farthest)",0,0,NA
"E3",NA,28107,"zone1 (nearest)",0,0,NA
"E3",NA,28107,"zone2",0,0,NA
"E3",NA,28107,"zone3",0,0,NA
"E3",NA,28107,"zone4",0,0,NA
"E3",NA,28107,"zone5 (farthest)",0,0,NA
"E3",NA,28108,"zone1 (nearest)",0,0,NA
"E3",NA,28108,"zone2",0,0,NA
"E3",NA,28108,"zone3",0,0,NA
"E3",NA,28108,"zone4",0,0,NA
"E3",NA,28108,"zone5 (farthest)",0,0,NA
"E3",NA,28109,"zone1 (nearest)",0,0,NA
"E3",NA,28109,"zone2",0,0,NA
"E3",NA,28109,"zone3",0,0,NA
"E3",NA,28109,"zone4",0,0,NA
"E3",NA,28109,"zone5 (farthest)",0,0,NA
"E3",NA,28110,"zone1 (nearest)",0,0,NA
"E3",NA,28110,"zone2",0,0,NA
"E3",NA,28110,"zone3",0,0,NA
"E3",NA,28110,"zone4",0,0,NA
"E3",NA,28110,"zone5 (farthest)",0,0,NA
"E3",NA,29101,"zone1 (nearest)",0,0,NA
"E3",NA,29101,"zone2",0,0,NA
"E3",NA,29101,"zone3",0,0,NA
"E3",NA,29101,"zone4",0,0,NA
"E3",NA,29101,"zone5 (farthest)",0,0,NA
"E3",NA,29102,"zone1 (nearest)",0,0,NA
"E3",NA,29102,"zone2",0,0,NA
"E3",NA,29102,"zone3",0,0,NA
"E3",NA,29102,"zone4",0,0,NA
"E3",NA,29102,"zone5 (farthest)",0,0,NA
"E3",NA,29103,"zone1 (nearest)",0,0,NA
"E3",NA,29103,"zone2",0,0,NA
"E3",NA,29103,"zone3",0,0,NA
"E3",NA,29103,"zone4",0,0,NA
"E3",NA,29103,"zone5 (farthest)",0,0,NA
"E3",NA,29104,"zone1 (nearest)",0,0,NA
"E3",NA,29104,"zone2",0,0,NA
"E3",NA,29104,"zone3",0,0,NA
"E3",NA,29104,"zone4",0,0,NA
"E3",NA,29104,"zone5 (farthest)",0,0,NA
"E3",NA,29105,"zone1 (nearest)",0,0,NA
"E3",NA,29105,"zone2",0,0,NA
"E3",NA,29105,"zone3",0,0,NA
"E3",NA,29105,"zone4",0,0,NA
"E3",NA,29105,"zone5 (farthest)",0,0,NA
"E3",NA,29106,"zone1 (nearest)",0,0,NA
"E3",NA,29106,"zone2",0,0,NA
"E3",NA,29106,"zone3",0,0,NA
"E3",NA,29106,"zone4",0,0,NA
"E3",NA,29106,"zone5 (farthest)",0,0,NA
"E3",NA,29107,"zone1 (nearest)",0,0,NA
"E3",NA,29107,"zone2",0,0,NA
"E3",NA,29107,"zone3",0,0,NA
"E3",NA,29107,"zone4",0,0,NA
"E3",NA,29107,"zone5 (farthest)",0,0,NA
"E3",NA,29108,"zone1 (nearest)",0,0,NA
"E3",NA,29108,"zone2",0,0,NA
"E3",NA,29108,"zone3",0,0,NA
"E3",NA,29108,"zone4",0,0,NA
"E3",NA,29108,"zone5 (farthest)",0,0,NA
"E3",NA,29109,"zone1 (nearest)",0,0,NA
"E3",NA,29109,"zone2",0,0,NA
"E3",NA,29109,"zone3",0,0,NA
"E3",NA,29109,"zone4",0,0,NA
"E3",NA,29109,"zone5 (farthest)",0,0,NA
"E3",NA,29110,"zone1 (nearest)",0,0,NA
"E3",NA,29110,"zone2",0,0,NA
"E3",NA,29110,"zone3",0,0,NA
"E3",NA,29110,"zone4",0,0,NA
"E3",NA,29110,"zone5 (farthest)",0,0,NA
"E3",NA,30101,"zone1 (nearest)",0,0,NA
"E3",NA,30101,"zone2",0,0,NA
"E3",NA,30101,"zone3",0,0,NA
"E3",NA,30101,"zone4",0,0,NA
"E3",NA,30101,"zone5 (farthest)",0,0,NA
"E3",NA,30102,"zone1 (nearest)",0,0,NA
"E3",NA,30102,"zone2",0,0,NA
"E3",NA,30102,"zone3",0,0,NA
"E3",NA,30102,"zone4",0,0,NA
"E3",NA,30102,"zone5 (farthest)",0,0,NA
"E3",NA,30103,"zone1 (nearest)",0,0,NA
"E3",NA,30103,"zone2",0,0,NA
"E3",NA,30103,"zone3",0,0,NA
"E3",NA,30103,"zone4",0,0,NA
"E3",NA,30103,"zone5 (farthest)",0,0,NA
"E3",NA,30104,"zone1 (nearest)",0,0,NA
"E3",NA,30104,"zone2",0,0,NA
"E3",NA,30104,"zone3",0,0,NA
"E3",NA,30104,"zone4",0,0,NA
"E3",NA,30104,"zone5 (farthest)",0,0,NA
"E3",NA,30105,"zone1 (nearest)",0,0,NA
"E3",NA,30105,"zone2",0,0,NA
"E3",NA,30105,"zone3",0,0,NA
"E3",NA,30105,"zone4",0,0,NA
"E3",NA,30105,"zone5 (farthest)",0,0,NA
"E3",NA,30106,"zone1 (nearest)",0,0,NA
"E3",NA,30106,"zone2",0,0,NA
"E3",NA,30106,"zone3",0,0,NA
"E3",NA,30106,"zone4",0,0,NA
"E3",NA,30106,"zone5 (farthest)",0,0,NA
"E3",NA,30107,"zone1 (nearest)",0,0,NA
"E3",NA,30107,"zone2",0,0,NA
"E3",NA,30107,"zone3",0,0,NA
"E3",NA,30107,"zone4",0,0,NA
"E3",NA,30107,"zone5 (farthest)",0,0,NA
"E3",NA,30108,"zone1 (nearest)",0,0,NA
"E3",NA,30108,"zone2",0,0,NA
"E3",NA,30108,"zone3",0,0,NA
"E3",NA,30108,"zone4",0,0,NA
"E3",NA,30108,"zone5 (farthest)",0,0,NA
"E3",NA,30109,"zone1 (nearest)",0,0,NA
"E3",NA,30109,"zone2",0,0,NA
"E3",NA,30109,"zone3",0,0,NA
"E3",NA,30109,"zone4",0,0,NA
"E3",NA,30109,"zone5 (farthest)",0,0,NA
"E3",NA,30110,"zone1 (nearest)",0,0,NA
"E3",NA,30110,"zone2",0,0,NA
"E3",NA,30110,"zone3",0,0,NA
"E3",NA,30110,"zone4",0,0,NA
"E3",NA,30110,"zone5 (farthest)",0,0,NA
