"experiment_id","scenario","run_seed","height_zone","larvae","total_larvae","proportion"
"E3","V3A",1101,"<2 cm",2232,2250,0.992
"E3","V3A",1101,"2-4 cm",9,2250,0.004
"E3","V3A",1101,"4-6 cm",0,2250,0
"E3","V3A",1101,"6-8 cm",9,2250,0.004
"E3","V3A",1101,">8 cm",0,2250,0
"E3","V3A",1102,"<2 cm",992,1000,0.992
"E3","V3A",1102,"2-4 cm",0,1000,0
"E3","V3A",1102,"4-6 cm",4,1000,0.004
"E3","V3A",1102,"6-8 cm",0,1000,0
"E3","V3A",1102,">8 cm",4,1000,0.004
"E3","V3A",1103,"<2 cm",992,1000,0.992
"E3","V3A",1103,"2-4 cm",0,1000,0
"E3","V3A",1103,"4-6 cm",0,1000,0
"E3","V3A",1103,"6-8 cm",0,1000,0
"E3","V3A",1103,">8 cm",8,1000,0.008
"E3","V3A",1104,"<2 cm",992,1000,0.992
"E3","V3A",1104,"2-4 cm",0,1000,0
"E3","V3A",1104,"4-6 cm",0,1000,0
"E3","V3A",1104,"6-8 cm",4,1000,0.004
"E3","V3A",1104,">8 cm",4,1000,0.004
"E3","V3A",1105,"<2 cm",984,1000,0.984
"E3","V3A",1105,"2-4 cm",0,1000,0
"E3","V3A",1105,"4-6 cm",4,1000,0.004
"E3","V3A",1105,"6-8 cm",0,1000,0
"E3","V3A",1105,">8 cm",12,1000,0.012
"E3","V3A",1106,"<2 cm",992,1000,0.992
"E3","V3A",1106,"2-4 cm",0,1000,0
"E3","V3A",1106,"4-6 cm",0,1000,0
"E3","V3A",1106,"6-8 cm",0,1000,0
"E3","V3A",1106,">8 cm",8,1000,0.008
"E3","V3A",1107,"<2 cm",992,1000,0.992
"E3","V3A",1107,"2-4 cm",0,1000,0
"E3","V3A",1107,"4-6 cm",0,1000,0
"E3","V3A",1107,"6-8 cm",0,1000,0
"E3","V3A",1107,">8 cm",8,1000,0.008
"E3","V3A",1108,"<2 cm",992,1000,0.992
"E3","V3A",1108,"2-4 cm",0,1000,0
"E3","V3A",1108,"4-6 cm",4,1000,0.004
"E3","V3A",1108,"6-8 cm",0,1000,0
"E3","V3A",1108,">8 cm",4,1000,0.004
"E3","V3A",1109,"<2 cm",992,1000,0.992
"E3","V3A",1109,"2-4 cm",0,1000,0
"E3","V3A",1109,"4-6 cm",0,1000,0
"E3","V3A",1109,"6-8 cm",0,1000,0
"E3","V3A",1109,">8 cm",8,1000,0.008
"E3","V3A",1110,"<2 cm",988,1000,0.988
"E3","V3A",1110,"2-4 cm",4,1000,0.004
"E3","V3A",1110,"4-6 cm",4,1000,0.004
"E3","V3A",1110,"6-8 cm",0,1000,0
"E3","V3A",1110,">8 cm",4,1000,0.004
"E3","V3A",2101,"<2 cm",18,2250,0.008
"E3","V3A",2101,"2-4 cm",18,2250,0.008
"E3","V3A",2101,"4-6 cm",18,2250,0.008
"E3","V3A",2101,"6-8 cm",18,2250,0.008
"E3","V3A",2101,">8 cm",2178,2250,0.968
"E3","V3A",2102,"<2 cm",16,1000,0.016
"E3","V3A",2102,"2-4 cm",4,1000,0.004
"E3","V3A",2102,"4-6 cm",12,1000,0.012
"E3","V3A",2102,"6-8 cm",8,1000,0.008
"E3","V3A",2102,">8 cm",960,1000,0.96
"E3","V3A",2103,"<2 cm",12,1000,0.012
"E3","V3A",2103,"2-4 cm",8,1000,0.008
"E3","V3A",2103,"4-6 cm",0,1000,0
"E3","V3A",2103,"6-8 cm",16,1000,0.016
"E3","V3A",2103,">8 cm",964,1000,0.964
"E3","V3A",2104,"<2 cm",20,1000,0.02
"E3","V3A",2104,"2-4 cm",4,1000,0.004
"E3","V3A",2104,"4-6 cm",12,1000,0.012
"E3","V3A",2104,"6-8 cm",4,1000,0.004
"E3","V3A",2104,">8 cm",960,1000,0.96
"E3","V3A",2105,"<2 cm",12,1000,0.012
"E3","V3A",2105,"2-4 cm",4,1000,0.004
"E3","V3A",2105,"4-6 cm",0,1000,0
"E3","V3A",2105,"6-8 cm",8,1000,0.008
"E3","V3A",2105,">8 cm",976,1000,0.976
"E3","V3A",2106,"<2 cm",16,1000,0.016
"E3","V3A",2106,"2-4 cm",0,1000,0
"E3","V3A",2106,"4-6 cm",0,1000,0
"E3","V3A",2106,"6-8 cm",4,1000,0.004
"E3","V3A",2106,">8 cm",980,1000,0.98
"E3","V3A",2107,"<2 cm",16,1000,0.016
"E3","V3A",2107,"2-4 cm",4,1000,0.004
"E3","V3A",2107,"4-6 cm",0,1000,0
"E3","V3A",2107,"6-8 cm",0,1000,0
"E3","V3A",2107,">8 cm",980,1000,0.98
"E3","V3A",2108,"<2 cm",12,1000,0.012
"E3","V3A",2108,"2-4 cm",16,1000,0.016
"E3","V3A",2108,"4-6 cm",4,1000,0.004
"E3","V3A",2108,"6-8 cm",4,1000,0.004
"E3","V3A",2108,">8 cm",964,1000,0.964
"E3","V3A",2109,"<2 cm",12,1000,0.012
"E3","V3A",2109,"2-4 cm",0,1000,0
"E3","V3A",2109,"4-6 cm",8,1000,0.008
"E3","V3A",2109,"6-8 cm",16,1000,0.016
"E3","V3A",2109,">8 cm",964,1000,0.964
"E3","V3A",2110,"<2 cm",12,1000,0.012
"E3","V3A",2110,"2-4 cm",0,1000,0
"E3","V3A",2110,"4-6 cm",4,1000,0.004
"E3","V3A",2110,"6-8 cm",24,1000,0.024
"E3","V3A",2110,">8 cm",960,1000,0.96
"E3","V3A",3101,"<2 cm",1404,2250,0.624
"E3","V3A",3101,"2-4 cm",18,2250,0.008
"E3","V3A",3101,"4-6 cm",18,2250,0.008
"E3","V3A",3101,"6-8 cm",36,2250,0.016
"E3","V3A",3101,">8 cm",774,2250,0.344
"E3","V3A",3102,"<2 cm",660,1000,0.66
"E3","V3A",3102,"2-4 cm",0,1000,0
"E3","V3A",3102,"4-6 cm",4,1000,0.004
"E3","V3A",3102,"6-8 cm",8,1000,0.008
"E3","V3A",3102,">8 cm",328,1000,0.328
"E3","V3A",3103,"<2 cm",628,1000,0.628
"E3","V3A",3103,"2-4 cm",4,1000,0.004
"E3","V3A",3103,"4-6 cm",4,1000,0.004
"E3","V3A",3103,"6-8 cm",16,1000,0.016
"E3","V3A",3103,">8 cm",348,1000,0.348
"E3","V3A",3104,"<2 cm",628,1000,0.628
"E3","V3A",3104,"2-4 cm",4,1000,0.004
"E3","V3A",3104,"4-6 cm",8,1000,0.008
"E3","V3A",3104,"6-8 cm",16,1000,0.016
"E3","V3A",3104,">8 cm",344,1000,0.344
"E3","V3A",3105,"<2 cm",644,1000,0.644
"E3","V3A",3105,"2-4 cm",4,1000,0.004
"E3","V3A",3105,"4-6 cm",0,1000,0
"E3","V3A",3105,"6-8 cm",16,1000,0.016
"E3","V3A",3105,">8 cm",336,1000,0.336
"E3","V3A",3106,"<2 cm",620,1000,0.62
"E3","V3A",3106,"2-4 cm",8,1000,0.008
"E3","V3A",3106,"4-6 cm",8,1000,0.008
"E3","V3A",3106,"6-8 cm",12,1000,0.012
"E3","V3A",3106,">8 cm",352,1000,0.352
"E3","V3A",3107,"<2 cm",648,1000,0.648
"E3","V3A",3107,"2-4 cm",16,1000,0.016
"E3","V3A",3107,"4-6 cm",0,1000,0
"E3","V3A",3107,"6-8 cm",8,1000,0.008
"E3","V3A",3107,">8 cm",328,1000,0.328
"E3","V3A",3108,"<2 cm",624,1000,0.624
"E3","V3A",3108,"2-4 cm",8,1000,0.008
"E3","V3A",3108,"4-6 cm",12,1000,0.012
"E3","V3A",3108,"6-8 cm",8,1000,0.008
"E3","V3A",3108,">8 cm",348,1000,0.348
"E3","V3A",3109,"<2 cm",656,1000,0.656
"E3","V3A",3109,"2-4 cm",12,1000,0.012
"E3","V3A",3109,"4-6 cm",0,1000,0
"E3","V3A",3109,"6-8 cm",8,1000,0.008
"E3","V3A",3109,">8 cm",324,1000,0.324
"E3","V3A",3110,"<2 cm",644,1000,0.644
"E3","V3A",3110,"2-4 cm",8,1000,0.008
"E3","V3A",3110,"4-6 cm",4,1000,0.004
"E3","V3A",3110,"6-8 cm",16,1000,0.016
"E3","V3A",3110,">8 cm",328,1000,0.328
"E3","V3A",4101,"<2 cm",2214,2250,0.984
"E3","V3A",4101,"2-4 cm",0,2250,0
"E3","V3A",4101,"4-6 cm",0,2250,0
"E3","V3A",4101,"6-8 cm",0,2250,0
"E3","V3A",4101,">8 cm",36,2250,0.016
"E3","V3A",4102,"<2 cm",984,1000,0.984
"E3","V3A",4102,"2-4 cm",0,1000,0
"E3","V3A",4102,"4-6 cm",0,1000,0
"E3","V3A",4102,"6-8 cm",0,1000,0
"E3","V3A",4102,">8 cm",16,1000,0.016
"E3","V3A",4103,"<2 cm",988,1000,0.988
"E3","V3A",4103,"2-4 cm",0,1000,0
"E3","V3A",4103,"4-6 cm",0,1000,0
"E3","V3A",4103,"6-8 cm",0,1000,0
"E3","V3A",4103,">8 cm",12,1000,0.012
"E3","V3A",4104,"<2 cm",988,1000,0.988
"E3","V3A",4104,"2-4 cm",0,1000,0
"E3","V3A",4104,"4-6 cm",0,1000,0
"E3","V3A",4104,"6-8 cm",0,1000,0
"E3","V3A",4104,">8 cm",12,1000,0.012
"E3","V3A",4105,"<2 cm",984,1000,0.984
"E3","V3A",4105,"2-4 cm",0,1000,0
"E3","V3A",4105,"4-6 cm",0,1000,0
"E3","V3A",4105,"6-8 cm",0,1000,0
"E3","V3A",4105,">8 cm",16,1000,0.016
"E3","V3A",4106,"<2 cm",984,1000,0.984
"E3","V3A",4106,"2-4 cm",0,1000,0
"E3","V3A",4106,"4-6 cm",0,1000,0
"E3","V3A",4106,"6-8 cm",0,1000,0
"E3","V3A",4106,">8 cm",16,1000,0.016
"E3","V3A",4107,"<2 cm",984,1000,0.984
"E3","V3A",4107,"2-4 cm",0,1000,0
"E3","V3A",4107,"4-6 cm",0,1000,0
"E3","V3A",4107,"6-8 cm",0,1000,0
"E3","V3A",4107,">8 cm",16,1000,0.016
"E3","V3A",4108,"<2 cm",968,1000,0.968
"E3","V3A",4108,"2-4 cm",0,1000,0
"E3","V3A",4108,"4-6 cm",0,1000,0
"E3","V3A",4108,"6-8 cm",0,1000,0
"E3","V3A",4108,">8 cm",32,1000,0.032
"E3","V3A",4109,"<2 cm",972,1000,0.972
"E3","V3A",4109,"2-4 cm",0,1000,0
"E3","V3A",4109,"4-6 cm",0,1000,0
"E3","V3A",4109,"6-8 cm",0,1000,0
"E3","V3A",4109,">8 cm",28,1000,0.028
"E3","V3A",4110,"<2 cm",984,1000,0.984
"E3","V3A",4110,"2-4 cm",0,1000,0
"E3","V3A",4110,"4-6 cm",0,1000,0
"E3","V3A",4110,"6-8 cm",0,1000,0
"E3","V3A",4110,">8 cm",16,1000,0.016
"E3","V3A",5101,"<2 cm",2187,2250,0.972
"E3","V3A",5101,"2-4 cm",18,2250,0.008
"E3","V3A",5101,"4-6 cm",0,2250,0
"E3","V3A",5101,"6-8 cm",0,2250,0
"E3","V3A",5101,">8 cm",45,2250,0.02
"E3","V3A",5102,"<2 cm",988,1000,0.988
"E3","V3A",5102,"2-4 cm",0,1000,0
"E3","V3A",5102,"4-6 cm",0,1000,0
"E3","V3A",5102,"6-8 cm",4,1000,0.004
"E3","V3A",5102,">8 cm",8,1000,0.008
"E3","V3A",5103,"<2 cm",976,1000,0.976
"E3","V3A",5103,"2-4 cm",8,1000,0.008
"E3","V3A",5103,"4-6 cm",4,1000,0.004
"E3","V3A",5103,"6-8 cm",0,1000,0
"E3","V3A",5103,">8 cm",12,1000,0.012
"E3","V3A",5104,"<2 cm",992,1000,0.992
"E3","V3A",5104,"2-4 cm",4,1000,0.004
"E3","V3A",5104,"4-6 cm",0,1000,0
"E3","V3A",5104,"6-8 cm",0,1000,0
"E3","V3A",5104,">8 cm",4,1000,0.004
"E3","V3A",5105,"<2 cm",980,1000,0.98
"E3","V3A",5105,"2-4 cm",12,1000,0.012
"E3","V3A",5105,"4-6 cm",0,1000,0
"E3","V3A",5105,"6-8 cm",4,1000,0.004
"E3","V3A",5105,">8 cm",4,1000,0.004
"E3","V3A",5106,"<2 cm",984,1000,0.984
"E3","V3A",5106,"2-4 cm",4,1000,0.004
"E3","V3A",5106,"4-6 cm",8,1000,0.008
"E3","V3A",5106,"6-8 cm",0,1000,0
"E3","V3A",5106,">8 cm",4,1000,0.004
"E3","V3A",5107,"<2 cm",976,1000,0.976
"E3","V3A",5107,"2-4 cm",8,1000,0.008
"E3","V3A",5107,"4-6 cm",4,1000,0.004
"E3","V3A",5107,"6-8 cm",0,1000,0
"E3","V3A",5107,">8 cm",12,1000,0.012
"E3","V3A",5108,"<2 cm",980,1000,0.98
"E3","V3A",5108,"2-4 cm",4,1000,0.004
"E3","V3A",5108,"4-6 cm",0,1000,0
"E3","V3A",5108,"6-8 cm",0,1000,0
"E3","V3A",5108,">8 cm",16,1000,0.016
"E3","V3A",5109,"<2 cm",976,1000,0.976
"E3","V3A",5109,"2-4 cm",16,1000,0.016
"E3","V3A",5109,"4-6 cm",0,1000,0
"E3","V3A",5109,"6-8 cm",0,1000,0
"E3","V3A",5109,">8 cm",8,1000,0.008
"E3","V3A",5110,"<2 cm",972,1000,0.972
"E3","V3A",5110,"2-4 cm",16,1000,0.016
"E3","V3A",5110,"4-6 cm",4,1000,0.004
"E3","V3A",5110,"6-8 cm",0,1000,0
"E3","V3A",5110,">8 cm",8,1000,0.008
"E3","V3A",6101,"<2 cm",2034,2250,0.904
"E3","V3A",6101,"2-4 cm",18,2250,0.008
"E3","V3A",6101,"4-6 cm",9,2250,0.004
"E3","V3A",6101,"6-8 cm",0,2250,0
"E3","V3A",6101,">8 cm",189,2250,0.084
"E3","V3A",6102,"<2 cm",900,1000,0.9
"E3","V3A",6102,"2-4 cm",8,1000,0.008
"E3","V3A",6102,"4-6 cm",0,1000,0
"E3","V3A",6102,"6-8 cm",0,1000,0
"E3","V3A",6102,">8 cm",92,1000,0.092
"E3","V3A",6103,"<2 cm",912,1000,0.912
"E3","V3A",6103,"2-4 cm",8,1000,0.008
"E3","V3A",6103,"4-6 cm",0,1000,0
"E3","V3A",6103,"6-8 cm",0,1000,0
"E3","V3A",6103,">8 cm",80,1000,0.08
"E3","V3A",6104,"<2 cm",912,1000,0.912
"E3","V3A",6104,"2-4 cm",8,1000,0.008
"E3","V3A",6104,"4-6 cm",0,1000,0
"E3","V3A",6104,"6-8 cm",0,1000,0
"E3","V3A",6104,">8 cm",80,1000,0.08
"E3","V3A",6105,"<2 cm",908,1000,0.908
"E3","V3A",6105,"2-4 cm",4,1000,0.004
"E3","V3A",6105,"4-6 cm",4,1000,0.004
"E3","V3A",6105,"6-8 cm",0,1000,0
"E3","V3A",6105,">8 cm",84,1000,0.084
"E3","V3A",6106,"<2 cm",904,1000,0.904
"E3","V3A",6106,"2-4 cm",16,1000,0.016
"E3","V3A",6106,"4-6 cm",0,1000,0
"E3","V3A",6106,"6-8 cm",4,1000,0.004
"E3","V3A",6106,">8 cm",76,1000,0.076
"E3","V3A",6107,"<2 cm",900,1000,0.9
"E3","V3A",6107,"2-4 cm",12,1000,0.012
"E3","V3A",6107,"4-6 cm",4,1000,0.004
"E3","V3A",6107,"6-8 cm",0,1000,0
"E3","V3A",6107,">8 cm",84,1000,0.084
"E3","V3A",6108,"<2 cm",900,1000,0.9
"E3","V3A",6108,"2-4 cm",0,1000,0
"E3","V3A",6108,"4-6 cm",0,1000,0
"E3","V3A",6108,"6-8 cm",4,1000,0.004
"E3","V3A",6108,">8 cm",96,1000,0.096
"E3","V3A",6109,"<2 cm",900,1000,0.9
"E3","V3A",6109,"2-4 cm",8,1000,0.008
"E3","V3A",6109,"4-6 cm",0,1000,0
"E3","V3A",6109,"6-8 cm",8,1000,0.008
"E3","V3A",6109,">8 cm",84,1000,0.084
"E3","V3A",6110,"<2 cm",912,1000,0.912
"E3","V3A",6110,"2-4 cm",4,1000,0.004
"E3","V3A",6110,"4-6 cm",0,1000,0
"E3","V3A",6110,"6-8 cm",0,1000,0
"E3","V3A",6110,">8 cm",84,1000,0.084
"E3","V3A",7101,"<2 cm",2241,2250,0.996
"E3","V3A",7101,"2-4 cm",0,2250,0
"E3","V3A",7101,"4-6 cm",0,2250,0
"E3","V3A",7101,"6-8 cm",0,2250,0
"E3","V3A",7101,">8 cm",9,2250,0.004
"E3","V3A",7102,"<2 cm",996,1000,0.996
"E3","V3A",7102,"2-4 cm",4,1000,0.004
"E3","V3A",7102,"4-6 cm",0,1000,0
"E3","V3A",7102,"6-8 cm",0,1000,0
"E3","V3A",7102,">8 cm",0,1000,0
"E3","V3A",7103,"<2 cm",996,1000,0.996
"E3","V3A",7103,"2-4 cm",0,1000,0
"E3","V3A",7103,"4-6 cm",0,1000,0
"E3","V3A",7103,"6-8 cm",0,1000,0
"E3","V3A",7103,">8 cm",4,1000,0.004
"E3","V3A",7104,"<2 cm",996,1000,0.996
"E3","V3A",7104,"2-4 cm",0,1000,0
"E3","V3A",7104,"4-6 cm",0,1000,0
"E3","V3A",7104,"6-8 cm",0,1000,0
"E3","V3A",7104,">8 cm",4,1000,0.004
"E3","V3A",7105,"<2 cm",996,1000,0.996
"E3","V3A",7105,"2-4 cm",0,1000,0
"E3","V3A",7105,"4-6 cm",0,1000,0
"E3","V3A",7105,"6-8 cm",0,1000,0
"E3","V3A",7105,">8 cm",4,1000,0.004
"E3","V3A",7106,"<2 cm",996,1000,0.996
"E3","V3A",7106,"2-4 cm",0,1000,0
"E3","V3A",7106,"4-6 cm",0,1000,0
"E3","V3A",7106,"6-8 cm",0,1000,0
"E3","V3A",7106,">8 cm",4,1000,0.004
"E3","V3A",7107,"<2 cm",992,1000,0.992
"E3","V3A",7107,"2-4 cm",0,1000,0
"E3","V3A",7107,"4-6 cm",0,1000,0
"E3","V3A",7107,"6-8 cm",0,1000,0
"E3","V3A",7107,">8 cm",8,1000,0.008
"E3","V3A",7108,"<2 cm",996,1000,0.996
"E3","V3A",7108,"2-4 cm",0,1000,0
"E3","V3A",7108,"4-6 cm",0,1000,0
"E3","V3A",7108,"6-8 cm",0,1000,0
"E3","V3A",7108,">8 cm",4,1000,0.004
"E3","V3A",7109,"<2 cm",996,1000,0.996
"E3","V3A",7109,"2-4 cm",0,1000,0
"E3","V3A",7109,"4-6 cm",0,1000,0
"E3","V3A",7109,"6-8 cm",0,1000,0
"E3","V3A",7109,">8 cm",4,1000,0.004
"E3","V3A",7110,"<2 cm",996,1000,0.996
"E3","V3A",7110,"2-4 cm",0,1000,0
"E3","V3A",7110,"4-6 cm",0,1000,0
"E3","V3A",7110,"6-8 cm",0,1000,0
"E3","V3A",7110,">8 cm",4,1000,0.004
"E3","V3A",8101,"<2 cm",2187,2250,0.972
"E3","V3A",8101,"2-4 cm",9,2250,0.004
"E3","V3A",8101,"4-6 cm",18,2250,0.008
"E3","V3A",8101,"6-8 cm",9,2250,0.004
"E3","V3A",8101,">8 cm",27,2250,0.012
"E3","V3A",8102,"<2 cm",976,1000,0.976
"E3","V3A",8102,"2-4 cm",8,1000,0.008
"E3","V3A",8102,"4-6 cm",0,1000,0
"E3","V3A",8102,"6-8 cm",0,1000,0
"E3","V3A",8102,">8 cm",16,1000,0.016
"E3","V3A",8103,"<2 cm",980,1000,0.98
"E3","V3A",8103,"2-4 cm",8,1000,0.008
"E3","V3A",8103,"4-6 cm",0,1000,0
"E3","V3A",8103,"6-8 cm",0,1000,0
"E3","V3A",8103,">8 cm",12,1000,0.012
"E3","V3A",8104,"<2 cm",980,1000,0.98
"E3","V3A",8104,"2-4 cm",4,1000,0.004
"E3","V3A",8104,"4-6 cm",4,1000,0.004
"E3","V3A",8104,"6-8 cm",0,1000,0
"E3","V3A",8104,">8 cm",12,1000,0.012
"E3","V3A",8105,"<2 cm",968,1000,0.968
"E3","V3A",8105,"2-4 cm",8,1000,0.008
"E3","V3A",8105,"4-6 cm",8,1000,0.008
"E3","V3A",8105,"6-8 cm",0,1000,0
"E3","V3A",8105,">8 cm",16,1000,0.016
"E3","V3A",8106,"<2 cm",972,1000,0.972
"E3","V3A",8106,"2-4 cm",8,1000,0.008
"E3","V3A",8106,"4-6 cm",0,1000,0
"E3","V3A",8106,"6-8 cm",0,1000,0
"E3","V3A",8106,">8 cm",20,1000,0.02
"E3","V3A",8107,"<2 cm",972,1000,0.972
"E3","V3A",8107,"2-4 cm",12,1000,0.012
"E3","V3A",8107,"4-6 cm",4,1000,0.004
"E3","V3A",8107,"6-8 cm",0,1000,0
"E3","V3A",8107,">8 cm",12,1000,0.012
"E3","V3A",8108,"<2 cm",976,1000,0.976
"E3","V3A",8108,"2-4 cm",4,1000,0.004
"E3","V3A",8108,"4-6 cm",8,1000,0.008
"E3","V3A",8108,"6-8 cm",0,1000,0
"E3","V3A",8108,">8 cm",12,1000,0.012
"E3","V3A",8109,"<2 cm",980,1000,0.98
"E3","V3A",8109,"2-4 cm",8,1000,0.008
"E3","V3A",8109,"4-6 cm",0,1000,0
"E3","V3A",8109,"6-8 cm",0,1000,0
"E3","V3A",8109,">8 cm",12,1000,0.012
"E3","V3A",8110,"<2 cm",964,1000,0.964
"E3","V3A",8110,"2-4 cm",4,1000,0.004
"E3","V3A",8110,"4-6 cm",12,1000,0.012
"E3","V3A",8110,"6-8 cm",4,1000,0.004
"E3","V3A",8110,">8 cm",16,1000,0.016
"E3","V3A",9101,"<2 cm",2142,2250,0.952
"E3","V3A",9101,"2-4 cm",0,2250,0
"E3","V3A",9101,"4-6 cm",18,2250,0.008
"E3","V3A",9101,"6-8 cm",0,2250,0
"E3","V3A",9101,">8 cm",90,2250,0.04
"E3","V3A",9102,"<2 cm",940,1000,0.94
"E3","V3A",9102,"2-4 cm",4,1000,0.004
"E3","V3A",9102,"4-6 cm",12,1000,0.012
"E3","V3A",9102,"6-8 cm",0,1000,0
"E3","V3A",9102,">8 cm",44,1000,0.044
"E3","V3A",9103,"<2 cm",952,1000,0.952
"E3","V3A",9103,"2-4 cm",4,1000,0.004
"E3","V3A",9103,"4-6 cm",4,1000,0.004
"E3","V3A",9103,"6-8 cm",0,1000,0
"E3","V3A",9103,">8 cm",40,1000,0.04
"E3","V3A",9104,"<2 cm",948,1000,0.948
"E3","V3A",9104,"2-4 cm",0,1000,0
"E3","V3A",9104,"4-6 cm",4,1000,0.004
"E3","V3A",9104,"6-8 cm",0,1000,0
"E3","V3A",9104,">8 cm",48,1000,0.048
"E3","V3A",9105,"<2 cm",960,1000,0.96
"E3","V3A",9105,"2-4 cm",0,1000,0
"E3","V3A",9105,"4-6 cm",4,1000,0.004
"E3","V3A",9105,"6-8 cm",0,1000,0
"E3","V3A",9105,">8 cm",36,1000,0.036
"E3","V3A",9106,"<2 cm",944,1000,0.944
"E3","V3A",9106,"2-4 cm",8,1000,0.008
"E3","V3A",9106,"4-6 cm",0,1000,0
"E3","V3A",9106,"6-8 cm",0,1000,0
"E3","V3A",9106,">8 cm",48,1000,0.048
"E3","V3A",9107,"<2 cm",936,1000,0.936
"E3","V3A",9107,"2-4 cm",4,1000,0.004
"E3","V3A",9107,"4-6 cm",8,1000,0.008
"E3","V3A",9107,"6-8 cm",0,1000,0
"E3","V3A",9107,">8 cm",52,1000,0.052
"E3","V3A",9108,"<2 cm",948,1000,0.948
"E3","V3A",9108,"2-4 cm",8,1000,0.008
"E3","V3A",9108,"4-6 cm",0,1000,0
"E3","V3A",9108,"6-8 cm",0,1000,0
"E3","V3A",9108,">8 cm",44,1000,0.044
"E3","V3A",9109,"<2 cm",944,1000,0.944
"E3","V3A",9109,"2-4 cm",0,1000,0
"E3","V3A",9109,"4-6 cm",8,1000,0.008
"E3","V3A",9109,"6-8 cm",0,1000,0
"E3","V3A",9109,">8 cm",48,1000,0.048
"E3","V3A",9110,"<2 cm",956,1000,0.956
"E3","V3A",9110,"2-4 cm",4,1000,0.004
"E3","V3A",9110,"4-6 cm",4,1000,0.004
"E3","V3A",9110,"6-8 cm",0,1000,0
"E3","V3A",9110,">8 cm",36,1000,0.036
"E3","V3A",10101,"<2 cm",54,2250,0.024
"E3","V3A",10101,"2-4 cm",0,2250,0
"E3","V3A",10101,"4-6 cm",0,2250,0
"E3","V3A",10101,"6-8 cm",0,2250,0
"E3","V3A",10101,">8 cm",2196,2250,0.976
"E3","V3A",10102,"<2 cm",20,1000,0.02
"E3","V3A",10102,"2-4 cm",4,1000,0.004
"E3","V3A",10102,"4-6 cm",0,1000,0
"E3","V3A",10102,"6-8 cm",0,1000,0
"E3","V3A",10102,">8 cm",976,1000,0.976
"E3","V3A",10103,"<2 cm",24,1000,0.024
"E3","V3A",10103,"2-4 cm",0,1000,0
"E3","V3A",10103,"4-6 cm",0,1000,0
"E3","V3A",10103,"6-8 cm",0,1000,0
"E3","V3A",10103,">8 cm",976,1000,0.976
"E3","V3A",10104,"<2 cm",24,1000,0.024
"E3","V3A",10104,"2-4 cm",0,1000,0
"E3","V3A",10104,"4-6 cm",0,1000,0
"E3","V3A",10104,"6-8 cm",0,1000,0
"E3","V3A",10104,">8 cm",976,1000,0.976
"E3","V3A",10105,"<2 cm",20,1000,0.02
"E3","V3A",10105,"2-4 cm",0,1000,0
"E3","V3A",10105,"4-6 cm",4,1000,0.004
"E3","V3A",10105,"6-8 cm",0,1000,0
"E3","V3A",10105,">8 cm",976,1000,0.976
"E3","V3A",10106,"<2 cm",20,1000,0.02
"E3","V3A",10106,"2-4 cm",4,1000,0.004
"E3","V3A",10106,"4-6 cm",0,1000,0
"E3","V3A",10106,"6-8 cm",0,1000,0
"E3","V3A",10106,">8 cm",976,1000,0.976
"E3","V3A",10107,"<2 cm",28,1000,0.028
"E3","V3A",10107,"2-4 cm",0,1000,0
"E3","V3A",10107,"4-6 cm",0,1000,0
"E3","V3A",10107,"6-8 cm",0,1000,0
"E3","V3A",10107,">8 cm",972,1000,0.972
"E3","V3A",10108,"<2 cm",28,1000,0.028
"E3","V3A",10108,"2-4 cm",0,1000,0
"E3","V3A",10108,"4-6 cm",0,1000,0
"E3","V3A",10108,"6-8 cm",0,1000,0
"E3","V3A",10108,">8 cm",972,1000,0.972
"E3","V3A",10109,"<2 cm",24,1000,0.024
"E3","V3A",10109,"2-4 cm",0,1000,0
"E3","V3A",10109,"4-6 cm",0,1000,0
"E3","V3A",10109,"6-8 cm",0,1000,0
"E3","V3A",10109,">8 cm",976,1000,0.976
"E3","V3A",10110,"<2 cm",20,1000,0.02
"E3","V3A",10110,"2-4 cm",4,1000,0.004
"E3","V3A",10110,"4-6 cm",0,1000,0
"E3","V3A",10110,"6-8 cm",0,1000,0
"E3","V3A",10110,">8 cm",976,1000,0.976
"E3","V3A",11101,"<2 cm",774,2250,0.344
"E3","V3A",11101,"2-4 cm",144,2250,0.064
"E3","V3A",11101,"4-6 cm",918,2250,0.408
"E3","V3A",11101,"6-8 cm",225,2250,0.1
"E3","V3A",11101,">8 cm",189,2250,0.084
"E3","V3A",11102,"<2 cm",372,1000,0.372
"E3","V3A",11102,"2-4 cm",72,1000,0.072
"E3","V3A",11102,"4-6 cm",404,1000,0.404
"E3","V3A",11102,"6-8 cm",108,1000,0.108
"E3","V3A",11102,">8 cm",44,1000,0.044
"E3","V3A",11103,"<2 cm",388,1000,0.388
"E3","V3A",11103,"2-4 cm",84,1000,0.084
"E3","V3A",11103,"4-6 cm",344,1000,0.344
"E3","V3A",11103,"6-8 cm",116,1000,0.116
"E3","V3A",11103,">8 cm",68,1000,0.068
"E3","V3A",11104,"<2 cm",384,1000,0.384
"E3","V3A",11104,"2-4 cm",56,1000,0.056
"E3","V3A",11104,"4-6 cm",404,1000,0.404
"E3","V3A",11104,"6-8 cm",96,1000,0.096
"E3","V3A",11104,">8 cm",60,1000,0.06
"E3","V3A",11105,"<2 cm",324,1000,0.324
"E3","V3A",11105,"2-4 cm",76,1000,0.076
"E3","V3A",11105,"4-6 cm",424,1000,0.424
"E3","V3A",11105,"6-8 cm",96,1000,0.096
"E3","V3A",11105,">8 cm",80,1000,0.08
"E3","V3A",11106,"<2 cm",384,1000,0.384
"E3","V3A",11106,"2-4 cm",68,1000,0.068
"E3","V3A",11106,"4-6 cm",364,1000,0.364
"E3","V3A",11106,"6-8 cm",108,1000,0.108
"E3","V3A",11106,">8 cm",76,1000,0.076
"E3","V3A",11107,"<2 cm",364,1000,0.364
"E3","V3A",11107,"2-4 cm",68,1000,0.068
"E3","V3A",11107,"4-6 cm",408,1000,0.408
"E3","V3A",11107,"6-8 cm",76,1000,0.076
"E3","V3A",11107,">8 cm",84,1000,0.084
"E3","V3A",11108,"<2 cm",412,1000,0.412
"E3","V3A",11108,"2-4 cm",56,1000,0.056
"E3","V3A",11108,"4-6 cm",364,1000,0.364
"E3","V3A",11108,"6-8 cm",84,1000,0.084
"E3","V3A",11108,">8 cm",84,1000,0.084
"E3","V3A",11109,"<2 cm",412,1000,0.412
"E3","V3A",11109,"2-4 cm",56,1000,0.056
"E3","V3A",11109,"4-6 cm",360,1000,0.36
"E3","V3A",11109,"6-8 cm",88,1000,0.088
"E3","V3A",11109,">8 cm",84,1000,0.084
"E3","V3A",11110,"<2 cm",384,1000,0.384
"E3","V3A",11110,"2-4 cm",72,1000,0.072
"E3","V3A",11110,"4-6 cm",376,1000,0.376
"E3","V3A",11110,"6-8 cm",108,1000,0.108
"E3","V3A",11110,">8 cm",60,1000,0.06
"E3","V3A",12101,"<2 cm",27,2250,0.012
"E3","V3A",12101,"2-4 cm",0,2250,0
"E3","V3A",12101,"4-6 cm",0,2250,0
"E3","V3A",12101,"6-8 cm",0,2250,0
"E3","V3A",12101,">8 cm",2223,2250,0.988
"E3","V3A",12102,"<2 cm",12,1000,0.012
"E3","V3A",12102,"2-4 cm",0,1000,0
"E3","V3A",12102,"4-6 cm",0,1000,0
"E3","V3A",12102,"6-8 cm",0,1000,0
"E3","V3A",12102,">8 cm",988,1000,0.988
"E3","V3A",12103,"<2 cm",12,1000,0.012
"E3","V3A",12103,"2-4 cm",0,1000,0
"E3","V3A",12103,"4-6 cm",0,1000,0
"E3","V3A",12103,"6-8 cm",0,1000,0
"E3","V3A",12103,">8 cm",988,1000,0.988
"E3","V3A",12104,"<2 cm",12,1000,0.012
"E3","V3A",12104,"2-4 cm",0,1000,0
"E3","V3A",12104,"4-6 cm",0,1000,0
"E3","V3A",12104,"6-8 cm",0,1000,0
"E3","V3A",12104,">8 cm",988,1000,0.988
"E3","V3A",12105,"<2 cm",12,1000,0.012
"E3","V3A",12105,"2-4 cm",0,1000,0
"E3","V3A",12105,"4-6 cm",0,1000,0
"E3","V3A",12105,"6-8 cm",0,1000,0
"E3","V3A",12105,">8 cm",988,1000,0.988
"E3","V3A",12106,"<2 cm",12,1000,0.012
"E3","V3A",12106,"2-4 cm",0,1000,0
"E3","V3A",12106,"4-6 cm",0,1000,0
"E3","V3A",12106,"6-8 cm",0,1000,0
"E3","V3A",12106,">8 cm",988,1000,0.988
"E3","V3A",12107,"<2 cm",12,1000,0.012
"E3","V3A",12107,"2-4 cm",0,1000,0
"E3","V3A",12107,"4-6 cm",0,1000,0
"E3","V3A",12107,"6-8 cm",0,1000,0
"E3","V3A",12107,">8 cm",988,1000,0.988
"E3","V3A",12108,"<2 cm",12,1000,0.012
"E3","V3A",12108,"2-4 cm",0,1000,0
"E3","V3A",12108,"4-6 cm",0,1000,0
"E3","V3A",12108,"6-8 cm",0,1000,0
"E3","V3A",12108,">8 cm",988,1000,0.988
"E3","V3A",12109,"<2 cm",12,1000,0.012
"E3","V3A",12109,"2-4 cm",0,1000,0
"E3","V3A",12109,"4-6 cm",0,1000,0
"E3","V3A",12109,"6-8 cm",0,1000,0
"E3","V3A",12109,">8 cm",988,1000,0.988
"E3","V3A",12110,"<2 cm",8,1000,0.008
"E3","V3A",12110,"2-4 cm",0,1000,0
"E3","V3A",12110,"4-6 cm",0,1000,0
"E3","V3A",12110,"6-8 cm",0,1000,0
"E3","V3A",12110,">8 cm",992,1000,0.992
"E3","V3A",13101,"<2 cm",297,2250,0.132
"E3","V3A",13101,"2-4 cm",612,2250,0.272
"E3","V3A",13101,"4-6 cm",189,2250,0.084
"E3","V3A",13101,"6-8 cm",36,2250,0.016
"E3","V3A",13101,">8 cm",1116,2250,0.496
"E3","V3A",13102,"<2 cm",140,1000,0.14
"E3","V3A",13102,"2-4 cm",272,1000,0.272
"E3","V3A",13102,"4-6 cm",84,1000,0.084
"E3","V3A",13102,"6-8 cm",20,1000,0.02
"E3","V3A",13102,">8 cm",484,1000,0.484
"E3","V3A",13103,"<2 cm",144,1000,0.144
"E3","V3A",13103,"2-4 cm",284,1000,0.284
"E3","V3A",13103,"4-6 cm",88,1000,0.088
"E3","V3A",13103,"6-8 cm",32,1000,0.032
"E3","V3A",13103,">8 cm",452,1000,0.452
"E3","V3A",13104,"<2 cm",152,1000,0.152
"E3","V3A",13104,"2-4 cm",260,1000,0.26
"E3","V3A",13104,"4-6 cm",84,1000,0.084
"E3","V3A",13104,"6-8 cm",16,1000,0.016
"E3","V3A",13104,">8 cm",488,1000,0.488
"E3","V3A",13105,"<2 cm",144,1000,0.144
"E3","V3A",13105,"2-4 cm",316,1000,0.316
"E3","V3A",13105,"4-6 cm",68,1000,0.068
"E3","V3A",13105,"6-8 cm",24,1000,0.024
"E3","V3A",13105,">8 cm",448,1000,0.448
"E3","V3A",13106,"<2 cm",140,1000,0.14
"E3","V3A",13106,"2-4 cm",268,1000,0.268
"E3","V3A",13106,"4-6 cm",92,1000,0.092
"E3","V3A",13106,"6-8 cm",12,1000,0.012
"E3","V3A",13106,">8 cm",488,1000,0.488
"E3","V3A",13107,"<2 cm",144,1000,0.144
"E3","V3A",13107,"2-4 cm",284,1000,0.284
"E3","V3A",13107,"4-6 cm",104,1000,0.104
"E3","V3A",13107,"6-8 cm",16,1000,0.016
"E3","V3A",13107,">8 cm",452,1000,0.452
"E3","V3A",13108,"<2 cm",156,1000,0.156
"E3","V3A",13108,"2-4 cm",264,1000,0.264
"E3","V3A",13108,"4-6 cm",96,1000,0.096
"E3","V3A",13108,"6-8 cm",20,1000,0.02
"E3","V3A",13108,">8 cm",464,1000,0.464
"E3","V3A",13109,"<2 cm",172,1000,0.172
"E3","V3A",13109,"2-4 cm",228,1000,0.228
"E3","V3A",13109,"4-6 cm",68,1000,0.068
"E3","V3A",13109,"6-8 cm",20,1000,0.02
"E3","V3A",13109,">8 cm",512,1000,0.512
"E3","V3A",13110,"<2 cm",160,1000,0.16
"E3","V3A",13110,"2-4 cm",288,1000,0.288
"E3","V3A",13110,"4-6 cm",88,1000,0.088
"E3","V3A",13110,"6-8 cm",16,1000,0.016
"E3","V3A",13110,">8 cm",448,1000,0.448
"E3","V3A",14101,"<2 cm",2169,2250,0.964
"E3","V3A",14101,"2-4 cm",0,2250,0
"E3","V3A",14101,"4-6 cm",0,2250,0
"E3","V3A",14101,"6-8 cm",0,2250,0
"E3","V3A",14101,">8 cm",81,2250,0.036
"E3","V3A",14102,"<2 cm",964,1000,0.964
"E3","V3A",14102,"2-4 cm",0,1000,0
"E3","V3A",14102,"4-6 cm",0,1000,0
"E3","V3A",14102,"6-8 cm",0,1000,0
"E3","V3A",14102,">8 cm",36,1000,0.036
"E3","V3A",14103,"<2 cm",964,1000,0.964
"E3","V3A",14103,"2-4 cm",0,1000,0
"E3","V3A",14103,"4-6 cm",0,1000,0
"E3","V3A",14103,"6-8 cm",0,1000,0
"E3","V3A",14103,">8 cm",36,1000,0.036
"E3","V3A",14104,"<2 cm",964,1000,0.964
"E3","V3A",14104,"2-4 cm",0,1000,0
"E3","V3A",14104,"4-6 cm",0,1000,0
"E3","V3A",14104,"6-8 cm",0,1000,0
"E3","V3A",14104,">8 cm",36,1000,0.036
"E3","V3A",14105,"<2 cm",964,1000,0.964
"E3","V3A",14105,"2-4 cm",0,1000,0
"E3","V3A",14105,"4-6 cm",0,1000,0
"E3","V3A",14105,"6-8 cm",0,1000,0
"E3","V3A",14105,">8 cm",36,1000,0.036
"E3","V3A",14106,"<2 cm",964,1000,0.964
"E3","V3A",14106,"2-4 cm",0,1000,0
"E3","V3A",14106,"4-6 cm",0,1000,0
"E3","V3A",14106,"6-8 cm",0,1000,0
"E3","V3A",14106,">8 cm",36,1000,0.036
"E3","V3A",14107,"<2 cm",964,1000,0.964
"E3","V3A",14107,"2-4 cm",0,1000,0
"E3","V3A",14107,"4-6 cm",0,1000,0
"E3","V3A",14107,"6-8 cm",0,1000,0
"E3","V3A",14107,">8 cm",36,1000,0.036
"E3","V3A",14108,"<2 cm",964,1000,0.964
"E3","V3A",14108,"2-4 cm",0,1000,0
"E3","V3A",14108,"4-6 cm",0,1000,0
"E3","V3A",14108,"6-8 cm",0,1000,0
"E3","V3A",14108,">8 cm",36,1000,0.036
"E3","V3A",14109,"<2 cm",964,1000,0.964
"E3","V3A",14109,"2-4 cm",0,1000,0
"E3","V3A",14109,"4-6 cm",0,1000,0
"E3","V3A",14109,"6-8 cm",0,1000,0
"E3","V3A",14109,">8 cm",36,1000,0.036
"E3","V3A",14110,"<2 cm",964,1000,0.964
"E3","V3A",14110,"2-4 cm",0,1000,0
"E3","V3A",14110,"4-6 cm",0,1000,0
"E3","V3A",14110,"6-8 cm",0,1000,0
"E3","V3A",14110,">8 cm",36,1000,0.036
"E3","V3A",15101,"<2 cm",2250,2250,1
"E3","V3A",15101,"2-4 cm",0,2250,0
"E3","V3A",15101,"4-6 cm",0,2250,0
"E3","V3A",15101,"6-8 cm",0,2250,0
"E3","V3A",15101,">8 cm",0,2250,0
"E3","V3A",15102,"<2 cm",992,1000,0.992
"E3","V3A",15102,"2-4 cm",0,1000,0
"E3","V3A",15102,"4-6 cm",0,1000,0
"E3","V3A",15102,"6-8 cm",8,1000,0.008
"E3","V3A",15102,">8 cm",0,1000,0
"E3","V3A",15103,"<2 cm",996,1000,0.996
"E3","V3A",15103,"2-4 cm",0,1000,0
"E3","V3A",15103,"4-6 cm",0,1000,0
"E3","V3A",15103,"6-8 cm",4,1000,0.004
"E3","V3A",15103,">8 cm",0,1000,0
"E3","V3A",15104,"<2 cm",992,1000,0.992
"E3","V3A",15104,"2-4 cm",8,1000,0.008
"E3","V3A",15104,"4-6 cm",0,1000,0
"E3","V3A",15104,"6-8 cm",0,1000,0
"E3","V3A",15104,">8 cm",0,1000,0
"E3","V3A",15105,"<2 cm",992,1000,0.992
"E3","V3A",15105,"2-4 cm",4,1000,0.004
"E3","V3A",15105,"4-6 cm",4,1000,0.004
"E3","V3A",15105,"6-8 cm",0,1000,0
"E3","V3A",15105,">8 cm",0,1000,0
"E3","V3A",15106,"<2 cm",996,1000,0.996
"E3","V3A",15106,"2-4 cm",0,1000,0
"E3","V3A",15106,"4-6 cm",0,1000,0
"E3","V3A",15106,"6-8 cm",0,1000,0
"E3","V3A",15106,">8 cm",4,1000,0.004
"E3","V3A",15107,"<2 cm",996,1000,0.996
"E3","V3A",15107,"2-4 cm",0,1000,0
"E3","V3A",15107,"4-6 cm",0,1000,0
"E3","V3A",15107,"6-8 cm",4,1000,0.004
"E3","V3A",15107,">8 cm",0,1000,0
"E3","V3A",15108,"<2 cm",984,1000,0.984
"E3","V3A",15108,"2-4 cm",0,1000,0
"E3","V3A",15108,"4-6 cm",4,1000,0.004
"E3","V3A",15108,"6-8 cm",4,1000,0.004
"E3","V3A",15108,">8 cm",8,1000,0.008
"E3","V3A",15109,"<2 cm",996,1000,0.996
"E3","V3A",15109,"2-4 cm",4,1000,0.004
"E3","V3A",15109,"4-6 cm",0,1000,0
"E3","V3A",15109,"6-8 cm",0,1000,0
"E3","V3A",15109,">8 cm",0,1000,0
"E3","V3A",15110,"<2 cm",996,1000,0.996
"E3","V3A",15110,"2-4 cm",0,1000,0
"E3","V3A",15110,"4-6 cm",0,1000,0
"E3","V3A",15110,"6-8 cm",4,1000,0.004
"E3","V3A",15110,">8 cm",0,1000,0
"E3","V3A",16101,"<2 cm",1071,2250,0.476
"E3","V3A",16101,"2-4 cm",54,2250,0.024
"E3","V3A",16101,"4-6 cm",9,2250,0.004
"E3","V3A",16101,"6-8 cm",108,2250,0.048
"E3","V3A",16101,">8 cm",1008,2250,0.448
"E3","V3A",16102,"<2 cm",468,1000,0.468
"E3","V3A",16102,"2-4 cm",40,1000,0.04
"E3","V3A",16102,"4-6 cm",8,1000,0.008
"E3","V3A",16102,"6-8 cm",40,1000,0.04
"E3","V3A",16102,">8 cm",444,1000,0.444
"E3","V3A",16103,"<2 cm",460,1000,0.46
"E3","V3A",16103,"2-4 cm",32,1000,0.032
"E3","V3A",16103,"4-6 cm",4,1000,0.004
"E3","V3A",16103,"6-8 cm",68,1000,0.068
"E3","V3A",16103,">8 cm",436,1000,0.436
"E3","V3A",16104,"<2 cm",448,1000,0.448
"E3","V3A",16104,"2-4 cm",52,1000,0.052
"E3","V3A",16104,"4-6 cm",8,1000,0.008
"E3","V3A",16104,"6-8 cm",44,1000,0.044
"E3","V3A",16104,">8 cm",448,1000,0.448
"E3","V3A",16105,"<2 cm",456,1000,0.456
"E3","V3A",16105,"2-4 cm",36,1000,0.036
"E3","V3A",16105,"4-6 cm",0,1000,0
"E3","V3A",16105,"6-8 cm",48,1000,0.048
"E3","V3A",16105,">8 cm",460,1000,0.46
"E3","V3A",16106,"<2 cm",420,1000,0.42
"E3","V3A",16106,"2-4 cm",52,1000,0.052
"E3","V3A",16106,"4-6 cm",8,1000,0.008
"E3","V3A",16106,"6-8 cm",36,1000,0.036
"E3","V3A",16106,">8 cm",484,1000,0.484
"E3","V3A",16107,"<2 cm",496,1000,0.496
"E3","V3A",16107,"2-4 cm",60,1000,0.06
"E3","V3A",16107,"4-6 cm",4,1000,0.004
"E3","V3A",16107,"6-8 cm",36,1000,0.036
"E3","V3A",16107,">8 cm",404,1000,0.404
"E3","V3A",16108,"<2 cm",472,1000,0.472
"E3","V3A",16108,"2-4 cm",40,1000,0.04
"E3","V3A",16108,"4-6 cm",4,1000,0.004
"E3","V3A",16108,"6-8 cm",48,1000,0.048
"E3","V3A",16108,">8 cm",436,1000,0.436
"E3","V3A",16109,"<2 cm",432,1000,0.432
"E3","V3A",16109,"2-4 cm",48,1000,0.048
"E3","V3A",16109,"4-6 cm",4,1000,0.004
"E3","V3A",16109,"6-8 cm",52,1000,0.052
"E3","V3A",16109,">8 cm",464,1000,0.464
"E3","V3A",16110,"<2 cm",420,1000,0.42
"E3","V3A",16110,"2-4 cm",32,1000,0.032
"E3","V3A",16110,"4-6 cm",0,1000,0
"E3","V3A",16110,"6-8 cm",40,1000,0.04
"E3","V3A",16110,">8 cm",508,1000,0.508
"E3","V3A",17101,"<2 cm",1881,2250,0.836
"E3","V3A",17101,"2-4 cm",27,2250,0.012
"E3","V3A",17101,"4-6 cm",81,2250,0.036
"E3","V3A",17101,"6-8 cm",117,2250,0.052
"E3","V3A",17101,">8 cm",144,2250,0.064
"E3","V3A",17102,"<2 cm",800,1000,0.8
"E3","V3A",17102,"2-4 cm",8,1000,0.008
"E3","V3A",17102,"4-6 cm",48,1000,0.048
"E3","V3A",17102,"6-8 cm",56,1000,0.056
"E3","V3A",17102,">8 cm",88,1000,0.088
"E3","V3A",17103,"<2 cm",844,1000,0.844
"E3","V3A",17103,"2-4 cm",4,1000,0.004
"E3","V3A",17103,"4-6 cm",36,1000,0.036
"E3","V3A",17103,"6-8 cm",48,1000,0.048
"E3","V3A",17103,">8 cm",68,1000,0.068
"E3","V3A",17104,"<2 cm",820,1000,0.82
"E3","V3A",17104,"2-4 cm",4,1000,0.004
"E3","V3A",17104,"4-6 cm",20,1000,0.02
"E3","V3A",17104,"6-8 cm",68,1000,0.068
"E3","V3A",17104,">8 cm",88,1000,0.088
"E3","V3A",17105,"<2 cm",856,1000,0.856
"E3","V3A",17105,"2-4 cm",0,1000,0
"E3","V3A",17105,"4-6 cm",36,1000,0.036
"E3","V3A",17105,"6-8 cm",44,1000,0.044
"E3","V3A",17105,">8 cm",64,1000,0.064
"E3","V3A",17106,"<2 cm",848,1000,0.848
"E3","V3A",17106,"2-4 cm",4,1000,0.004
"E3","V3A",17106,"4-6 cm",28,1000,0.028
"E3","V3A",17106,"6-8 cm",52,1000,0.052
"E3","V3A",17106,">8 cm",68,1000,0.068
"E3","V3A",17107,"<2 cm",868,1000,0.868
"E3","V3A",17107,"2-4 cm",12,1000,0.012
"E3","V3A",17107,"4-6 cm",16,1000,0.016
"E3","V3A",17107,"6-8 cm",52,1000,0.052
"E3","V3A",17107,">8 cm",52,1000,0.052
"E3","V3A",17108,"<2 cm",812,1000,0.812
"E3","V3A",17108,"2-4 cm",4,1000,0.004
"E3","V3A",17108,"4-6 cm",24,1000,0.024
"E3","V3A",17108,"6-8 cm",72,1000,0.072
"E3","V3A",17108,">8 cm",88,1000,0.088
"E3","V3A",17109,"<2 cm",864,1000,0.864
"E3","V3A",17109,"2-4 cm",0,1000,0
"E3","V3A",17109,"4-6 cm",20,1000,0.02
"E3","V3A",17109,"6-8 cm",56,1000,0.056
"E3","V3A",17109,">8 cm",60,1000,0.06
"E3","V3A",17110,"<2 cm",796,1000,0.796
"E3","V3A",17110,"2-4 cm",12,1000,0.012
"E3","V3A",17110,"4-6 cm",32,1000,0.032
"E3","V3A",17110,"6-8 cm",44,1000,0.044
"E3","V3A",17110,">8 cm",116,1000,0.116
"E3","V3A",18101,"<2 cm",2196,2250,0.976
"E3","V3A",18101,"2-4 cm",0,2250,0
"E3","V3A",18101,"4-6 cm",0,2250,0
"E3","V3A",18101,"6-8 cm",0,2250,0
"E3","V3A",18101,">8 cm",54,2250,0.024
"E3","V3A",18102,"<2 cm",976,1000,0.976
"E3","V3A",18102,"2-4 cm",0,1000,0
"E3","V3A",18102,"4-6 cm",4,1000,0.004
"E3","V3A",18102,"6-8 cm",0,1000,0
"E3","V3A",18102,">8 cm",20,1000,0.02
"E3","V3A",18103,"<2 cm",976,1000,0.976
"E3","V3A",18103,"2-4 cm",0,1000,0
"E3","V3A",18103,"4-6 cm",4,1000,0.004
"E3","V3A",18103,"6-8 cm",0,1000,0
"E3","V3A",18103,">8 cm",20,1000,0.02
"E3","V3A",18104,"<2 cm",976,1000,0.976
"E3","V3A",18104,"2-4 cm",0,1000,0
"E3","V3A",18104,"4-6 cm",4,1000,0.004
"E3","V3A",18104,"6-8 cm",0,1000,0
"E3","V3A",18104,">8 cm",20,1000,0.02
"E3","V3A",18105,"<2 cm",976,1000,0.976
"E3","V3A",18105,"2-4 cm",0,1000,0
"E3","V3A",18105,"4-6 cm",4,1000,0.004
"E3","V3A",18105,"6-8 cm",0,1000,0
"E3","V3A",18105,">8 cm",20,1000,0.02
"E3","V3A",18106,"<2 cm",976,1000,0.976
"E3","V3A",18106,"2-4 cm",0,1000,0
"E3","V3A",18106,"4-6 cm",4,1000,0.004
"E3","V3A",18106,"6-8 cm",0,1000,0
"E3","V3A",18106,">8 cm",20,1000,0.02
"E3","V3A",18107,"<2 cm",972,1000,0.972
"E3","V3A",18107,"2-4 cm",4,1000,0.004
"E3","V3A",18107,"4-6 cm",0,1000,0
"E3","V3A",18107,"6-8 cm",0,1000,0
"E3","V3A",18107,">8 cm",24,1000,0.024
"E3","V3A",18108,"<2 cm",980,1000,0.98
"E3","V3A",18108,"2-4 cm",0,1000,0
"E3","V3A",18108,"4-6 cm",0,1000,0
"E3","V3A",18108,"6-8 cm",0,1000,0
"E3","V3A",18108,">8 cm",20,1000,0.02
"E3","V3A",18109,"<2 cm",976,1000,0.976
"E3","V3A",18109,"2-4 cm",0,1000,0
"E3","V3A",18109,"4-6 cm",0,1000,0
"E3","V3A",18109,"6-8 cm",0,1000,0
"E3","V3A",18109,">8 cm",24,1000,0.024
"E3","V3A",18110,"<2 cm",976,1000,0.976
"E3","V3A",18110,"2-4 cm",0,1000,0
"E3","V3A",18110,"4-6 cm",0,1000,0
"E3","V3A",18110,"6-8 cm",0,1000,0
"E3","V3A",18110,">8 cm",24,1000,0.024
"E3","V3A",19101,"<2 cm",2088,2250,0.928
"E3","V3A",19101,"2-4 cm",0,2250,0
"E3","V3A",19101,"4-6 cm",0,2250,0
"E3","V3A",19101,"6-8 cm",0,2250,0
"E3","V3A",19101,">8 cm",162,2250,0.072
"E3","V3A",19102,"<2 cm",928,1000,0.928
"E3","V3A",19102,"2-4 cm",0,1000,0
"E3","V3A",19102,"4-6 cm",0,1000,0
"E3","V3A",19102,"6-8 cm",0,1000,0
"E3","V3A",19102,">8 cm",72,1000,0.072
"E3","V3A",19103,"<2 cm",924,1000,0.924
"E3","V3A",19103,"2-4 cm",0,1000,0
"E3","V3A",19103,"4-6 cm",0,1000,0
"E3","V3A",19103,"6-8 cm",0,1000,0
"E3","V3A",19103,">8 cm",76,1000,0.076
"E3","V3A",19104,"<2 cm",920,1000,0.92
"E3","V3A",19104,"2-4 cm",4,1000,0.004
"E3","V3A",19104,"4-6 cm",0,1000,0
"E3","V3A",19104,"6-8 cm",0,1000,0
"E3","V3A",19104,">8 cm",76,1000,0.076
"E3","V3A",19105,"<2 cm",928,1000,0.928
"E3","V3A",19105,"2-4 cm",0,1000,0
"E3","V3A",19105,"4-6 cm",0,1000,0
"E3","V3A",19105,"6-8 cm",0,1000,0
"E3","V3A",19105,">8 cm",72,1000,0.072
"E3","V3A",19106,"<2 cm",924,1000,0.924
"E3","V3A",19106,"2-4 cm",0,1000,0
"E3","V3A",19106,"4-6 cm",0,1000,0
"E3","V3A",19106,"6-8 cm",0,1000,0
"E3","V3A",19106,">8 cm",76,1000,0.076
"E3","V3A",19107,"<2 cm",920,1000,0.92
"E3","V3A",19107,"2-4 cm",0,1000,0
"E3","V3A",19107,"4-6 cm",0,1000,0
"E3","V3A",19107,"6-8 cm",0,1000,0
"E3","V3A",19107,">8 cm",80,1000,0.08
"E3","V3A",19108,"<2 cm",924,1000,0.924
"E3","V3A",19108,"2-4 cm",0,1000,0
"E3","V3A",19108,"4-6 cm",0,1000,0
"E3","V3A",19108,"6-8 cm",0,1000,0
"E3","V3A",19108,">8 cm",76,1000,0.076
"E3","V3A",19109,"<2 cm",920,1000,0.92
"E3","V3A",19109,"2-4 cm",0,1000,0
"E3","V3A",19109,"4-6 cm",0,1000,0
"E3","V3A",19109,"6-8 cm",0,1000,0
"E3","V3A",19109,">8 cm",80,1000,0.08
"E3","V3A",19110,"<2 cm",920,1000,0.92
"E3","V3A",19110,"2-4 cm",0,1000,0
"E3","V3A",19110,"4-6 cm",0,1000,0
"E3","V3A",19110,"6-8 cm",0,1000,0
"E3","V3A",19110,">8 cm",80,1000,0.08
"E3","V3A",20101,"<2 cm",1926,2250,0.856
"E3","V3A",20101,"2-4 cm",0,2250,0
"E3","V3A",20101,"4-6 cm",0,2250,0
"E3","V3A",20101,"6-8 cm",0,2250,0
"E3","V3A",20101,">8 cm",324,2250,0.144
"E3","V3A",20102,"<2 cm",844,1000,0.844
"E3","V3A",20102,"2-4 cm",0,1000,0
"E3","V3A",20102,"4-6 cm",0,1000,0
"E3","V3A",20102,"6-8 cm",0,1000,0
"E3","V3A",20102,">8 cm",156,1000,0.156
"E3","V3A",20103,"<2 cm",860,1000,0.86
"E3","V3A",20103,"2-4 cm",0,1000,0
"E3","V3A",20103,"4-6 cm",0,1000,0
"E3","V3A",20103,"6-8 cm",0,1000,0
"E3","V3A",20103,">8 cm",140,1000,0.14
"E3","V3A",20104,"<2 cm",852,1000,0.852
"E3","V3A",20104,"2-4 cm",0,1000,0
"E3","V3A",20104,"4-6 cm",0,1000,0
"E3","V3A",20104,"6-8 cm",4,1000,0.004
"E3","V3A",20104,">8 cm",144,1000,0.144
"E3","V3A",20105,"<2 cm",856,1000,0.856
"E3","V3A",20105,"2-4 cm",0,1000,0
"E3","V3A",20105,"4-6 cm",0,1000,0
"E3","V3A",20105,"6-8 cm",0,1000,0
"E3","V3A",20105,">8 cm",144,1000,0.144
"E3","V3A",20106,"<2 cm",852,1000,0.852
"E3","V3A",20106,"2-4 cm",0,1000,0
"E3","V3A",20106,"4-6 cm",0,1000,0
"E3","V3A",20106,"6-8 cm",0,1000,0
"E3","V3A",20106,">8 cm",148,1000,0.148
"E3","V3A",20107,"<2 cm",852,1000,0.852
"E3","V3A",20107,"2-4 cm",0,1000,0
"E3","V3A",20107,"4-6 cm",0,1000,0
"E3","V3A",20107,"6-8 cm",4,1000,0.004
"E3","V3A",20107,">8 cm",144,1000,0.144
"E3","V3A",20108,"<2 cm",836,1000,0.836
"E3","V3A",20108,"2-4 cm",0,1000,0
"E3","V3A",20108,"4-6 cm",0,1000,0
"E3","V3A",20108,"6-8 cm",0,1000,0
"E3","V3A",20108,">8 cm",164,1000,0.164
"E3","V3A",20109,"<2 cm",844,1000,0.844
"E3","V3A",20109,"2-4 cm",0,1000,0
"E3","V3A",20109,"4-6 cm",0,1000,0
"E3","V3A",20109,"6-8 cm",4,1000,0.004
"E3","V3A",20109,">8 cm",152,1000,0.152
"E3","V3A",20110,"<2 cm",852,1000,0.852
"E3","V3A",20110,"2-4 cm",0,1000,0
"E3","V3A",20110,"4-6 cm",0,1000,0
"E3","V3A",20110,"6-8 cm",0,1000,0
"E3","V3A",20110,">8 cm",148,1000,0.148
"E3","V3A",21101,"<2 cm",45,2250,0.02
"E3","V3A",21101,"2-4 cm",0,2250,0
"E3","V3A",21101,"4-6 cm",0,2250,0
"E3","V3A",21101,"6-8 cm",0,2250,0
"E3","V3A",21101,">8 cm",2205,2250,0.98
"E3","V3A",21102,"<2 cm",20,1000,0.02
"E3","V3A",21102,"2-4 cm",0,1000,0
"E3","V3A",21102,"4-6 cm",4,1000,0.004
"E3","V3A",21102,"6-8 cm",4,1000,0.004
"E3","V3A",21102,">8 cm",972,1000,0.972
"E3","V3A",21103,"<2 cm",16,1000,0.016
"E3","V3A",21103,"2-4 cm",0,1000,0
"E3","V3A",21103,"4-6 cm",4,1000,0.004
"E3","V3A",21103,"6-8 cm",0,1000,0
"E3","V3A",21103,">8 cm",980,1000,0.98
"E3","V3A",21104,"<2 cm",16,1000,0.016
"E3","V3A",21104,"2-4 cm",0,1000,0
"E3","V3A",21104,"4-6 cm",4,1000,0.004
"E3","V3A",21104,"6-8 cm",0,1000,0
"E3","V3A",21104,">8 cm",980,1000,0.98
"E3","V3A",21105,"<2 cm",16,1000,0.016
"E3","V3A",21105,"2-4 cm",4,1000,0.004
"E3","V3A",21105,"4-6 cm",0,1000,0
"E3","V3A",21105,"6-8 cm",0,1000,0
"E3","V3A",21105,">8 cm",980,1000,0.98
"E3","V3A",21106,"<2 cm",20,1000,0.02
"E3","V3A",21106,"2-4 cm",0,1000,0
"E3","V3A",21106,"4-6 cm",0,1000,0
"E3","V3A",21106,"6-8 cm",4,1000,0.004
"E3","V3A",21106,">8 cm",976,1000,0.976
"E3","V3A",21107,"<2 cm",20,1000,0.02
"E3","V3A",21107,"2-4 cm",0,1000,0
"E3","V3A",21107,"4-6 cm",0,1000,0
"E3","V3A",21107,"6-8 cm",4,1000,0.004
"E3","V3A",21107,">8 cm",976,1000,0.976
"E3","V3A",21108,"<2 cm",20,1000,0.02
"E3","V3A",21108,"2-4 cm",4,1000,0.004
"E3","V3A",21108,"4-6 cm",4,1000,0.004
"E3","V3A",21108,"6-8 cm",4,1000,0.004
"E3","V3A",21108,">8 cm",968,1000,0.968
"E3","V3A",21109,"<2 cm",20,1000,0.02
"E3","V3A",21109,"2-4 cm",0,1000,0
"E3","V3A",21109,"4-6 cm",4,1000,0.004
"E3","V3A",21109,"6-8 cm",0,1000,0
"E3","V3A",21109,">8 cm",976,1000,0.976
"E3","V3A",21110,"<2 cm",24,1000,0.024
"E3","V3A",21110,"2-4 cm",0,1000,0
"E3","V3A",21110,"4-6 cm",0,1000,0
"E3","V3A",21110,"6-8 cm",0,1000,0
"E3","V3A",21110,">8 cm",976,1000,0.976
"E3","V3A",22101,"<2 cm",2205,2250,0.98
"E3","V3A",22101,"2-4 cm",0,2250,0
"E3","V3A",22101,"4-6 cm",0,2250,0
"E3","V3A",22101,"6-8 cm",0,2250,0
"E3","V3A",22101,">8 cm",45,2250,0.02
"E3","V3A",22102,"<2 cm",984,1000,0.984
"E3","V3A",22102,"2-4 cm",0,1000,0
"E3","V3A",22102,"4-6 cm",0,1000,0
"E3","V3A",22102,"6-8 cm",0,1000,0
"E3","V3A",22102,">8 cm",16,1000,0.016
"E3","V3A",22103,"<2 cm",980,1000,0.98
"E3","V3A",22103,"2-4 cm",4,1000,0.004
"E3","V3A",22103,"4-6 cm",0,1000,0
"E3","V3A",22103,"6-8 cm",0,1000,0
"E3","V3A",22103,">8 cm",16,1000,0.016
"E3","V3A",22104,"<2 cm",984,1000,0.984
"E3","V3A",22104,"2-4 cm",4,1000,0.004
"E3","V3A",22104,"4-6 cm",0,1000,0
"E3","V3A",22104,"6-8 cm",0,1000,0
"E3","V3A",22104,">8 cm",12,1000,0.012
"E3","V3A",22105,"<2 cm",980,1000,0.98
"E3","V3A",22105,"2-4 cm",0,1000,0
"E3","V3A",22105,"4-6 cm",0,1000,0
"E3","V3A",22105,"6-8 cm",0,1000,0
"E3","V3A",22105,">8 cm",20,1000,0.02
"E3","V3A",22106,"<2 cm",980,1000,0.98
"E3","V3A",22106,"2-4 cm",4,1000,0.004
"E3","V3A",22106,"4-6 cm",0,1000,0
"E3","V3A",22106,"6-8 cm",0,1000,0
"E3","V3A",22106,">8 cm",16,1000,0.016
"E3","V3A",22107,"<2 cm",980,1000,0.98
"E3","V3A",22107,"2-4 cm",0,1000,0
"E3","V3A",22107,"4-6 cm",0,1000,0
"E3","V3A",22107,"6-8 cm",0,1000,0
"E3","V3A",22107,">8 cm",20,1000,0.02
"E3","V3A",22108,"<2 cm",980,1000,0.98
"E3","V3A",22108,"2-4 cm",0,1000,0
"E3","V3A",22108,"4-6 cm",0,1000,0
"E3","V3A",22108,"6-8 cm",0,1000,0
"E3","V3A",22108,">8 cm",20,1000,0.02
"E3","V3A",22109,"<2 cm",980,1000,0.98
"E3","V3A",22109,"2-4 cm",0,1000,0
"E3","V3A",22109,"4-6 cm",0,1000,0
"E3","V3A",22109,"6-8 cm",0,1000,0
"E3","V3A",22109,">8 cm",20,1000,0.02
"E3","V3A",22110,"<2 cm",988,1000,0.988
"E3","V3A",22110,"2-4 cm",0,1000,0
"E3","V3A",22110,"4-6 cm",4,1000,0.004
"E3","V3A",22110,"6-8 cm",4,1000,0.004
"E3","V3A",22110,">8 cm",4,1000,0.004
"E3","V3A",23101,"<2 cm",63,2250,0.028
"E3","V3A",23101,"2-4 cm",0,2250,0
"E3","V3A",23101,"4-6 cm",0,2250,0
"E3","V3A",23101,"6-8 cm",0,2250,0
"E3","V3A",23101,">8 cm",2187,2250,0.972
"E3","V3A",23102,"<2 cm",28,1000,0.028
"E3","V3A",23102,"2-4 cm",0,1000,0
"E3","V3A",23102,"4-6 cm",0,1000,0
"E3","V3A",23102,"6-8 cm",0,1000,0
"E3","V3A",23102,">8 cm",972,1000,0.972
"E3","V3A",23103,"<2 cm",24,1000,0.024
"E3","V3A",23103,"2-4 cm",0,1000,0
"E3","V3A",23103,"4-6 cm",0,1000,0
"E3","V3A",23103,"6-8 cm",0,1000,0
"E3","V3A",23103,">8 cm",976,1000,0.976
"E3","V3A",23104,"<2 cm",28,1000,0.028
"E3","V3A",23104,"2-4 cm",0,1000,0
"E3","V3A",23104,"4-6 cm",0,1000,0
"E3","V3A",23104,"6-8 cm",0,1000,0
"E3","V3A",23104,">8 cm",972,1000,0.972
"E3","V3A",23105,"<2 cm",28,1000,0.028
"E3","V3A",23105,"2-4 cm",0,1000,0
"E3","V3A",23105,"4-6 cm",0,1000,0
"E3","V3A",23105,"6-8 cm",0,1000,0
"E3","V3A",23105,">8 cm",972,1000,0.972
"E3","V3A",23106,"<2 cm",32,1000,0.032
"E3","V3A",23106,"2-4 cm",0,1000,0
"E3","V3A",23106,"4-6 cm",0,1000,0
"E3","V3A",23106,"6-8 cm",0,1000,0
"E3","V3A",23106,">8 cm",968,1000,0.968
"E3","V3A",23107,"<2 cm",28,1000,0.028
"E3","V3A",23107,"2-4 cm",0,1000,0
"E3","V3A",23107,"4-6 cm",0,1000,0
"E3","V3A",23107,"6-8 cm",0,1000,0
"E3","V3A",23107,">8 cm",972,1000,0.972
"E3","V3A",23108,"<2 cm",28,1000,0.028
"E3","V3A",23108,"2-4 cm",0,1000,0
"E3","V3A",23108,"4-6 cm",0,1000,0
"E3","V3A",23108,"6-8 cm",4,1000,0.004
"E3","V3A",23108,">8 cm",968,1000,0.968
"E3","V3A",23109,"<2 cm",32,1000,0.032
"E3","V3A",23109,"2-4 cm",0,1000,0
"E3","V3A",23109,"4-6 cm",0,1000,0
"E3","V3A",23109,"6-8 cm",0,1000,0
"E3","V3A",23109,">8 cm",968,1000,0.968
"E3","V3A",23110,"<2 cm",32,1000,0.032
"E3","V3A",23110,"2-4 cm",0,1000,0
"E3","V3A",23110,"4-6 cm",0,1000,0
"E3","V3A",23110,"6-8 cm",0,1000,0
"E3","V3A",23110,">8 cm",968,1000,0.968
"E3","V3A",24101,"<2 cm",2232,2250,0.992
"E3","V3A",24101,"2-4 cm",0,2250,0
"E3","V3A",24101,"4-6 cm",0,2250,0
"E3","V3A",24101,"6-8 cm",0,2250,0
"E3","V3A",24101,">8 cm",18,2250,0.008
"E3","V3A",24102,"<2 cm",988,1000,0.988
"E3","V3A",24102,"2-4 cm",0,1000,0
"E3","V3A",24102,"4-6 cm",0,1000,0
"E3","V3A",24102,"6-8 cm",0,1000,0
"E3","V3A",24102,">8 cm",12,1000,0.012
"E3","V3A",24103,"<2 cm",988,1000,0.988
"E3","V3A",24103,"2-4 cm",0,1000,0
"E3","V3A",24103,"4-6 cm",0,1000,0
"E3","V3A",24103,"6-8 cm",0,1000,0
"E3","V3A",24103,">8 cm",12,1000,0.012
"E3","V3A",24104,"<2 cm",996,1000,0.996
"E3","V3A",24104,"2-4 cm",0,1000,0
"E3","V3A",24104,"4-6 cm",0,1000,0
"E3","V3A",24104,"6-8 cm",0,1000,0
"E3","V3A",24104,">8 cm",4,1000,0.004
"E3","V3A",24105,"<2 cm",992,1000,0.992
"E3","V3A",24105,"2-4 cm",0,1000,0
"E3","V3A",24105,"4-6 cm",0,1000,0
"E3","V3A",24105,"6-8 cm",0,1000,0
"E3","V3A",24105,">8 cm",8,1000,0.008
"E3","V3A",24106,"<2 cm",992,1000,0.992
"E3","V3A",24106,"2-4 cm",0,1000,0
"E3","V3A",24106,"4-6 cm",0,1000,0
"E3","V3A",24106,"6-8 cm",0,1000,0
"E3","V3A",24106,">8 cm",8,1000,0.008
"E3","V3A",24107,"<2 cm",992,1000,0.992
"E3","V3A",24107,"2-4 cm",0,1000,0
"E3","V3A",24107,"4-6 cm",0,1000,0
"E3","V3A",24107,"6-8 cm",0,1000,0
"E3","V3A",24107,">8 cm",8,1000,0.008
"E3","V3A",24108,"<2 cm",976,1000,0.976
"E3","V3A",24108,"2-4 cm",0,1000,0
"E3","V3A",24108,"4-6 cm",0,1000,0
"E3","V3A",24108,"6-8 cm",0,1000,0
"E3","V3A",24108,">8 cm",24,1000,0.024
"E3","V3A",24109,"<2 cm",984,1000,0.984
"E3","V3A",24109,"2-4 cm",0,1000,0
"E3","V3A",24109,"4-6 cm",0,1000,0
"E3","V3A",24109,"6-8 cm",0,1000,0
"E3","V3A",24109,">8 cm",16,1000,0.016
"E3","V3A",24110,"<2 cm",988,1000,0.988
"E3","V3A",24110,"2-4 cm",0,1000,0
"E3","V3A",24110,"4-6 cm",0,1000,0
"E3","V3A",24110,"6-8 cm",0,1000,0
"E3","V3A",24110,">8 cm",12,1000,0.012
"E3","V3A",25101,"<2 cm",99,2250,0.044
"E3","V3A",25101,"2-4 cm",0,2250,0
"E3","V3A",25101,"4-6 cm",0,2250,0
"E3","V3A",25101,"6-8 cm",0,2250,0
"E3","V3A",25101,">8 cm",2151,2250,0.956
"E3","V3A",25102,"<2 cm",44,1000,0.044
"E3","V3A",25102,"2-4 cm",0,1000,0
"E3","V3A",25102,"4-6 cm",0,1000,0
"E3","V3A",25102,"6-8 cm",0,1000,0
"E3","V3A",25102,">8 cm",956,1000,0.956
"E3","V3A",25103,"<2 cm",40,1000,0.04
"E3","V3A",25103,"2-4 cm",0,1000,0
"E3","V3A",25103,"4-6 cm",0,1000,0
"E3","V3A",25103,"6-8 cm",0,1000,0
"E3","V3A",25103,">8 cm",960,1000,0.96
"E3","V3A",25104,"<2 cm",44,1000,0.044
"E3","V3A",25104,"2-4 cm",0,1000,0
"E3","V3A",25104,"4-6 cm",0,1000,0
"E3","V3A",25104,"6-8 cm",0,1000,0
"E3","V3A",25104,">8 cm",956,1000,0.956
"E3","V3A",25105,"<2 cm",40,1000,0.04
"E3","V3A",25105,"2-4 cm",0,1000,0
"E3","V3A",25105,"4-6 cm",0,1000,0
"E3","V3A",25105,"6-8 cm",0,1000,0
"E3","V3A",25105,">8 cm",960,1000,0.96
"E3","V3A",25106,"<2 cm",28,1000,0.028
"E3","V3A",25106,"2-4 cm",0,1000,0
"E3","V3A",25106,"4-6 cm",0,1000,0
"E3","V3A",25106,"6-8 cm",4,1000,0.004
"E3","V3A",25106,">8 cm",968,1000,0.968
"E3","V3A",25107,"<2 cm",32,1000,0.032
"E3","V3A",25107,"2-4 cm",0,1000,0
"E3","V3A",25107,"4-6 cm",0,1000,0
"E3","V3A",25107,"6-8 cm",0,1000,0
"E3","V3A",25107,">8 cm",968,1000,0.968
"E3","V3A",25108,"<2 cm",36,1000,0.036
"E3","V3A",25108,"2-4 cm",0,1000,0
"E3","V3A",25108,"4-6 cm",0,1000,0
"E3","V3A",25108,"6-8 cm",0,1000,0
"E3","V3A",25108,">8 cm",964,1000,0.964
"E3","V3A",25109,"<2 cm",36,1000,0.036
"E3","V3A",25109,"2-4 cm",0,1000,0
"E3","V3A",25109,"4-6 cm",0,1000,0
"E3","V3A",25109,"6-8 cm",4,1000,0.004
"E3","V3A",25109,">8 cm",960,1000,0.96
"E3","V3A",25110,"<2 cm",40,1000,0.04
"E3","V3A",25110,"2-4 cm",0,1000,0
"E3","V3A",25110,"4-6 cm",0,1000,0
"E3","V3A",25110,"6-8 cm",0,1000,0
"E3","V3A",25110,">8 cm",960,1000,0.96
"E3","V3A",26101,"<2 cm",477,2250,0.212
"E3","V3A",26101,"2-4 cm",360,2250,0.16
"E3","V3A",26101,"4-6 cm",459,2250,0.204
"E3","V3A",26101,"6-8 cm",540,2250,0.24
"E3","V3A",26101,">8 cm",414,2250,0.184
"E3","V3A",26102,"<2 cm",208,1000,0.208
"E3","V3A",26102,"2-4 cm",156,1000,0.156
"E3","V3A",26102,"4-6 cm",192,1000,0.192
"E3","V3A",26102,"6-8 cm",216,1000,0.216
"E3","V3A",26102,">8 cm",228,1000,0.228
"E3","V3A",26103,"<2 cm",180,1000,0.18
"E3","V3A",26103,"2-4 cm",180,1000,0.18
"E3","V3A",26103,"4-6 cm",196,1000,0.196
"E3","V3A",26103,"6-8 cm",196,1000,0.196
"E3","V3A",26103,">8 cm",248,1000,0.248
"E3","V3A",26104,"<2 cm",184,1000,0.184
"E3","V3A",26104,"2-4 cm",208,1000,0.208
"E3","V3A",26104,"4-6 cm",208,1000,0.208
"E3","V3A",26104,"6-8 cm",200,1000,0.2
"E3","V3A",26104,">8 cm",200,1000,0.2
"E3","V3A",26105,"<2 cm",164,1000,0.164
"E3","V3A",26105,"2-4 cm",208,1000,0.208
"E3","V3A",26105,"4-6 cm",188,1000,0.188
"E3","V3A",26105,"6-8 cm",208,1000,0.208
"E3","V3A",26105,">8 cm",232,1000,0.232
"E3","V3A",26106,"<2 cm",188,1000,0.188
"E3","V3A",26106,"2-4 cm",160,1000,0.16
"E3","V3A",26106,"4-6 cm",160,1000,0.16
"E3","V3A",26106,"6-8 cm",244,1000,0.244
"E3","V3A",26106,">8 cm",248,1000,0.248
"E3","V3A",26107,"<2 cm",172,1000,0.172
"E3","V3A",26107,"2-4 cm",140,1000,0.14
"E3","V3A",26107,"4-6 cm",228,1000,0.228
"E3","V3A",26107,"6-8 cm",232,1000,0.232
"E3","V3A",26107,">8 cm",228,1000,0.228
"E3","V3A",26108,"<2 cm",144,1000,0.144
"E3","V3A",26108,"2-4 cm",196,1000,0.196
"E3","V3A",26108,"4-6 cm",228,1000,0.228
"E3","V3A",26108,"6-8 cm",224,1000,0.224
"E3","V3A",26108,">8 cm",208,1000,0.208
"E3","V3A",26109,"<2 cm",128,1000,0.128
"E3","V3A",26109,"2-4 cm",152,1000,0.152
"E3","V3A",26109,"4-6 cm",232,1000,0.232
"E3","V3A",26109,"6-8 cm",212,1000,0.212
"E3","V3A",26109,">8 cm",276,1000,0.276
"E3","V3A",26110,"<2 cm",176,1000,0.176
"E3","V3A",26110,"2-4 cm",172,1000,0.172
"E3","V3A",26110,"4-6 cm",280,1000,0.28
"E3","V3A",26110,"6-8 cm",172,1000,0.172
"E3","V3A",26110,">8 cm",200,1000,0.2
"E3","V3A",27101,"<2 cm",630,2250,0.28
"E3","V3A",27101,"2-4 cm",0,2250,0
"E3","V3A",27101,"4-6 cm",9,2250,0.004
"E3","V3A",27101,"6-8 cm",0,2250,0
"E3","V3A",27101,">8 cm",1611,2250,0.716
"E3","V3A",27102,"<2 cm",280,1000,0.28
"E3","V3A",27102,"2-4 cm",0,1000,0
"E3","V3A",27102,"4-6 cm",0,1000,0
"E3","V3A",27102,"6-8 cm",4,1000,0.004
"E3","V3A",27102,">8 cm",716,1000,0.716
"E3","V3A",27103,"<2 cm",260,1000,0.26
"E3","V3A",27103,"2-4 cm",0,1000,0
"E3","V3A",27103,"4-6 cm",0,1000,0
"E3","V3A",27103,"6-8 cm",0,1000,0
"E3","V3A",27103,">8 cm",740,1000,0.74
"E3","V3A",27104,"<2 cm",280,1000,0.28
"E3","V3A",27104,"2-4 cm",0,1000,0
"E3","V3A",27104,"4-6 cm",0,1000,0
"E3","V3A",27104,"6-8 cm",0,1000,0
"E3","V3A",27104,">8 cm",720,1000,0.72
"E3","V3A",27105,"<2 cm",272,1000,0.272
"E3","V3A",27105,"2-4 cm",0,1000,0
"E3","V3A",27105,"4-6 cm",0,1000,0
"E3","V3A",27105,"6-8 cm",0,1000,0
"E3","V3A",27105,">8 cm",728,1000,0.728
"E3","V3A",27106,"<2 cm",288,1000,0.288
"E3","V3A",27106,"2-4 cm",0,1000,0
"E3","V3A",27106,"4-6 cm",0,1000,0
"E3","V3A",27106,"6-8 cm",4,1000,0.004
"E3","V3A",27106,">8 cm",708,1000,0.708
"E3","V3A",27107,"<2 cm",260,1000,0.26
"E3","V3A",27107,"2-4 cm",0,1000,0
"E3","V3A",27107,"4-6 cm",0,1000,0
"E3","V3A",27107,"6-8 cm",4,1000,0.004
"E3","V3A",27107,">8 cm",736,1000,0.736
"E3","V3A",27108,"<2 cm",248,1000,0.248
"E3","V3A",27108,"2-4 cm",0,1000,0
"E3","V3A",27108,"4-6 cm",0,1000,0
"E3","V3A",27108,"6-8 cm",0,1000,0
"E3","V3A",27108,">8 cm",752,1000,0.752
"E3","V3A",27109,"<2 cm",284,1000,0.284
"E3","V3A",27109,"2-4 cm",0,1000,0
"E3","V3A",27109,"4-6 cm",0,1000,0
"E3","V3A",27109,"6-8 cm",0,1000,0
"E3","V3A",27109,">8 cm",716,1000,0.716
"E3","V3A",27110,"<2 cm",284,1000,0.284
"E3","V3A",27110,"2-4 cm",4,1000,0.004
"E3","V3A",27110,"4-6 cm",0,1000,0
"E3","V3A",27110,"6-8 cm",8,1000,0.008
"E3","V3A",27110,">8 cm",704,1000,0.704
"E3","V3A",28101,"<2 cm",1206,2250,0.536
"E3","V3A",28101,"2-4 cm",621,2250,0.276
"E3","V3A",28101,"4-6 cm",27,2250,0.012
"E3","V3A",28101,"6-8 cm",198,2250,0.088
"E3","V3A",28101,">8 cm",198,2250,0.088
"E3","V3A",28102,"<2 cm",508,1000,0.508
"E3","V3A",28102,"2-4 cm",340,1000,0.34
"E3","V3A",28102,"4-6 cm",28,1000,0.028
"E3","V3A",28102,"6-8 cm",92,1000,0.092
"E3","V3A",28102,">8 cm",32,1000,0.032
"E3","V3A",28103,"<2 cm",516,1000,0.516
"E3","V3A",28103,"2-4 cm",304,1000,0.304
"E3","V3A",28103,"4-6 cm",44,1000,0.044
"E3","V3A",28103,"6-8 cm",96,1000,0.096
"E3","V3A",28103,">8 cm",40,1000,0.04
"E3","V3A",28104,"<2 cm",536,1000,0.536
"E3","V3A",28104,"2-4 cm",324,1000,0.324
"E3","V3A",28104,"4-6 cm",40,1000,0.04
"E3","V3A",28104,"6-8 cm",72,1000,0.072
"E3","V3A",28104,">8 cm",28,1000,0.028
"E3","V3A",28105,"<2 cm",524,1000,0.524
"E3","V3A",28105,"2-4 cm",316,1000,0.316
"E3","V3A",28105,"4-6 cm",48,1000,0.048
"E3","V3A",28105,"6-8 cm",52,1000,0.052
"E3","V3A",28105,">8 cm",60,1000,0.06
"E3","V3A",28106,"<2 cm",528,1000,0.528
"E3","V3A",28106,"2-4 cm",300,1000,0.3
"E3","V3A",28106,"4-6 cm",40,1000,0.04
"E3","V3A",28106,"6-8 cm",84,1000,0.084
"E3","V3A",28106,">8 cm",48,1000,0.048
"E3","V3A",28107,"<2 cm",472,1000,0.472
"E3","V3A",28107,"2-4 cm",340,1000,0.34
"E3","V3A",28107,"4-6 cm",16,1000,0.016
"E3","V3A",28107,"6-8 cm",116,1000,0.116
"E3","V3A",28107,">8 cm",56,1000,0.056
"E3","V3A",28108,"<2 cm",552,1000,0.552
"E3","V3A",28108,"2-4 cm",284,1000,0.284
"E3","V3A",28108,"4-6 cm",20,1000,0.02
"E3","V3A",28108,"6-8 cm",96,1000,0.096
"E3","V3A",28108,">8 cm",48,1000,0.048
"E3","V3A",28109,"<2 cm",536,1000,0.536
"E3","V3A",28109,"2-4 cm",256,1000,0.256
"E3","V3A",28109,"4-6 cm",16,1000,0.016
"E3","V3A",28109,"6-8 cm",116,1000,0.116
"E3","V3A",28109,">8 cm",76,1000,0.076
"E3","V3A",28110,"<2 cm",472,1000,0.472
"E3","V3A",28110,"2-4 cm",312,1000,0.312
"E3","V3A",28110,"4-6 cm",48,1000,0.048
"E3","V3A",28110,"6-8 cm",84,1000,0.084
"E3","V3A",28110,">8 cm",84,1000,0.084
"E3","V3A",29101,"<2 cm",171,2250,0.076
"E3","V3A",29101,"2-4 cm",27,2250,0.012
"E3","V3A",29101,"4-6 cm",9,2250,0.004
"E3","V3A",29101,"6-8 cm",36,2250,0.016
"E3","V3A",29101,">8 cm",2007,2250,0.892
"E3","V3A",29102,"<2 cm",68,1000,0.068
"E3","V3A",29102,"2-4 cm",12,1000,0.012
"E3","V3A",29102,"4-6 cm",4,1000,0.004
"E3","V3A",29102,"6-8 cm",20,1000,0.02
"E3","V3A",29102,">8 cm",896,1000,0.896
"E3","V3A",29103,"<2 cm",64,1000,0.064
"E3","V3A",29103,"2-4 cm",24,1000,0.024
"E3","V3A",29103,"4-6 cm",8,1000,0.008
"E3","V3A",29103,"6-8 cm",12,1000,0.012
"E3","V3A",29103,">8 cm",892,1000,0.892
"E3","V3A",29104,"<2 cm",64,1000,0.064
"E3","V3A",29104,"2-4 cm",20,1000,0.02
"E3","V3A",29104,"4-6 cm",4,1000,0.004
"E3","V3A",29104,"6-8 cm",28,1000,0.028
"E3","V3A",29104,">8 cm",884,1000,0.884
"E3","V3A",29105,"<2 cm",60,1000,0.06
"E3","V3A",29105,"2-4 cm",24,1000,0.024
"E3","V3A",29105,"4-6 cm",4,1000,0.004
"E3","V3A",29105,"6-8 cm",20,1000,0.02
"E3","V3A",29105,">8 cm",892,1000,0.892
"E3","V3A",29106,"<2 cm",84,1000,0.084
"E3","V3A",29106,"2-4 cm",12,1000,0.012
"E3","V3A",29106,"4-6 cm",4,1000,0.004
"E3","V3A",29106,"6-8 cm",16,1000,0.016
"E3","V3A",29106,">8 cm",884,1000,0.884
"E3","V3A",29107,"<2 cm",76,1000,0.076
"E3","V3A",29107,"2-4 cm",12,1000,0.012
"E3","V3A",29107,"4-6 cm",12,1000,0.012
"E3","V3A",29107,"6-8 cm",16,1000,0.016
"E3","V3A",29107,">8 cm",884,1000,0.884
"E3","V3A",29108,"<2 cm",60,1000,0.06
"E3","V3A",29108,"2-4 cm",32,1000,0.032
"E3","V3A",29108,"4-6 cm",8,1000,0.008
"E3","V3A",29108,"6-8 cm",12,1000,0.012
"E3","V3A",29108,">8 cm",888,1000,0.888
"E3","V3A",29109,"<2 cm",72,1000,0.072
"E3","V3A",29109,"2-4 cm",16,1000,0.016
"E3","V3A",29109,"4-6 cm",12,1000,0.012
"E3","V3A",29109,"6-8 cm",12,1000,0.012
"E3","V3A",29109,">8 cm",888,1000,0.888
"E3","V3A",29110,"<2 cm",72,1000,0.072
"E3","V3A",29110,"2-4 cm",12,1000,0.012
"E3","V3A",29110,"4-6 cm",8,1000,0.008
"E3","V3A",29110,"6-8 cm",12,1000,0.012
"E3","V3A",29110,">8 cm",896,1000,0.896
"E3","V3A",30101,"<2 cm",2196,2250,0.976
"E3","V3A",30101,"2-4 cm",9,2250,0.004
"E3","V3A",30101,"4-6 cm",9,2250,0.004
"E3","V3A",30101,"6-8 cm",0,2250,0
"E3","V3A",30101,">8 cm",36,2250,0.016
"E3","V3A",30102,"<2 cm",968,1000,0.968
"E3","V3A",30102,"2-4 cm",12,1000,0.012
"E3","V3A",30102,"4-6 cm",8,1000,0.008
"E3","V3A",30102,"6-8 cm",0,1000,0
"E3","V3A",30102,">8 cm",12,1000,0.012
"E3","V3A",30103,"<2 cm",972,1000,0.972
"E3","V3A",30103,"2-4 cm",12,1000,0.012
"E3","V3A",30103,"4-6 cm",4,1000,0.004
"E3","V3A",30103,"6-8 cm",0,1000,0
"E3","V3A",30103,">8 cm",12,1000,0.012
"E3","V3A",30104,"<2 cm",964,1000,0.964
"E3","V3A",30104,"2-4 cm",8,1000,0.008
"E3","V3A",30104,"4-6 cm",4,1000,0.004
"E3","V3A",30104,"6-8 cm",0,1000,0
"E3","V3A",30104,">8 cm",24,1000,0.024
"E3","V3A",30105,"<2 cm",984,1000,0.984
"E3","V3A",30105,"2-4 cm",8,1000,0.008
"E3","V3A",30105,"4-6 cm",0,1000,0
"E3","V3A",30105,"6-8 cm",0,1000,0
"E3","V3A",30105,">8 cm",8,1000,0.008
"E3","V3A",30106,"<2 cm",968,1000,0.968
"E3","V3A",30106,"2-4 cm",12,1000,0.012
"E3","V3A",30106,"4-6 cm",0,1000,0
"E3","V3A",30106,"6-8 cm",4,1000,0.004
"E3","V3A",30106,">8 cm",16,1000,0.016
"E3","V3A",30107,"<2 cm",972,1000,0.972
"E3","V3A",30107,"2-4 cm",8,1000,0.008
"E3","V3A",30107,"4-6 cm",4,1000,0.004
"E3","V3A",30107,"6-8 cm",0,1000,0
"E3","V3A",30107,">8 cm",16,1000,0.016
"E3","V3A",30108,"<2 cm",988,1000,0.988
"E3","V3A",30108,"2-4 cm",0,1000,0
"E3","V3A",30108,"4-6 cm",0,1000,0
"E3","V3A",30108,"6-8 cm",0,1000,0
"E3","V3A",30108,">8 cm",12,1000,0.012
"E3","V3A",30109,"<2 cm",972,1000,0.972
"E3","V3A",30109,"2-4 cm",4,1000,0.004
"E3","V3A",30109,"4-6 cm",12,1000,0.012
"E3","V3A",30109,"6-8 cm",0,1000,0
"E3","V3A",30109,">8 cm",12,1000,0.012
"E3","V3A",30110,"<2 cm",972,1000,0.972
"E3","V3A",30110,"2-4 cm",8,1000,0.008
"E3","V3A",30110,"4-6 cm",0,1000,0
"E3","V3A",30110,"6-8 cm",4,1000,0.004
"E3","V3A",30110,">8 cm",16,1000,0.016
"E3","V3B",1101,"<2 cm",2232,2250,0.992
"E3","V3B",1101,"2-4 cm",9,2250,0.004
"E3","V3B",1101,"4-6 cm",0,2250,0
"E3","V3B",1101,"6-8 cm",0,2250,0
"E3","V3B",1101,">8 cm",9,2250,0.004
"E3","V3B",1102,"<2 cm",992,1000,0.992
"E3","V3B",1102,"2-4 cm",0,1000,0
"E3","V3B",1102,"4-6 cm",4,1000,0.004
"E3","V3B",1102,"6-8 cm",0,1000,0
"E3","V3B",1102,">8 cm",4,1000,0.004
"E3","V3B",1103,"<2 cm",988,1000,0.988
"E3","V3B",1103,"2-4 cm",0,1000,0
"E3","V3B",1103,"4-6 cm",0,1000,0
"E3","V3B",1103,"6-8 cm",0,1000,0
"E3","V3B",1103,">8 cm",12,1000,0.012
"E3","V3B",1104,"<2 cm",988,1000,0.988
"E3","V3B",1104,"2-4 cm",4,1000,0.004
"E3","V3B",1104,"4-6 cm",0,1000,0
"E3","V3B",1104,"6-8 cm",0,1000,0
"E3","V3B",1104,">8 cm",8,1000,0.008
"E3","V3B",1105,"<2 cm",984,1000,0.984
"E3","V3B",1105,"2-4 cm",0,1000,0
"E3","V3B",1105,"4-6 cm",4,1000,0.004
"E3","V3B",1105,"6-8 cm",0,1000,0
"E3","V3B",1105,">8 cm",12,1000,0.012
"E3","V3B",1106,"<2 cm",992,1000,0.992
"E3","V3B",1106,"2-4 cm",0,1000,0
"E3","V3B",1106,"4-6 cm",0,1000,0
"E3","V3B",1106,"6-8 cm",0,1000,0
"E3","V3B",1106,">8 cm",8,1000,0.008
"E3","V3B",1107,"<2 cm",992,1000,0.992
"E3","V3B",1107,"2-4 cm",0,1000,0
"E3","V3B",1107,"4-6 cm",0,1000,0
"E3","V3B",1107,"6-8 cm",0,1000,0
"E3","V3B",1107,">8 cm",8,1000,0.008
"E3","V3B",1108,"<2 cm",992,1000,0.992
"E3","V3B",1108,"2-4 cm",0,1000,0
"E3","V3B",1108,"4-6 cm",0,1000,0
"E3","V3B",1108,"6-8 cm",0,1000,0
"E3","V3B",1108,">8 cm",8,1000,0.008
"E3","V3B",1109,"<2 cm",988,1000,0.988
"E3","V3B",1109,"2-4 cm",0,1000,0
"E3","V3B",1109,"4-6 cm",4,1000,0.004
"E3","V3B",1109,"6-8 cm",0,1000,0
"E3","V3B",1109,">8 cm",8,1000,0.008
"E3","V3B",1110,"<2 cm",988,1000,0.988
"E3","V3B",1110,"2-4 cm",8,1000,0.008
"E3","V3B",1110,"4-6 cm",0,1000,0
"E3","V3B",1110,"6-8 cm",0,1000,0
"E3","V3B",1110,">8 cm",4,1000,0.004
"E3","V3B",2101,"<2 cm",27,2250,0.012
"E3","V3B",2101,"2-4 cm",9,2250,0.004
"E3","V3B",2101,"4-6 cm",9,2250,0.004
"E3","V3B",2101,"6-8 cm",117,2250,0.052
"E3","V3B",2101,">8 cm",2088,2250,0.928
"E3","V3B",2102,"<2 cm",8,1000,0.008
"E3","V3B",2102,"2-4 cm",12,1000,0.012
"E3","V3B",2102,"4-6 cm",8,1000,0.008
"E3","V3B",2102,"6-8 cm",56,1000,0.056
"E3","V3B",2102,">8 cm",916,1000,0.916
"E3","V3B",2103,"<2 cm",8,1000,0.008
"E3","V3B",2103,"2-4 cm",8,1000,0.008
"E3","V3B",2103,"4-6 cm",24,1000,0.024
"E3","V3B",2103,"6-8 cm",44,1000,0.044
"E3","V3B",2103,">8 cm",916,1000,0.916
"E3","V3B",2104,"<2 cm",20,1000,0.02
"E3","V3B",2104,"2-4 cm",4,1000,0.004
"E3","V3B",2104,"4-6 cm",8,1000,0.008
"E3","V3B",2104,"6-8 cm",44,1000,0.044
"E3","V3B",2104,">8 cm",924,1000,0.924
"E3","V3B",2105,"<2 cm",16,1000,0.016
"E3","V3B",2105,"2-4 cm",0,1000,0
"E3","V3B",2105,"4-6 cm",12,1000,0.012
"E3","V3B",2105,"6-8 cm",32,1000,0.032
"E3","V3B",2105,">8 cm",940,1000,0.94
"E3","V3B",2106,"<2 cm",20,1000,0.02
"E3","V3B",2106,"2-4 cm",0,1000,0
"E3","V3B",2106,"4-6 cm",12,1000,0.012
"E3","V3B",2106,"6-8 cm",64,1000,0.064
"E3","V3B",2106,">8 cm",904,1000,0.904
"E3","V3B",2107,"<2 cm",12,1000,0.012
"E3","V3B",2107,"2-4 cm",8,1000,0.008
"E3","V3B",2107,"4-6 cm",8,1000,0.008
"E3","V3B",2107,"6-8 cm",32,1000,0.032
"E3","V3B",2107,">8 cm",940,1000,0.94
"E3","V3B",2108,"<2 cm",16,1000,0.016
"E3","V3B",2108,"2-4 cm",4,1000,0.004
"E3","V3B",2108,"4-6 cm",16,1000,0.016
"E3","V3B",2108,"6-8 cm",36,1000,0.036
"E3","V3B",2108,">8 cm",928,1000,0.928
"E3","V3B",2109,"<2 cm",20,1000,0.02
"E3","V3B",2109,"2-4 cm",0,1000,0
"E3","V3B",2109,"4-6 cm",24,1000,0.024
"E3","V3B",2109,"6-8 cm",36,1000,0.036
"E3","V3B",2109,">8 cm",920,1000,0.92
"E3","V3B",2110,"<2 cm",16,1000,0.016
"E3","V3B",2110,"2-4 cm",0,1000,0
"E3","V3B",2110,"4-6 cm",12,1000,0.012
"E3","V3B",2110,"6-8 cm",40,1000,0.04
"E3","V3B",2110,">8 cm",932,1000,0.932
"E3","V3B",3101,"<2 cm",1431,2250,0.636
"E3","V3B",3101,"2-4 cm",9,2250,0.004
"E3","V3B",3101,"4-6 cm",0,2250,0
"E3","V3B",3101,"6-8 cm",81,2250,0.036
"E3","V3B",3101,">8 cm",729,2250,0.324
"E3","V3B",3102,"<2 cm",648,1000,0.648
"E3","V3B",3102,"2-4 cm",8,1000,0.008
"E3","V3B",3102,"4-6 cm",8,1000,0.008
"E3","V3B",3102,"6-8 cm",24,1000,0.024
"E3","V3B",3102,">8 cm",312,1000,0.312
"E3","V3B",3103,"<2 cm",660,1000,0.66
"E3","V3B",3103,"2-4 cm",0,1000,0
"E3","V3B",3103,"4-6 cm",8,1000,0.008
"E3","V3B",3103,"6-8 cm",12,1000,0.012
"E3","V3B",3103,">8 cm",320,1000,0.32
"E3","V3B",3104,"<2 cm",636,1000,0.636
"E3","V3B",3104,"2-4 cm",8,1000,0.008
"E3","V3B",3104,"4-6 cm",4,1000,0.004
"E3","V3B",3104,"6-8 cm",24,1000,0.024
"E3","V3B",3104,">8 cm",328,1000,0.328
"E3","V3B",3105,"<2 cm",640,1000,0.64
"E3","V3B",3105,"2-4 cm",4,1000,0.004
"E3","V3B",3105,"4-6 cm",4,1000,0.004
"E3","V3B",3105,"6-8 cm",32,1000,0.032
"E3","V3B",3105,">8 cm",320,1000,0.32
"E3","V3B",3106,"<2 cm",644,1000,0.644
"E3","V3B",3106,"2-4 cm",4,1000,0.004
"E3","V3B",3106,"4-6 cm",20,1000,0.02
"E3","V3B",3106,"6-8 cm",24,1000,0.024
"E3","V3B",3106,">8 cm",308,1000,0.308
"E3","V3B",3107,"<2 cm",644,1000,0.644
"E3","V3B",3107,"2-4 cm",12,1000,0.012
"E3","V3B",3107,"4-6 cm",4,1000,0.004
"E3","V3B",3107,"6-8 cm",8,1000,0.008
"E3","V3B",3107,">8 cm",332,1000,0.332
"E3","V3B",3108,"<2 cm",656,1000,0.656
"E3","V3B",3108,"2-4 cm",8,1000,0.008
"E3","V3B",3108,"4-6 cm",0,1000,0
"E3","V3B",3108,"6-8 cm",24,1000,0.024
"E3","V3B",3108,">8 cm",312,1000,0.312
"E3","V3B",3109,"<2 cm",660,1000,0.66
"E3","V3B",3109,"2-4 cm",16,1000,0.016
"E3","V3B",3109,"4-6 cm",0,1000,0
"E3","V3B",3109,"6-8 cm",8,1000,0.008
"E3","V3B",3109,">8 cm",316,1000,0.316
"E3","V3B",3110,"<2 cm",652,1000,0.652
"E3","V3B",3110,"2-4 cm",12,1000,0.012
"E3","V3B",3110,"4-6 cm",8,1000,0.008
"E3","V3B",3110,"6-8 cm",24,1000,0.024
"E3","V3B",3110,">8 cm",304,1000,0.304
"E3","V3B",4101,"<2 cm",2214,2250,0.984
"E3","V3B",4101,"2-4 cm",0,2250,0
"E3","V3B",4101,"4-6 cm",0,2250,0
"E3","V3B",4101,"6-8 cm",0,2250,0
"E3","V3B",4101,">8 cm",36,2250,0.016
"E3","V3B",4102,"<2 cm",984,1000,0.984
"E3","V3B",4102,"2-4 cm",0,1000,0
"E3","V3B",4102,"4-6 cm",0,1000,0
"E3","V3B",4102,"6-8 cm",0,1000,0
"E3","V3B",4102,">8 cm",16,1000,0.016
"E3","V3B",4103,"<2 cm",988,1000,0.988
"E3","V3B",4103,"2-4 cm",0,1000,0
"E3","V3B",4103,"4-6 cm",0,1000,0
"E3","V3B",4103,"6-8 cm",0,1000,0
"E3","V3B",4103,">8 cm",12,1000,0.012
"E3","V3B",4104,"<2 cm",984,1000,0.984
"E3","V3B",4104,"2-4 cm",0,1000,0
"E3","V3B",4104,"4-6 cm",0,1000,0
"E3","V3B",4104,"6-8 cm",0,1000,0
"E3","V3B",4104,">8 cm",16,1000,0.016
"E3","V3B",4105,"<2 cm",984,1000,0.984
"E3","V3B",4105,"2-4 cm",0,1000,0
"E3","V3B",4105,"4-6 cm",0,1000,0
"E3","V3B",4105,"6-8 cm",0,1000,0
"E3","V3B",4105,">8 cm",16,1000,0.016
"E3","V3B",4106,"<2 cm",984,1000,0.984
"E3","V3B",4106,"2-4 cm",0,1000,0
"E3","V3B",4106,"4-6 cm",0,1000,0
"E3","V3B",4106,"6-8 cm",0,1000,0
"E3","V3B",4106,">8 cm",16,1000,0.016
"E3","V3B",4107,"<2 cm",984,1000,0.984
"E3","V3B",4107,"2-4 cm",0,1000,0
"E3","V3B",4107,"4-6 cm",0,1000,0
"E3","V3B",4107,"6-8 cm",0,1000,0
"E3","V3B",4107,">8 cm",16,1000,0.016
"E3","V3B",4108,"<2 cm",972,1000,0.972
"E3","V3B",4108,"2-4 cm",0,1000,0
"E3","V3B",4108,"4-6 cm",0,1000,0
"E3","V3B",4108,"6-8 cm",0,1000,0
"E3","V3B",4108,">8 cm",28,1000,0.028
"E3","V3B",4109,"<2 cm",980,1000,0.98
"E3","V3B",4109,"2-4 cm",0,1000,0
"E3","V3B",4109,"4-6 cm",0,1000,0
"E3","V3B",4109,"6-8 cm",0,1000,0
"E3","V3B",4109,">8 cm",20,1000,0.02
"E3","V3B",4110,"<2 cm",984,1000,0.984
"E3","V3B",4110,"2-4 cm",0,1000,0
"E3","V3B",4110,"4-6 cm",0,1000,0
"E3","V3B",4110,"6-8 cm",0,1000,0
"E3","V3B",4110,">8 cm",16,1000,0.016
"E3","V3B",5101,"<2 cm",2187,2250,0.972
"E3","V3B",5101,"2-4 cm",18,2250,0.008
"E3","V3B",5101,"4-6 cm",0,2250,0
"E3","V3B",5101,"6-8 cm",0,2250,0
"E3","V3B",5101,">8 cm",45,2250,0.02
"E3","V3B",5102,"<2 cm",984,1000,0.984
"E3","V3B",5102,"2-4 cm",0,1000,0
"E3","V3B",5102,"4-6 cm",0,1000,0
"E3","V3B",5102,"6-8 cm",8,1000,0.008
"E3","V3B",5102,">8 cm",8,1000,0.008
"E3","V3B",5103,"<2 cm",980,1000,0.98
"E3","V3B",5103,"2-4 cm",8,1000,0.008
"E3","V3B",5103,"4-6 cm",0,1000,0
"E3","V3B",5103,"6-8 cm",0,1000,0
"E3","V3B",5103,">8 cm",12,1000,0.012
"E3","V3B",5104,"<2 cm",988,1000,0.988
"E3","V3B",5104,"2-4 cm",4,1000,0.004
"E3","V3B",5104,"4-6 cm",0,1000,0
"E3","V3B",5104,"6-8 cm",4,1000,0.004
"E3","V3B",5104,">8 cm",4,1000,0.004
"E3","V3B",5105,"<2 cm",980,1000,0.98
"E3","V3B",5105,"2-4 cm",12,1000,0.012
"E3","V3B",5105,"4-6 cm",0,1000,0
"E3","V3B",5105,"6-8 cm",4,1000,0.004
"E3","V3B",5105,">8 cm",4,1000,0.004
"E3","V3B",5106,"<2 cm",976,1000,0.976
"E3","V3B",5106,"2-4 cm",8,1000,0.008
"E3","V3B",5106,"4-6 cm",8,1000,0.008
"E3","V3B",5106,"6-8 cm",0,1000,0
"E3","V3B",5106,">8 cm",8,1000,0.008
"E3","V3B",5107,"<2 cm",980,1000,0.98
"E3","V3B",5107,"2-4 cm",8,1000,0.008
"E3","V3B",5107,"4-6 cm",4,1000,0.004
"E3","V3B",5107,"6-8 cm",0,1000,0
"E3","V3B",5107,">8 cm",8,1000,0.008
"E3","V3B",5108,"<2 cm",976,1000,0.976
"E3","V3B",5108,"2-4 cm",4,1000,0.004
"E3","V3B",5108,"4-6 cm",0,1000,0
"E3","V3B",5108,"6-8 cm",0,1000,0
"E3","V3B",5108,">8 cm",20,1000,0.02
"E3","V3B",5109,"<2 cm",972,1000,0.972
"E3","V3B",5109,"2-4 cm",16,1000,0.016
"E3","V3B",5109,"4-6 cm",4,1000,0.004
"E3","V3B",5109,"6-8 cm",0,1000,0
"E3","V3B",5109,">8 cm",8,1000,0.008
"E3","V3B",5110,"<2 cm",980,1000,0.98
"E3","V3B",5110,"2-4 cm",12,1000,0.012
"E3","V3B",5110,"4-6 cm",0,1000,0
"E3","V3B",5110,"6-8 cm",0,1000,0
"E3","V3B",5110,">8 cm",8,1000,0.008
"E3","V3B",6101,"<2 cm",2043,2250,0.908
"E3","V3B",6101,"2-4 cm",9,2250,0.004
"E3","V3B",6101,"4-6 cm",9,2250,0.004
"E3","V3B",6101,"6-8 cm",0,2250,0
"E3","V3B",6101,">8 cm",189,2250,0.084
"E3","V3B",6102,"<2 cm",896,1000,0.896
"E3","V3B",6102,"2-4 cm",12,1000,0.012
"E3","V3B",6102,"4-6 cm",0,1000,0
"E3","V3B",6102,"6-8 cm",0,1000,0
"E3","V3B",6102,">8 cm",92,1000,0.092
"E3","V3B",6103,"<2 cm",908,1000,0.908
"E3","V3B",6103,"2-4 cm",12,1000,0.012
"E3","V3B",6103,"4-6 cm",0,1000,0
"E3","V3B",6103,"6-8 cm",0,1000,0
"E3","V3B",6103,">8 cm",80,1000,0.08
"E3","V3B",6104,"<2 cm",912,1000,0.912
"E3","V3B",6104,"2-4 cm",8,1000,0.008
"E3","V3B",6104,"4-6 cm",0,1000,0
"E3","V3B",6104,"6-8 cm",0,1000,0
"E3","V3B",6104,">8 cm",80,1000,0.08
"E3","V3B",6105,"<2 cm",900,1000,0.9
"E3","V3B",6105,"2-4 cm",4,1000,0.004
"E3","V3B",6105,"4-6 cm",0,1000,0
"E3","V3B",6105,"6-8 cm",12,1000,0.012
"E3","V3B",6105,">8 cm",84,1000,0.084
"E3","V3B",6106,"<2 cm",904,1000,0.904
"E3","V3B",6106,"2-4 cm",12,1000,0.012
"E3","V3B",6106,"4-6 cm",0,1000,0
"E3","V3B",6106,"6-8 cm",4,1000,0.004
"E3","V3B",6106,">8 cm",80,1000,0.08
"E3","V3B",6107,"<2 cm",904,1000,0.904
"E3","V3B",6107,"2-4 cm",8,1000,0.008
"E3","V3B",6107,"4-6 cm",8,1000,0.008
"E3","V3B",6107,"6-8 cm",0,1000,0
"E3","V3B",6107,">8 cm",80,1000,0.08
"E3","V3B",6108,"<2 cm",896,1000,0.896
"E3","V3B",6108,"2-4 cm",8,1000,0.008
"E3","V3B",6108,"4-6 cm",0,1000,0
"E3","V3B",6108,"6-8 cm",0,1000,0
"E3","V3B",6108,">8 cm",96,1000,0.096
"E3","V3B",6109,"<2 cm",908,1000,0.908
"E3","V3B",6109,"2-4 cm",8,1000,0.008
"E3","V3B",6109,"4-6 cm",0,1000,0
"E3","V3B",6109,"6-8 cm",0,1000,0
"E3","V3B",6109,">8 cm",84,1000,0.084
"E3","V3B",6110,"<2 cm",908,1000,0.908
"E3","V3B",6110,"2-4 cm",8,1000,0.008
"E3","V3B",6110,"4-6 cm",0,1000,0
"E3","V3B",6110,"6-8 cm",0,1000,0
"E3","V3B",6110,">8 cm",84,1000,0.084
"E3","V3B",7101,"<2 cm",2241,2250,0.996
"E3","V3B",7101,"2-4 cm",0,2250,0
"E3","V3B",7101,"4-6 cm",0,2250,0
"E3","V3B",7101,"6-8 cm",0,2250,0
"E3","V3B",7101,">8 cm",9,2250,0.004
"E3","V3B",7102,"<2 cm",996,1000,0.996
"E3","V3B",7102,"2-4 cm",0,1000,0
"E3","V3B",7102,"4-6 cm",0,1000,0
"E3","V3B",7102,"6-8 cm",0,1000,0
"E3","V3B",7102,">8 cm",4,1000,0.004
"E3","V3B",7103,"<2 cm",996,1000,0.996
"E3","V3B",7103,"2-4 cm",0,1000,0
"E3","V3B",7103,"4-6 cm",0,1000,0
"E3","V3B",7103,"6-8 cm",0,1000,0
"E3","V3B",7103,">8 cm",4,1000,0.004
"E3","V3B",7104,"<2 cm",996,1000,0.996
"E3","V3B",7104,"2-4 cm",0,1000,0
"E3","V3B",7104,"4-6 cm",0,1000,0
"E3","V3B",7104,"6-8 cm",0,1000,0
"E3","V3B",7104,">8 cm",4,1000,0.004
"E3","V3B",7105,"<2 cm",996,1000,0.996
"E3","V3B",7105,"2-4 cm",4,1000,0.004
"E3","V3B",7105,"4-6 cm",0,1000,0
"E3","V3B",7105,"6-8 cm",0,1000,0
"E3","V3B",7105,">8 cm",0,1000,0
"E3","V3B",7106,"<2 cm",996,1000,0.996
"E3","V3B",7106,"2-4 cm",0,1000,0
"E3","V3B",7106,"4-6 cm",0,1000,0
"E3","V3B",7106,"6-8 cm",0,1000,0
"E3","V3B",7106,">8 cm",4,1000,0.004
"E3","V3B",7107,"<2 cm",992,1000,0.992
"E3","V3B",7107,"2-4 cm",0,1000,0
"E3","V3B",7107,"4-6 cm",0,1000,0
"E3","V3B",7107,"6-8 cm",0,1000,0
"E3","V3B",7107,">8 cm",8,1000,0.008
"E3","V3B",7108,"<2 cm",996,1000,0.996
"E3","V3B",7108,"2-4 cm",0,1000,0
"E3","V3B",7108,"4-6 cm",0,1000,0
"E3","V3B",7108,"6-8 cm",4,1000,0.004
"E3","V3B",7108,">8 cm",0,1000,0
"E3","V3B",7109,"<2 cm",996,1000,0.996
"E3","V3B",7109,"2-4 cm",0,1000,0
"E3","V3B",7109,"4-6 cm",0,1000,0
"E3","V3B",7109,"6-8 cm",0,1000,0
"E3","V3B",7109,">8 cm",4,1000,0.004
"E3","V3B",7110,"<2 cm",996,1000,0.996
"E3","V3B",7110,"2-4 cm",0,1000,0
"E3","V3B",7110,"4-6 cm",0,1000,0
"E3","V3B",7110,"6-8 cm",0,1000,0
"E3","V3B",7110,">8 cm",4,1000,0.004
"E3","V3B",8101,"<2 cm",2214,2250,0.984
"E3","V3B",8101,"2-4 cm",0,2250,0
"E3","V3B",8101,"4-6 cm",0,2250,0
"E3","V3B",8101,"6-8 cm",0,2250,0
"E3","V3B",8101,">8 cm",36,2250,0.016
"E3","V3B",8102,"<2 cm",984,1000,0.984
"E3","V3B",8102,"2-4 cm",0,1000,0
"E3","V3B",8102,"4-6 cm",0,1000,0
"E3","V3B",8102,"6-8 cm",0,1000,0
"E3","V3B",8102,">8 cm",16,1000,0.016
"E3","V3B",8103,"<2 cm",976,1000,0.976
"E3","V3B",8103,"2-4 cm",4,1000,0.004
"E3","V3B",8103,"4-6 cm",4,1000,0.004
"E3","V3B",8103,"6-8 cm",0,1000,0
"E3","V3B",8103,">8 cm",16,1000,0.016
"E3","V3B",8104,"<2 cm",984,1000,0.984
"E3","V3B",8104,"2-4 cm",0,1000,0
"E3","V3B",8104,"4-6 cm",0,1000,0
"E3","V3B",8104,"6-8 cm",0,1000,0
"E3","V3B",8104,">8 cm",16,1000,0.016
"E3","V3B",8105,"<2 cm",980,1000,0.98
"E3","V3B",8105,"2-4 cm",4,1000,0.004
"E3","V3B",8105,"4-6 cm",0,1000,0
"E3","V3B",8105,"6-8 cm",0,1000,0
"E3","V3B",8105,">8 cm",16,1000,0.016
"E3","V3B",8106,"<2 cm",980,1000,0.98
"E3","V3B",8106,"2-4 cm",4,1000,0.004
"E3","V3B",8106,"4-6 cm",4,1000,0.004
"E3","V3B",8106,"6-8 cm",0,1000,0
"E3","V3B",8106,">8 cm",12,1000,0.012
"E3","V3B",8107,"<2 cm",980,1000,0.98
"E3","V3B",8107,"2-4 cm",0,1000,0
"E3","V3B",8107,"4-6 cm",4,1000,0.004
"E3","V3B",8107,"6-8 cm",0,1000,0
"E3","V3B",8107,">8 cm",16,1000,0.016
"E3","V3B",8108,"<2 cm",984,1000,0.984
"E3","V3B",8108,"2-4 cm",0,1000,0
"E3","V3B",8108,"4-6 cm",0,1000,0
"E3","V3B",8108,"6-8 cm",0,1000,0
"E3","V3B",8108,">8 cm",16,1000,0.016
"E3","V3B",8109,"<2 cm",980,1000,0.98
"E3","V3B",8109,"2-4 cm",0,1000,0
"E3","V3B",8109,"4-6 cm",4,1000,0.004
"E3","V3B",8109,"6-8 cm",0,1000,0
"E3","V3B",8109,">8 cm",16,1000,0.016
"E3","V3B",8110,"<2 cm",976,1000,0.976
"E3","V3B",8110,"2-4 cm",4,1000,0.004
"E3","V3B",8110,"4-6 cm",4,1000,0.004
"E3","V3B",8110,"6-8 cm",4,1000,0.004
"E3","V3B",8110,">8 cm",12,1000,0.012
"E3","V3B",9101,"<2 cm",2142,2250,0.952
"E3","V3B",9101,"2-4 cm",0,2250,0
"E3","V3B",9101,"4-6 cm",18,2250,0.008
"E3","V3B",9101,"6-8 cm",0,2250,0
"E3","V3B",9101,">8 cm",90,2250,0.04
"E3","V3B",9102,"<2 cm",940,1000,0.94
"E3","V3B",9102,"2-4 cm",0,1000,0
"E3","V3B",9102,"4-6 cm",16,1000,0.016
"E3","V3B",9102,"6-8 cm",0,1000,0
"E3","V3B",9102,">8 cm",44,1000,0.044
"E3","V3B",9103,"<2 cm",952,1000,0.952
"E3","V3B",9103,"2-4 cm",4,1000,0.004
"E3","V3B",9103,"4-6 cm",4,1000,0.004
"E3","V3B",9103,"6-8 cm",0,1000,0
"E3","V3B",9103,">8 cm",40,1000,0.04
"E3","V3B",9104,"<2 cm",952,1000,0.952
"E3","V3B",9104,"2-4 cm",0,1000,0
"E3","V3B",9104,"4-6 cm",4,1000,0.004
"E3","V3B",9104,"6-8 cm",0,1000,0
"E3","V3B",9104,">8 cm",44,1000,0.044
"E3","V3B",9105,"<2 cm",956,1000,0.956
"E3","V3B",9105,"2-4 cm",0,1000,0
"E3","V3B",9105,"4-6 cm",4,1000,0.004
"E3","V3B",9105,"6-8 cm",0,1000,0
"E3","V3B",9105,">8 cm",40,1000,0.04
"E3","V3B",9106,"<2 cm",944,1000,0.944
"E3","V3B",9106,"2-4 cm",8,1000,0.008
"E3","V3B",9106,"4-6 cm",0,1000,0
"E3","V3B",9106,"6-8 cm",0,1000,0
"E3","V3B",9106,">8 cm",48,1000,0.048
"E3","V3B",9107,"<2 cm",936,1000,0.936
"E3","V3B",9107,"2-4 cm",4,1000,0.004
"E3","V3B",9107,"4-6 cm",8,1000,0.008
"E3","V3B",9107,"6-8 cm",0,1000,0
"E3","V3B",9107,">8 cm",52,1000,0.052
"E3","V3B",9108,"<2 cm",944,1000,0.944
"E3","V3B",9108,"2-4 cm",12,1000,0.012
"E3","V3B",9108,"4-6 cm",0,1000,0
"E3","V3B",9108,"6-8 cm",0,1000,0
"E3","V3B",9108,">8 cm",44,1000,0.044
"E3","V3B",9109,"<2 cm",944,1000,0.944
"E3","V3B",9109,"2-4 cm",0,1000,0
"E3","V3B",9109,"4-6 cm",8,1000,0.008
"E3","V3B",9109,"6-8 cm",0,1000,0
"E3","V3B",9109,">8 cm",48,1000,0.048
"E3","V3B",9110,"<2 cm",956,1000,0.956
"E3","V3B",9110,"2-4 cm",4,1000,0.004
"E3","V3B",9110,"4-6 cm",4,1000,0.004
"E3","V3B",9110,"6-8 cm",0,1000,0
"E3","V3B",9110,">8 cm",36,1000,0.036
"E3","V3B",10101,"<2 cm",54,2250,0.024
"E3","V3B",10101,"2-4 cm",0,2250,0
"E3","V3B",10101,"4-6 cm",0,2250,0
"E3","V3B",10101,"6-8 cm",0,2250,0
"E3","V3B",10101,">8 cm",2196,2250,0.976
"E3","V3B",10102,"<2 cm",20,1000,0.02
"E3","V3B",10102,"2-4 cm",4,1000,0.004
"E3","V3B",10102,"4-6 cm",0,1000,0
"E3","V3B",10102,"6-8 cm",0,1000,0
"E3","V3B",10102,">8 cm",976,1000,0.976
"E3","V3B",10103,"<2 cm",24,1000,0.024
"E3","V3B",10103,"2-4 cm",0,1000,0
"E3","V3B",10103,"4-6 cm",0,1000,0
"E3","V3B",10103,"6-8 cm",0,1000,0
"E3","V3B",10103,">8 cm",976,1000,0.976
"E3","V3B",10104,"<2 cm",24,1000,0.024
"E3","V3B",10104,"2-4 cm",0,1000,0
"E3","V3B",10104,"4-6 cm",0,1000,0
"E3","V3B",10104,"6-8 cm",0,1000,0
"E3","V3B",10104,">8 cm",976,1000,0.976
"E3","V3B",10105,"<2 cm",20,1000,0.02
"E3","V3B",10105,"2-4 cm",0,1000,0
"E3","V3B",10105,"4-6 cm",4,1000,0.004
"E3","V3B",10105,"6-8 cm",0,1000,0
"E3","V3B",10105,">8 cm",976,1000,0.976
"E3","V3B",10106,"<2 cm",20,1000,0.02
"E3","V3B",10106,"2-4 cm",4,1000,0.004
"E3","V3B",10106,"4-6 cm",0,1000,0
"E3","V3B",10106,"6-8 cm",0,1000,0
"E3","V3B",10106,">8 cm",976,1000,0.976
"E3","V3B",10107,"<2 cm",28,1000,0.028
"E3","V3B",10107,"2-4 cm",0,1000,0
"E3","V3B",10107,"4-6 cm",0,1000,0
"E3","V3B",10107,"6-8 cm",0,1000,0
"E3","V3B",10107,">8 cm",972,1000,0.972
"E3","V3B",10108,"<2 cm",28,1000,0.028
"E3","V3B",10108,"2-4 cm",0,1000,0
"E3","V3B",10108,"4-6 cm",0,1000,0
"E3","V3B",10108,"6-8 cm",0,1000,0
"E3","V3B",10108,">8 cm",972,1000,0.972
"E3","V3B",10109,"<2 cm",24,1000,0.024
"E3","V3B",10109,"2-4 cm",0,1000,0
"E3","V3B",10109,"4-6 cm",0,1000,0
"E3","V3B",10109,"6-8 cm",0,1000,0
"E3","V3B",10109,">8 cm",976,1000,0.976
"E3","V3B",10110,"<2 cm",20,1000,0.02
"E3","V3B",10110,"2-4 cm",4,1000,0.004
"E3","V3B",10110,"4-6 cm",0,1000,0
"E3","V3B",10110,"6-8 cm",0,1000,0
"E3","V3B",10110,">8 cm",976,1000,0.976
"E3","V3B",11101,"<2 cm",882,2250,0.392
"E3","V3B",11101,"2-4 cm",117,2250,0.052
"E3","V3B",11101,"4-6 cm",909,2250,0.404
"E3","V3B",11101,"6-8 cm",216,2250,0.096
"E3","V3B",11101,">8 cm",126,2250,0.056
"E3","V3B",11102,"<2 cm",404,1000,0.404
"E3","V3B",11102,"2-4 cm",60,1000,0.06
"E3","V3B",11102,"4-6 cm",396,1000,0.396
"E3","V3B",11102,"6-8 cm",76,1000,0.076
"E3","V3B",11102,">8 cm",64,1000,0.064
"E3","V3B",11103,"<2 cm",364,1000,0.364
"E3","V3B",11103,"2-4 cm",80,1000,0.08
"E3","V3B",11103,"4-6 cm",412,1000,0.412
"E3","V3B",11103,"6-8 cm",100,1000,0.1
"E3","V3B",11103,">8 cm",44,1000,0.044
"E3","V3B",11104,"<2 cm",384,1000,0.384
"E3","V3B",11104,"2-4 cm",72,1000,0.072
"E3","V3B",11104,"4-6 cm",368,1000,0.368
"E3","V3B",11104,"6-8 cm",124,1000,0.124
"E3","V3B",11104,">8 cm",52,1000,0.052
"E3","V3B",11105,"<2 cm",372,1000,0.372
"E3","V3B",11105,"2-4 cm",64,1000,0.064
"E3","V3B",11105,"4-6 cm",396,1000,0.396
"E3","V3B",11105,"6-8 cm",88,1000,0.088
"E3","V3B",11105,">8 cm",80,1000,0.08
"E3","V3B",11106,"<2 cm",384,1000,0.384
"E3","V3B",11106,"2-4 cm",64,1000,0.064
"E3","V3B",11106,"4-6 cm",424,1000,0.424
"E3","V3B",11106,"6-8 cm",76,1000,0.076
"E3","V3B",11106,">8 cm",52,1000,0.052
"E3","V3B",11107,"<2 cm",400,1000,0.4
"E3","V3B",11107,"2-4 cm",52,1000,0.052
"E3","V3B",11107,"4-6 cm",392,1000,0.392
"E3","V3B",11107,"6-8 cm",108,1000,0.108
"E3","V3B",11107,">8 cm",48,1000,0.048
"E3","V3B",11108,"<2 cm",352,1000,0.352
"E3","V3B",11108,"2-4 cm",32,1000,0.032
"E3","V3B",11108,"4-6 cm",468,1000,0.468
"E3","V3B",11108,"6-8 cm",96,1000,0.096
"E3","V3B",11108,">8 cm",52,1000,0.052
"E3","V3B",11109,"<2 cm",416,1000,0.416
"E3","V3B",11109,"2-4 cm",100,1000,0.1
"E3","V3B",11109,"4-6 cm",360,1000,0.36
"E3","V3B",11109,"6-8 cm",96,1000,0.096
"E3","V3B",11109,">8 cm",28,1000,0.028
"E3","V3B",11110,"<2 cm",440,1000,0.44
"E3","V3B",11110,"2-4 cm",56,1000,0.056
"E3","V3B",11110,"4-6 cm",368,1000,0.368
"E3","V3B",11110,"6-8 cm",80,1000,0.08
"E3","V3B",11110,">8 cm",56,1000,0.056
"E3","V3B",12101,"<2 cm",27,2250,0.012
"E3","V3B",12101,"2-4 cm",0,2250,0
"E3","V3B",12101,"4-6 cm",0,2250,0
"E3","V3B",12101,"6-8 cm",0,2250,0
"E3","V3B",12101,">8 cm",2223,2250,0.988
"E3","V3B",12102,"<2 cm",12,1000,0.012
"E3","V3B",12102,"2-4 cm",0,1000,0
"E3","V3B",12102,"4-6 cm",0,1000,0
"E3","V3B",12102,"6-8 cm",0,1000,0
"E3","V3B",12102,">8 cm",988,1000,0.988
"E3","V3B",12103,"<2 cm",12,1000,0.012
"E3","V3B",12103,"2-4 cm",0,1000,0
"E3","V3B",12103,"4-6 cm",0,1000,0
"E3","V3B",12103,"6-8 cm",0,1000,0
"E3","V3B",12103,">8 cm",988,1000,0.988
"E3","V3B",12104,"<2 cm",12,1000,0.012
"E3","V3B",12104,"2-4 cm",0,1000,0
"E3","V3B",12104,"4-6 cm",0,1000,0
"E3","V3B",12104,"6-8 cm",0,1000,0
"E3","V3B",12104,">8 cm",988,1000,0.988
"E3","V3B",12105,"<2 cm",12,1000,0.012
"E3","V3B",12105,"2-4 cm",0,1000,0
"E3","V3B",12105,"4-6 cm",0,1000,0
"E3","V3B",12105,"6-8 cm",0,1000,0
"E3","V3B",12105,">8 cm",988,1000,0.988
"E3","V3B",12106,"<2 cm",12,1000,0.012
"E3","V3B",12106,"2-4 cm",0,1000,0
"E3","V3B",12106,"4-6 cm",0,1000,0
"E3","V3B",12106,"6-8 cm",0,1000,0
"E3","V3B",12106,">8 cm",988,1000,0.988
"E3","V3B",12107,"<2 cm",8,1000,0.008
"E3","V3B",12107,"2-4 cm",0,1000,0
"E3","V3B",12107,"4-6 cm",0,1000,0
"E3","V3B",12107,"6-8 cm",0,1000,0
"E3","V3B",12107,">8 cm",992,1000,0.992
"E3","V3B",12108,"<2 cm",12,1000,0.012
"E3","V3B",12108,"2-4 cm",0,1000,0
"E3","V3B",12108,"4-6 cm",0,1000,0
"E3","V3B",12108,"6-8 cm",0,1000,0
"E3","V3B",12108,">8 cm",988,1000,0.988
"E3","V3B",12109,"<2 cm",12,1000,0.012
"E3","V3B",12109,"2-4 cm",0,1000,0
"E3","V3B",12109,"4-6 cm",0,1000,0
"E3","V3B",12109,"6-8 cm",0,1000,0
"E3","V3B",12109,">8 cm",988,1000,0.988
"E3","V3B",12110,"<2 cm",12,1000,0.012
"E3","V3B",12110,"2-4 cm",0,1000,0
"E3","V3B",12110,"4-6 cm",0,1000,0
"E3","V3B",12110,"6-8 cm",0,1000,0
"E3","V3B",12110,">8 cm",988,1000,0.988
"E3","V3B",13101,"<2 cm",630,2250,0.28
"E3","V3B",13101,"2-4 cm",216,2250,0.096
"E3","V3B",13101,"4-6 cm",243,2250,0.108
"E3","V3B",13101,"6-8 cm",54,2250,0.024
"E3","V3B",13101,">8 cm",1107,2250,0.492
"E3","V3B",13102,"<2 cm",316,1000,0.316
"E3","V3B",13102,"2-4 cm",72,1000,0.072
"E3","V3B",13102,"4-6 cm",124,1000,0.124
"E3","V3B",13102,"6-8 cm",24,1000,0.024
"E3","V3B",13102,">8 cm",464,1000,0.464
"E3","V3B",13103,"<2 cm",296,1000,0.296
"E3","V3B",13103,"2-4 cm",60,1000,0.06
"E3","V3B",13103,"4-6 cm",108,1000,0.108
"E3","V3B",13103,"6-8 cm",16,1000,0.016
"E3","V3B",13103,">8 cm",520,1000,0.52
"E3","V3B",13104,"<2 cm",332,1000,0.332
"E3","V3B",13104,"2-4 cm",56,1000,0.056
"E3","V3B",13104,"4-6 cm",76,1000,0.076
"E3","V3B",13104,"6-8 cm",20,1000,0.02
"E3","V3B",13104,">8 cm",516,1000,0.516
"E3","V3B",13105,"<2 cm",348,1000,0.348
"E3","V3B",13105,"2-4 cm",72,1000,0.072
"E3","V3B",13105,"4-6 cm",100,1000,0.1
"E3","V3B",13105,"6-8 cm",8,1000,0.008
"E3","V3B",13105,">8 cm",472,1000,0.472
"E3","V3B",13106,"<2 cm",296,1000,0.296
"E3","V3B",13106,"2-4 cm",64,1000,0.064
"E3","V3B",13106,"4-6 cm",108,1000,0.108
"E3","V3B",13106,"6-8 cm",16,1000,0.016
"E3","V3B",13106,">8 cm",516,1000,0.516
"E3","V3B",13107,"<2 cm",244,1000,0.244
"E3","V3B",13107,"2-4 cm",48,1000,0.048
"E3","V3B",13107,"4-6 cm",92,1000,0.092
"E3","V3B",13107,"6-8 cm",20,1000,0.02
"E3","V3B",13107,">8 cm",596,1000,0.596
"E3","V3B",13108,"<2 cm",312,1000,0.312
"E3","V3B",13108,"2-4 cm",60,1000,0.06
"E3","V3B",13108,"4-6 cm",128,1000,0.128
"E3","V3B",13108,"6-8 cm",20,1000,0.02
"E3","V3B",13108,">8 cm",480,1000,0.48
"E3","V3B",13109,"<2 cm",308,1000,0.308
"E3","V3B",13109,"2-4 cm",68,1000,0.068
"E3","V3B",13109,"4-6 cm",116,1000,0.116
"E3","V3B",13109,"6-8 cm",20,1000,0.02
"E3","V3B",13109,">8 cm",488,1000,0.488
"E3","V3B",13110,"<2 cm",256,1000,0.256
"E3","V3B",13110,"2-4 cm",104,1000,0.104
"E3","V3B",13110,"4-6 cm",96,1000,0.096
"E3","V3B",13110,"6-8 cm",24,1000,0.024
"E3","V3B",13110,">8 cm",520,1000,0.52
"E3","V3B",14101,"<2 cm",2169,2250,0.964
"E3","V3B",14101,"2-4 cm",0,2250,0
"E3","V3B",14101,"4-6 cm",0,2250,0
"E3","V3B",14101,"6-8 cm",0,2250,0
"E3","V3B",14101,">8 cm",81,2250,0.036
"E3","V3B",14102,"<2 cm",964,1000,0.964
"E3","V3B",14102,"2-4 cm",0,1000,0
"E3","V3B",14102,"4-6 cm",0,1000,0
"E3","V3B",14102,"6-8 cm",0,1000,0
"E3","V3B",14102,">8 cm",36,1000,0.036
"E3","V3B",14103,"<2 cm",964,1000,0.964
"E3","V3B",14103,"2-4 cm",0,1000,0
"E3","V3B",14103,"4-6 cm",0,1000,0
"E3","V3B",14103,"6-8 cm",0,1000,0
"E3","V3B",14103,">8 cm",36,1000,0.036
"E3","V3B",14104,"<2 cm",964,1000,0.964
"E3","V3B",14104,"2-4 cm",0,1000,0
"E3","V3B",14104,"4-6 cm",0,1000,0
"E3","V3B",14104,"6-8 cm",0,1000,0
"E3","V3B",14104,">8 cm",36,1000,0.036
"E3","V3B",14105,"<2 cm",964,1000,0.964
"E3","V3B",14105,"2-4 cm",0,1000,0
"E3","V3B",14105,"4-6 cm",0,1000,0
"E3","V3B",14105,"6-8 cm",0,1000,0
"E3","V3B",14105,">8 cm",36,1000,0.036
"E3","V3B",14106,"<2 cm",964,1000,0.964
"E3","V3B",14106,"2-4 cm",0,1000,0
"E3","V3B",14106,"4-6 cm",0,1000,0
"E3","V3B",14106,"6-8 cm",0,1000,0
"E3","V3B",14106,">8 cm",36,1000,0.036
"E3","V3B",14107,"<2 cm",964,1000,0.964
"E3","V3B",14107,"2-4 cm",0,1000,0
"E3","V3B",14107,"4-6 cm",0,1000,0
"E3","V3B",14107,"6-8 cm",0,1000,0
"E3","V3B",14107,">8 cm",36,1000,0.036
"E3","V3B",14108,"<2 cm",964,1000,0.964
"E3","V3B",14108,"2-4 cm",0,1000,0
"E3","V3B",14108,"4-6 cm",0,1000,0
"E3","V3B",14108,"6-8 cm",0,1000,0
"E3","V3B",14108,">8 cm",36,1000,0.036
"E3","V3B",14109,"<2 cm",964,1000,0.964
"E3","V3B",14109,"2-4 cm",0,1000,0
"E3","V3B",14109,"4-6 cm",0,1000,0
"E3","V3B",14109,"6-8 cm",0,1000,0
"E3","V3B",14109,">8 cm",36,1000,0.036
"E3","V3B",14110,"<2 cm",964,1000,0.964
"E3","V3B",14110,"2-4 cm",0,1000,0
"E3","V3B",14110,"4-6 cm",0,1000,0
"E3","V3B",14110,"6-8 cm",0,1000,0
"E3","V3B",14110,">8 cm",36,1000,0.036
"E3","V3B",15101,"<2 cm",2250,2250,1
"E3","V3B",15101,"2-4 cm",0,2250,0
"E3","V3B",15101,"4-6 cm",0,2250,0
"E3","V3B",15101,"6-8 cm",0,2250,0
"E3","V3B",15101,">8 cm",0,2250,0
"E3","V3B",15102,"<2 cm",992,1000,0.992
"E3","V3B",15102,"2-4 cm",0,1000,0
"E3","V3B",15102,"4-6 cm",0,1000,0
"E3","V3B",15102,"6-8 cm",8,1000,0.008
"E3","V3B",15102,">8 cm",0,1000,0
"E3","V3B",15103,"<2 cm",988,1000,0.988
"E3","V3B",15103,"2-4 cm",4,1000,0.004
"E3","V3B",15103,"4-6 cm",4,1000,0.004
"E3","V3B",15103,"6-8 cm",4,1000,0.004
"E3","V3B",15103,">8 cm",0,1000,0
"E3","V3B",15104,"<2 cm",992,1000,0.992
"E3","V3B",15104,"2-4 cm",4,1000,0.004
"E3","V3B",15104,"4-6 cm",4,1000,0.004
"E3","V3B",15104,"6-8 cm",0,1000,0
"E3","V3B",15104,">8 cm",0,1000,0
"E3","V3B",15105,"<2 cm",996,1000,0.996
"E3","V3B",15105,"2-4 cm",0,1000,0
"E3","V3B",15105,"4-6 cm",4,1000,0.004
"E3","V3B",15105,"6-8 cm",0,1000,0
"E3","V3B",15105,">8 cm",0,1000,0
"E3","V3B",15106,"<2 cm",992,1000,0.992
"E3","V3B",15106,"2-4 cm",4,1000,0.004
"E3","V3B",15106,"4-6 cm",0,1000,0
"E3","V3B",15106,"6-8 cm",0,1000,0
"E3","V3B",15106,">8 cm",4,1000,0.004
"E3","V3B",15107,"<2 cm",996,1000,0.996
"E3","V3B",15107,"2-4 cm",0,1000,0
"E3","V3B",15107,"4-6 cm",0,1000,0
"E3","V3B",15107,"6-8 cm",4,1000,0.004
"E3","V3B",15107,">8 cm",0,1000,0
"E3","V3B",15108,"<2 cm",984,1000,0.984
"E3","V3B",15108,"2-4 cm",0,1000,0
"E3","V3B",15108,"4-6 cm",4,1000,0.004
"E3","V3B",15108,"6-8 cm",4,1000,0.004
"E3","V3B",15108,">8 cm",8,1000,0.008
"E3","V3B",15109,"<2 cm",988,1000,0.988
"E3","V3B",15109,"2-4 cm",0,1000,0
"E3","V3B",15109,"4-6 cm",8,1000,0.008
"E3","V3B",15109,"6-8 cm",4,1000,0.004
"E3","V3B",15109,">8 cm",0,1000,0
"E3","V3B",15110,"<2 cm",992,1000,0.992
"E3","V3B",15110,"2-4 cm",0,1000,0
"E3","V3B",15110,"4-6 cm",0,1000,0
"E3","V3B",15110,"6-8 cm",4,1000,0.004
"E3","V3B",15110,">8 cm",4,1000,0.004
"E3","V3B",16101,"<2 cm",990,2250,0.44
"E3","V3B",16101,"2-4 cm",90,2250,0.04
"E3","V3B",16101,"4-6 cm",27,2250,0.012
"E3","V3B",16101,"6-8 cm",81,2250,0.036
"E3","V3B",16101,">8 cm",1062,2250,0.472
"E3","V3B",16102,"<2 cm",472,1000,0.472
"E3","V3B",16102,"2-4 cm",44,1000,0.044
"E3","V3B",16102,"4-6 cm",0,1000,0
"E3","V3B",16102,"6-8 cm",32,1000,0.032
"E3","V3B",16102,">8 cm",452,1000,0.452
"E3","V3B",16103,"<2 cm",472,1000,0.472
"E3","V3B",16103,"2-4 cm",32,1000,0.032
"E3","V3B",16103,"4-6 cm",4,1000,0.004
"E3","V3B",16103,"6-8 cm",52,1000,0.052
"E3","V3B",16103,">8 cm",440,1000,0.44
"E3","V3B",16104,"<2 cm",432,1000,0.432
"E3","V3B",16104,"2-4 cm",20,1000,0.02
"E3","V3B",16104,"4-6 cm",4,1000,0.004
"E3","V3B",16104,"6-8 cm",44,1000,0.044
"E3","V3B",16104,">8 cm",500,1000,0.5
"E3","V3B",16105,"<2 cm",492,1000,0.492
"E3","V3B",16105,"2-4 cm",56,1000,0.056
"E3","V3B",16105,"4-6 cm",0,1000,0
"E3","V3B",16105,"6-8 cm",24,1000,0.024
"E3","V3B",16105,">8 cm",428,1000,0.428
"E3","V3B",16106,"<2 cm",464,1000,0.464
"E3","V3B",16106,"2-4 cm",44,1000,0.044
"E3","V3B",16106,"4-6 cm",4,1000,0.004
"E3","V3B",16106,"6-8 cm",32,1000,0.032
"E3","V3B",16106,">8 cm",456,1000,0.456
"E3","V3B",16107,"<2 cm",440,1000,0.44
"E3","V3B",16107,"2-4 cm",56,1000,0.056
"E3","V3B",16107,"4-6 cm",0,1000,0
"E3","V3B",16107,"6-8 cm",32,1000,0.032
"E3","V3B",16107,">8 cm",472,1000,0.472
"E3","V3B",16108,"<2 cm",464,1000,0.464
"E3","V3B",16108,"2-4 cm",36,1000,0.036
"E3","V3B",16108,"4-6 cm",4,1000,0.004
"E3","V3B",16108,"6-8 cm",56,1000,0.056
"E3","V3B",16108,">8 cm",440,1000,0.44
"E3","V3B",16109,"<2 cm",444,1000,0.444
"E3","V3B",16109,"2-4 cm",44,1000,0.044
"E3","V3B",16109,"4-6 cm",4,1000,0.004
"E3","V3B",16109,"6-8 cm",64,1000,0.064
"E3","V3B",16109,">8 cm",444,1000,0.444
"E3","V3B",16110,"<2 cm",480,1000,0.48
"E3","V3B",16110,"2-4 cm",48,1000,0.048
"E3","V3B",16110,"4-6 cm",8,1000,0.008
"E3","V3B",16110,"6-8 cm",48,1000,0.048
"E3","V3B",16110,">8 cm",416,1000,0.416
"E3","V3B",17101,"<2 cm",2178,2250,0.968
"E3","V3B",17101,"2-4 cm",18,2250,0.008
"E3","V3B",17101,"4-6 cm",18,2250,0.008
"E3","V3B",17101,"6-8 cm",9,2250,0.004
"E3","V3B",17101,">8 cm",27,2250,0.012
"E3","V3B",17102,"<2 cm",980,1000,0.98
"E3","V3B",17102,"2-4 cm",0,1000,0
"E3","V3B",17102,"4-6 cm",4,1000,0.004
"E3","V3B",17102,"6-8 cm",4,1000,0.004
"E3","V3B",17102,">8 cm",12,1000,0.012
"E3","V3B",17103,"<2 cm",972,1000,0.972
"E3","V3B",17103,"2-4 cm",4,1000,0.004
"E3","V3B",17103,"4-6 cm",4,1000,0.004
"E3","V3B",17103,"6-8 cm",8,1000,0.008
"E3","V3B",17103,">8 cm",12,1000,0.012
"E3","V3B",17104,"<2 cm",972,1000,0.972
"E3","V3B",17104,"2-4 cm",4,1000,0.004
"E3","V3B",17104,"4-6 cm",8,1000,0.008
"E3","V3B",17104,"6-8 cm",4,1000,0.004
"E3","V3B",17104,">8 cm",12,1000,0.012
"E3","V3B",17105,"<2 cm",976,1000,0.976
"E3","V3B",17105,"2-4 cm",4,1000,0.004
"E3","V3B",17105,"4-6 cm",8,1000,0.008
"E3","V3B",17105,"6-8 cm",0,1000,0
"E3","V3B",17105,">8 cm",12,1000,0.012
"E3","V3B",17106,"<2 cm",972,1000,0.972
"E3","V3B",17106,"2-4 cm",0,1000,0
"E3","V3B",17106,"4-6 cm",12,1000,0.012
"E3","V3B",17106,"6-8 cm",8,1000,0.008
"E3","V3B",17106,">8 cm",8,1000,0.008
"E3","V3B",17107,"<2 cm",972,1000,0.972
"E3","V3B",17107,"2-4 cm",4,1000,0.004
"E3","V3B",17107,"4-6 cm",8,1000,0.008
"E3","V3B",17107,"6-8 cm",0,1000,0
"E3","V3B",17107,">8 cm",16,1000,0.016
"E3","V3B",17108,"<2 cm",972,1000,0.972
"E3","V3B",17108,"2-4 cm",0,1000,0
"E3","V3B",17108,"4-6 cm",8,1000,0.008
"E3","V3B",17108,"6-8 cm",0,1000,0
"E3","V3B",17108,">8 cm",20,1000,0.02
"E3","V3B",17109,"<2 cm",976,1000,0.976
"E3","V3B",17109,"2-4 cm",0,1000,0
"E3","V3B",17109,"4-6 cm",12,1000,0.012
"E3","V3B",17109,"6-8 cm",0,1000,0
"E3","V3B",17109,">8 cm",12,1000,0.012
"E3","V3B",17110,"<2 cm",984,1000,0.984
"E3","V3B",17110,"2-4 cm",0,1000,0
"E3","V3B",17110,"4-6 cm",0,1000,0
"E3","V3B",17110,"6-8 cm",8,1000,0.008
"E3","V3B",17110,">8 cm",8,1000,0.008
"E3","V3B",18101,"<2 cm",2205,2250,0.98
"E3","V3B",18101,"2-4 cm",0,2250,0
"E3","V3B",18101,"4-6 cm",0,2250,0
"E3","V3B",18101,"6-8 cm",0,2250,0
"E3","V3B",18101,">8 cm",45,2250,0.02
"E3","V3B",18102,"<2 cm",980,1000,0.98
"E3","V3B",18102,"2-4 cm",0,1000,0
"E3","V3B",18102,"4-6 cm",0,1000,0
"E3","V3B",18102,"6-8 cm",0,1000,0
"E3","V3B",18102,">8 cm",20,1000,0.02
"E3","V3B",18103,"<2 cm",976,1000,0.976
"E3","V3B",18103,"2-4 cm",0,1000,0
"E3","V3B",18103,"4-6 cm",0,1000,0
"E3","V3B",18103,"6-8 cm",0,1000,0
"E3","V3B",18103,">8 cm",24,1000,0.024
"E3","V3B",18104,"<2 cm",984,1000,0.984
"E3","V3B",18104,"2-4 cm",0,1000,0
"E3","V3B",18104,"4-6 cm",0,1000,0
"E3","V3B",18104,"6-8 cm",0,1000,0
"E3","V3B",18104,">8 cm",16,1000,0.016
"E3","V3B",18105,"<2 cm",980,1000,0.98
"E3","V3B",18105,"2-4 cm",0,1000,0
"E3","V3B",18105,"4-6 cm",0,1000,0
"E3","V3B",18105,"6-8 cm",0,1000,0
"E3","V3B",18105,">8 cm",20,1000,0.02
"E3","V3B",18106,"<2 cm",984,1000,0.984
"E3","V3B",18106,"2-4 cm",0,1000,0
"E3","V3B",18106,"4-6 cm",0,1000,0
"E3","V3B",18106,"6-8 cm",0,1000,0
"E3","V3B",18106,">8 cm",16,1000,0.016
"E3","V3B",18107,"<2 cm",976,1000,0.976
"E3","V3B",18107,"2-4 cm",4,1000,0.004
"E3","V3B",18107,"4-6 cm",0,1000,0
"E3","V3B",18107,"6-8 cm",0,1000,0
"E3","V3B",18107,">8 cm",20,1000,0.02
"E3","V3B",18108,"<2 cm",976,1000,0.976
"E3","V3B",18108,"2-4 cm",0,1000,0
"E3","V3B",18108,"4-6 cm",0,1000,0
"E3","V3B",18108,"6-8 cm",0,1000,0
"E3","V3B",18108,">8 cm",24,1000,0.024
"E3","V3B",18109,"<2 cm",984,1000,0.984
"E3","V3B",18109,"2-4 cm",0,1000,0
"E3","V3B",18109,"4-6 cm",0,1000,0
"E3","V3B",18109,"6-8 cm",0,1000,0
"E3","V3B",18109,">8 cm",16,1000,0.016
"E3","V3B",18110,"<2 cm",984,1000,0.984
"E3","V3B",18110,"2-4 cm",0,1000,0
"E3","V3B",18110,"4-6 cm",0,1000,0
"E3","V3B",18110,"6-8 cm",0,1000,0
"E3","V3B",18110,">8 cm",16,1000,0.016
"E3","V3B",19101,"<2 cm",2088,2250,0.928
"E3","V3B",19101,"2-4 cm",0,2250,0
"E3","V3B",19101,"4-6 cm",0,2250,0
"E3","V3B",19101,"6-8 cm",0,2250,0
"E3","V3B",19101,">8 cm",162,2250,0.072
"E3","V3B",19102,"<2 cm",928,1000,0.928
"E3","V3B",19102,"2-4 cm",0,1000,0
"E3","V3B",19102,"4-6 cm",0,1000,0
"E3","V3B",19102,"6-8 cm",0,1000,0
"E3","V3B",19102,">8 cm",72,1000,0.072
"E3","V3B",19103,"<2 cm",924,1000,0.924
"E3","V3B",19103,"2-4 cm",0,1000,0
"E3","V3B",19103,"4-6 cm",0,1000,0
"E3","V3B",19103,"6-8 cm",0,1000,0
"E3","V3B",19103,">8 cm",76,1000,0.076
"E3","V3B",19104,"<2 cm",912,1000,0.912
"E3","V3B",19104,"2-4 cm",4,1000,0.004
"E3","V3B",19104,"4-6 cm",0,1000,0
"E3","V3B",19104,"6-8 cm",0,1000,0
"E3","V3B",19104,">8 cm",84,1000,0.084
"E3","V3B",19105,"<2 cm",928,1000,0.928
"E3","V3B",19105,"2-4 cm",0,1000,0
"E3","V3B",19105,"4-6 cm",0,1000,0
"E3","V3B",19105,"6-8 cm",0,1000,0
"E3","V3B",19105,">8 cm",72,1000,0.072
"E3","V3B",19106,"<2 cm",924,1000,0.924
"E3","V3B",19106,"2-4 cm",0,1000,0
"E3","V3B",19106,"4-6 cm",0,1000,0
"E3","V3B",19106,"6-8 cm",4,1000,0.004
"E3","V3B",19106,">8 cm",72,1000,0.072
"E3","V3B",19107,"<2 cm",920,1000,0.92
"E3","V3B",19107,"2-4 cm",4,1000,0.004
"E3","V3B",19107,"4-6 cm",0,1000,0
"E3","V3B",19107,"6-8 cm",0,1000,0
"E3","V3B",19107,">8 cm",76,1000,0.076
"E3","V3B",19108,"<2 cm",920,1000,0.92
"E3","V3B",19108,"2-4 cm",0,1000,0
"E3","V3B",19108,"4-6 cm",0,1000,0
"E3","V3B",19108,"6-8 cm",0,1000,0
"E3","V3B",19108,">8 cm",80,1000,0.08
"E3","V3B",19109,"<2 cm",924,1000,0.924
"E3","V3B",19109,"2-4 cm",0,1000,0
"E3","V3B",19109,"4-6 cm",0,1000,0
"E3","V3B",19109,"6-8 cm",0,1000,0
"E3","V3B",19109,">8 cm",76,1000,0.076
"E3","V3B",19110,"<2 cm",920,1000,0.92
"E3","V3B",19110,"2-4 cm",0,1000,0
"E3","V3B",19110,"4-6 cm",4,1000,0.004
"E3","V3B",19110,"6-8 cm",0,1000,0
"E3","V3B",19110,">8 cm",76,1000,0.076
"E3","V3B",20101,"<2 cm",1926,2250,0.856
"E3","V3B",20101,"2-4 cm",0,2250,0
"E3","V3B",20101,"4-6 cm",0,2250,0
"E3","V3B",20101,"6-8 cm",0,2250,0
"E3","V3B",20101,">8 cm",324,2250,0.144
"E3","V3B",20102,"<2 cm",844,1000,0.844
"E3","V3B",20102,"2-4 cm",0,1000,0
"E3","V3B",20102,"4-6 cm",0,1000,0
"E3","V3B",20102,"6-8 cm",0,1000,0
"E3","V3B",20102,">8 cm",156,1000,0.156
"E3","V3B",20103,"<2 cm",856,1000,0.856
"E3","V3B",20103,"2-4 cm",0,1000,0
"E3","V3B",20103,"4-6 cm",0,1000,0
"E3","V3B",20103,"6-8 cm",0,1000,0
"E3","V3B",20103,">8 cm",144,1000,0.144
"E3","V3B",20104,"<2 cm",852,1000,0.852
"E3","V3B",20104,"2-4 cm",0,1000,0
"E3","V3B",20104,"4-6 cm",0,1000,0
"E3","V3B",20104,"6-8 cm",0,1000,0
"E3","V3B",20104,">8 cm",148,1000,0.148
"E3","V3B",20105,"<2 cm",856,1000,0.856
"E3","V3B",20105,"2-4 cm",0,1000,0
"E3","V3B",20105,"4-6 cm",0,1000,0
"E3","V3B",20105,"6-8 cm",0,1000,0
"E3","V3B",20105,">8 cm",144,1000,0.144
"E3","V3B",20106,"<2 cm",856,1000,0.856
"E3","V3B",20106,"2-4 cm",4,1000,0.004
"E3","V3B",20106,"4-6 cm",0,1000,0
"E3","V3B",20106,"6-8 cm",0,1000,0
"E3","V3B",20106,">8 cm",140,1000,0.14
"E3","V3B",20107,"<2 cm",852,1000,0.852
"E3","V3B",20107,"2-4 cm",0,1000,0
"E3","V3B",20107,"4-6 cm",0,1000,0
"E3","V3B",20107,"6-8 cm",4,1000,0.004
"E3","V3B",20107,">8 cm",144,1000,0.144
"E3","V3B",20108,"<2 cm",836,1000,0.836
"E3","V3B",20108,"2-4 cm",0,1000,0
"E3","V3B",20108,"4-6 cm",0,1000,0
"E3","V3B",20108,"6-8 cm",0,1000,0
"E3","V3B",20108,">8 cm",164,1000,0.164
"E3","V3B",20109,"<2 cm",844,1000,0.844
"E3","V3B",20109,"2-4 cm",0,1000,0
"E3","V3B",20109,"4-6 cm",0,1000,0
"E3","V3B",20109,"6-8 cm",0,1000,0
"E3","V3B",20109,">8 cm",156,1000,0.156
"E3","V3B",20110,"<2 cm",844,1000,0.844
"E3","V3B",20110,"2-4 cm",0,1000,0
"E3","V3B",20110,"4-6 cm",0,1000,0
"E3","V3B",20110,"6-8 cm",4,1000,0.004
"E3","V3B",20110,">8 cm",152,1000,0.152
"E3","V3B",21101,"<2 cm",54,2250,0.024
"E3","V3B",21101,"2-4 cm",0,2250,0
"E3","V3B",21101,"4-6 cm",9,2250,0.004
"E3","V3B",21101,"6-8 cm",0,2250,0
"E3","V3B",21101,">8 cm",2187,2250,0.972
"E3","V3B",21102,"<2 cm",16,1000,0.016
"E3","V3B",21102,"2-4 cm",4,1000,0.004
"E3","V3B",21102,"4-6 cm",4,1000,0.004
"E3","V3B",21102,"6-8 cm",8,1000,0.008
"E3","V3B",21102,">8 cm",968,1000,0.968
"E3","V3B",21103,"<2 cm",20,1000,0.02
"E3","V3B",21103,"2-4 cm",0,1000,0
"E3","V3B",21103,"4-6 cm",0,1000,0
"E3","V3B",21103,"6-8 cm",8,1000,0.008
"E3","V3B",21103,">8 cm",972,1000,0.972
"E3","V3B",21104,"<2 cm",20,1000,0.02
"E3","V3B",21104,"2-4 cm",4,1000,0.004
"E3","V3B",21104,"4-6 cm",0,1000,0
"E3","V3B",21104,"6-8 cm",0,1000,0
"E3","V3B",21104,">8 cm",976,1000,0.976
"E3","V3B",21105,"<2 cm",20,1000,0.02
"E3","V3B",21105,"2-4 cm",8,1000,0.008
"E3","V3B",21105,"4-6 cm",4,1000,0.004
"E3","V3B",21105,"6-8 cm",0,1000,0
"E3","V3B",21105,">8 cm",968,1000,0.968
"E3","V3B",21106,"<2 cm",24,1000,0.024
"E3","V3B",21106,"2-4 cm",4,1000,0.004
"E3","V3B",21106,"4-6 cm",0,1000,0
"E3","V3B",21106,"6-8 cm",0,1000,0
"E3","V3B",21106,">8 cm",972,1000,0.972
"E3","V3B",21107,"<2 cm",16,1000,0.016
"E3","V3B",21107,"2-4 cm",4,1000,0.004
"E3","V3B",21107,"4-6 cm",0,1000,0
"E3","V3B",21107,"6-8 cm",4,1000,0.004
"E3","V3B",21107,">8 cm",976,1000,0.976
"E3","V3B",21108,"<2 cm",20,1000,0.02
"E3","V3B",21108,"2-4 cm",0,1000,0
"E3","V3B",21108,"4-6 cm",0,1000,0
"E3","V3B",21108,"6-8 cm",8,1000,0.008
"E3","V3B",21108,">8 cm",972,1000,0.972
"E3","V3B",21109,"<2 cm",16,1000,0.016
"E3","V3B",21109,"2-4 cm",4,1000,0.004
"E3","V3B",21109,"4-6 cm",4,1000,0.004
"E3","V3B",21109,"6-8 cm",4,1000,0.004
"E3","V3B",21109,">8 cm",972,1000,0.972
"E3","V3B",21110,"<2 cm",20,1000,0.02
"E3","V3B",21110,"2-4 cm",0,1000,0
"E3","V3B",21110,"4-6 cm",0,1000,0
"E3","V3B",21110,"6-8 cm",8,1000,0.008
"E3","V3B",21110,">8 cm",972,1000,0.972
"E3","V3B",22101,"<2 cm",2205,2250,0.98
"E3","V3B",22101,"2-4 cm",9,2250,0.004
"E3","V3B",22101,"4-6 cm",0,2250,0
"E3","V3B",22101,"6-8 cm",0,2250,0
"E3","V3B",22101,">8 cm",36,2250,0.016
"E3","V3B",22102,"<2 cm",984,1000,0.984
"E3","V3B",22102,"2-4 cm",0,1000,0
"E3","V3B",22102,"4-6 cm",0,1000,0
"E3","V3B",22102,"6-8 cm",0,1000,0
"E3","V3B",22102,">8 cm",16,1000,0.016
"E3","V3B",22103,"<2 cm",980,1000,0.98
"E3","V3B",22103,"2-4 cm",0,1000,0
"E3","V3B",22103,"4-6 cm",0,1000,0
"E3","V3B",22103,"6-8 cm",0,1000,0
"E3","V3B",22103,">8 cm",20,1000,0.02
"E3","V3B",22104,"<2 cm",984,1000,0.984
"E3","V3B",22104,"2-4 cm",0,1000,0
"E3","V3B",22104,"4-6 cm",0,1000,0
"E3","V3B",22104,"6-8 cm",0,1000,0
"E3","V3B",22104,">8 cm",16,1000,0.016
"E3","V3B",22105,"<2 cm",980,1000,0.98
"E3","V3B",22105,"2-4 cm",4,1000,0.004
"E3","V3B",22105,"4-6 cm",0,1000,0
"E3","V3B",22105,"6-8 cm",0,1000,0
"E3","V3B",22105,">8 cm",16,1000,0.016
"E3","V3B",22106,"<2 cm",980,1000,0.98
"E3","V3B",22106,"2-4 cm",4,1000,0.004
"E3","V3B",22106,"4-6 cm",0,1000,0
"E3","V3B",22106,"6-8 cm",0,1000,0
"E3","V3B",22106,">8 cm",16,1000,0.016
"E3","V3B",22107,"<2 cm",980,1000,0.98
"E3","V3B",22107,"2-4 cm",0,1000,0
"E3","V3B",22107,"4-6 cm",0,1000,0
"E3","V3B",22107,"6-8 cm",0,1000,0
"E3","V3B",22107,">8 cm",20,1000,0.02
"E3","V3B",22108,"<2 cm",984,1000,0.984
"E3","V3B",22108,"2-4 cm",0,1000,0
"E3","V3B",22108,"4-6 cm",0,1000,0
"E3","V3B",22108,"6-8 cm",0,1000,0
"E3","V3B",22108,">8 cm",16,1000,0.016
"E3","V3B",22109,"<2 cm",976,1000,0.976
"E3","V3B",22109,"2-4 cm",0,1000,0
"E3","V3B",22109,"4-6 cm",0,1000,0
"E3","V3B",22109,"6-8 cm",0,1000,0
"E3","V3B",22109,">8 cm",24,1000,0.024
"E3","V3B",22110,"<2 cm",984,1000,0.984
"E3","V3B",22110,"2-4 cm",0,1000,0
"E3","V3B",22110,"4-6 cm",0,1000,0
"E3","V3B",22110,"6-8 cm",4,1000,0.004
"E3","V3B",22110,">8 cm",12,1000,0.012
"E3","V3B",23101,"<2 cm",54,2250,0.024
"E3","V3B",23101,"2-4 cm",0,2250,0
"E3","V3B",23101,"4-6 cm",0,2250,0
"E3","V3B",23101,"6-8 cm",0,2250,0
"E3","V3B",23101,">8 cm",2196,2250,0.976
"E3","V3B",23102,"<2 cm",28,1000,0.028
"E3","V3B",23102,"2-4 cm",0,1000,0
"E3","V3B",23102,"4-6 cm",0,1000,0
"E3","V3B",23102,"6-8 cm",0,1000,0
"E3","V3B",23102,">8 cm",972,1000,0.972
"E3","V3B",23103,"<2 cm",24,1000,0.024
"E3","V3B",23103,"2-4 cm",0,1000,0
"E3","V3B",23103,"4-6 cm",0,1000,0
"E3","V3B",23103,"6-8 cm",0,1000,0
"E3","V3B",23103,">8 cm",976,1000,0.976
"E3","V3B",23104,"<2 cm",28,1000,0.028
"E3","V3B",23104,"2-4 cm",0,1000,0
"E3","V3B",23104,"4-6 cm",0,1000,0
"E3","V3B",23104,"6-8 cm",0,1000,0
"E3","V3B",23104,">8 cm",972,1000,0.972
"E3","V3B",23105,"<2 cm",28,1000,0.028
"E3","V3B",23105,"2-4 cm",0,1000,0
"E3","V3B",23105,"4-6 cm",0,1000,0
"E3","V3B",23105,"6-8 cm",0,1000,0
"E3","V3B",23105,">8 cm",972,1000,0.972
"E3","V3B",23106,"<2 cm",28,1000,0.028
"E3","V3B",23106,"2-4 cm",0,1000,0
"E3","V3B",23106,"4-6 cm",0,1000,0
"E3","V3B",23106,"6-8 cm",0,1000,0
"E3","V3B",23106,">8 cm",972,1000,0.972
"E3","V3B",23107,"<2 cm",28,1000,0.028
"E3","V3B",23107,"2-4 cm",0,1000,0
"E3","V3B",23107,"4-6 cm",0,1000,0
"E3","V3B",23107,"6-8 cm",0,1000,0
"E3","V3B",23107,">8 cm",972,1000,0.972
"E3","V3B",23108,"<2 cm",28,1000,0.028
"E3","V3B",23108,"2-4 cm",0,1000,0
"E3","V3B",23108,"4-6 cm",0,1000,0
"E3","V3B",23108,"6-8 cm",4,1000,0.004
"E3","V3B",23108,">8 cm",968,1000,0.968
"E3","V3B",23109,"<2 cm",32,1000,0.032
"E3","V3B",23109,"2-4 cm",0,1000,0
"E3","V3B",23109,"4-6 cm",0,1000,0
"E3","V3B",23109,"6-8 cm",0,1000,0
"E3","V3B",23109,">8 cm",968,1000,0.968
"E3","V3B",23110,"<2 cm",32,1000,0.032
"E3","V3B",23110,"2-4 cm",0,1000,0
"E3","V3B",23110,"4-6 cm",0,1000,0
"E3","V3B",23110,"6-8 cm",0,1000,0
"E3","V3B",23110,">8 cm",968,1000,0.968
"E3","V3B",24101,"<2 cm",2232,2250,0.992
"E3","V3B",24101,"2-4 cm",0,2250,0
"E3","V3B",24101,"4-6 cm",0,2250,0
"E3","V3B",24101,"6-8 cm",0,2250,0
"E3","V3B",24101,">8 cm",18,2250,0.008
"E3","V3B",24102,"<2 cm",988,1000,0.988
"E3","V3B",24102,"2-4 cm",0,1000,0
"E3","V3B",24102,"4-6 cm",0,1000,0
"E3","V3B",24102,"6-8 cm",0,1000,0
"E3","V3B",24102,">8 cm",12,1000,0.012
"E3","V3B",24103,"<2 cm",992,1000,0.992
"E3","V3B",24103,"2-4 cm",0,1000,0
"E3","V3B",24103,"4-6 cm",0,1000,0
"E3","V3B",24103,"6-8 cm",0,1000,0
"E3","V3B",24103,">8 cm",8,1000,0.008
"E3","V3B",24104,"<2 cm",996,1000,0.996
"E3","V3B",24104,"2-4 cm",0,1000,0
"E3","V3B",24104,"4-6 cm",0,1000,0
"E3","V3B",24104,"6-8 cm",0,1000,0
"E3","V3B",24104,">8 cm",4,1000,0.004
"E3","V3B",24105,"<2 cm",996,1000,0.996
"E3","V3B",24105,"2-4 cm",0,1000,0
"E3","V3B",24105,"4-6 cm",0,1000,0
"E3","V3B",24105,"6-8 cm",0,1000,0
"E3","V3B",24105,">8 cm",4,1000,0.004
"E3","V3B",24106,"<2 cm",988,1000,0.988
"E3","V3B",24106,"2-4 cm",0,1000,0
"E3","V3B",24106,"4-6 cm",0,1000,0
"E3","V3B",24106,"6-8 cm",0,1000,0
"E3","V3B",24106,">8 cm",12,1000,0.012
"E3","V3B",24107,"<2 cm",988,1000,0.988
"E3","V3B",24107,"2-4 cm",0,1000,0
"E3","V3B",24107,"4-6 cm",0,1000,0
"E3","V3B",24107,"6-8 cm",0,1000,0
"E3","V3B",24107,">8 cm",12,1000,0.012
"E3","V3B",24108,"<2 cm",976,1000,0.976
"E3","V3B",24108,"2-4 cm",0,1000,0
"E3","V3B",24108,"4-6 cm",0,1000,0
"E3","V3B",24108,"6-8 cm",0,1000,0
"E3","V3B",24108,">8 cm",24,1000,0.024
"E3","V3B",24109,"<2 cm",988,1000,0.988
"E3","V3B",24109,"2-4 cm",0,1000,0
"E3","V3B",24109,"4-6 cm",0,1000,0
"E3","V3B",24109,"6-8 cm",0,1000,0
"E3","V3B",24109,">8 cm",12,1000,0.012
"E3","V3B",24110,"<2 cm",988,1000,0.988
"E3","V3B",24110,"2-4 cm",0,1000,0
"E3","V3B",24110,"4-6 cm",0,1000,0
"E3","V3B",24110,"6-8 cm",0,1000,0
"E3","V3B",24110,">8 cm",12,1000,0.012
"E3","V3B",25101,"<2 cm",99,2250,0.044
"E3","V3B",25101,"2-4 cm",0,2250,0
"E3","V3B",25101,"4-6 cm",9,2250,0.004
"E3","V3B",25101,"6-8 cm",9,2250,0.004
"E3","V3B",25101,">8 cm",2133,2250,0.948
"E3","V3B",25102,"<2 cm",44,1000,0.044
"E3","V3B",25102,"2-4 cm",0,1000,0
"E3","V3B",25102,"4-6 cm",0,1000,0
"E3","V3B",25102,"6-8 cm",0,1000,0
"E3","V3B",25102,">8 cm",956,1000,0.956
"E3","V3B",25103,"<2 cm",40,1000,0.04
"E3","V3B",25103,"2-4 cm",0,1000,0
"E3","V3B",25103,"4-6 cm",0,1000,0
"E3","V3B",25103,"6-8 cm",0,1000,0
"E3","V3B",25103,">8 cm",960,1000,0.96
"E3","V3B",25104,"<2 cm",44,1000,0.044
"E3","V3B",25104,"2-4 cm",0,1000,0
"E3","V3B",25104,"4-6 cm",0,1000,0
"E3","V3B",25104,"6-8 cm",0,1000,0
"E3","V3B",25104,">8 cm",956,1000,0.956
"E3","V3B",25105,"<2 cm",40,1000,0.04
"E3","V3B",25105,"2-4 cm",0,1000,0
"E3","V3B",25105,"4-6 cm",0,1000,0
"E3","V3B",25105,"6-8 cm",0,1000,0
"E3","V3B",25105,">8 cm",960,1000,0.96
"E3","V3B",25106,"<2 cm",28,1000,0.028
"E3","V3B",25106,"2-4 cm",0,1000,0
"E3","V3B",25106,"4-6 cm",0,1000,0
"E3","V3B",25106,"6-8 cm",0,1000,0
"E3","V3B",25106,">8 cm",972,1000,0.972
"E3","V3B",25107,"<2 cm",36,1000,0.036
"E3","V3B",25107,"2-4 cm",0,1000,0
"E3","V3B",25107,"4-6 cm",4,1000,0.004
"E3","V3B",25107,"6-8 cm",0,1000,0
"E3","V3B",25107,">8 cm",960,1000,0.96
"E3","V3B",25108,"<2 cm",36,1000,0.036
"E3","V3B",25108,"2-4 cm",0,1000,0
"E3","V3B",25108,"4-6 cm",0,1000,0
"E3","V3B",25108,"6-8 cm",0,1000,0
"E3","V3B",25108,">8 cm",964,1000,0.964
"E3","V3B",25109,"<2 cm",36,1000,0.036
"E3","V3B",25109,"2-4 cm",0,1000,0
"E3","V3B",25109,"4-6 cm",0,1000,0
"E3","V3B",25109,"6-8 cm",4,1000,0.004
"E3","V3B",25109,">8 cm",960,1000,0.96
"E3","V3B",25110,"<2 cm",36,1000,0.036
"E3","V3B",25110,"2-4 cm",4,1000,0.004
"E3","V3B",25110,"4-6 cm",0,1000,0
"E3","V3B",25110,"6-8 cm",4,1000,0.004
"E3","V3B",25110,">8 cm",956,1000,0.956
"E3","V3B",26101,"<2 cm",603,2250,0.268
"E3","V3B",26101,"2-4 cm",279,2250,0.124
"E3","V3B",26101,"4-6 cm",477,2250,0.212
"E3","V3B",26101,"6-8 cm",513,2250,0.228
"E3","V3B",26101,">8 cm",378,2250,0.168
"E3","V3B",26102,"<2 cm",232,1000,0.232
"E3","V3B",26102,"2-4 cm",156,1000,0.156
"E3","V3B",26102,"4-6 cm",156,1000,0.156
"E3","V3B",26102,"6-8 cm",272,1000,0.272
"E3","V3B",26102,">8 cm",184,1000,0.184
"E3","V3B",26103,"<2 cm",200,1000,0.2
"E3","V3B",26103,"2-4 cm",144,1000,0.144
"E3","V3B",26103,"4-6 cm",224,1000,0.224
"E3","V3B",26103,"6-8 cm",240,1000,0.24
"E3","V3B",26103,">8 cm",192,1000,0.192
"E3","V3B",26104,"<2 cm",192,1000,0.192
"E3","V3B",26104,"2-4 cm",132,1000,0.132
"E3","V3B",26104,"4-6 cm",308,1000,0.308
"E3","V3B",26104,"6-8 cm",204,1000,0.204
"E3","V3B",26104,">8 cm",164,1000,0.164
"E3","V3B",26105,"<2 cm",164,1000,0.164
"E3","V3B",26105,"2-4 cm",136,1000,0.136
"E3","V3B",26105,"4-6 cm",236,1000,0.236
"E3","V3B",26105,"6-8 cm",256,1000,0.256
"E3","V3B",26105,">8 cm",208,1000,0.208
"E3","V3B",26106,"<2 cm",220,1000,0.22
"E3","V3B",26106,"2-4 cm",168,1000,0.168
"E3","V3B",26106,"4-6 cm",216,1000,0.216
"E3","V3B",26106,"6-8 cm",220,1000,0.22
"E3","V3B",26106,">8 cm",176,1000,0.176
"E3","V3B",26107,"<2 cm",264,1000,0.264
"E3","V3B",26107,"2-4 cm",132,1000,0.132
"E3","V3B",26107,"4-6 cm",252,1000,0.252
"E3","V3B",26107,"6-8 cm",196,1000,0.196
"E3","V3B",26107,">8 cm",156,1000,0.156
"E3","V3B",26108,"<2 cm",200,1000,0.2
"E3","V3B",26108,"2-4 cm",116,1000,0.116
"E3","V3B",26108,"4-6 cm",256,1000,0.256
"E3","V3B",26108,"6-8 cm",240,1000,0.24
"E3","V3B",26108,">8 cm",188,1000,0.188
"E3","V3B",26109,"<2 cm",232,1000,0.232
"E3","V3B",26109,"2-4 cm",140,1000,0.14
"E3","V3B",26109,"4-6 cm",232,1000,0.232
"E3","V3B",26109,"6-8 cm",260,1000,0.26
"E3","V3B",26109,">8 cm",136,1000,0.136
"E3","V3B",26110,"<2 cm",232,1000,0.232
"E3","V3B",26110,"2-4 cm",140,1000,0.14
"E3","V3B",26110,"4-6 cm",184,1000,0.184
"E3","V3B",26110,"6-8 cm",280,1000,0.28
"E3","V3B",26110,">8 cm",164,1000,0.164
"E3","V3B",27101,"<2 cm",432,2250,0.192
"E3","V3B",27101,"2-4 cm",0,2250,0
"E3","V3B",27101,"4-6 cm",9,2250,0.004
"E3","V3B",27101,"6-8 cm",9,2250,0.004
"E3","V3B",27101,">8 cm",1800,2250,0.8
"E3","V3B",27102,"<2 cm",200,1000,0.2
"E3","V3B",27102,"2-4 cm",0,1000,0
"E3","V3B",27102,"4-6 cm",0,1000,0
"E3","V3B",27102,"6-8 cm",0,1000,0
"E3","V3B",27102,">8 cm",800,1000,0.8
"E3","V3B",27103,"<2 cm",188,1000,0.188
"E3","V3B",27103,"2-4 cm",0,1000,0
"E3","V3B",27103,"4-6 cm",0,1000,0
"E3","V3B",27103,"6-8 cm",0,1000,0
"E3","V3B",27103,">8 cm",812,1000,0.812
"E3","V3B",27104,"<2 cm",156,1000,0.156
"E3","V3B",27104,"2-4 cm",0,1000,0
"E3","V3B",27104,"4-6 cm",0,1000,0
"E3","V3B",27104,"6-8 cm",4,1000,0.004
"E3","V3B",27104,">8 cm",840,1000,0.84
"E3","V3B",27105,"<2 cm",172,1000,0.172
"E3","V3B",27105,"2-4 cm",0,1000,0
"E3","V3B",27105,"4-6 cm",0,1000,0
"E3","V3B",27105,"6-8 cm",0,1000,0
"E3","V3B",27105,">8 cm",828,1000,0.828
"E3","V3B",27106,"<2 cm",208,1000,0.208
"E3","V3B",27106,"2-4 cm",0,1000,0
"E3","V3B",27106,"4-6 cm",0,1000,0
"E3","V3B",27106,"6-8 cm",0,1000,0
"E3","V3B",27106,">8 cm",792,1000,0.792
"E3","V3B",27107,"<2 cm",212,1000,0.212
"E3","V3B",27107,"2-4 cm",0,1000,0
"E3","V3B",27107,"4-6 cm",0,1000,0
"E3","V3B",27107,"6-8 cm",0,1000,0
"E3","V3B",27107,">8 cm",788,1000,0.788
"E3","V3B",27108,"<2 cm",216,1000,0.216
"E3","V3B",27108,"2-4 cm",0,1000,0
"E3","V3B",27108,"4-6 cm",0,1000,0
"E3","V3B",27108,"6-8 cm",0,1000,0
"E3","V3B",27108,">8 cm",784,1000,0.784
"E3","V3B",27109,"<2 cm",204,1000,0.204
"E3","V3B",27109,"2-4 cm",0,1000,0
"E3","V3B",27109,"4-6 cm",0,1000,0
"E3","V3B",27109,"6-8 cm",8,1000,0.008
"E3","V3B",27109,">8 cm",788,1000,0.788
"E3","V3B",27110,"<2 cm",200,1000,0.2
"E3","V3B",27110,"2-4 cm",4,1000,0.004
"E3","V3B",27110,"4-6 cm",0,1000,0
"E3","V3B",27110,"6-8 cm",0,1000,0
"E3","V3B",27110,">8 cm",796,1000,0.796
"E3","V3B",28101,"<2 cm",1935,2250,0.86
"E3","V3B",28101,"2-4 cm",135,2250,0.06
"E3","V3B",28101,"4-6 cm",99,2250,0.044
"E3","V3B",28101,"6-8 cm",36,2250,0.016
"E3","V3B",28101,">8 cm",45,2250,0.02
"E3","V3B",28102,"<2 cm",820,1000,0.82
"E3","V3B",28102,"2-4 cm",52,1000,0.052
"E3","V3B",28102,"4-6 cm",60,1000,0.06
"E3","V3B",28102,"6-8 cm",20,1000,0.02
"E3","V3B",28102,">8 cm",48,1000,0.048
"E3","V3B",28103,"<2 cm",868,1000,0.868
"E3","V3B",28103,"2-4 cm",56,1000,0.056
"E3","V3B",28103,"4-6 cm",36,1000,0.036
"E3","V3B",28103,"6-8 cm",24,1000,0.024
"E3","V3B",28103,">8 cm",16,1000,0.016
"E3","V3B",28104,"<2 cm",868,1000,0.868
"E3","V3B",28104,"2-4 cm",60,1000,0.06
"E3","V3B",28104,"4-6 cm",28,1000,0.028
"E3","V3B",28104,"6-8 cm",16,1000,0.016
"E3","V3B",28104,">8 cm",28,1000,0.028
"E3","V3B",28105,"<2 cm",840,1000,0.84
"E3","V3B",28105,"2-4 cm",68,1000,0.068
"E3","V3B",28105,"4-6 cm",40,1000,0.04
"E3","V3B",28105,"6-8 cm",8,1000,0.008
"E3","V3B",28105,">8 cm",44,1000,0.044
"E3","V3B",28106,"<2 cm",844,1000,0.844
"E3","V3B",28106,"2-4 cm",76,1000,0.076
"E3","V3B",28106,"4-6 cm",28,1000,0.028
"E3","V3B",28106,"6-8 cm",36,1000,0.036
"E3","V3B",28106,">8 cm",16,1000,0.016
"E3","V3B",28107,"<2 cm",832,1000,0.832
"E3","V3B",28107,"2-4 cm",44,1000,0.044
"E3","V3B",28107,"4-6 cm",40,1000,0.04
"E3","V3B",28107,"6-8 cm",52,1000,0.052
"E3","V3B",28107,">8 cm",32,1000,0.032
"E3","V3B",28108,"<2 cm",840,1000,0.84
"E3","V3B",28108,"2-4 cm",56,1000,0.056
"E3","V3B",28108,"4-6 cm",40,1000,0.04
"E3","V3B",28108,"6-8 cm",28,1000,0.028
"E3","V3B",28108,">8 cm",36,1000,0.036
"E3","V3B",28109,"<2 cm",860,1000,0.86
"E3","V3B",28109,"2-4 cm",60,1000,0.06
"E3","V3B",28109,"4-6 cm",20,1000,0.02
"E3","V3B",28109,"6-8 cm",44,1000,0.044
"E3","V3B",28109,">8 cm",16,1000,0.016
"E3","V3B",28110,"<2 cm",848,1000,0.848
"E3","V3B",28110,"2-4 cm",52,1000,0.052
"E3","V3B",28110,"4-6 cm",44,1000,0.044
"E3","V3B",28110,"6-8 cm",36,1000,0.036
"E3","V3B",28110,">8 cm",20,1000,0.02
"E3","V3B",29101,"<2 cm",135,2250,0.06
"E3","V3B",29101,"2-4 cm",72,2250,0.032
"E3","V3B",29101,"4-6 cm",45,2250,0.02
"E3","V3B",29101,"6-8 cm",27,2250,0.012
"E3","V3B",29101,">8 cm",1971,2250,0.876
"E3","V3B",29102,"<2 cm",72,1000,0.072
"E3","V3B",29102,"2-4 cm",8,1000,0.008
"E3","V3B",29102,"4-6 cm",20,1000,0.02
"E3","V3B",29102,"6-8 cm",16,1000,0.016
"E3","V3B",29102,">8 cm",884,1000,0.884
"E3","V3B",29103,"<2 cm",64,1000,0.064
"E3","V3B",29103,"2-4 cm",28,1000,0.028
"E3","V3B",29103,"4-6 cm",16,1000,0.016
"E3","V3B",29103,"6-8 cm",16,1000,0.016
"E3","V3B",29103,">8 cm",876,1000,0.876
"E3","V3B",29104,"<2 cm",52,1000,0.052
"E3","V3B",29104,"2-4 cm",28,1000,0.028
"E3","V3B",29104,"4-6 cm",16,1000,0.016
"E3","V3B",29104,"6-8 cm",24,1000,0.024
"E3","V3B",29104,">8 cm",880,1000,0.88
"E3","V3B",29105,"<2 cm",52,1000,0.052
"E3","V3B",29105,"2-4 cm",12,1000,0.012
"E3","V3B",29105,"4-6 cm",28,1000,0.028
"E3","V3B",29105,"6-8 cm",24,1000,0.024
"E3","V3B",29105,">8 cm",884,1000,0.884
"E3","V3B",29106,"<2 cm",56,1000,0.056
"E3","V3B",29106,"2-4 cm",16,1000,0.016
"E3","V3B",29106,"4-6 cm",24,1000,0.024
"E3","V3B",29106,"6-8 cm",24,1000,0.024
"E3","V3B",29106,">8 cm",880,1000,0.88
"E3","V3B",29107,"<2 cm",68,1000,0.068
"E3","V3B",29107,"2-4 cm",12,1000,0.012
"E3","V3B",29107,"4-6 cm",12,1000,0.012
"E3","V3B",29107,"6-8 cm",20,1000,0.02
"E3","V3B",29107,">8 cm",888,1000,0.888
"E3","V3B",29108,"<2 cm",52,1000,0.052
"E3","V3B",29108,"2-4 cm",12,1000,0.012
"E3","V3B",29108,"4-6 cm",20,1000,0.02
"E3","V3B",29108,"6-8 cm",32,1000,0.032
"E3","V3B",29108,">8 cm",884,1000,0.884
"E3","V3B",29109,"<2 cm",68,1000,0.068
"E3","V3B",29109,"2-4 cm",20,1000,0.02
"E3","V3B",29109,"4-6 cm",20,1000,0.02
"E3","V3B",29109,"6-8 cm",12,1000,0.012
"E3","V3B",29109,">8 cm",880,1000,0.88
"E3","V3B",29110,"<2 cm",52,1000,0.052
"E3","V3B",29110,"2-4 cm",24,1000,0.024
"E3","V3B",29110,"4-6 cm",28,1000,0.028
"E3","V3B",29110,"6-8 cm",4,1000,0.004
"E3","V3B",29110,">8 cm",892,1000,0.892
"E3","V3B",30101,"<2 cm",2187,2250,0.972
"E3","V3B",30101,"2-4 cm",18,2250,0.008
"E3","V3B",30101,"4-6 cm",9,2250,0.004
"E3","V3B",30101,"6-8 cm",0,2250,0
"E3","V3B",30101,">8 cm",36,2250,0.016
"E3","V3B",30102,"<2 cm",968,1000,0.968
"E3","V3B",30102,"2-4 cm",8,1000,0.008
"E3","V3B",30102,"4-6 cm",4,1000,0.004
"E3","V3B",30102,"6-8 cm",0,1000,0
"E3","V3B",30102,">8 cm",20,1000,0.02
"E3","V3B",30103,"<2 cm",968,1000,0.968
"E3","V3B",30103,"2-4 cm",4,1000,0.004
"E3","V3B",30103,"4-6 cm",0,1000,0
"E3","V3B",30103,"6-8 cm",0,1000,0
"E3","V3B",30103,">8 cm",28,1000,0.028
"E3","V3B",30104,"<2 cm",976,1000,0.976
"E3","V3B",30104,"2-4 cm",4,1000,0.004
"E3","V3B",30104,"4-6 cm",0,1000,0
"E3","V3B",30104,"6-8 cm",8,1000,0.008
"E3","V3B",30104,">8 cm",12,1000,0.012
"E3","V3B",30105,"<2 cm",976,1000,0.976
"E3","V3B",30105,"2-4 cm",12,1000,0.012
"E3","V3B",30105,"4-6 cm",0,1000,0
"E3","V3B",30105,"6-8 cm",0,1000,0
"E3","V3B",30105,">8 cm",12,1000,0.012
"E3","V3B",30106,"<2 cm",976,1000,0.976
"E3","V3B",30106,"2-4 cm",4,1000,0.004
"E3","V3B",30106,"4-6 cm",4,1000,0.004
"E3","V3B",30106,"6-8 cm",0,1000,0
"E3","V3B",30106,">8 cm",16,1000,0.016
"E3","V3B",30107,"<2 cm",968,1000,0.968
"E3","V3B",30107,"2-4 cm",8,1000,0.008
"E3","V3B",30107,"4-6 cm",8,1000,0.008
"E3","V3B",30107,"6-8 cm",0,1000,0
"E3","V3B",30107,">8 cm",16,1000,0.016
"E3","V3B",30108,"<2 cm",980,1000,0.98
"E3","V3B",30108,"2-4 cm",12,1000,0.012
"E3","V3B",30108,"4-6 cm",0,1000,0
"E3","V3B",30108,"6-8 cm",0,1000,0
"E3","V3B",30108,">8 cm",8,1000,0.008
"E3","V3B",30109,"<2 cm",972,1000,0.972
"E3","V3B",30109,"2-4 cm",4,1000,0.004
"E3","V3B",30109,"4-6 cm",0,1000,0
"E3","V3B",30109,"6-8 cm",0,1000,0
"E3","V3B",30109,">8 cm",24,1000,0.024
"E3","V3B",30110,"<2 cm",968,1000,0.968
"E3","V3B",30110,"2-4 cm",0,1000,0
"E3","V3B",30110,"4-6 cm",4,1000,0.004
"E3","V3B",30110,"6-8 cm",4,1000,0.004
"E3","V3B",30110,">8 cm",24,1000,0.024
"E3","V3C",1101,"<2 cm",2232,2250,0.992
"E3","V3C",1101,"2-4 cm",9,2250,0.004
"E3","V3C",1101,"4-6 cm",0,2250,0
"E3","V3C",1101,"6-8 cm",0,2250,0
"E3","V3C",1101,">8 cm",9,2250,0.004
"E3","V3C",1102,"<2 cm",992,1000,0.992
"E3","V3C",1102,"2-4 cm",0,1000,0
"E3","V3C",1102,"4-6 cm",4,1000,0.004
"E3","V3C",1102,"6-8 cm",0,1000,0
"E3","V3C",1102,">8 cm",4,1000,0.004
"E3","V3C",1103,"<2 cm",988,1000,0.988
"E3","V3C",1103,"2-4 cm",0,1000,0
"E3","V3C",1103,"4-6 cm",0,1000,0
"E3","V3C",1103,"6-8 cm",0,1000,0
"E3","V3C",1103,">8 cm",12,1000,0.012
"E3","V3C",1104,"<2 cm",992,1000,0.992
"E3","V3C",1104,"2-4 cm",0,1000,0
"E3","V3C",1104,"4-6 cm",0,1000,0
"E3","V3C",1104,"6-8 cm",0,1000,0
"E3","V3C",1104,">8 cm",8,1000,0.008
"E3","V3C",1105,"<2 cm",984,1000,0.984
"E3","V3C",1105,"2-4 cm",0,1000,0
"E3","V3C",1105,"4-6 cm",4,1000,0.004
"E3","V3C",1105,"6-8 cm",0,1000,0
"E3","V3C",1105,">8 cm",12,1000,0.012
"E3","V3C",1106,"<2 cm",992,1000,0.992
"E3","V3C",1106,"2-4 cm",0,1000,0
"E3","V3C",1106,"4-6 cm",0,1000,0
"E3","V3C",1106,"6-8 cm",0,1000,0
"E3","V3C",1106,">8 cm",8,1000,0.008
"E3","V3C",1107,"<2 cm",992,1000,0.992
"E3","V3C",1107,"2-4 cm",0,1000,0
"E3","V3C",1107,"4-6 cm",0,1000,0
"E3","V3C",1107,"6-8 cm",0,1000,0
"E3","V3C",1107,">8 cm",8,1000,0.008
"E3","V3C",1108,"<2 cm",992,1000,0.992
"E3","V3C",1108,"2-4 cm",0,1000,0
"E3","V3C",1108,"4-6 cm",4,1000,0.004
"E3","V3C",1108,"6-8 cm",0,1000,0
"E3","V3C",1108,">8 cm",4,1000,0.004
"E3","V3C",1109,"<2 cm",992,1000,0.992
"E3","V3C",1109,"2-4 cm",0,1000,0
"E3","V3C",1109,"4-6 cm",0,1000,0
"E3","V3C",1109,"6-8 cm",0,1000,0
"E3","V3C",1109,">8 cm",8,1000,0.008
"E3","V3C",1110,"<2 cm",988,1000,0.988
"E3","V3C",1110,"2-4 cm",4,1000,0.004
"E3","V3C",1110,"4-6 cm",0,1000,0
"E3","V3C",1110,"6-8 cm",0,1000,0
"E3","V3C",1110,">8 cm",8,1000,0.008
"E3","V3C",2101,"<2 cm",27,2250,0.012
"E3","V3C",2101,"2-4 cm",9,2250,0.004
"E3","V3C",2101,"4-6 cm",27,2250,0.012
"E3","V3C",2101,"6-8 cm",99,2250,0.044
"E3","V3C",2101,">8 cm",2088,2250,0.928
"E3","V3C",2102,"<2 cm",16,1000,0.016
"E3","V3C",2102,"2-4 cm",4,1000,0.004
"E3","V3C",2102,"4-6 cm",24,1000,0.024
"E3","V3C",2102,"6-8 cm",32,1000,0.032
"E3","V3C",2102,">8 cm",924,1000,0.924
"E3","V3C",2103,"<2 cm",8,1000,0.008
"E3","V3C",2103,"2-4 cm",8,1000,0.008
"E3","V3C",2103,"4-6 cm",4,1000,0.004
"E3","V3C",2103,"6-8 cm",36,1000,0.036
"E3","V3C",2103,">8 cm",944,1000,0.944
"E3","V3C",2104,"<2 cm",20,1000,0.02
"E3","V3C",2104,"2-4 cm",4,1000,0.004
"E3","V3C",2104,"4-6 cm",36,1000,0.036
"E3","V3C",2104,"6-8 cm",44,1000,0.044
"E3","V3C",2104,">8 cm",896,1000,0.896
"E3","V3C",2105,"<2 cm",16,1000,0.016
"E3","V3C",2105,"2-4 cm",4,1000,0.004
"E3","V3C",2105,"4-6 cm",4,1000,0.004
"E3","V3C",2105,"6-8 cm",68,1000,0.068
"E3","V3C",2105,">8 cm",908,1000,0.908
"E3","V3C",2106,"<2 cm",12,1000,0.012
"E3","V3C",2106,"2-4 cm",4,1000,0.004
"E3","V3C",2106,"4-6 cm",32,1000,0.032
"E3","V3C",2106,"6-8 cm",24,1000,0.024
"E3","V3C",2106,">8 cm",928,1000,0.928
"E3","V3C",2107,"<2 cm",12,1000,0.012
"E3","V3C",2107,"2-4 cm",4,1000,0.004
"E3","V3C",2107,"4-6 cm",8,1000,0.008
"E3","V3C",2107,"6-8 cm",32,1000,0.032
"E3","V3C",2107,">8 cm",944,1000,0.944
"E3","V3C",2108,"<2 cm",12,1000,0.012
"E3","V3C",2108,"2-4 cm",4,1000,0.004
"E3","V3C",2108,"4-6 cm",16,1000,0.016
"E3","V3C",2108,"6-8 cm",28,1000,0.028
"E3","V3C",2108,">8 cm",940,1000,0.94
"E3","V3C",2109,"<2 cm",12,1000,0.012
"E3","V3C",2109,"2-4 cm",0,1000,0
"E3","V3C",2109,"4-6 cm",28,1000,0.028
"E3","V3C",2109,"6-8 cm",36,1000,0.036
"E3","V3C",2109,">8 cm",924,1000,0.924
"E3","V3C",2110,"<2 cm",12,1000,0.012
"E3","V3C",2110,"2-4 cm",4,1000,0.004
"E3","V3C",2110,"4-6 cm",16,1000,0.016
"E3","V3C",2110,"6-8 cm",32,1000,0.032
"E3","V3C",2110,">8 cm",936,1000,0.936
"E3","V3C",3101,"<2 cm",1476,2250,0.656
"E3","V3C",3101,"2-4 cm",36,2250,0.016
"E3","V3C",3101,"4-6 cm",18,2250,0.008
"E3","V3C",3101,"6-8 cm",45,2250,0.02
"E3","V3C",3101,">8 cm",675,2250,0.3
"E3","V3C",3102,"<2 cm",660,1000,0.66
"E3","V3C",3102,"2-4 cm",0,1000,0
"E3","V3C",3102,"4-6 cm",8,1000,0.008
"E3","V3C",3102,"6-8 cm",16,1000,0.016
"E3","V3C",3102,">8 cm",316,1000,0.316
"E3","V3C",3103,"<2 cm",648,1000,0.648
"E3","V3C",3103,"2-4 cm",4,1000,0.004
"E3","V3C",3103,"4-6 cm",4,1000,0.004
"E3","V3C",3103,"6-8 cm",12,1000,0.012
"E3","V3C",3103,">8 cm",332,1000,0.332
"E3","V3C",3104,"<2 cm",640,1000,0.64
"E3","V3C",3104,"2-4 cm",8,1000,0.008
"E3","V3C",3104,"4-6 cm",4,1000,0.004
"E3","V3C",3104,"6-8 cm",24,1000,0.024
"E3","V3C",3104,">8 cm",324,1000,0.324
"E3","V3C",3105,"<2 cm",644,1000,0.644
"E3","V3C",3105,"2-4 cm",0,1000,0
"E3","V3C",3105,"4-6 cm",4,1000,0.004
"E3","V3C",3105,"6-8 cm",28,1000,0.028
"E3","V3C",3105,">8 cm",324,1000,0.324
"E3","V3C",3106,"<2 cm",644,1000,0.644
"E3","V3C",3106,"2-4 cm",4,1000,0.004
"E3","V3C",3106,"4-6 cm",8,1000,0.008
"E3","V3C",3106,"6-8 cm",20,1000,0.02
"E3","V3C",3106,">8 cm",324,1000,0.324
"E3","V3C",3107,"<2 cm",668,1000,0.668
"E3","V3C",3107,"2-4 cm",8,1000,0.008
"E3","V3C",3107,"4-6 cm",0,1000,0
"E3","V3C",3107,"6-8 cm",16,1000,0.016
"E3","V3C",3107,">8 cm",308,1000,0.308
"E3","V3C",3108,"<2 cm",656,1000,0.656
"E3","V3C",3108,"2-4 cm",4,1000,0.004
"E3","V3C",3108,"4-6 cm",4,1000,0.004
"E3","V3C",3108,"6-8 cm",8,1000,0.008
"E3","V3C",3108,">8 cm",328,1000,0.328
"E3","V3C",3109,"<2 cm",624,1000,0.624
"E3","V3C",3109,"2-4 cm",28,1000,0.028
"E3","V3C",3109,"4-6 cm",4,1000,0.004
"E3","V3C",3109,"6-8 cm",20,1000,0.02
"E3","V3C",3109,">8 cm",324,1000,0.324
"E3","V3C",3110,"<2 cm",672,1000,0.672
"E3","V3C",3110,"2-4 cm",12,1000,0.012
"E3","V3C",3110,"4-6 cm",0,1000,0
"E3","V3C",3110,"6-8 cm",12,1000,0.012
"E3","V3C",3110,">8 cm",304,1000,0.304
"E3","V3C",4101,"<2 cm",2214,2250,0.984
"E3","V3C",4101,"2-4 cm",0,2250,0
"E3","V3C",4101,"4-6 cm",0,2250,0
"E3","V3C",4101,"6-8 cm",0,2250,0
"E3","V3C",4101,">8 cm",36,2250,0.016
"E3","V3C",4102,"<2 cm",984,1000,0.984
"E3","V3C",4102,"2-4 cm",0,1000,0
"E3","V3C",4102,"4-6 cm",0,1000,0
"E3","V3C",4102,"6-8 cm",0,1000,0
"E3","V3C",4102,">8 cm",16,1000,0.016
"E3","V3C",4103,"<2 cm",988,1000,0.988
"E3","V3C",4103,"2-4 cm",0,1000,0
"E3","V3C",4103,"4-6 cm",0,1000,0
"E3","V3C",4103,"6-8 cm",0,1000,0
"E3","V3C",4103,">8 cm",12,1000,0.012
"E3","V3C",4104,"<2 cm",992,1000,0.992
"E3","V3C",4104,"2-4 cm",0,1000,0
"E3","V3C",4104,"4-6 cm",0,1000,0
"E3","V3C",4104,"6-8 cm",0,1000,0
"E3","V3C",4104,">8 cm",8,1000,0.008
"E3","V3C",4105,"<2 cm",988,1000,0.988
"E3","V3C",4105,"2-4 cm",0,1000,0
"E3","V3C",4105,"4-6 cm",0,1000,0
"E3","V3C",4105,"6-8 cm",0,1000,0
"E3","V3C",4105,">8 cm",12,1000,0.012
"E3","V3C",4106,"<2 cm",980,1000,0.98
"E3","V3C",4106,"2-4 cm",0,1000,0
"E3","V3C",4106,"4-6 cm",0,1000,0
"E3","V3C",4106,"6-8 cm",0,1000,0
"E3","V3C",4106,">8 cm",20,1000,0.02
"E3","V3C",4107,"<2 cm",984,1000,0.984
"E3","V3C",4107,"2-4 cm",0,1000,0
"E3","V3C",4107,"4-6 cm",0,1000,0
"E3","V3C",4107,"6-8 cm",0,1000,0
"E3","V3C",4107,">8 cm",16,1000,0.016
"E3","V3C",4108,"<2 cm",972,1000,0.972
"E3","V3C",4108,"2-4 cm",0,1000,0
"E3","V3C",4108,"4-6 cm",0,1000,0
"E3","V3C",4108,"6-8 cm",0,1000,0
"E3","V3C",4108,">8 cm",28,1000,0.028
"E3","V3C",4109,"<2 cm",980,1000,0.98
"E3","V3C",4109,"2-4 cm",0,1000,0
"E3","V3C",4109,"4-6 cm",0,1000,0
"E3","V3C",4109,"6-8 cm",0,1000,0
"E3","V3C",4109,">8 cm",20,1000,0.02
"E3","V3C",4110,"<2 cm",976,1000,0.976
"E3","V3C",4110,"2-4 cm",0,1000,0
"E3","V3C",4110,"4-6 cm",0,1000,0
"E3","V3C",4110,"6-8 cm",0,1000,0
"E3","V3C",4110,">8 cm",24,1000,0.024
"E3","V3C",5101,"<2 cm",2187,2250,0.972
"E3","V3C",5101,"2-4 cm",18,2250,0.008
"E3","V3C",5101,"4-6 cm",0,2250,0
"E3","V3C",5101,"6-8 cm",0,2250,0
"E3","V3C",5101,">8 cm",45,2250,0.02
"E3","V3C",5102,"<2 cm",984,1000,0.984
"E3","V3C",5102,"2-4 cm",4,1000,0.004
"E3","V3C",5102,"4-6 cm",0,1000,0
"E3","V3C",5102,"6-8 cm",4,1000,0.004
"E3","V3C",5102,">8 cm",8,1000,0.008
"E3","V3C",5103,"<2 cm",984,1000,0.984
"E3","V3C",5103,"2-4 cm",8,1000,0.008
"E3","V3C",5103,"4-6 cm",0,1000,0
"E3","V3C",5103,"6-8 cm",0,1000,0
"E3","V3C",5103,">8 cm",8,1000,0.008
"E3","V3C",5104,"<2 cm",988,1000,0.988
"E3","V3C",5104,"2-4 cm",4,1000,0.004
"E3","V3C",5104,"4-6 cm",4,1000,0.004
"E3","V3C",5104,"6-8 cm",0,1000,0
"E3","V3C",5104,">8 cm",4,1000,0.004
"E3","V3C",5105,"<2 cm",980,1000,0.98
"E3","V3C",5105,"2-4 cm",12,1000,0.012
"E3","V3C",5105,"4-6 cm",0,1000,0
"E3","V3C",5105,"6-8 cm",4,1000,0.004
"E3","V3C",5105,">8 cm",4,1000,0.004
"E3","V3C",5106,"<2 cm",980,1000,0.98
"E3","V3C",5106,"2-4 cm",4,1000,0.004
"E3","V3C",5106,"4-6 cm",8,1000,0.008
"E3","V3C",5106,"6-8 cm",0,1000,0
"E3","V3C",5106,">8 cm",8,1000,0.008
"E3","V3C",5107,"<2 cm",980,1000,0.98
"E3","V3C",5107,"2-4 cm",8,1000,0.008
"E3","V3C",5107,"4-6 cm",4,1000,0.004
"E3","V3C",5107,"6-8 cm",0,1000,0
"E3","V3C",5107,">8 cm",8,1000,0.008
"E3","V3C",5108,"<2 cm",980,1000,0.98
"E3","V3C",5108,"2-4 cm",4,1000,0.004
"E3","V3C",5108,"4-6 cm",0,1000,0
"E3","V3C",5108,"6-8 cm",0,1000,0
"E3","V3C",5108,">8 cm",16,1000,0.016
"E3","V3C",5109,"<2 cm",976,1000,0.976
"E3","V3C",5109,"2-4 cm",16,1000,0.016
"E3","V3C",5109,"4-6 cm",0,1000,0
"E3","V3C",5109,"6-8 cm",0,1000,0
"E3","V3C",5109,">8 cm",8,1000,0.008
"E3","V3C",5110,"<2 cm",980,1000,0.98
"E3","V3C",5110,"2-4 cm",12,1000,0.012
"E3","V3C",5110,"4-6 cm",0,1000,0
"E3","V3C",5110,"6-8 cm",0,1000,0
"E3","V3C",5110,">8 cm",8,1000,0.008
"E3","V3C",6101,"<2 cm",2025,2250,0.9
"E3","V3C",6101,"2-4 cm",27,2250,0.012
"E3","V3C",6101,"4-6 cm",9,2250,0.004
"E3","V3C",6101,"6-8 cm",0,2250,0
"E3","V3C",6101,">8 cm",189,2250,0.084
"E3","V3C",6102,"<2 cm",900,1000,0.9
"E3","V3C",6102,"2-4 cm",4,1000,0.004
"E3","V3C",6102,"4-6 cm",0,1000,0
"E3","V3C",6102,"6-8 cm",8,1000,0.008
"E3","V3C",6102,">8 cm",88,1000,0.088
"E3","V3C",6103,"<2 cm",916,1000,0.916
"E3","V3C",6103,"2-4 cm",4,1000,0.004
"E3","V3C",6103,"4-6 cm",0,1000,0
"E3","V3C",6103,"6-8 cm",0,1000,0
"E3","V3C",6103,">8 cm",80,1000,0.08
"E3","V3C",6104,"<2 cm",912,1000,0.912
"E3","V3C",6104,"2-4 cm",0,1000,0
"E3","V3C",6104,"4-6 cm",4,1000,0.004
"E3","V3C",6104,"6-8 cm",4,1000,0.004
"E3","V3C",6104,">8 cm",80,1000,0.08
"E3","V3C",6105,"<2 cm",896,1000,0.896
"E3","V3C",6105,"2-4 cm",8,1000,0.008
"E3","V3C",6105,"4-6 cm",4,1000,0.004
"E3","V3C",6105,"6-8 cm",8,1000,0.008
"E3","V3C",6105,">8 cm",84,1000,0.084
"E3","V3C",6106,"<2 cm",916,1000,0.916
"E3","V3C",6106,"2-4 cm",8,1000,0.008
"E3","V3C",6106,"4-6 cm",0,1000,0
"E3","V3C",6106,"6-8 cm",0,1000,0
"E3","V3C",6106,">8 cm",76,1000,0.076
"E3","V3C",6107,"<2 cm",904,1000,0.904
"E3","V3C",6107,"2-4 cm",8,1000,0.008
"E3","V3C",6107,"4-6 cm",4,1000,0.004
"E3","V3C",6107,"6-8 cm",0,1000,0
"E3","V3C",6107,">8 cm",84,1000,0.084
"E3","V3C",6108,"<2 cm",900,1000,0.9
"E3","V3C",6108,"2-4 cm",4,1000,0.004
"E3","V3C",6108,"4-6 cm",0,1000,0
"E3","V3C",6108,"6-8 cm",0,1000,0
"E3","V3C",6108,">8 cm",96,1000,0.096
"E3","V3C",6109,"<2 cm",904,1000,0.904
"E3","V3C",6109,"2-4 cm",8,1000,0.008
"E3","V3C",6109,"4-6 cm",0,1000,0
"E3","V3C",6109,"6-8 cm",8,1000,0.008
"E3","V3C",6109,">8 cm",80,1000,0.08
"E3","V3C",6110,"<2 cm",912,1000,0.912
"E3","V3C",6110,"2-4 cm",0,1000,0
"E3","V3C",6110,"4-6 cm",0,1000,0
"E3","V3C",6110,"6-8 cm",4,1000,0.004
"E3","V3C",6110,">8 cm",84,1000,0.084
"E3","V3C",7101,"<2 cm",2241,2250,0.996
"E3","V3C",7101,"2-4 cm",0,2250,0
"E3","V3C",7101,"4-6 cm",0,2250,0
"E3","V3C",7101,"6-8 cm",0,2250,0
"E3","V3C",7101,">8 cm",9,2250,0.004
"E3","V3C",7102,"<2 cm",996,1000,0.996
"E3","V3C",7102,"2-4 cm",0,1000,0
"E3","V3C",7102,"4-6 cm",0,1000,0
"E3","V3C",7102,"6-8 cm",0,1000,0
"E3","V3C",7102,">8 cm",4,1000,0.004
"E3","V3C",7103,"<2 cm",996,1000,0.996
"E3","V3C",7103,"2-4 cm",0,1000,0
"E3","V3C",7103,"4-6 cm",0,1000,0
"E3","V3C",7103,"6-8 cm",0,1000,0
"E3","V3C",7103,">8 cm",4,1000,0.004
"E3","V3C",7104,"<2 cm",996,1000,0.996
"E3","V3C",7104,"2-4 cm",0,1000,0
"E3","V3C",7104,"4-6 cm",0,1000,0
"E3","V3C",7104,"6-8 cm",0,1000,0
"E3","V3C",7104,">8 cm",4,1000,0.004
"E3","V3C",7105,"<2 cm",996,1000,0.996
"E3","V3C",7105,"2-4 cm",0,1000,0
"E3","V3C",7105,"4-6 cm",0,1000,0
"E3","V3C",7105,"6-8 cm",0,1000,0
"E3","V3C",7105,">8 cm",4,1000,0.004
"E3","V3C",7106,"<2 cm",996,1000,0.996
"E3","V3C",7106,"2-4 cm",0,1000,0
"E3","V3C",7106,"4-6 cm",0,1000,0
"E3","V3C",7106,"6-8 cm",0,1000,0
"E3","V3C",7106,">8 cm",4,1000,0.004
"E3","V3C",7107,"<2 cm",992,1000,0.992
"E3","V3C",7107,"2-4 cm",0,1000,0
"E3","V3C",7107,"4-6 cm",0,1000,0
"E3","V3C",7107,"6-8 cm",0,1000,0
"E3","V3C",7107,">8 cm",8,1000,0.008
"E3","V3C",7108,"<2 cm",996,1000,0.996
"E3","V3C",7108,"2-4 cm",0,1000,0
"E3","V3C",7108,"4-6 cm",0,1000,0
"E3","V3C",7108,"6-8 cm",0,1000,0
"E3","V3C",7108,">8 cm",4,1000,0.004
"E3","V3C",7109,"<2 cm",996,1000,0.996
"E3","V3C",7109,"2-4 cm",0,1000,0
"E3","V3C",7109,"4-6 cm",0,1000,0
"E3","V3C",7109,"6-8 cm",0,1000,0
"E3","V3C",7109,">8 cm",4,1000,0.004
"E3","V3C",7110,"<2 cm",996,1000,0.996
"E3","V3C",7110,"2-4 cm",0,1000,0
"E3","V3C",7110,"4-6 cm",0,1000,0
"E3","V3C",7110,"6-8 cm",0,1000,0
"E3","V3C",7110,">8 cm",4,1000,0.004
"E3","V3C",8101,"<2 cm",2214,2250,0.984
"E3","V3C",8101,"2-4 cm",9,2250,0.004
"E3","V3C",8101,"4-6 cm",0,2250,0
"E3","V3C",8101,"6-8 cm",0,2250,0
"E3","V3C",8101,">8 cm",27,2250,0.012
"E3","V3C",8102,"<2 cm",980,1000,0.98
"E3","V3C",8102,"2-4 cm",0,1000,0
"E3","V3C",8102,"4-6 cm",0,1000,0
"E3","V3C",8102,"6-8 cm",4,1000,0.004
"E3","V3C",8102,">8 cm",16,1000,0.016
"E3","V3C",8103,"<2 cm",976,1000,0.976
"E3","V3C",8103,"2-4 cm",8,1000,0.008
"E3","V3C",8103,"4-6 cm",4,1000,0.004
"E3","V3C",8103,"6-8 cm",0,1000,0
"E3","V3C",8103,">8 cm",12,1000,0.012
"E3","V3C",8104,"<2 cm",980,1000,0.98
"E3","V3C",8104,"2-4 cm",4,1000,0.004
"E3","V3C",8104,"4-6 cm",0,1000,0
"E3","V3C",8104,"6-8 cm",4,1000,0.004
"E3","V3C",8104,">8 cm",12,1000,0.012
"E3","V3C",8105,"<2 cm",984,1000,0.984
"E3","V3C",8105,"2-4 cm",0,1000,0
"E3","V3C",8105,"4-6 cm",0,1000,0
"E3","V3C",8105,"6-8 cm",0,1000,0
"E3","V3C",8105,">8 cm",16,1000,0.016
"E3","V3C",8106,"<2 cm",984,1000,0.984
"E3","V3C",8106,"2-4 cm",0,1000,0
"E3","V3C",8106,"4-6 cm",0,1000,0
"E3","V3C",8106,"6-8 cm",0,1000,0
"E3","V3C",8106,">8 cm",16,1000,0.016
"E3","V3C",8107,"<2 cm",976,1000,0.976
"E3","V3C",8107,"2-4 cm",4,1000,0.004
"E3","V3C",8107,"4-6 cm",4,1000,0.004
"E3","V3C",8107,"6-8 cm",0,1000,0
"E3","V3C",8107,">8 cm",16,1000,0.016
"E3","V3C",8108,"<2 cm",984,1000,0.984
"E3","V3C",8108,"2-4 cm",0,1000,0
"E3","V3C",8108,"4-6 cm",0,1000,0
"E3","V3C",8108,"6-8 cm",0,1000,0
"E3","V3C",8108,">8 cm",16,1000,0.016
"E3","V3C",8109,"<2 cm",980,1000,0.98
"E3","V3C",8109,"2-4 cm",4,1000,0.004
"E3","V3C",8109,"4-6 cm",0,1000,0
"E3","V3C",8109,"6-8 cm",0,1000,0
"E3","V3C",8109,">8 cm",16,1000,0.016
"E3","V3C",8110,"<2 cm",984,1000,0.984
"E3","V3C",8110,"2-4 cm",0,1000,0
"E3","V3C",8110,"4-6 cm",0,1000,0
"E3","V3C",8110,"6-8 cm",4,1000,0.004
"E3","V3C",8110,">8 cm",12,1000,0.012
"E3","V3C",9101,"<2 cm",2151,2250,0.956
"E3","V3C",9101,"2-4 cm",0,2250,0
"E3","V3C",9101,"4-6 cm",18,2250,0.008
"E3","V3C",9101,"6-8 cm",0,2250,0
"E3","V3C",9101,">8 cm",81,2250,0.036
"E3","V3C",9102,"<2 cm",940,1000,0.94
"E3","V3C",9102,"2-4 cm",4,1000,0.004
"E3","V3C",9102,"4-6 cm",12,1000,0.012
"E3","V3C",9102,"6-8 cm",0,1000,0
"E3","V3C",9102,">8 cm",44,1000,0.044
"E3","V3C",9103,"<2 cm",948,1000,0.948
"E3","V3C",9103,"2-4 cm",8,1000,0.008
"E3","V3C",9103,"4-6 cm",4,1000,0.004
"E3","V3C",9103,"6-8 cm",0,1000,0
"E3","V3C",9103,">8 cm",40,1000,0.04
"E3","V3C",9104,"<2 cm",952,1000,0.952
"E3","V3C",9104,"2-4 cm",0,1000,0
"E3","V3C",9104,"4-6 cm",4,1000,0.004
"E3","V3C",9104,"6-8 cm",0,1000,0
"E3","V3C",9104,">8 cm",44,1000,0.044
"E3","V3C",9105,"<2 cm",960,1000,0.96
"E3","V3C",9105,"2-4 cm",0,1000,0
"E3","V3C",9105,"4-6 cm",4,1000,0.004
"E3","V3C",9105,"6-8 cm",0,1000,0
"E3","V3C",9105,">8 cm",36,1000,0.036
"E3","V3C",9106,"<2 cm",944,1000,0.944
"E3","V3C",9106,"2-4 cm",8,1000,0.008
"E3","V3C",9106,"4-6 cm",0,1000,0
"E3","V3C",9106,"6-8 cm",0,1000,0
"E3","V3C",9106,">8 cm",48,1000,0.048
"E3","V3C",9107,"<2 cm",936,1000,0.936
"E3","V3C",9107,"2-4 cm",4,1000,0.004
"E3","V3C",9107,"4-6 cm",8,1000,0.008
"E3","V3C",9107,"6-8 cm",0,1000,0
"E3","V3C",9107,">8 cm",52,1000,0.052
"E3","V3C",9108,"<2 cm",952,1000,0.952
"E3","V3C",9108,"2-4 cm",4,1000,0.004
"E3","V3C",9108,"4-6 cm",0,1000,0
"E3","V3C",9108,"6-8 cm",0,1000,0
"E3","V3C",9108,">8 cm",44,1000,0.044
"E3","V3C",9109,"<2 cm",948,1000,0.948
"E3","V3C",9109,"2-4 cm",0,1000,0
"E3","V3C",9109,"4-6 cm",8,1000,0.008
"E3","V3C",9109,"6-8 cm",0,1000,0
"E3","V3C",9109,">8 cm",44,1000,0.044
"E3","V3C",9110,"<2 cm",956,1000,0.956
"E3","V3C",9110,"2-4 cm",4,1000,0.004
"E3","V3C",9110,"4-6 cm",4,1000,0.004
"E3","V3C",9110,"6-8 cm",0,1000,0
"E3","V3C",9110,">8 cm",36,1000,0.036
"E3","V3C",10101,"<2 cm",54,2250,0.024
"E3","V3C",10101,"2-4 cm",0,2250,0
"E3","V3C",10101,"4-6 cm",0,2250,0
"E3","V3C",10101,"6-8 cm",0,2250,0
"E3","V3C",10101,">8 cm",2196,2250,0.976
"E3","V3C",10102,"<2 cm",20,1000,0.02
"E3","V3C",10102,"2-4 cm",0,1000,0
"E3","V3C",10102,"4-6 cm",0,1000,0
"E3","V3C",10102,"6-8 cm",0,1000,0
"E3","V3C",10102,">8 cm",980,1000,0.98
"E3","V3C",10103,"<2 cm",24,1000,0.024
"E3","V3C",10103,"2-4 cm",0,1000,0
"E3","V3C",10103,"4-6 cm",0,1000,0
"E3","V3C",10103,"6-8 cm",0,1000,0
"E3","V3C",10103,">8 cm",976,1000,0.976
"E3","V3C",10104,"<2 cm",24,1000,0.024
"E3","V3C",10104,"2-4 cm",0,1000,0
"E3","V3C",10104,"4-6 cm",0,1000,0
"E3","V3C",10104,"6-8 cm",0,1000,0
"E3","V3C",10104,">8 cm",976,1000,0.976
"E3","V3C",10105,"<2 cm",20,1000,0.02
"E3","V3C",10105,"2-4 cm",0,1000,0
"E3","V3C",10105,"4-6 cm",4,1000,0.004
"E3","V3C",10105,"6-8 cm",0,1000,0
"E3","V3C",10105,">8 cm",976,1000,0.976
"E3","V3C",10106,"<2 cm",20,1000,0.02
"E3","V3C",10106,"2-4 cm",4,1000,0.004
"E3","V3C",10106,"4-6 cm",0,1000,0
"E3","V3C",10106,"6-8 cm",0,1000,0
"E3","V3C",10106,">8 cm",976,1000,0.976
"E3","V3C",10107,"<2 cm",28,1000,0.028
"E3","V3C",10107,"2-4 cm",0,1000,0
"E3","V3C",10107,"4-6 cm",0,1000,0
"E3","V3C",10107,"6-8 cm",0,1000,0
"E3","V3C",10107,">8 cm",972,1000,0.972
"E3","V3C",10108,"<2 cm",28,1000,0.028
"E3","V3C",10108,"2-4 cm",0,1000,0
"E3","V3C",10108,"4-6 cm",0,1000,0
"E3","V3C",10108,"6-8 cm",0,1000,0
"E3","V3C",10108,">8 cm",972,1000,0.972
"E3","V3C",10109,"<2 cm",24,1000,0.024
"E3","V3C",10109,"2-4 cm",0,1000,0
"E3","V3C",10109,"4-6 cm",0,1000,0
"E3","V3C",10109,"6-8 cm",0,1000,0
"E3","V3C",10109,">8 cm",976,1000,0.976
"E3","V3C",10110,"<2 cm",20,1000,0.02
"E3","V3C",10110,"2-4 cm",4,1000,0.004
"E3","V3C",10110,"4-6 cm",0,1000,0
"E3","V3C",10110,"6-8 cm",0,1000,0
"E3","V3C",10110,">8 cm",976,1000,0.976
"E3","V3C",11101,"<2 cm",900,2250,0.4
"E3","V3C",11101,"2-4 cm",135,2250,0.06
"E3","V3C",11101,"4-6 cm",945,2250,0.42
"E3","V3C",11101,"6-8 cm",126,2250,0.056
"E3","V3C",11101,">8 cm",144,2250,0.064
"E3","V3C",11102,"<2 cm",400,1000,0.4
"E3","V3C",11102,"2-4 cm",44,1000,0.044
"E3","V3C",11102,"4-6 cm",372,1000,0.372
"E3","V3C",11102,"6-8 cm",136,1000,0.136
"E3","V3C",11102,">8 cm",48,1000,0.048
"E3","V3C",11103,"<2 cm",376,1000,0.376
"E3","V3C",11103,"2-4 cm",60,1000,0.06
"E3","V3C",11103,"4-6 cm",396,1000,0.396
"E3","V3C",11103,"6-8 cm",80,1000,0.08
"E3","V3C",11103,">8 cm",88,1000,0.088
"E3","V3C",11104,"<2 cm",412,1000,0.412
"E3","V3C",11104,"2-4 cm",64,1000,0.064
"E3","V3C",11104,"4-6 cm",356,1000,0.356
"E3","V3C",11104,"6-8 cm",100,1000,0.1
"E3","V3C",11104,">8 cm",68,1000,0.068
"E3","V3C",11105,"<2 cm",388,1000,0.388
"E3","V3C",11105,"2-4 cm",48,1000,0.048
"E3","V3C",11105,"4-6 cm",420,1000,0.42
"E3","V3C",11105,"6-8 cm",84,1000,0.084
"E3","V3C",11105,">8 cm",60,1000,0.06
"E3","V3C",11106,"<2 cm",356,1000,0.356
"E3","V3C",11106,"2-4 cm",72,1000,0.072
"E3","V3C",11106,"4-6 cm",420,1000,0.42
"E3","V3C",11106,"6-8 cm",100,1000,0.1
"E3","V3C",11106,">8 cm",52,1000,0.052
"E3","V3C",11107,"<2 cm",368,1000,0.368
"E3","V3C",11107,"2-4 cm",64,1000,0.064
"E3","V3C",11107,"4-6 cm",372,1000,0.372
"E3","V3C",11107,"6-8 cm",96,1000,0.096
"E3","V3C",11107,">8 cm",100,1000,0.1
"E3","V3C",11108,"<2 cm",388,1000,0.388
"E3","V3C",11108,"2-4 cm",72,1000,0.072
"E3","V3C",11108,"4-6 cm",408,1000,0.408
"E3","V3C",11108,"6-8 cm",60,1000,0.06
"E3","V3C",11108,">8 cm",72,1000,0.072
"E3","V3C",11109,"<2 cm",356,1000,0.356
"E3","V3C",11109,"2-4 cm",88,1000,0.088
"E3","V3C",11109,"4-6 cm",420,1000,0.42
"E3","V3C",11109,"6-8 cm",80,1000,0.08
"E3","V3C",11109,">8 cm",56,1000,0.056
"E3","V3C",11110,"<2 cm",352,1000,0.352
"E3","V3C",11110,"2-4 cm",96,1000,0.096
"E3","V3C",11110,"4-6 cm",368,1000,0.368
"E3","V3C",11110,"6-8 cm",80,1000,0.08
"E3","V3C",11110,">8 cm",104,1000,0.104
"E3","V3C",12101,"<2 cm",27,2250,0.012
"E3","V3C",12101,"2-4 cm",0,2250,0
"E3","V3C",12101,"4-6 cm",0,2250,0
"E3","V3C",12101,"6-8 cm",0,2250,0
"E3","V3C",12101,">8 cm",2223,2250,0.988
"E3","V3C",12102,"<2 cm",12,1000,0.012
"E3","V3C",12102,"2-4 cm",0,1000,0
"E3","V3C",12102,"4-6 cm",0,1000,0
"E3","V3C",12102,"6-8 cm",0,1000,0
"E3","V3C",12102,">8 cm",988,1000,0.988
"E3","V3C",12103,"<2 cm",12,1000,0.012
"E3","V3C",12103,"2-4 cm",0,1000,0
"E3","V3C",12103,"4-6 cm",0,1000,0
"E3","V3C",12103,"6-8 cm",0,1000,0
"E3","V3C",12103,">8 cm",988,1000,0.988
"E3","V3C",12104,"<2 cm",12,1000,0.012
"E3","V3C",12104,"2-4 cm",0,1000,0
"E3","V3C",12104,"4-6 cm",0,1000,0
"E3","V3C",12104,"6-8 cm",0,1000,0
"E3","V3C",12104,">8 cm",988,1000,0.988
"E3","V3C",12105,"<2 cm",12,1000,0.012
"E3","V3C",12105,"2-4 cm",0,1000,0
"E3","V3C",12105,"4-6 cm",0,1000,0
"E3","V3C",12105,"6-8 cm",0,1000,0
"E3","V3C",12105,">8 cm",988,1000,0.988
"E3","V3C",12106,"<2 cm",12,1000,0.012
"E3","V3C",12106,"2-4 cm",0,1000,0
"E3","V3C",12106,"4-6 cm",0,1000,0
"E3","V3C",12106,"6-8 cm",0,1000,0
"E3","V3C",12106,">8 cm",988,1000,0.988
"E3","V3C",12107,"<2 cm",12,1000,0.012
"E3","V3C",12107,"2-4 cm",0,1000,0
"E3","V3C",12107,"4-6 cm",0,1000,0
"E3","V3C",12107,"6-8 cm",0,1000,0
"E3","V3C",12107,">8 cm",988,1000,0.988
"E3","V3C",12108,"<2 cm",12,1000,0.012
"E3","V3C",12108,"2-4 cm",0,1000,0
"E3","V3C",12108,"4-6 cm",0,1000,0
"E3","V3C",12108,"6-8 cm",0,1000,0
"E3","V3C",12108,">8 cm",988,1000,0.988
"E3","V3C",12109,"<2 cm",12,1000,0.012
"E3","V3C",12109,"2-4 cm",0,1000,0
"E3","V3C",12109,"4-6 cm",0,1000,0
"E3","V3C",12109,"6-8 cm",0,1000,0
"E3","V3C",12109,">8 cm",988,1000,0.988
"E3","V3C",12110,"<2 cm",12,1000,0.012
"E3","V3C",12110,"2-4 cm",0,1000,0
"E3","V3C",12110,"4-6 cm",0,1000,0
"E3","V3C",12110,"6-8 cm",0,1000,0
"E3","V3C",12110,">8 cm",988,1000,0.988
"E3","V3C",13101,"<2 cm",693,2250,0.308
"E3","V3C",13101,"2-4 cm",216,2250,0.096
"E3","V3C",13101,"4-6 cm",252,2250,0.112
"E3","V3C",13101,"6-8 cm",27,2250,0.012
"E3","V3C",13101,">8 cm",1062,2250,0.472
"E3","V3C",13102,"<2 cm",336,1000,0.336
"E3","V3C",13102,"2-4 cm",36,1000,0.036
"E3","V3C",13102,"4-6 cm",116,1000,0.116
"E3","V3C",13102,"6-8 cm",12,1000,0.012
"E3","V3C",13102,">8 cm",500,1000,0.5
"E3","V3C",13103,"<2 cm",332,1000,0.332
"E3","V3C",13103,"2-4 cm",72,1000,0.072
"E3","V3C",13103,"4-6 cm",112,1000,0.112
"E3","V3C",13103,"6-8 cm",20,1000,0.02
"E3","V3C",13103,">8 cm",464,1000,0.464
"E3","V3C",13104,"<2 cm",348,1000,0.348
"E3","V3C",13104,"2-4 cm",48,1000,0.048
"E3","V3C",13104,"4-6 cm",96,1000,0.096
"E3","V3C",13104,"6-8 cm",24,1000,0.024
"E3","V3C",13104,">8 cm",484,1000,0.484
"E3","V3C",13105,"<2 cm",344,1000,0.344
"E3","V3C",13105,"2-4 cm",84,1000,0.084
"E3","V3C",13105,"4-6 cm",104,1000,0.104
"E3","V3C",13105,"6-8 cm",24,1000,0.024
"E3","V3C",13105,">8 cm",444,1000,0.444
"E3","V3C",13106,"<2 cm",312,1000,0.312
"E3","V3C",13106,"2-4 cm",72,1000,0.072
"E3","V3C",13106,"4-6 cm",124,1000,0.124
"E3","V3C",13106,"6-8 cm",12,1000,0.012
"E3","V3C",13106,">8 cm",480,1000,0.48
"E3","V3C",13107,"<2 cm",288,1000,0.288
"E3","V3C",13107,"2-4 cm",92,1000,0.092
"E3","V3C",13107,"4-6 cm",100,1000,0.1
"E3","V3C",13107,"6-8 cm",20,1000,0.02
"E3","V3C",13107,">8 cm",500,1000,0.5
"E3","V3C",13108,"<2 cm",316,1000,0.316
"E3","V3C",13108,"2-4 cm",72,1000,0.072
"E3","V3C",13108,"4-6 cm",128,1000,0.128
"E3","V3C",13108,"6-8 cm",16,1000,0.016
"E3","V3C",13108,">8 cm",468,1000,0.468
"E3","V3C",13109,"<2 cm",296,1000,0.296
"E3","V3C",13109,"2-4 cm",100,1000,0.1
"E3","V3C",13109,"4-6 cm",84,1000,0.084
"E3","V3C",13109,"6-8 cm",8,1000,0.008
"E3","V3C",13109,">8 cm",512,1000,0.512
"E3","V3C",13110,"<2 cm",344,1000,0.344
"E3","V3C",13110,"2-4 cm",64,1000,0.064
"E3","V3C",13110,"4-6 cm",100,1000,0.1
"E3","V3C",13110,"6-8 cm",24,1000,0.024
"E3","V3C",13110,">8 cm",468,1000,0.468
"E3","V3C",14101,"<2 cm",2169,2250,0.964
"E3","V3C",14101,"2-4 cm",0,2250,0
"E3","V3C",14101,"4-6 cm",0,2250,0
"E3","V3C",14101,"6-8 cm",0,2250,0
"E3","V3C",14101,">8 cm",81,2250,0.036
"E3","V3C",14102,"<2 cm",964,1000,0.964
"E3","V3C",14102,"2-4 cm",0,1000,0
"E3","V3C",14102,"4-6 cm",0,1000,0
"E3","V3C",14102,"6-8 cm",0,1000,0
"E3","V3C",14102,">8 cm",36,1000,0.036
"E3","V3C",14103,"<2 cm",964,1000,0.964
"E3","V3C",14103,"2-4 cm",0,1000,0
"E3","V3C",14103,"4-6 cm",0,1000,0
"E3","V3C",14103,"6-8 cm",0,1000,0
"E3","V3C",14103,">8 cm",36,1000,0.036
"E3","V3C",14104,"<2 cm",964,1000,0.964
"E3","V3C",14104,"2-4 cm",0,1000,0
"E3","V3C",14104,"4-6 cm",0,1000,0
"E3","V3C",14104,"6-8 cm",0,1000,0
"E3","V3C",14104,">8 cm",36,1000,0.036
"E3","V3C",14105,"<2 cm",964,1000,0.964
"E3","V3C",14105,"2-4 cm",0,1000,0
"E3","V3C",14105,"4-6 cm",0,1000,0
"E3","V3C",14105,"6-8 cm",0,1000,0
"E3","V3C",14105,">8 cm",36,1000,0.036
"E3","V3C",14106,"<2 cm",964,1000,0.964
"E3","V3C",14106,"2-4 cm",0,1000,0
"E3","V3C",14106,"4-6 cm",0,1000,0
"E3","V3C",14106,"6-8 cm",0,1000,0
"E3","V3C",14106,">8 cm",36,1000,0.036
"E3","V3C",14107,"<2 cm",964,1000,0.964
"E3","V3C",14107,"2-4 cm",0,1000,0
"E3","V3C",14107,"4-6 cm",0,1000,0
"E3","V3C",14107,"6-8 cm",0,1000,0
"E3","V3C",14107,">8 cm",36,1000,0.036
"E3","V3C",14108,"<2 cm",964,1000,0.964
"E3","V3C",14108,"2-4 cm",0,1000,0
"E3","V3C",14108,"4-6 cm",0,1000,0
"E3","V3C",14108,"6-8 cm",0,1000,0
"E3","V3C",14108,">8 cm",36,1000,0.036
"E3","V3C",14109,"<2 cm",964,1000,0.964
"E3","V3C",14109,"2-4 cm",0,1000,0
"E3","V3C",14109,"4-6 cm",0,1000,0
"E3","V3C",14109,"6-8 cm",0,1000,0
"E3","V3C",14109,">8 cm",36,1000,0.036
"E3","V3C",14110,"<2 cm",964,1000,0.964
"E3","V3C",14110,"2-4 cm",0,1000,0
"E3","V3C",14110,"4-6 cm",0,1000,0
"E3","V3C",14110,"6-8 cm",0,1000,0
"E3","V3C",14110,">8 cm",36,1000,0.036
"E3","V3C",15101,"<2 cm",2232,2250,0.992
"E3","V3C",15101,"2-4 cm",9,2250,0.004
"E3","V3C",15101,"4-6 cm",9,2250,0.004
"E3","V3C",15101,"6-8 cm",0,2250,0
"E3","V3C",15101,">8 cm",0,2250,0
"E3","V3C",15102,"<2 cm",988,1000,0.988
"E3","V3C",15102,"2-4 cm",4,1000,0.004
"E3","V3C",15102,"4-6 cm",0,1000,0
"E3","V3C",15102,"6-8 cm",8,1000,0.008
"E3","V3C",15102,">8 cm",0,1000,0
"E3","V3C",15103,"<2 cm",996,1000,0.996
"E3","V3C",15103,"2-4 cm",0,1000,0
"E3","V3C",15103,"4-6 cm",0,1000,0
"E3","V3C",15103,"6-8 cm",4,1000,0.004
"E3","V3C",15103,">8 cm",0,1000,0
"E3","V3C",15104,"<2 cm",988,1000,0.988
"E3","V3C",15104,"2-4 cm",8,1000,0.008
"E3","V3C",15104,"4-6 cm",4,1000,0.004
"E3","V3C",15104,"6-8 cm",0,1000,0
"E3","V3C",15104,">8 cm",0,1000,0
"E3","V3C",15105,"<2 cm",996,1000,0.996
"E3","V3C",15105,"2-4 cm",0,1000,0
"E3","V3C",15105,"4-6 cm",4,1000,0.004
"E3","V3C",15105,"6-8 cm",0,1000,0
"E3","V3C",15105,">8 cm",0,1000,0
"E3","V3C",15106,"<2 cm",992,1000,0.992
"E3","V3C",15106,"2-4 cm",4,1000,0.004
"E3","V3C",15106,"4-6 cm",0,1000,0
"E3","V3C",15106,"6-8 cm",0,1000,0
"E3","V3C",15106,">8 cm",4,1000,0.004
"E3","V3C",15107,"<2 cm",992,1000,0.992
"E3","V3C",15107,"2-4 cm",4,1000,0.004
"E3","V3C",15107,"4-6 cm",0,1000,0
"E3","V3C",15107,"6-8 cm",4,1000,0.004
"E3","V3C",15107,">8 cm",0,1000,0
"E3","V3C",15108,"<2 cm",984,1000,0.984
"E3","V3C",15108,"2-4 cm",0,1000,0
"E3","V3C",15108,"4-6 cm",4,1000,0.004
"E3","V3C",15108,"6-8 cm",4,1000,0.004
"E3","V3C",15108,">8 cm",8,1000,0.008
"E3","V3C",15109,"<2 cm",988,1000,0.988
"E3","V3C",15109,"2-4 cm",8,1000,0.008
"E3","V3C",15109,"4-6 cm",0,1000,0
"E3","V3C",15109,"6-8 cm",4,1000,0.004
"E3","V3C",15109,">8 cm",0,1000,0
"E3","V3C",15110,"<2 cm",996,1000,0.996
"E3","V3C",15110,"2-4 cm",0,1000,0
"E3","V3C",15110,"4-6 cm",0,1000,0
"E3","V3C",15110,"6-8 cm",4,1000,0.004
"E3","V3C",15110,">8 cm",0,1000,0
"E3","V3C",16101,"<2 cm",963,2250,0.428
"E3","V3C",16101,"2-4 cm",90,2250,0.04
"E3","V3C",16101,"4-6 cm",18,2250,0.008
"E3","V3C",16101,"6-8 cm",99,2250,0.044
"E3","V3C",16101,">8 cm",1080,2250,0.48
"E3","V3C",16102,"<2 cm",496,1000,0.496
"E3","V3C",16102,"2-4 cm",40,1000,0.04
"E3","V3C",16102,"4-6 cm",8,1000,0.008
"E3","V3C",16102,"6-8 cm",24,1000,0.024
"E3","V3C",16102,">8 cm",432,1000,0.432
"E3","V3C",16103,"<2 cm",388,1000,0.388
"E3","V3C",16103,"2-4 cm",52,1000,0.052
"E3","V3C",16103,"4-6 cm",8,1000,0.008
"E3","V3C",16103,"6-8 cm",44,1000,0.044
"E3","V3C",16103,">8 cm",508,1000,0.508
"E3","V3C",16104,"<2 cm",456,1000,0.456
"E3","V3C",16104,"2-4 cm",52,1000,0.052
"E3","V3C",16104,"4-6 cm",8,1000,0.008
"E3","V3C",16104,"6-8 cm",40,1000,0.04
"E3","V3C",16104,">8 cm",444,1000,0.444
"E3","V3C",16105,"<2 cm",424,1000,0.424
"E3","V3C",16105,"2-4 cm",48,1000,0.048
"E3","V3C",16105,"4-6 cm",0,1000,0
"E3","V3C",16105,"6-8 cm",48,1000,0.048
"E3","V3C",16105,">8 cm",480,1000,0.48
"E3","V3C",16106,"<2 cm",432,1000,0.432
"E3","V3C",16106,"2-4 cm",52,1000,0.052
"E3","V3C",16106,"4-6 cm",4,1000,0.004
"E3","V3C",16106,"6-8 cm",60,1000,0.06
"E3","V3C",16106,">8 cm",452,1000,0.452
"E3","V3C",16107,"<2 cm",500,1000,0.5
"E3","V3C",16107,"2-4 cm",36,1000,0.036
"E3","V3C",16107,"4-6 cm",4,1000,0.004
"E3","V3C",16107,"6-8 cm",20,1000,0.02
"E3","V3C",16107,">8 cm",440,1000,0.44
"E3","V3C",16108,"<2 cm",436,1000,0.436
"E3","V3C",16108,"2-4 cm",52,1000,0.052
"E3","V3C",16108,"4-6 cm",0,1000,0
"E3","V3C",16108,"6-8 cm",28,1000,0.028
"E3","V3C",16108,">8 cm",484,1000,0.484
"E3","V3C",16109,"<2 cm",444,1000,0.444
"E3","V3C",16109,"2-4 cm",60,1000,0.06
"E3","V3C",16109,"4-6 cm",4,1000,0.004
"E3","V3C",16109,"6-8 cm",44,1000,0.044
"E3","V3C",16109,">8 cm",448,1000,0.448
"E3","V3C",16110,"<2 cm",464,1000,0.464
"E3","V3C",16110,"2-4 cm",44,1000,0.044
"E3","V3C",16110,"4-6 cm",4,1000,0.004
"E3","V3C",16110,"6-8 cm",44,1000,0.044
"E3","V3C",16110,">8 cm",444,1000,0.444
"E3","V3C",17101,"<2 cm",2187,2250,0.972
"E3","V3C",17101,"2-4 cm",18,2250,0.008
"E3","V3C",17101,"4-6 cm",18,2250,0.008
"E3","V3C",17101,"6-8 cm",0,2250,0
"E3","V3C",17101,">8 cm",27,2250,0.012
"E3","V3C",17102,"<2 cm",984,1000,0.984
"E3","V3C",17102,"2-4 cm",0,1000,0
"E3","V3C",17102,"4-6 cm",0,1000,0
"E3","V3C",17102,"6-8 cm",0,1000,0
"E3","V3C",17102,">8 cm",16,1000,0.016
"E3","V3C",17103,"<2 cm",980,1000,0.98
"E3","V3C",17103,"2-4 cm",0,1000,0
"E3","V3C",17103,"4-6 cm",8,1000,0.008
"E3","V3C",17103,"6-8 cm",8,1000,0.008
"E3","V3C",17103,">8 cm",4,1000,0.004
"E3","V3C",17104,"<2 cm",964,1000,0.964
"E3","V3C",17104,"2-4 cm",4,1000,0.004
"E3","V3C",17104,"4-6 cm",8,1000,0.008
"E3","V3C",17104,"6-8 cm",0,1000,0
"E3","V3C",17104,">8 cm",24,1000,0.024
"E3","V3C",17105,"<2 cm",988,1000,0.988
"E3","V3C",17105,"2-4 cm",0,1000,0
"E3","V3C",17105,"4-6 cm",0,1000,0
"E3","V3C",17105,"6-8 cm",8,1000,0.008
"E3","V3C",17105,">8 cm",4,1000,0.004
"E3","V3C",17106,"<2 cm",976,1000,0.976
"E3","V3C",17106,"2-4 cm",0,1000,0
"E3","V3C",17106,"4-6 cm",8,1000,0.008
"E3","V3C",17106,"6-8 cm",4,1000,0.004
"E3","V3C",17106,">8 cm",12,1000,0.012
"E3","V3C",17107,"<2 cm",984,1000,0.984
"E3","V3C",17107,"2-4 cm",4,1000,0.004
"E3","V3C",17107,"4-6 cm",0,1000,0
"E3","V3C",17107,"6-8 cm",4,1000,0.004
"E3","V3C",17107,">8 cm",8,1000,0.008
"E3","V3C",17108,"<2 cm",980,1000,0.98
"E3","V3C",17108,"2-4 cm",0,1000,0
"E3","V3C",17108,"4-6 cm",4,1000,0.004
"E3","V3C",17108,"6-8 cm",4,1000,0.004
"E3","V3C",17108,">8 cm",12,1000,0.012
"E3","V3C",17109,"<2 cm",976,1000,0.976
"E3","V3C",17109,"2-4 cm",8,1000,0.008
"E3","V3C",17109,"4-6 cm",4,1000,0.004
"E3","V3C",17109,"6-8 cm",8,1000,0.008
"E3","V3C",17109,">8 cm",4,1000,0.004
"E3","V3C",17110,"<2 cm",976,1000,0.976
"E3","V3C",17110,"2-4 cm",4,1000,0.004
"E3","V3C",17110,"4-6 cm",8,1000,0.008
"E3","V3C",17110,"6-8 cm",4,1000,0.004
"E3","V3C",17110,">8 cm",8,1000,0.008
"E3","V3C",18101,"<2 cm",2205,2250,0.98
"E3","V3C",18101,"2-4 cm",0,2250,0
"E3","V3C",18101,"4-6 cm",0,2250,0
"E3","V3C",18101,"6-8 cm",0,2250,0
"E3","V3C",18101,">8 cm",45,2250,0.02
"E3","V3C",18102,"<2 cm",980,1000,0.98
"E3","V3C",18102,"2-4 cm",0,1000,0
"E3","V3C",18102,"4-6 cm",0,1000,0
"E3","V3C",18102,"6-8 cm",0,1000,0
"E3","V3C",18102,">8 cm",20,1000,0.02
"E3","V3C",18103,"<2 cm",984,1000,0.984
"E3","V3C",18103,"2-4 cm",0,1000,0
"E3","V3C",18103,"4-6 cm",0,1000,0
"E3","V3C",18103,"6-8 cm",0,1000,0
"E3","V3C",18103,">8 cm",16,1000,0.016
"E3","V3C",18104,"<2 cm",984,1000,0.984
"E3","V3C",18104,"2-4 cm",0,1000,0
"E3","V3C",18104,"4-6 cm",0,1000,0
"E3","V3C",18104,"6-8 cm",0,1000,0
"E3","V3C",18104,">8 cm",16,1000,0.016
"E3","V3C",18105,"<2 cm",984,1000,0.984
"E3","V3C",18105,"2-4 cm",0,1000,0
"E3","V3C",18105,"4-6 cm",0,1000,0
"E3","V3C",18105,"6-8 cm",0,1000,0
"E3","V3C",18105,">8 cm",16,1000,0.016
"E3","V3C",18106,"<2 cm",984,1000,0.984
"E3","V3C",18106,"2-4 cm",0,1000,0
"E3","V3C",18106,"4-6 cm",0,1000,0
"E3","V3C",18106,"6-8 cm",0,1000,0
"E3","V3C",18106,">8 cm",16,1000,0.016
"E3","V3C",18107,"<2 cm",972,1000,0.972
"E3","V3C",18107,"2-4 cm",4,1000,0.004
"E3","V3C",18107,"4-6 cm",0,1000,0
"E3","V3C",18107,"6-8 cm",0,1000,0
"E3","V3C",18107,">8 cm",24,1000,0.024
"E3","V3C",18108,"<2 cm",976,1000,0.976
"E3","V3C",18108,"2-4 cm",0,1000,0
"E3","V3C",18108,"4-6 cm",0,1000,0
"E3","V3C",18108,"6-8 cm",0,1000,0
"E3","V3C",18108,">8 cm",24,1000,0.024
"E3","V3C",18109,"<2 cm",980,1000,0.98
"E3","V3C",18109,"2-4 cm",0,1000,0
"E3","V3C",18109,"4-6 cm",0,1000,0
"E3","V3C",18109,"6-8 cm",0,1000,0
"E3","V3C",18109,">8 cm",20,1000,0.02
"E3","V3C",18110,"<2 cm",980,1000,0.98
"E3","V3C",18110,"2-4 cm",0,1000,0
"E3","V3C",18110,"4-6 cm",0,1000,0
"E3","V3C",18110,"6-8 cm",0,1000,0
"E3","V3C",18110,">8 cm",20,1000,0.02
"E3","V3C",19101,"<2 cm",2079,2250,0.924
"E3","V3C",19101,"2-4 cm",0,2250,0
"E3","V3C",19101,"4-6 cm",0,2250,0
"E3","V3C",19101,"6-8 cm",0,2250,0
"E3","V3C",19101,">8 cm",171,2250,0.076
"E3","V3C",19102,"<2 cm",928,1000,0.928
"E3","V3C",19102,"2-4 cm",0,1000,0
"E3","V3C",19102,"4-6 cm",0,1000,0
"E3","V3C",19102,"6-8 cm",0,1000,0
"E3","V3C",19102,">8 cm",72,1000,0.072
"E3","V3C",19103,"<2 cm",920,1000,0.92
"E3","V3C",19103,"2-4 cm",0,1000,0
"E3","V3C",19103,"4-6 cm",0,1000,0
"E3","V3C",19103,"6-8 cm",0,1000,0
"E3","V3C",19103,">8 cm",80,1000,0.08
"E3","V3C",19104,"<2 cm",916,1000,0.916
"E3","V3C",19104,"2-4 cm",4,1000,0.004
"E3","V3C",19104,"4-6 cm",0,1000,0
"E3","V3C",19104,"6-8 cm",4,1000,0.004
"E3","V3C",19104,">8 cm",76,1000,0.076
"E3","V3C",19105,"<2 cm",928,1000,0.928
"E3","V3C",19105,"2-4 cm",0,1000,0
"E3","V3C",19105,"4-6 cm",0,1000,0
"E3","V3C",19105,"6-8 cm",0,1000,0
"E3","V3C",19105,">8 cm",72,1000,0.072
"E3","V3C",19106,"<2 cm",928,1000,0.928
"E3","V3C",19106,"2-4 cm",0,1000,0
"E3","V3C",19106,"4-6 cm",0,1000,0
"E3","V3C",19106,"6-8 cm",0,1000,0
"E3","V3C",19106,">8 cm",72,1000,0.072
"E3","V3C",19107,"<2 cm",924,1000,0.924
"E3","V3C",19107,"2-4 cm",0,1000,0
"E3","V3C",19107,"4-6 cm",0,1000,0
"E3","V3C",19107,"6-8 cm",0,1000,0
"E3","V3C",19107,">8 cm",76,1000,0.076
"E3","V3C",19108,"<2 cm",920,1000,0.92
"E3","V3C",19108,"2-4 cm",0,1000,0
"E3","V3C",19108,"4-6 cm",0,1000,0
"E3","V3C",19108,"6-8 cm",0,1000,0
"E3","V3C",19108,">8 cm",80,1000,0.08
"E3","V3C",19109,"<2 cm",924,1000,0.924
"E3","V3C",19109,"2-4 cm",0,1000,0
"E3","V3C",19109,"4-6 cm",0,1000,0
"E3","V3C",19109,"6-8 cm",0,1000,0
"E3","V3C",19109,">8 cm",76,1000,0.076
"E3","V3C",19110,"<2 cm",916,1000,0.916
"E3","V3C",19110,"2-4 cm",0,1000,0
"E3","V3C",19110,"4-6 cm",0,1000,0
"E3","V3C",19110,"6-8 cm",0,1000,0
"E3","V3C",19110,">8 cm",84,1000,0.084
"E3","V3C",20101,"<2 cm",1926,2250,0.856
"E3","V3C",20101,"2-4 cm",0,2250,0
"E3","V3C",20101,"4-6 cm",0,2250,0
"E3","V3C",20101,"6-8 cm",0,2250,0
"E3","V3C",20101,">8 cm",324,2250,0.144
"E3","V3C",20102,"<2 cm",844,1000,0.844
"E3","V3C",20102,"2-4 cm",0,1000,0
"E3","V3C",20102,"4-6 cm",0,1000,0
"E3","V3C",20102,"6-8 cm",0,1000,0
"E3","V3C",20102,">8 cm",156,1000,0.156
"E3","V3C",20103,"<2 cm",860,1000,0.86
"E3","V3C",20103,"2-4 cm",0,1000,0
"E3","V3C",20103,"4-6 cm",0,1000,0
"E3","V3C",20103,"6-8 cm",0,1000,0
"E3","V3C",20103,">8 cm",140,1000,0.14
"E3","V3C",20104,"<2 cm",856,1000,0.856
"E3","V3C",20104,"2-4 cm",0,1000,0
"E3","V3C",20104,"4-6 cm",0,1000,0
"E3","V3C",20104,"6-8 cm",0,1000,0
"E3","V3C",20104,">8 cm",144,1000,0.144
"E3","V3C",20105,"<2 cm",852,1000,0.852
"E3","V3C",20105,"2-4 cm",0,1000,0
"E3","V3C",20105,"4-6 cm",0,1000,0
"E3","V3C",20105,"6-8 cm",0,1000,0
"E3","V3C",20105,">8 cm",148,1000,0.148
"E3","V3C",20106,"<2 cm",852,1000,0.852
"E3","V3C",20106,"2-4 cm",0,1000,0
"E3","V3C",20106,"4-6 cm",0,1000,0
"E3","V3C",20106,"6-8 cm",0,1000,0
"E3","V3C",20106,">8 cm",148,1000,0.148
"E3","V3C",20107,"<2 cm",852,1000,0.852
"E3","V3C",20107,"2-4 cm",0,1000,0
"E3","V3C",20107,"4-6 cm",0,1000,0
"E3","V3C",20107,"6-8 cm",0,1000,0
"E3","V3C",20107,">8 cm",148,1000,0.148
"E3","V3C",20108,"<2 cm",836,1000,0.836
"E3","V3C",20108,"2-4 cm",0,1000,0
"E3","V3C",20108,"4-6 cm",0,1000,0
"E3","V3C",20108,"6-8 cm",0,1000,0
"E3","V3C",20108,">8 cm",164,1000,0.164
"E3","V3C",20109,"<2 cm",848,1000,0.848
"E3","V3C",20109,"2-4 cm",0,1000,0
"E3","V3C",20109,"4-6 cm",0,1000,0
"E3","V3C",20109,"6-8 cm",0,1000,0
"E3","V3C",20109,">8 cm",152,1000,0.152
"E3","V3C",20110,"<2 cm",844,1000,0.844
"E3","V3C",20110,"2-4 cm",0,1000,0
"E3","V3C",20110,"4-6 cm",0,1000,0
"E3","V3C",20110,"6-8 cm",0,1000,0
"E3","V3C",20110,">8 cm",156,1000,0.156
"E3","V3C",21101,"<2 cm",45,2250,0.02
"E3","V3C",21101,"2-4 cm",0,2250,0
"E3","V3C",21101,"4-6 cm",18,2250,0.008
"E3","V3C",21101,"6-8 cm",9,2250,0.004
"E3","V3C",21101,">8 cm",2178,2250,0.968
"E3","V3C",21102,"<2 cm",16,1000,0.016
"E3","V3C",21102,"2-4 cm",0,1000,0
"E3","V3C",21102,"4-6 cm",4,1000,0.004
"E3","V3C",21102,"6-8 cm",4,1000,0.004
"E3","V3C",21102,">8 cm",976,1000,0.976
"E3","V3C",21103,"<2 cm",20,1000,0.02
"E3","V3C",21103,"2-4 cm",0,1000,0
"E3","V3C",21103,"4-6 cm",8,1000,0.008
"E3","V3C",21103,"6-8 cm",0,1000,0
"E3","V3C",21103,">8 cm",972,1000,0.972
"E3","V3C",21104,"<2 cm",16,1000,0.016
"E3","V3C",21104,"2-4 cm",0,1000,0
"E3","V3C",21104,"4-6 cm",4,1000,0.004
"E3","V3C",21104,"6-8 cm",12,1000,0.012
"E3","V3C",21104,">8 cm",968,1000,0.968
"E3","V3C",21105,"<2 cm",16,1000,0.016
"E3","V3C",21105,"2-4 cm",8,1000,0.008
"E3","V3C",21105,"4-6 cm",4,1000,0.004
"E3","V3C",21105,"6-8 cm",4,1000,0.004
"E3","V3C",21105,">8 cm",968,1000,0.968
"E3","V3C",21106,"<2 cm",24,1000,0.024
"E3","V3C",21106,"2-4 cm",0,1000,0
"E3","V3C",21106,"4-6 cm",0,1000,0
"E3","V3C",21106,"6-8 cm",8,1000,0.008
"E3","V3C",21106,">8 cm",968,1000,0.968
"E3","V3C",21107,"<2 cm",16,1000,0.016
"E3","V3C",21107,"2-4 cm",4,1000,0.004
"E3","V3C",21107,"4-6 cm",4,1000,0.004
"E3","V3C",21107,"6-8 cm",12,1000,0.012
"E3","V3C",21107,">8 cm",964,1000,0.964
"E3","V3C",21108,"<2 cm",16,1000,0.016
"E3","V3C",21108,"2-4 cm",8,1000,0.008
"E3","V3C",21108,"4-6 cm",0,1000,0
"E3","V3C",21108,"6-8 cm",4,1000,0.004
"E3","V3C",21108,">8 cm",972,1000,0.972
"E3","V3C",21109,"<2 cm",20,1000,0.02
"E3","V3C",21109,"2-4 cm",0,1000,0
"E3","V3C",21109,"4-6 cm",4,1000,0.004
"E3","V3C",21109,"6-8 cm",4,1000,0.004
"E3","V3C",21109,">8 cm",972,1000,0.972
"E3","V3C",21110,"<2 cm",28,1000,0.028
"E3","V3C",21110,"2-4 cm",0,1000,0
"E3","V3C",21110,"4-6 cm",4,1000,0.004
"E3","V3C",21110,"6-8 cm",0,1000,0
"E3","V3C",21110,">8 cm",968,1000,0.968
"E3","V3C",22101,"<2 cm",2214,2250,0.984
"E3","V3C",22101,"2-4 cm",0,2250,0
"E3","V3C",22101,"4-6 cm",0,2250,0
"E3","V3C",22101,"6-8 cm",0,2250,0
"E3","V3C",22101,">8 cm",36,2250,0.016
"E3","V3C",22102,"<2 cm",988,1000,0.988
"E3","V3C",22102,"2-4 cm",0,1000,0
"E3","V3C",22102,"4-6 cm",0,1000,0
"E3","V3C",22102,"6-8 cm",0,1000,0
"E3","V3C",22102,">8 cm",12,1000,0.012
"E3","V3C",22103,"<2 cm",984,1000,0.984
"E3","V3C",22103,"2-4 cm",0,1000,0
"E3","V3C",22103,"4-6 cm",0,1000,0
"E3","V3C",22103,"6-8 cm",0,1000,0
"E3","V3C",22103,">8 cm",16,1000,0.016
"E3","V3C",22104,"<2 cm",984,1000,0.984
"E3","V3C",22104,"2-4 cm",0,1000,0
"E3","V3C",22104,"4-6 cm",0,1000,0
"E3","V3C",22104,"6-8 cm",0,1000,0
"E3","V3C",22104,">8 cm",16,1000,0.016
"E3","V3C",22105,"<2 cm",984,1000,0.984
"E3","V3C",22105,"2-4 cm",0,1000,0
"E3","V3C",22105,"4-6 cm",0,1000,0
"E3","V3C",22105,"6-8 cm",0,1000,0
"E3","V3C",22105,">8 cm",16,1000,0.016
"E3","V3C",22106,"<2 cm",980,1000,0.98
"E3","V3C",22106,"2-4 cm",4,1000,0.004
"E3","V3C",22106,"4-6 cm",0,1000,0
"E3","V3C",22106,"6-8 cm",0,1000,0
"E3","V3C",22106,">8 cm",16,1000,0.016
"E3","V3C",22107,"<2 cm",980,1000,0.98
"E3","V3C",22107,"2-4 cm",0,1000,0
"E3","V3C",22107,"4-6 cm",0,1000,0
"E3","V3C",22107,"6-8 cm",0,1000,0
"E3","V3C",22107,">8 cm",20,1000,0.02
"E3","V3C",22108,"<2 cm",980,1000,0.98
"E3","V3C",22108,"2-4 cm",0,1000,0
"E3","V3C",22108,"4-6 cm",0,1000,0
"E3","V3C",22108,"6-8 cm",0,1000,0
"E3","V3C",22108,">8 cm",20,1000,0.02
"E3","V3C",22109,"<2 cm",980,1000,0.98
"E3","V3C",22109,"2-4 cm",0,1000,0
"E3","V3C",22109,"4-6 cm",0,1000,0
"E3","V3C",22109,"6-8 cm",0,1000,0
"E3","V3C",22109,">8 cm",20,1000,0.02
"E3","V3C",22110,"<2 cm",988,1000,0.988
"E3","V3C",22110,"2-4 cm",0,1000,0
"E3","V3C",22110,"4-6 cm",0,1000,0
"E3","V3C",22110,"6-8 cm",0,1000,0
"E3","V3C",22110,">8 cm",12,1000,0.012
"E3","V3C",23101,"<2 cm",63,2250,0.028
"E3","V3C",23101,"2-4 cm",0,2250,0
"E3","V3C",23101,"4-6 cm",0,2250,0
"E3","V3C",23101,"6-8 cm",0,2250,0
"E3","V3C",23101,">8 cm",2187,2250,0.972
"E3","V3C",23102,"<2 cm",28,1000,0.028
"E3","V3C",23102,"2-4 cm",0,1000,0
"E3","V3C",23102,"4-6 cm",0,1000,0
"E3","V3C",23102,"6-8 cm",0,1000,0
"E3","V3C",23102,">8 cm",972,1000,0.972
"E3","V3C",23103,"<2 cm",24,1000,0.024
"E3","V3C",23103,"2-4 cm",0,1000,0
"E3","V3C",23103,"4-6 cm",0,1000,0
"E3","V3C",23103,"6-8 cm",0,1000,0
"E3","V3C",23103,">8 cm",976,1000,0.976
"E3","V3C",23104,"<2 cm",28,1000,0.028
"E3","V3C",23104,"2-4 cm",0,1000,0
"E3","V3C",23104,"4-6 cm",0,1000,0
"E3","V3C",23104,"6-8 cm",0,1000,0
"E3","V3C",23104,">8 cm",972,1000,0.972
"E3","V3C",23105,"<2 cm",32,1000,0.032
"E3","V3C",23105,"2-4 cm",0,1000,0
"E3","V3C",23105,"4-6 cm",0,1000,0
"E3","V3C",23105,"6-8 cm",0,1000,0
"E3","V3C",23105,">8 cm",968,1000,0.968
"E3","V3C",23106,"<2 cm",28,1000,0.028
"E3","V3C",23106,"2-4 cm",0,1000,0
"E3","V3C",23106,"4-6 cm",0,1000,0
"E3","V3C",23106,"6-8 cm",0,1000,0
"E3","V3C",23106,">8 cm",972,1000,0.972
"E3","V3C",23107,"<2 cm",28,1000,0.028
"E3","V3C",23107,"2-4 cm",0,1000,0
"E3","V3C",23107,"4-6 cm",0,1000,0
"E3","V3C",23107,"6-8 cm",0,1000,0
"E3","V3C",23107,">8 cm",972,1000,0.972
"E3","V3C",23108,"<2 cm",28,1000,0.028
"E3","V3C",23108,"2-4 cm",0,1000,0
"E3","V3C",23108,"4-6 cm",0,1000,0
"E3","V3C",23108,"6-8 cm",4,1000,0.004
"E3","V3C",23108,">8 cm",968,1000,0.968
"E3","V3C",23109,"<2 cm",32,1000,0.032
"E3","V3C",23109,"2-4 cm",0,1000,0
"E3","V3C",23109,"4-6 cm",0,1000,0
"E3","V3C",23109,"6-8 cm",0,1000,0
"E3","V3C",23109,">8 cm",968,1000,0.968
"E3","V3C",23110,"<2 cm",32,1000,0.032
"E3","V3C",23110,"2-4 cm",0,1000,0
"E3","V3C",23110,"4-6 cm",0,1000,0
"E3","V3C",23110,"6-8 cm",0,1000,0
"E3","V3C",23110,">8 cm",968,1000,0.968
"E3","V3C",24101,"<2 cm",2232,2250,0.992
"E3","V3C",24101,"2-4 cm",0,2250,0
"E3","V3C",24101,"4-6 cm",0,2250,0
"E3","V3C",24101,"6-8 cm",0,2250,0
"E3","V3C",24101,">8 cm",18,2250,0.008
"E3","V3C",24102,"<2 cm",988,1000,0.988
"E3","V3C",24102,"2-4 cm",0,1000,0
"E3","V3C",24102,"4-6 cm",0,1000,0
"E3","V3C",24102,"6-8 cm",0,1000,0
"E3","V3C",24102,">8 cm",12,1000,0.012
"E3","V3C",24103,"<2 cm",992,1000,0.992
"E3","V3C",24103,"2-4 cm",0,1000,0
"E3","V3C",24103,"4-6 cm",0,1000,0
"E3","V3C",24103,"6-8 cm",0,1000,0
"E3","V3C",24103,">8 cm",8,1000,0.008
"E3","V3C",24104,"<2 cm",996,1000,0.996
"E3","V3C",24104,"2-4 cm",0,1000,0
"E3","V3C",24104,"4-6 cm",0,1000,0
"E3","V3C",24104,"6-8 cm",0,1000,0
"E3","V3C",24104,">8 cm",4,1000,0.004
"E3","V3C",24105,"<2 cm",992,1000,0.992
"E3","V3C",24105,"2-4 cm",0,1000,0
"E3","V3C",24105,"4-6 cm",0,1000,0
"E3","V3C",24105,"6-8 cm",0,1000,0
"E3","V3C",24105,">8 cm",8,1000,0.008
"E3","V3C",24106,"<2 cm",988,1000,0.988
"E3","V3C",24106,"2-4 cm",0,1000,0
"E3","V3C",24106,"4-6 cm",0,1000,0
"E3","V3C",24106,"6-8 cm",0,1000,0
"E3","V3C",24106,">8 cm",12,1000,0.012
"E3","V3C",24107,"<2 cm",992,1000,0.992
"E3","V3C",24107,"2-4 cm",0,1000,0
"E3","V3C",24107,"4-6 cm",0,1000,0
"E3","V3C",24107,"6-8 cm",0,1000,0
"E3","V3C",24107,">8 cm",8,1000,0.008
"E3","V3C",24108,"<2 cm",976,1000,0.976
"E3","V3C",24108,"2-4 cm",0,1000,0
"E3","V3C",24108,"4-6 cm",0,1000,0
"E3","V3C",24108,"6-8 cm",0,1000,0
"E3","V3C",24108,">8 cm",24,1000,0.024
"E3","V3C",24109,"<2 cm",988,1000,0.988
"E3","V3C",24109,"2-4 cm",0,1000,0
"E3","V3C",24109,"4-6 cm",0,1000,0
"E3","V3C",24109,"6-8 cm",0,1000,0
"E3","V3C",24109,">8 cm",12,1000,0.012
"E3","V3C",24110,"<2 cm",984,1000,0.984
"E3","V3C",24110,"2-4 cm",0,1000,0
"E3","V3C",24110,"4-6 cm",0,1000,0
"E3","V3C",24110,"6-8 cm",0,1000,0
"E3","V3C",24110,">8 cm",16,1000,0.016
"E3","V3C",25101,"<2 cm",99,2250,0.044
"E3","V3C",25101,"2-4 cm",0,2250,0
"E3","V3C",25101,"4-6 cm",0,2250,0
"E3","V3C",25101,"6-8 cm",0,2250,0
"E3","V3C",25101,">8 cm",2151,2250,0.956
"E3","V3C",25102,"<2 cm",44,1000,0.044
"E3","V3C",25102,"2-4 cm",0,1000,0
"E3","V3C",25102,"4-6 cm",0,1000,0
"E3","V3C",25102,"6-8 cm",0,1000,0
"E3","V3C",25102,">8 cm",956,1000,0.956
"E3","V3C",25103,"<2 cm",40,1000,0.04
"E3","V3C",25103,"2-4 cm",0,1000,0
"E3","V3C",25103,"4-6 cm",0,1000,0
"E3","V3C",25103,"6-8 cm",0,1000,0
"E3","V3C",25103,">8 cm",960,1000,0.96
"E3","V3C",25104,"<2 cm",44,1000,0.044
"E3","V3C",25104,"2-4 cm",0,1000,0
"E3","V3C",25104,"4-6 cm",0,1000,0
"E3","V3C",25104,"6-8 cm",0,1000,0
"E3","V3C",25104,">8 cm",956,1000,0.956
"E3","V3C",25105,"<2 cm",44,1000,0.044
"E3","V3C",25105,"2-4 cm",0,1000,0
"E3","V3C",25105,"4-6 cm",0,1000,0
"E3","V3C",25105,"6-8 cm",0,1000,0
"E3","V3C",25105,">8 cm",956,1000,0.956
"E3","V3C",25106,"<2 cm",32,1000,0.032
"E3","V3C",25106,"2-4 cm",0,1000,0
"E3","V3C",25106,"4-6 cm",0,1000,0
"E3","V3C",25106,"6-8 cm",8,1000,0.008
"E3","V3C",25106,">8 cm",960,1000,0.96
"E3","V3C",25107,"<2 cm",32,1000,0.032
"E3","V3C",25107,"2-4 cm",0,1000,0
"E3","V3C",25107,"4-6 cm",0,1000,0
"E3","V3C",25107,"6-8 cm",0,1000,0
"E3","V3C",25107,">8 cm",968,1000,0.968
"E3","V3C",25108,"<2 cm",36,1000,0.036
"E3","V3C",25108,"2-4 cm",0,1000,0
"E3","V3C",25108,"4-6 cm",0,1000,0
"E3","V3C",25108,"6-8 cm",0,1000,0
"E3","V3C",25108,">8 cm",964,1000,0.964
"E3","V3C",25109,"<2 cm",32,1000,0.032
"E3","V3C",25109,"2-4 cm",0,1000,0
"E3","V3C",25109,"4-6 cm",0,1000,0
"E3","V3C",25109,"6-8 cm",4,1000,0.004
"E3","V3C",25109,">8 cm",964,1000,0.964
"E3","V3C",25110,"<2 cm",36,1000,0.036
"E3","V3C",25110,"2-4 cm",0,1000,0
"E3","V3C",25110,"4-6 cm",0,1000,0
"E3","V3C",25110,"6-8 cm",0,1000,0
"E3","V3C",25110,">8 cm",964,1000,0.964
"E3","V3C",26101,"<2 cm",531,2250,0.236
"E3","V3C",26101,"2-4 cm",423,2250,0.188
"E3","V3C",26101,"4-6 cm",495,2250,0.22
"E3","V3C",26101,"6-8 cm",486,2250,0.216
"E3","V3C",26101,">8 cm",315,2250,0.14
"E3","V3C",26102,"<2 cm",220,1000,0.22
"E3","V3C",26102,"2-4 cm",208,1000,0.208
"E3","V3C",26102,"4-6 cm",252,1000,0.252
"E3","V3C",26102,"6-8 cm",184,1000,0.184
"E3","V3C",26102,">8 cm",136,1000,0.136
"E3","V3C",26103,"<2 cm",244,1000,0.244
"E3","V3C",26103,"2-4 cm",140,1000,0.14
"E3","V3C",26103,"4-6 cm",260,1000,0.26
"E3","V3C",26103,"6-8 cm",216,1000,0.216
"E3","V3C",26103,">8 cm",140,1000,0.14
"E3","V3C",26104,"<2 cm",224,1000,0.224
"E3","V3C",26104,"2-4 cm",160,1000,0.16
"E3","V3C",26104,"4-6 cm",192,1000,0.192
"E3","V3C",26104,"6-8 cm",240,1000,0.24
"E3","V3C",26104,">8 cm",184,1000,0.184
"E3","V3C",26105,"<2 cm",312,1000,0.312
"E3","V3C",26105,"2-4 cm",160,1000,0.16
"E3","V3C",26105,"4-6 cm",140,1000,0.14
"E3","V3C",26105,"6-8 cm",224,1000,0.224
"E3","V3C",26105,">8 cm",164,1000,0.164
"E3","V3C",26106,"<2 cm",252,1000,0.252
"E3","V3C",26106,"2-4 cm",172,1000,0.172
"E3","V3C",26106,"4-6 cm",200,1000,0.2
"E3","V3C",26106,"6-8 cm",216,1000,0.216
"E3","V3C",26106,">8 cm",160,1000,0.16
"E3","V3C",26107,"<2 cm",228,1000,0.228
"E3","V3C",26107,"2-4 cm",168,1000,0.168
"E3","V3C",26107,"4-6 cm",296,1000,0.296
"E3","V3C",26107,"6-8 cm",216,1000,0.216
"E3","V3C",26107,">8 cm",92,1000,0.092
"E3","V3C",26108,"<2 cm",252,1000,0.252
"E3","V3C",26108,"2-4 cm",148,1000,0.148
"E3","V3C",26108,"4-6 cm",192,1000,0.192
"E3","V3C",26108,"6-8 cm",260,1000,0.26
"E3","V3C",26108,">8 cm",148,1000,0.148
"E3","V3C",26109,"<2 cm",236,1000,0.236
"E3","V3C",26109,"2-4 cm",168,1000,0.168
"E3","V3C",26109,"4-6 cm",268,1000,0.268
"E3","V3C",26109,"6-8 cm",204,1000,0.204
"E3","V3C",26109,">8 cm",124,1000,0.124
"E3","V3C",26110,"<2 cm",280,1000,0.28
"E3","V3C",26110,"2-4 cm",152,1000,0.152
"E3","V3C",26110,"4-6 cm",220,1000,0.22
"E3","V3C",26110,"6-8 cm",192,1000,0.192
"E3","V3C",26110,">8 cm",156,1000,0.156
"E3","V3C",27101,"<2 cm",486,2250,0.216
"E3","V3C",27101,"2-4 cm",0,2250,0
"E3","V3C",27101,"4-6 cm",9,2250,0.004
"E3","V3C",27101,"6-8 cm",0,2250,0
"E3","V3C",27101,">8 cm",1755,2250,0.78
"E3","V3C",27102,"<2 cm",200,1000,0.2
"E3","V3C",27102,"2-4 cm",0,1000,0
"E3","V3C",27102,"4-6 cm",0,1000,0
"E3","V3C",27102,"6-8 cm",0,1000,0
"E3","V3C",27102,">8 cm",800,1000,0.8
"E3","V3C",27103,"<2 cm",220,1000,0.22
"E3","V3C",27103,"2-4 cm",0,1000,0
"E3","V3C",27103,"4-6 cm",0,1000,0
"E3","V3C",27103,"6-8 cm",0,1000,0
"E3","V3C",27103,">8 cm",780,1000,0.78
"E3","V3C",27104,"<2 cm",192,1000,0.192
"E3","V3C",27104,"2-4 cm",0,1000,0
"E3","V3C",27104,"4-6 cm",0,1000,0
"E3","V3C",27104,"6-8 cm",0,1000,0
"E3","V3C",27104,">8 cm",808,1000,0.808
"E3","V3C",27105,"<2 cm",232,1000,0.232
"E3","V3C",27105,"2-4 cm",0,1000,0
"E3","V3C",27105,"4-6 cm",0,1000,0
"E3","V3C",27105,"6-8 cm",0,1000,0
"E3","V3C",27105,">8 cm",768,1000,0.768
"E3","V3C",27106,"<2 cm",168,1000,0.168
"E3","V3C",27106,"2-4 cm",0,1000,0
"E3","V3C",27106,"4-6 cm",0,1000,0
"E3","V3C",27106,"6-8 cm",0,1000,0
"E3","V3C",27106,">8 cm",832,1000,0.832
"E3","V3C",27107,"<2 cm",256,1000,0.256
"E3","V3C",27107,"2-4 cm",0,1000,0
"E3","V3C",27107,"4-6 cm",0,1000,0
"E3","V3C",27107,"6-8 cm",0,1000,0
"E3","V3C",27107,">8 cm",744,1000,0.744
"E3","V3C",27108,"<2 cm",200,1000,0.2
"E3","V3C",27108,"2-4 cm",0,1000,0
"E3","V3C",27108,"4-6 cm",0,1000,0
"E3","V3C",27108,"6-8 cm",0,1000,0
"E3","V3C",27108,">8 cm",800,1000,0.8
"E3","V3C",27109,"<2 cm",216,1000,0.216
"E3","V3C",27109,"2-4 cm",0,1000,0
"E3","V3C",27109,"4-6 cm",0,1000,0
"E3","V3C",27109,"6-8 cm",0,1000,0
"E3","V3C",27109,">8 cm",784,1000,0.784
"E3","V3C",27110,"<2 cm",216,1000,0.216
"E3","V3C",27110,"2-4 cm",4,1000,0.004
"E3","V3C",27110,"4-6 cm",0,1000,0
"E3","V3C",27110,"6-8 cm",0,1000,0
"E3","V3C",27110,">8 cm",780,1000,0.78
"E3","V3C",28101,"<2 cm",1899,2250,0.844
"E3","V3C",28101,"2-4 cm",144,2250,0.064
"E3","V3C",28101,"4-6 cm",72,2250,0.032
"E3","V3C",28101,"6-8 cm",72,2250,0.032
"E3","V3C",28101,">8 cm",63,2250,0.028
"E3","V3C",28102,"<2 cm",848,1000,0.848
"E3","V3C",28102,"2-4 cm",52,1000,0.052
"E3","V3C",28102,"4-6 cm",44,1000,0.044
"E3","V3C",28102,"6-8 cm",24,1000,0.024
"E3","V3C",28102,">8 cm",32,1000,0.032
"E3","V3C",28103,"<2 cm",872,1000,0.872
"E3","V3C",28103,"2-4 cm",48,1000,0.048
"E3","V3C",28103,"4-6 cm",24,1000,0.024
"E3","V3C",28103,"6-8 cm",28,1000,0.028
"E3","V3C",28103,">8 cm",28,1000,0.028
"E3","V3C",28104,"<2 cm",860,1000,0.86
"E3","V3C",28104,"2-4 cm",52,1000,0.052
"E3","V3C",28104,"4-6 cm",28,1000,0.028
"E3","V3C",28104,"6-8 cm",36,1000,0.036
"E3","V3C",28104,">8 cm",24,1000,0.024
"E3","V3C",28105,"<2 cm",820,1000,0.82
"E3","V3C",28105,"2-4 cm",96,1000,0.096
"E3","V3C",28105,"4-6 cm",36,1000,0.036
"E3","V3C",28105,"6-8 cm",20,1000,0.02
"E3","V3C",28105,">8 cm",28,1000,0.028
"E3","V3C",28106,"<2 cm",848,1000,0.848
"E3","V3C",28106,"2-4 cm",60,1000,0.06
"E3","V3C",28106,"4-6 cm",24,1000,0.024
"E3","V3C",28106,"6-8 cm",44,1000,0.044
"E3","V3C",28106,">8 cm",24,1000,0.024
"E3","V3C",28107,"<2 cm",824,1000,0.824
"E3","V3C",28107,"2-4 cm",88,1000,0.088
"E3","V3C",28107,"4-6 cm",36,1000,0.036
"E3","V3C",28107,"6-8 cm",28,1000,0.028
"E3","V3C",28107,">8 cm",24,1000,0.024
"E3","V3C",28108,"<2 cm",824,1000,0.824
"E3","V3C",28108,"2-4 cm",76,1000,0.076
"E3","V3C",28108,"4-6 cm",36,1000,0.036
"E3","V3C",28108,"6-8 cm",28,1000,0.028
"E3","V3C",28108,">8 cm",36,1000,0.036
"E3","V3C",28109,"<2 cm",832,1000,0.832
"E3","V3C",28109,"2-4 cm",60,1000,0.06
"E3","V3C",28109,"4-6 cm",40,1000,0.04
"E3","V3C",28109,"6-8 cm",20,1000,0.02
"E3","V3C",28109,">8 cm",48,1000,0.048
"E3","V3C",28110,"<2 cm",816,1000,0.816
"E3","V3C",28110,"2-4 cm",68,1000,0.068
"E3","V3C",28110,"4-6 cm",48,1000,0.048
"E3","V3C",28110,"6-8 cm",32,1000,0.032
"E3","V3C",28110,">8 cm",36,1000,0.036
"E3","V3C",29101,"<2 cm",144,2250,0.064
"E3","V3C",29101,"2-4 cm",36,2250,0.016
"E3","V3C",29101,"4-6 cm",36,2250,0.016
"E3","V3C",29101,"6-8 cm",63,2250,0.028
"E3","V3C",29101,">8 cm",1971,2250,0.876
"E3","V3C",29102,"<2 cm",64,1000,0.064
"E3","V3C",29102,"2-4 cm",12,1000,0.012
"E3","V3C",29102,"4-6 cm",32,1000,0.032
"E3","V3C",29102,"6-8 cm",12,1000,0.012
"E3","V3C",29102,">8 cm",880,1000,0.88
"E3","V3C",29103,"<2 cm",64,1000,0.064
"E3","V3C",29103,"2-4 cm",8,1000,0.008
"E3","V3C",29103,"4-6 cm",32,1000,0.032
"E3","V3C",29103,"6-8 cm",20,1000,0.02
"E3","V3C",29103,">8 cm",876,1000,0.876
"E3","V3C",29104,"<2 cm",52,1000,0.052
"E3","V3C",29104,"2-4 cm",24,1000,0.024
"E3","V3C",29104,"4-6 cm",16,1000,0.016
"E3","V3C",29104,"6-8 cm",28,1000,0.028
"E3","V3C",29104,">8 cm",880,1000,0.88
"E3","V3C",29105,"<2 cm",56,1000,0.056
"E3","V3C",29105,"2-4 cm",20,1000,0.02
"E3","V3C",29105,"4-6 cm",20,1000,0.02
"E3","V3C",29105,"6-8 cm",16,1000,0.016
"E3","V3C",29105,">8 cm",888,1000,0.888
"E3","V3C",29106,"<2 cm",60,1000,0.06
"E3","V3C",29106,"2-4 cm",16,1000,0.016
"E3","V3C",29106,"4-6 cm",32,1000,0.032
"E3","V3C",29106,"6-8 cm",12,1000,0.012
"E3","V3C",29106,">8 cm",880,1000,0.88
"E3","V3C",29107,"<2 cm",68,1000,0.068
"E3","V3C",29107,"2-4 cm",28,1000,0.028
"E3","V3C",29107,"4-6 cm",20,1000,0.02
"E3","V3C",29107,"6-8 cm",4,1000,0.004
"E3","V3C",29107,">8 cm",880,1000,0.88
"E3","V3C",29108,"<2 cm",60,1000,0.06
"E3","V3C",29108,"2-4 cm",8,1000,0.008
"E3","V3C",29108,"4-6 cm",20,1000,0.02
"E3","V3C",29108,"6-8 cm",20,1000,0.02
"E3","V3C",29108,">8 cm",892,1000,0.892
"E3","V3C",29109,"<2 cm",64,1000,0.064
"E3","V3C",29109,"2-4 cm",16,1000,0.016
"E3","V3C",29109,"4-6 cm",20,1000,0.02
"E3","V3C",29109,"6-8 cm",8,1000,0.008
"E3","V3C",29109,">8 cm",892,1000,0.892
"E3","V3C",29110,"<2 cm",52,1000,0.052
"E3","V3C",29110,"2-4 cm",12,1000,0.012
"E3","V3C",29110,"4-6 cm",12,1000,0.012
"E3","V3C",29110,"6-8 cm",44,1000,0.044
"E3","V3C",29110,">8 cm",880,1000,0.88
"E3","V3C",30101,"<2 cm",2169,2250,0.964
"E3","V3C",30101,"2-4 cm",18,2250,0.008
"E3","V3C",30101,"4-6 cm",18,2250,0.008
"E3","V3C",30101,"6-8 cm",0,2250,0
"E3","V3C",30101,">8 cm",45,2250,0.02
"E3","V3C",30102,"<2 cm",976,1000,0.976
"E3","V3C",30102,"2-4 cm",8,1000,0.008
"E3","V3C",30102,"4-6 cm",0,1000,0
"E3","V3C",30102,"6-8 cm",0,1000,0
"E3","V3C",30102,">8 cm",16,1000,0.016
"E3","V3C",30103,"<2 cm",972,1000,0.972
"E3","V3C",30103,"2-4 cm",8,1000,0.008
"E3","V3C",30103,"4-6 cm",0,1000,0
"E3","V3C",30103,"6-8 cm",0,1000,0
"E3","V3C",30103,">8 cm",20,1000,0.02
"E3","V3C",30104,"<2 cm",972,1000,0.972
"E3","V3C",30104,"2-4 cm",8,1000,0.008
"E3","V3C",30104,"4-6 cm",0,1000,0
"E3","V3C",30104,"6-8 cm",0,1000,0
"E3","V3C",30104,">8 cm",20,1000,0.02
"E3","V3C",30105,"<2 cm",980,1000,0.98
"E3","V3C",30105,"2-4 cm",4,1000,0.004
"E3","V3C",30105,"4-6 cm",4,1000,0.004
"E3","V3C",30105,"6-8 cm",0,1000,0
"E3","V3C",30105,">8 cm",12,1000,0.012
"E3","V3C",30106,"<2 cm",968,1000,0.968
"E3","V3C",30106,"2-4 cm",12,1000,0.012
"E3","V3C",30106,"4-6 cm",8,1000,0.008
"E3","V3C",30106,"6-8 cm",0,1000,0
"E3","V3C",30106,">8 cm",12,1000,0.012
"E3","V3C",30107,"<2 cm",968,1000,0.968
"E3","V3C",30107,"2-4 cm",8,1000,0.008
"E3","V3C",30107,"4-6 cm",4,1000,0.004
"E3","V3C",30107,"6-8 cm",4,1000,0.004
"E3","V3C",30107,">8 cm",16,1000,0.016
"E3","V3C",30108,"<2 cm",980,1000,0.98
"E3","V3C",30108,"2-4 cm",12,1000,0.012
"E3","V3C",30108,"4-6 cm",0,1000,0
"E3","V3C",30108,"6-8 cm",0,1000,0
"E3","V3C",30108,">8 cm",8,1000,0.008
"E3","V3C",30109,"<2 cm",972,1000,0.972
"E3","V3C",30109,"2-4 cm",8,1000,0.008
"E3","V3C",30109,"4-6 cm",0,1000,0
"E3","V3C",30109,"6-8 cm",0,1000,0
"E3","V3C",30109,">8 cm",20,1000,0.02
"E3","V3C",30110,"<2 cm",976,1000,0.976
"E3","V3C",30110,"2-4 cm",4,1000,0.004
"E3","V3C",30110,"4-6 cm",8,1000,0.008
"E3","V3C",30110,"6-8 cm",4,1000,0.004
"E3","V3C",30110,">8 cm",8,1000,0.008
"E3","V3D",1101,"<2 cm",2232,2250,0.992
"E3","V3D",1101,"2-4 cm",9,2250,0.004
"E3","V3D",1101,"4-6 cm",0,2250,0
"E3","V3D",1101,"6-8 cm",9,2250,0.004
"E3","V3D",1101,">8 cm",0,2250,0
"E3","V3D",1102,"<2 cm",992,1000,0.992
"E3","V3D",1102,"2-4 cm",0,1000,0
"E3","V3D",1102,"4-6 cm",4,1000,0.004
"E3","V3D",1102,"6-8 cm",0,1000,0
"E3","V3D",1102,">8 cm",4,1000,0.004
"E3","V3D",1103,"<2 cm",988,1000,0.988
"E3","V3D",1103,"2-4 cm",0,1000,0
"E3","V3D",1103,"4-6 cm",0,1000,0
"E3","V3D",1103,"6-8 cm",0,1000,0
"E3","V3D",1103,">8 cm",12,1000,0.012
"E3","V3D",1104,"<2 cm",992,1000,0.992
"E3","V3D",1104,"2-4 cm",0,1000,0
"E3","V3D",1104,"4-6 cm",0,1000,0
"E3","V3D",1104,"6-8 cm",4,1000,0.004
"E3","V3D",1104,">8 cm",4,1000,0.004
"E3","V3D",1105,"<2 cm",984,1000,0.984
"E3","V3D",1105,"2-4 cm",0,1000,0
"E3","V3D",1105,"4-6 cm",4,1000,0.004
"E3","V3D",1105,"6-8 cm",0,1000,0
"E3","V3D",1105,">8 cm",12,1000,0.012
"E3","V3D",1106,"<2 cm",992,1000,0.992
"E3","V3D",1106,"2-4 cm",0,1000,0
"E3","V3D",1106,"4-6 cm",0,1000,0
"E3","V3D",1106,"6-8 cm",0,1000,0
"E3","V3D",1106,">8 cm",8,1000,0.008
"E3","V3D",1107,"<2 cm",992,1000,0.992
"E3","V3D",1107,"2-4 cm",0,1000,0
"E3","V3D",1107,"4-6 cm",0,1000,0
"E3","V3D",1107,"6-8 cm",0,1000,0
"E3","V3D",1107,">8 cm",8,1000,0.008
"E3","V3D",1108,"<2 cm",992,1000,0.992
"E3","V3D",1108,"2-4 cm",0,1000,0
"E3","V3D",1108,"4-6 cm",4,1000,0.004
"E3","V3D",1108,"6-8 cm",0,1000,0
"E3","V3D",1108,">8 cm",4,1000,0.004
"E3","V3D",1109,"<2 cm",992,1000,0.992
"E3","V3D",1109,"2-4 cm",0,1000,0
"E3","V3D",1109,"4-6 cm",0,1000,0
"E3","V3D",1109,"6-8 cm",0,1000,0
"E3","V3D",1109,">8 cm",8,1000,0.008
"E3","V3D",1110,"<2 cm",992,1000,0.992
"E3","V3D",1110,"2-4 cm",0,1000,0
"E3","V3D",1110,"4-6 cm",0,1000,0
"E3","V3D",1110,"6-8 cm",4,1000,0.004
"E3","V3D",1110,">8 cm",4,1000,0.004
"E3","V3D",2101,"<2 cm",27,2250,0.012
"E3","V3D",2101,"2-4 cm",9,2250,0.004
"E3","V3D",2101,"4-6 cm",9,2250,0.004
"E3","V3D",2101,"6-8 cm",36,2250,0.016
"E3","V3D",2101,">8 cm",2169,2250,0.964
"E3","V3D",2102,"<2 cm",4,1000,0.004
"E3","V3D",2102,"2-4 cm",4,1000,0.004
"E3","V3D",2102,"4-6 cm",8,1000,0.008
"E3","V3D",2102,"6-8 cm",20,1000,0.02
"E3","V3D",2102,">8 cm",964,1000,0.964
"E3","V3D",2103,"<2 cm",4,1000,0.004
"E3","V3D",2103,"2-4 cm",0,1000,0
"E3","V3D",2103,"4-6 cm",12,1000,0.012
"E3","V3D",2103,"6-8 cm",20,1000,0.02
"E3","V3D",2103,">8 cm",964,1000,0.964
"E3","V3D",2104,"<2 cm",8,1000,0.008
"E3","V3D",2104,"2-4 cm",4,1000,0.004
"E3","V3D",2104,"4-6 cm",20,1000,0.02
"E3","V3D",2104,"6-8 cm",0,1000,0
"E3","V3D",2104,">8 cm",968,1000,0.968
"E3","V3D",2105,"<2 cm",16,1000,0.016
"E3","V3D",2105,"2-4 cm",0,1000,0
"E3","V3D",2105,"4-6 cm",8,1000,0.008
"E3","V3D",2105,"6-8 cm",4,1000,0.004
"E3","V3D",2105,">8 cm",972,1000,0.972
"E3","V3D",2106,"<2 cm",16,1000,0.016
"E3","V3D",2106,"2-4 cm",4,1000,0.004
"E3","V3D",2106,"4-6 cm",8,1000,0.008
"E3","V3D",2106,"6-8 cm",16,1000,0.016
"E3","V3D",2106,">8 cm",956,1000,0.956
"E3","V3D",2107,"<2 cm",4,1000,0.004
"E3","V3D",2107,"2-4 cm",8,1000,0.008
"E3","V3D",2107,"4-6 cm",4,1000,0.004
"E3","V3D",2107,"6-8 cm",16,1000,0.016
"E3","V3D",2107,">8 cm",968,1000,0.968
"E3","V3D",2108,"<2 cm",12,1000,0.012
"E3","V3D",2108,"2-4 cm",0,1000,0
"E3","V3D",2108,"4-6 cm",16,1000,0.016
"E3","V3D",2108,"6-8 cm",8,1000,0.008
"E3","V3D",2108,">8 cm",964,1000,0.964
"E3","V3D",2109,"<2 cm",4,1000,0.004
"E3","V3D",2109,"2-4 cm",0,1000,0
"E3","V3D",2109,"4-6 cm",12,1000,0.012
"E3","V3D",2109,"6-8 cm",12,1000,0.012
"E3","V3D",2109,">8 cm",972,1000,0.972
"E3","V3D",2110,"<2 cm",4,1000,0.004
"E3","V3D",2110,"2-4 cm",4,1000,0.004
"E3","V3D",2110,"4-6 cm",8,1000,0.008
"E3","V3D",2110,"6-8 cm",12,1000,0.012
"E3","V3D",2110,">8 cm",972,1000,0.972
"E3","V3D",3101,"<2 cm",1386,2250,0.616
"E3","V3D",3101,"2-4 cm",9,2250,0.004
"E3","V3D",3101,"4-6 cm",0,2250,0
"E3","V3D",3101,"6-8 cm",27,2250,0.012
"E3","V3D",3101,">8 cm",828,2250,0.368
"E3","V3D",3102,"<2 cm",628,1000,0.628
"E3","V3D",3102,"2-4 cm",0,1000,0
"E3","V3D",3102,"4-6 cm",0,1000,0
"E3","V3D",3102,"6-8 cm",8,1000,0.008
"E3","V3D",3102,">8 cm",364,1000,0.364
"E3","V3D",3103,"<2 cm",628,1000,0.628
"E3","V3D",3103,"2-4 cm",0,1000,0
"E3","V3D",3103,"4-6 cm",0,1000,0
"E3","V3D",3103,"6-8 cm",12,1000,0.012
"E3","V3D",3103,">8 cm",360,1000,0.36
"E3","V3D",3104,"<2 cm",640,1000,0.64
"E3","V3D",3104,"2-4 cm",0,1000,0
"E3","V3D",3104,"4-6 cm",4,1000,0.004
"E3","V3D",3104,"6-8 cm",12,1000,0.012
"E3","V3D",3104,">8 cm",344,1000,0.344
"E3","V3D",3105,"<2 cm",628,1000,0.628
"E3","V3D",3105,"2-4 cm",0,1000,0
"E3","V3D",3105,"4-6 cm",0,1000,0
"E3","V3D",3105,"6-8 cm",16,1000,0.016
"E3","V3D",3105,">8 cm",356,1000,0.356
"E3","V3D",3106,"<2 cm",616,1000,0.616
"E3","V3D",3106,"2-4 cm",0,1000,0
"E3","V3D",3106,"4-6 cm",8,1000,0.008
"E3","V3D",3106,"6-8 cm",8,1000,0.008
"E3","V3D",3106,">8 cm",368,1000,0.368
"E3","V3D",3107,"<2 cm",648,1000,0.648
"E3","V3D",3107,"2-4 cm",4,1000,0.004
"E3","V3D",3107,"4-6 cm",0,1000,0
"E3","V3D",3107,"6-8 cm",4,1000,0.004
"E3","V3D",3107,">8 cm",344,1000,0.344
"E3","V3D",3108,"<2 cm",624,1000,0.624
"E3","V3D",3108,"2-4 cm",4,1000,0.004
"E3","V3D",3108,"4-6 cm",0,1000,0
"E3","V3D",3108,"6-8 cm",8,1000,0.008
"E3","V3D",3108,">8 cm",364,1000,0.364
"E3","V3D",3109,"<2 cm",620,1000,0.62
"E3","V3D",3109,"2-4 cm",4,1000,0.004
"E3","V3D",3109,"4-6 cm",0,1000,0
"E3","V3D",3109,"6-8 cm",8,1000,0.008
"E3","V3D",3109,">8 cm",368,1000,0.368
"E3","V3D",3110,"<2 cm",644,1000,0.644
"E3","V3D",3110,"2-4 cm",4,1000,0.004
"E3","V3D",3110,"4-6 cm",0,1000,0
"E3","V3D",3110,"6-8 cm",12,1000,0.012
"E3","V3D",3110,">8 cm",340,1000,0.34
"E3","V3D",4101,"<2 cm",2214,2250,0.984
"E3","V3D",4101,"2-4 cm",0,2250,0
"E3","V3D",4101,"4-6 cm",0,2250,0
"E3","V3D",4101,"6-8 cm",0,2250,0
"E3","V3D",4101,">8 cm",36,2250,0.016
"E3","V3D",4102,"<2 cm",984,1000,0.984
"E3","V3D",4102,"2-4 cm",0,1000,0
"E3","V3D",4102,"4-6 cm",0,1000,0
"E3","V3D",4102,"6-8 cm",0,1000,0
"E3","V3D",4102,">8 cm",16,1000,0.016
"E3","V3D",4103,"<2 cm",988,1000,0.988
"E3","V3D",4103,"2-4 cm",0,1000,0
"E3","V3D",4103,"4-6 cm",0,1000,0
"E3","V3D",4103,"6-8 cm",0,1000,0
"E3","V3D",4103,">8 cm",12,1000,0.012
"E3","V3D",4104,"<2 cm",988,1000,0.988
"E3","V3D",4104,"2-4 cm",0,1000,0
"E3","V3D",4104,"4-6 cm",0,1000,0
"E3","V3D",4104,"6-8 cm",0,1000,0
"E3","V3D",4104,">8 cm",12,1000,0.012
"E3","V3D",4105,"<2 cm",984,1000,0.984
"E3","V3D",4105,"2-4 cm",0,1000,0
"E3","V3D",4105,"4-6 cm",0,1000,0
"E3","V3D",4105,"6-8 cm",0,1000,0
"E3","V3D",4105,">8 cm",16,1000,0.016
"E3","V3D",4106,"<2 cm",984,1000,0.984
"E3","V3D",4106,"2-4 cm",0,1000,0
"E3","V3D",4106,"4-6 cm",0,1000,0
"E3","V3D",4106,"6-8 cm",0,1000,0
"E3","V3D",4106,">8 cm",16,1000,0.016
"E3","V3D",4107,"<2 cm",984,1000,0.984
"E3","V3D",4107,"2-4 cm",0,1000,0
"E3","V3D",4107,"4-6 cm",0,1000,0
"E3","V3D",4107,"6-8 cm",0,1000,0
"E3","V3D",4107,">8 cm",16,1000,0.016
"E3","V3D",4108,"<2 cm",968,1000,0.968
"E3","V3D",4108,"2-4 cm",0,1000,0
"E3","V3D",4108,"4-6 cm",0,1000,0
"E3","V3D",4108,"6-8 cm",0,1000,0
"E3","V3D",4108,">8 cm",32,1000,0.032
"E3","V3D",4109,"<2 cm",972,1000,0.972
"E3","V3D",4109,"2-4 cm",0,1000,0
"E3","V3D",4109,"4-6 cm",0,1000,0
"E3","V3D",4109,"6-8 cm",0,1000,0
"E3","V3D",4109,">8 cm",28,1000,0.028
"E3","V3D",4110,"<2 cm",984,1000,0.984
"E3","V3D",4110,"2-4 cm",0,1000,0
"E3","V3D",4110,"4-6 cm",0,1000,0
"E3","V3D",4110,"6-8 cm",0,1000,0
"E3","V3D",4110,">8 cm",16,1000,0.016
"E3","V3D",5101,"<2 cm",2196,2250,0.976
"E3","V3D",5101,"2-4 cm",9,2250,0.004
"E3","V3D",5101,"4-6 cm",0,2250,0
"E3","V3D",5101,"6-8 cm",0,2250,0
"E3","V3D",5101,">8 cm",45,2250,0.02
"E3","V3D",5102,"<2 cm",984,1000,0.984
"E3","V3D",5102,"2-4 cm",4,1000,0.004
"E3","V3D",5102,"4-6 cm",0,1000,0
"E3","V3D",5102,"6-8 cm",4,1000,0.004
"E3","V3D",5102,">8 cm",8,1000,0.008
"E3","V3D",5103,"<2 cm",980,1000,0.98
"E3","V3D",5103,"2-4 cm",12,1000,0.012
"E3","V3D",5103,"4-6 cm",0,1000,0
"E3","V3D",5103,"6-8 cm",0,1000,0
"E3","V3D",5103,">8 cm",8,1000,0.008
"E3","V3D",5104,"<2 cm",988,1000,0.988
"E3","V3D",5104,"2-4 cm",8,1000,0.008
"E3","V3D",5104,"4-6 cm",0,1000,0
"E3","V3D",5104,"6-8 cm",0,1000,0
"E3","V3D",5104,">8 cm",4,1000,0.004
"E3","V3D",5105,"<2 cm",976,1000,0.976
"E3","V3D",5105,"2-4 cm",12,1000,0.012
"E3","V3D",5105,"4-6 cm",0,1000,0
"E3","V3D",5105,"6-8 cm",4,1000,0.004
"E3","V3D",5105,">8 cm",8,1000,0.008
"E3","V3D",5106,"<2 cm",976,1000,0.976
"E3","V3D",5106,"2-4 cm",8,1000,0.008
"E3","V3D",5106,"4-6 cm",8,1000,0.008
"E3","V3D",5106,"6-8 cm",0,1000,0
"E3","V3D",5106,">8 cm",8,1000,0.008
"E3","V3D",5107,"<2 cm",980,1000,0.98
"E3","V3D",5107,"2-4 cm",8,1000,0.008
"E3","V3D",5107,"4-6 cm",4,1000,0.004
"E3","V3D",5107,"6-8 cm",0,1000,0
"E3","V3D",5107,">8 cm",8,1000,0.008
"E3","V3D",5108,"<2 cm",976,1000,0.976
"E3","V3D",5108,"2-4 cm",0,1000,0
"E3","V3D",5108,"4-6 cm",0,1000,0
"E3","V3D",5108,"6-8 cm",0,1000,0
"E3","V3D",5108,">8 cm",24,1000,0.024
"E3","V3D",5109,"<2 cm",972,1000,0.972
"E3","V3D",5109,"2-4 cm",20,1000,0.02
"E3","V3D",5109,"4-6 cm",0,1000,0
"E3","V3D",5109,"6-8 cm",0,1000,0
"E3","V3D",5109,">8 cm",8,1000,0.008
"E3","V3D",5110,"<2 cm",980,1000,0.98
"E3","V3D",5110,"2-4 cm",12,1000,0.012
"E3","V3D",5110,"4-6 cm",0,1000,0
"E3","V3D",5110,"6-8 cm",0,1000,0
"E3","V3D",5110,">8 cm",8,1000,0.008
"E3","V3D",6101,"<2 cm",2025,2250,0.9
"E3","V3D",6101,"2-4 cm",27,2250,0.012
"E3","V3D",6101,"4-6 cm",9,2250,0.004
"E3","V3D",6101,"6-8 cm",0,2250,0
"E3","V3D",6101,">8 cm",189,2250,0.084
"E3","V3D",6102,"<2 cm",908,1000,0.908
"E3","V3D",6102,"2-4 cm",0,1000,0
"E3","V3D",6102,"4-6 cm",0,1000,0
"E3","V3D",6102,"6-8 cm",0,1000,0
"E3","V3D",6102,">8 cm",92,1000,0.092
"E3","V3D",6103,"<2 cm",912,1000,0.912
"E3","V3D",6103,"2-4 cm",8,1000,0.008
"E3","V3D",6103,"4-6 cm",0,1000,0
"E3","V3D",6103,"6-8 cm",0,1000,0
"E3","V3D",6103,">8 cm",80,1000,0.08
"E3","V3D",6104,"<2 cm",912,1000,0.912
"E3","V3D",6104,"2-4 cm",8,1000,0.008
"E3","V3D",6104,"4-6 cm",0,1000,0
"E3","V3D",6104,"6-8 cm",0,1000,0
"E3","V3D",6104,">8 cm",80,1000,0.08
"E3","V3D",6105,"<2 cm",912,1000,0.912
"E3","V3D",6105,"2-4 cm",0,1000,0
"E3","V3D",6105,"4-6 cm",4,1000,0.004
"E3","V3D",6105,"6-8 cm",0,1000,0
"E3","V3D",6105,">8 cm",84,1000,0.084
"E3","V3D",6106,"<2 cm",916,1000,0.916
"E3","V3D",6106,"2-4 cm",8,1000,0.008
"E3","V3D",6106,"4-6 cm",0,1000,0
"E3","V3D",6106,"6-8 cm",0,1000,0
"E3","V3D",6106,">8 cm",76,1000,0.076
"E3","V3D",6107,"<2 cm",896,1000,0.896
"E3","V3D",6107,"2-4 cm",16,1000,0.016
"E3","V3D",6107,"4-6 cm",4,1000,0.004
"E3","V3D",6107,"6-8 cm",0,1000,0
"E3","V3D",6107,">8 cm",84,1000,0.084
"E3","V3D",6108,"<2 cm",892,1000,0.892
"E3","V3D",6108,"2-4 cm",12,1000,0.012
"E3","V3D",6108,"4-6 cm",0,1000,0
"E3","V3D",6108,"6-8 cm",0,1000,0
"E3","V3D",6108,">8 cm",96,1000,0.096
"E3","V3D",6109,"<2 cm",900,1000,0.9
"E3","V3D",6109,"2-4 cm",12,1000,0.012
"E3","V3D",6109,"4-6 cm",0,1000,0
"E3","V3D",6109,"6-8 cm",4,1000,0.004
"E3","V3D",6109,">8 cm",84,1000,0.084
"E3","V3D",6110,"<2 cm",904,1000,0.904
"E3","V3D",6110,"2-4 cm",8,1000,0.008
"E3","V3D",6110,"4-6 cm",4,1000,0.004
"E3","V3D",6110,"6-8 cm",0,1000,0
"E3","V3D",6110,">8 cm",84,1000,0.084
"E3","V3D",7101,"<2 cm",2241,2250,0.996
"E3","V3D",7101,"2-4 cm",0,2250,0
"E3","V3D",7101,"4-6 cm",0,2250,0
"E3","V3D",7101,"6-8 cm",0,2250,0
"E3","V3D",7101,">8 cm",9,2250,0.004
"E3","V3D",7102,"<2 cm",996,1000,0.996
"E3","V3D",7102,"2-4 cm",0,1000,0
"E3","V3D",7102,"4-6 cm",0,1000,0
"E3","V3D",7102,"6-8 cm",0,1000,0
"E3","V3D",7102,">8 cm",4,1000,0.004
"E3","V3D",7103,"<2 cm",996,1000,0.996
"E3","V3D",7103,"2-4 cm",0,1000,0
"E3","V3D",7103,"4-6 cm",0,1000,0
"E3","V3D",7103,"6-8 cm",0,1000,0
"E3","V3D",7103,">8 cm",4,1000,0.004
"E3","V3D",7104,"<2 cm",996,1000,0.996
"E3","V3D",7104,"2-4 cm",0,1000,0
"E3","V3D",7104,"4-6 cm",0,1000,0
"E3","V3D",7104,"6-8 cm",0,1000,0
"E3","V3D",7104,">8 cm",4,1000,0.004
"E3","V3D",7105,"<2 cm",996,1000,0.996
"E3","V3D",7105,"2-4 cm",0,1000,0
"E3","V3D",7105,"4-6 cm",0,1000,0
"E3","V3D",7105,"6-8 cm",0,1000,0
"E3","V3D",7105,">8 cm",4,1000,0.004
"E3","V3D",7106,"<2 cm",992,1000,0.992
"E3","V3D",7106,"2-4 cm",4,1000,0.004
"E3","V3D",7106,"4-6 cm",0,1000,0
"E3","V3D",7106,"6-8 cm",0,1000,0
"E3","V3D",7106,">8 cm",4,1000,0.004
"E3","V3D",7107,"<2 cm",992,1000,0.992
"E3","V3D",7107,"2-4 cm",0,1000,0
"E3","V3D",7107,"4-6 cm",4,1000,0.004
"E3","V3D",7107,"6-8 cm",0,1000,0
"E3","V3D",7107,">8 cm",4,1000,0.004
"E3","V3D",7108,"<2 cm",996,1000,0.996
"E3","V3D",7108,"2-4 cm",0,1000,0
"E3","V3D",7108,"4-6 cm",0,1000,0
"E3","V3D",7108,"6-8 cm",0,1000,0
"E3","V3D",7108,">8 cm",4,1000,0.004
"E3","V3D",7109,"<2 cm",996,1000,0.996
"E3","V3D",7109,"2-4 cm",0,1000,0
"E3","V3D",7109,"4-6 cm",0,1000,0
"E3","V3D",7109,"6-8 cm",0,1000,0
"E3","V3D",7109,">8 cm",4,1000,0.004
"E3","V3D",7110,"<2 cm",996,1000,0.996
"E3","V3D",7110,"2-4 cm",0,1000,0
"E3","V3D",7110,"4-6 cm",0,1000,0
"E3","V3D",7110,"6-8 cm",0,1000,0
"E3","V3D",7110,">8 cm",4,1000,0.004
"E3","V3D",8101,"<2 cm",1926,2250,0.856
"E3","V3D",8101,"2-4 cm",108,2250,0.048
"E3","V3D",8101,"4-6 cm",126,2250,0.056
"E3","V3D",8101,"6-8 cm",9,2250,0.004
"E3","V3D",8101,">8 cm",81,2250,0.036
"E3","V3D",8102,"<2 cm",832,1000,0.832
"E3","V3D",8102,"2-4 cm",36,1000,0.036
"E3","V3D",8102,"4-6 cm",52,1000,0.052
"E3","V3D",8102,"6-8 cm",16,1000,0.016
"E3","V3D",8102,">8 cm",64,1000,0.064
"E3","V3D",8103,"<2 cm",844,1000,0.844
"E3","V3D",8103,"2-4 cm",28,1000,0.028
"E3","V3D",8103,"4-6 cm",48,1000,0.048
"E3","V3D",8103,"6-8 cm",16,1000,0.016
"E3","V3D",8103,">8 cm",64,1000,0.064
"E3","V3D",8104,"<2 cm",820,1000,0.82
"E3","V3D",8104,"2-4 cm",52,1000,0.052
"E3","V3D",8104,"4-6 cm",48,1000,0.048
"E3","V3D",8104,"6-8 cm",20,1000,0.02
"E3","V3D",8104,">8 cm",60,1000,0.06
"E3","V3D",8105,"<2 cm",820,1000,0.82
"E3","V3D",8105,"2-4 cm",40,1000,0.04
"E3","V3D",8105,"4-6 cm",60,1000,0.06
"E3","V3D",8105,"6-8 cm",40,1000,0.04
"E3","V3D",8105,">8 cm",40,1000,0.04
"E3","V3D",8106,"<2 cm",848,1000,0.848
"E3","V3D",8106,"2-4 cm",40,1000,0.04
"E3","V3D",8106,"4-6 cm",56,1000,0.056
"E3","V3D",8106,"6-8 cm",24,1000,0.024
"E3","V3D",8106,">8 cm",32,1000,0.032
"E3","V3D",8107,"<2 cm",824,1000,0.824
"E3","V3D",8107,"2-4 cm",68,1000,0.068
"E3","V3D",8107,"4-6 cm",52,1000,0.052
"E3","V3D",8107,"6-8 cm",12,1000,0.012
"E3","V3D",8107,">8 cm",44,1000,0.044
"E3","V3D",8108,"<2 cm",824,1000,0.824
"E3","V3D",8108,"2-4 cm",32,1000,0.032
"E3","V3D",8108,"4-6 cm",60,1000,0.06
"E3","V3D",8108,"6-8 cm",20,1000,0.02
"E3","V3D",8108,">8 cm",64,1000,0.064
"E3","V3D",8109,"<2 cm",788,1000,0.788
"E3","V3D",8109,"2-4 cm",52,1000,0.052
"E3","V3D",8109,"4-6 cm",76,1000,0.076
"E3","V3D",8109,"6-8 cm",12,1000,0.012
"E3","V3D",8109,">8 cm",72,1000,0.072
"E3","V3D",8110,"<2 cm",848,1000,0.848
"E3","V3D",8110,"2-4 cm",56,1000,0.056
"E3","V3D",8110,"4-6 cm",36,1000,0.036
"E3","V3D",8110,"6-8 cm",8,1000,0.008
"E3","V3D",8110,">8 cm",52,1000,0.052
"E3","V3D",9101,"<2 cm",2142,2250,0.952
"E3","V3D",9101,"2-4 cm",0,2250,0
"E3","V3D",9101,"4-6 cm",18,2250,0.008
"E3","V3D",9101,"6-8 cm",0,2250,0
"E3","V3D",9101,">8 cm",90,2250,0.04
"E3","V3D",9102,"<2 cm",940,1000,0.94
"E3","V3D",9102,"2-4 cm",4,1000,0.004
"E3","V3D",9102,"4-6 cm",12,1000,0.012
"E3","V3D",9102,"6-8 cm",0,1000,0
"E3","V3D",9102,">8 cm",44,1000,0.044
"E3","V3D",9103,"<2 cm",952,1000,0.952
"E3","V3D",9103,"2-4 cm",4,1000,0.004
"E3","V3D",9103,"4-6 cm",4,1000,0.004
"E3","V3D",9103,"6-8 cm",0,1000,0
"E3","V3D",9103,">8 cm",40,1000,0.04
"E3","V3D",9104,"<2 cm",960,1000,0.96
"E3","V3D",9104,"2-4 cm",0,1000,0
"E3","V3D",9104,"4-6 cm",4,1000,0.004
"E3","V3D",9104,"6-8 cm",0,1000,0
"E3","V3D",9104,">8 cm",36,1000,0.036
"E3","V3D",9105,"<2 cm",956,1000,0.956
"E3","V3D",9105,"2-4 cm",0,1000,0
"E3","V3D",9105,"4-6 cm",4,1000,0.004
"E3","V3D",9105,"6-8 cm",0,1000,0
"E3","V3D",9105,">8 cm",40,1000,0.04
"E3","V3D",9106,"<2 cm",944,1000,0.944
"E3","V3D",9106,"2-4 cm",8,1000,0.008
"E3","V3D",9106,"4-6 cm",0,1000,0
"E3","V3D",9106,"6-8 cm",0,1000,0
"E3","V3D",9106,">8 cm",48,1000,0.048
"E3","V3D",9107,"<2 cm",944,1000,0.944
"E3","V3D",9107,"2-4 cm",4,1000,0.004
"E3","V3D",9107,"4-6 cm",8,1000,0.008
"E3","V3D",9107,"6-8 cm",0,1000,0
"E3","V3D",9107,">8 cm",44,1000,0.044
"E3","V3D",9108,"<2 cm",956,1000,0.956
"E3","V3D",9108,"2-4 cm",4,1000,0.004
"E3","V3D",9108,"4-6 cm",0,1000,0
"E3","V3D",9108,"6-8 cm",0,1000,0
"E3","V3D",9108,">8 cm",40,1000,0.04
"E3","V3D",9109,"<2 cm",948,1000,0.948
"E3","V3D",9109,"2-4 cm",0,1000,0
"E3","V3D",9109,"4-6 cm",8,1000,0.008
"E3","V3D",9109,"6-8 cm",0,1000,0
"E3","V3D",9109,">8 cm",44,1000,0.044
"E3","V3D",9110,"<2 cm",956,1000,0.956
"E3","V3D",9110,"2-4 cm",4,1000,0.004
"E3","V3D",9110,"4-6 cm",4,1000,0.004
"E3","V3D",9110,"6-8 cm",0,1000,0
"E3","V3D",9110,">8 cm",36,1000,0.036
"E3","V3D",10101,"<2 cm",54,2250,0.024
"E3","V3D",10101,"2-4 cm",0,2250,0
"E3","V3D",10101,"4-6 cm",0,2250,0
"E3","V3D",10101,"6-8 cm",0,2250,0
"E3","V3D",10101,">8 cm",2196,2250,0.976
"E3","V3D",10102,"<2 cm",20,1000,0.02
"E3","V3D",10102,"2-4 cm",4,1000,0.004
"E3","V3D",10102,"4-6 cm",0,1000,0
"E3","V3D",10102,"6-8 cm",0,1000,0
"E3","V3D",10102,">8 cm",976,1000,0.976
"E3","V3D",10103,"<2 cm",24,1000,0.024
"E3","V3D",10103,"2-4 cm",0,1000,0
"E3","V3D",10103,"4-6 cm",0,1000,0
"E3","V3D",10103,"6-8 cm",0,1000,0
"E3","V3D",10103,">8 cm",976,1000,0.976
"E3","V3D",10104,"<2 cm",24,1000,0.024
"E3","V3D",10104,"2-4 cm",0,1000,0
"E3","V3D",10104,"4-6 cm",0,1000,0
"E3","V3D",10104,"6-8 cm",0,1000,0
"E3","V3D",10104,">8 cm",976,1000,0.976
"E3","V3D",10105,"<2 cm",20,1000,0.02
"E3","V3D",10105,"2-4 cm",0,1000,0
"E3","V3D",10105,"4-6 cm",4,1000,0.004
"E3","V3D",10105,"6-8 cm",0,1000,0
"E3","V3D",10105,">8 cm",976,1000,0.976
"E3","V3D",10106,"<2 cm",20,1000,0.02
"E3","V3D",10106,"2-4 cm",4,1000,0.004
"E3","V3D",10106,"4-6 cm",0,1000,0
"E3","V3D",10106,"6-8 cm",0,1000,0
"E3","V3D",10106,">8 cm",976,1000,0.976
"E3","V3D",10107,"<2 cm",28,1000,0.028
"E3","V3D",10107,"2-4 cm",0,1000,0
"E3","V3D",10107,"4-6 cm",0,1000,0
"E3","V3D",10107,"6-8 cm",0,1000,0
"E3","V3D",10107,">8 cm",972,1000,0.972
"E3","V3D",10108,"<2 cm",28,1000,0.028
"E3","V3D",10108,"2-4 cm",0,1000,0
"E3","V3D",10108,"4-6 cm",0,1000,0
"E3","V3D",10108,"6-8 cm",0,1000,0
"E3","V3D",10108,">8 cm",972,1000,0.972
"E3","V3D",10109,"<2 cm",24,1000,0.024
"E3","V3D",10109,"2-4 cm",0,1000,0
"E3","V3D",10109,"4-6 cm",0,1000,0
"E3","V3D",10109,"6-8 cm",0,1000,0
"E3","V3D",10109,">8 cm",976,1000,0.976
"E3","V3D",10110,"<2 cm",20,1000,0.02
"E3","V3D",10110,"2-4 cm",4,1000,0.004
"E3","V3D",10110,"4-6 cm",0,1000,0
"E3","V3D",10110,"6-8 cm",0,1000,0
"E3","V3D",10110,">8 cm",976,1000,0.976
"E3","V3D",11101,"<2 cm",909,2250,0.404
"E3","V3D",11101,"2-4 cm",162,2250,0.072
"E3","V3D",11101,"4-6 cm",891,2250,0.396
"E3","V3D",11101,"6-8 cm",234,2250,0.104
"E3","V3D",11101,">8 cm",54,2250,0.024
"E3","V3D",11102,"<2 cm",408,1000,0.408
"E3","V3D",11102,"2-4 cm",72,1000,0.072
"E3","V3D",11102,"4-6 cm",400,1000,0.4
"E3","V3D",11102,"6-8 cm",84,1000,0.084
"E3","V3D",11102,">8 cm",36,1000,0.036
"E3","V3D",11103,"<2 cm",420,1000,0.42
"E3","V3D",11103,"2-4 cm",88,1000,0.088
"E3","V3D",11103,"4-6 cm",360,1000,0.36
"E3","V3D",11103,"6-8 cm",88,1000,0.088
"E3","V3D",11103,">8 cm",44,1000,0.044
"E3","V3D",11104,"<2 cm",412,1000,0.412
"E3","V3D",11104,"2-4 cm",84,1000,0.084
"E3","V3D",11104,"4-6 cm",400,1000,0.4
"E3","V3D",11104,"6-8 cm",72,1000,0.072
"E3","V3D",11104,">8 cm",32,1000,0.032
"E3","V3D",11105,"<2 cm",372,1000,0.372
"E3","V3D",11105,"2-4 cm",60,1000,0.06
"E3","V3D",11105,"4-6 cm",432,1000,0.432
"E3","V3D",11105,"6-8 cm",104,1000,0.104
"E3","V3D",11105,">8 cm",32,1000,0.032
"E3","V3D",11106,"<2 cm",396,1000,0.396
"E3","V3D",11106,"2-4 cm",76,1000,0.076
"E3","V3D",11106,"4-6 cm",404,1000,0.404
"E3","V3D",11106,"6-8 cm",88,1000,0.088
"E3","V3D",11106,">8 cm",36,1000,0.036
"E3","V3D",11107,"<2 cm",348,1000,0.348
"E3","V3D",11107,"2-4 cm",72,1000,0.072
"E3","V3D",11107,"4-6 cm",404,1000,0.404
"E3","V3D",11107,"6-8 cm",100,1000,0.1
"E3","V3D",11107,">8 cm",76,1000,0.076
"E3","V3D",11108,"<2 cm",436,1000,0.436
"E3","V3D",11108,"2-4 cm",76,1000,0.076
"E3","V3D",11108,"4-6 cm",352,1000,0.352
"E3","V3D",11108,"6-8 cm",108,1000,0.108
"E3","V3D",11108,">8 cm",28,1000,0.028
"E3","V3D",11109,"<2 cm",364,1000,0.364
"E3","V3D",11109,"2-4 cm",88,1000,0.088
"E3","V3D",11109,"4-6 cm",404,1000,0.404
"E3","V3D",11109,"6-8 cm",96,1000,0.096
"E3","V3D",11109,">8 cm",48,1000,0.048
"E3","V3D",11110,"<2 cm",428,1000,0.428
"E3","V3D",11110,"2-4 cm",64,1000,0.064
"E3","V3D",11110,"4-6 cm",404,1000,0.404
"E3","V3D",11110,"6-8 cm",60,1000,0.06
"E3","V3D",11110,">8 cm",44,1000,0.044
"E3","V3D",12101,"<2 cm",27,2250,0.012
"E3","V3D",12101,"2-4 cm",0,2250,0
"E3","V3D",12101,"4-6 cm",0,2250,0
"E3","V3D",12101,"6-8 cm",0,2250,0
"E3","V3D",12101,">8 cm",2223,2250,0.988
"E3","V3D",12102,"<2 cm",12,1000,0.012
"E3","V3D",12102,"2-4 cm",0,1000,0
"E3","V3D",12102,"4-6 cm",0,1000,0
"E3","V3D",12102,"6-8 cm",0,1000,0
"E3","V3D",12102,">8 cm",988,1000,0.988
"E3","V3D",12103,"<2 cm",12,1000,0.012
"E3","V3D",12103,"2-4 cm",0,1000,0
"E3","V3D",12103,"4-6 cm",0,1000,0
"E3","V3D",12103,"6-8 cm",0,1000,0
"E3","V3D",12103,">8 cm",988,1000,0.988
"E3","V3D",12104,"<2 cm",12,1000,0.012
"E3","V3D",12104,"2-4 cm",0,1000,0
"E3","V3D",12104,"4-6 cm",0,1000,0
"E3","V3D",12104,"6-8 cm",0,1000,0
"E3","V3D",12104,">8 cm",988,1000,0.988
"E3","V3D",12105,"<2 cm",12,1000,0.012
"E3","V3D",12105,"2-4 cm",0,1000,0
"E3","V3D",12105,"4-6 cm",0,1000,0
"E3","V3D",12105,"6-8 cm",0,1000,0
"E3","V3D",12105,">8 cm",988,1000,0.988
"E3","V3D",12106,"<2 cm",12,1000,0.012
"E3","V3D",12106,"2-4 cm",0,1000,0
"E3","V3D",12106,"4-6 cm",0,1000,0
"E3","V3D",12106,"6-8 cm",0,1000,0
"E3","V3D",12106,">8 cm",988,1000,0.988
"E3","V3D",12107,"<2 cm",12,1000,0.012
"E3","V3D",12107,"2-4 cm",0,1000,0
"E3","V3D",12107,"4-6 cm",0,1000,0
"E3","V3D",12107,"6-8 cm",0,1000,0
"E3","V3D",12107,">8 cm",988,1000,0.988
"E3","V3D",12108,"<2 cm",12,1000,0.012
"E3","V3D",12108,"2-4 cm",0,1000,0
"E3","V3D",12108,"4-6 cm",0,1000,0
"E3","V3D",12108,"6-8 cm",0,1000,0
"E3","V3D",12108,">8 cm",988,1000,0.988
"E3","V3D",12109,"<2 cm",12,1000,0.012
"E3","V3D",12109,"2-4 cm",0,1000,0
"E3","V3D",12109,"4-6 cm",0,1000,0
"E3","V3D",12109,"6-8 cm",0,1000,0
"E3","V3D",12109,">8 cm",988,1000,0.988
"E3","V3D",12110,"<2 cm",12,1000,0.012
"E3","V3D",12110,"2-4 cm",0,1000,0
"E3","V3D",12110,"4-6 cm",0,1000,0
"E3","V3D",12110,"6-8 cm",0,1000,0
"E3","V3D",12110,">8 cm",988,1000,0.988
"E3","V3D",13101,"<2 cm",540,2250,0.24
"E3","V3D",13101,"2-4 cm",603,2250,0.268
"E3","V3D",13101,"4-6 cm",90,2250,0.04
"E3","V3D",13101,"6-8 cm",45,2250,0.02
"E3","V3D",13101,">8 cm",972,2250,0.432
"E3","V3D",13102,"<2 cm",248,1000,0.248
"E3","V3D",13102,"2-4 cm",300,1000,0.3
"E3","V3D",13102,"4-6 cm",52,1000,0.052
"E3","V3D",13102,"6-8 cm",8,1000,0.008
"E3","V3D",13102,">8 cm",392,1000,0.392
"E3","V3D",13103,"<2 cm",228,1000,0.228
"E3","V3D",13103,"2-4 cm",296,1000,0.296
"E3","V3D",13103,"4-6 cm",40,1000,0.04
"E3","V3D",13103,"6-8 cm",16,1000,0.016
"E3","V3D",13103,">8 cm",420,1000,0.42
"E3","V3D",13104,"<2 cm",224,1000,0.224
"E3","V3D",13104,"2-4 cm",252,1000,0.252
"E3","V3D",13104,"4-6 cm",40,1000,0.04
"E3","V3D",13104,"6-8 cm",16,1000,0.016
"E3","V3D",13104,">8 cm",468,1000,0.468
"E3","V3D",13105,"<2 cm",228,1000,0.228
"E3","V3D",13105,"2-4 cm",312,1000,0.312
"E3","V3D",13105,"4-6 cm",60,1000,0.06
"E3","V3D",13105,"6-8 cm",24,1000,0.024
"E3","V3D",13105,">8 cm",376,1000,0.376
"E3","V3D",13106,"<2 cm",220,1000,0.22
"E3","V3D",13106,"2-4 cm",284,1000,0.284
"E3","V3D",13106,"4-6 cm",36,1000,0.036
"E3","V3D",13106,"6-8 cm",24,1000,0.024
"E3","V3D",13106,">8 cm",436,1000,0.436
"E3","V3D",13107,"<2 cm",200,1000,0.2
"E3","V3D",13107,"2-4 cm",276,1000,0.276
"E3","V3D",13107,"4-6 cm",28,1000,0.028
"E3","V3D",13107,"6-8 cm",12,1000,0.012
"E3","V3D",13107,">8 cm",484,1000,0.484
"E3","V3D",13108,"<2 cm",216,1000,0.216
"E3","V3D",13108,"2-4 cm",260,1000,0.26
"E3","V3D",13108,"4-6 cm",24,1000,0.024
"E3","V3D",13108,"6-8 cm",12,1000,0.012
"E3","V3D",13108,">8 cm",488,1000,0.488
"E3","V3D",13109,"<2 cm",288,1000,0.288
"E3","V3D",13109,"2-4 cm",248,1000,0.248
"E3","V3D",13109,"4-6 cm",32,1000,0.032
"E3","V3D",13109,"6-8 cm",20,1000,0.02
"E3","V3D",13109,">8 cm",412,1000,0.412
"E3","V3D",13110,"<2 cm",236,1000,0.236
"E3","V3D",13110,"2-4 cm",316,1000,0.316
"E3","V3D",13110,"4-6 cm",40,1000,0.04
"E3","V3D",13110,"6-8 cm",12,1000,0.012
"E3","V3D",13110,">8 cm",396,1000,0.396
"E3","V3D",14101,"<2 cm",2169,2250,0.964
"E3","V3D",14101,"2-4 cm",0,2250,0
"E3","V3D",14101,"4-6 cm",0,2250,0
"E3","V3D",14101,"6-8 cm",0,2250,0
"E3","V3D",14101,">8 cm",81,2250,0.036
"E3","V3D",14102,"<2 cm",964,1000,0.964
"E3","V3D",14102,"2-4 cm",0,1000,0
"E3","V3D",14102,"4-6 cm",0,1000,0
"E3","V3D",14102,"6-8 cm",0,1000,0
"E3","V3D",14102,">8 cm",36,1000,0.036
"E3","V3D",14103,"<2 cm",964,1000,0.964
"E3","V3D",14103,"2-4 cm",0,1000,0
"E3","V3D",14103,"4-6 cm",0,1000,0
"E3","V3D",14103,"6-8 cm",0,1000,0
"E3","V3D",14103,">8 cm",36,1000,0.036
"E3","V3D",14104,"<2 cm",964,1000,0.964
"E3","V3D",14104,"2-4 cm",0,1000,0
"E3","V3D",14104,"4-6 cm",0,1000,0
"E3","V3D",14104,"6-8 cm",0,1000,0
"E3","V3D",14104,">8 cm",36,1000,0.036
"E3","V3D",14105,"<2 cm",964,1000,0.964
"E3","V3D",14105,"2-4 cm",0,1000,0
"E3","V3D",14105,"4-6 cm",0,1000,0
"E3","V3D",14105,"6-8 cm",0,1000,0
"E3","V3D",14105,">8 cm",36,1000,0.036
"E3","V3D",14106,"<2 cm",964,1000,0.964
"E3","V3D",14106,"2-4 cm",0,1000,0
"E3","V3D",14106,"4-6 cm",0,1000,0
"E3","V3D",14106,"6-8 cm",0,1000,0
"E3","V3D",14106,">8 cm",36,1000,0.036
"E3","V3D",14107,"<2 cm",964,1000,0.964
"E3","V3D",14107,"2-4 cm",0,1000,0
"E3","V3D",14107,"4-6 cm",0,1000,0
"E3","V3D",14107,"6-8 cm",0,1000,0
"E3","V3D",14107,">8 cm",36,1000,0.036
"E3","V3D",14108,"<2 cm",964,1000,0.964
"E3","V3D",14108,"2-4 cm",0,1000,0
"E3","V3D",14108,"4-6 cm",0,1000,0
"E3","V3D",14108,"6-8 cm",0,1000,0
"E3","V3D",14108,">8 cm",36,1000,0.036
"E3","V3D",14109,"<2 cm",964,1000,0.964
"E3","V3D",14109,"2-4 cm",0,1000,0
"E3","V3D",14109,"4-6 cm",0,1000,0
"E3","V3D",14109,"6-8 cm",0,1000,0
"E3","V3D",14109,">8 cm",36,1000,0.036
"E3","V3D",14110,"<2 cm",964,1000,0.964
"E3","V3D",14110,"2-4 cm",0,1000,0
"E3","V3D",14110,"4-6 cm",0,1000,0
"E3","V3D",14110,"6-8 cm",0,1000,0
"E3","V3D",14110,">8 cm",36,1000,0.036
"E3","V3D",15101,"<2 cm",2232,2250,0.992
"E3","V3D",15101,"2-4 cm",9,2250,0.004
"E3","V3D",15101,"4-6 cm",9,2250,0.004
"E3","V3D",15101,"6-8 cm",0,2250,0
"E3","V3D",15101,">8 cm",0,2250,0
"E3","V3D",15102,"<2 cm",992,1000,0.992
"E3","V3D",15102,"2-4 cm",0,1000,0
"E3","V3D",15102,"4-6 cm",0,1000,0
"E3","V3D",15102,"6-8 cm",8,1000,0.008
"E3","V3D",15102,">8 cm",0,1000,0
"E3","V3D",15103,"<2 cm",992,1000,0.992
"E3","V3D",15103,"2-4 cm",0,1000,0
"E3","V3D",15103,"4-6 cm",4,1000,0.004
"E3","V3D",15103,"6-8 cm",4,1000,0.004
"E3","V3D",15103,">8 cm",0,1000,0
"E3","V3D",15104,"<2 cm",988,1000,0.988
"E3","V3D",15104,"2-4 cm",8,1000,0.008
"E3","V3D",15104,"4-6 cm",4,1000,0.004
"E3","V3D",15104,"6-8 cm",0,1000,0
"E3","V3D",15104,">8 cm",0,1000,0
"E3","V3D",15105,"<2 cm",992,1000,0.992
"E3","V3D",15105,"2-4 cm",4,1000,0.004
"E3","V3D",15105,"4-6 cm",4,1000,0.004
"E3","V3D",15105,"6-8 cm",0,1000,0
"E3","V3D",15105,">8 cm",0,1000,0
"E3","V3D",15106,"<2 cm",992,1000,0.992
"E3","V3D",15106,"2-4 cm",4,1000,0.004
"E3","V3D",15106,"4-6 cm",0,1000,0
"E3","V3D",15106,"6-8 cm",0,1000,0
"E3","V3D",15106,">8 cm",4,1000,0.004
"E3","V3D",15107,"<2 cm",996,1000,0.996
"E3","V3D",15107,"2-4 cm",0,1000,0
"E3","V3D",15107,"4-6 cm",0,1000,0
"E3","V3D",15107,"6-8 cm",4,1000,0.004
"E3","V3D",15107,">8 cm",0,1000,0
"E3","V3D",15108,"<2 cm",984,1000,0.984
"E3","V3D",15108,"2-4 cm",0,1000,0
"E3","V3D",15108,"4-6 cm",4,1000,0.004
"E3","V3D",15108,"6-8 cm",4,1000,0.004
"E3","V3D",15108,">8 cm",8,1000,0.008
"E3","V3D",15109,"<2 cm",992,1000,0.992
"E3","V3D",15109,"2-4 cm",0,1000,0
"E3","V3D",15109,"4-6 cm",8,1000,0.008
"E3","V3D",15109,"6-8 cm",0,1000,0
"E3","V3D",15109,">8 cm",0,1000,0
"E3","V3D",15110,"<2 cm",996,1000,0.996
"E3","V3D",15110,"2-4 cm",0,1000,0
"E3","V3D",15110,"4-6 cm",0,1000,0
"E3","V3D",15110,"6-8 cm",4,1000,0.004
"E3","V3D",15110,">8 cm",0,1000,0
"E3","V3D",16101,"<2 cm",927,2250,0.412
"E3","V3D",16101,"2-4 cm",63,2250,0.028
"E3","V3D",16101,"4-6 cm",9,2250,0.004
"E3","V3D",16101,"6-8 cm",144,2250,0.064
"E3","V3D",16101,">8 cm",1107,2250,0.492
"E3","V3D",16102,"<2 cm",436,1000,0.436
"E3","V3D",16102,"2-4 cm",40,1000,0.04
"E3","V3D",16102,"4-6 cm",8,1000,0.008
"E3","V3D",16102,"6-8 cm",44,1000,0.044
"E3","V3D",16102,">8 cm",472,1000,0.472
"E3","V3D",16103,"<2 cm",404,1000,0.404
"E3","V3D",16103,"2-4 cm",44,1000,0.044
"E3","V3D",16103,"4-6 cm",12,1000,0.012
"E3","V3D",16103,"6-8 cm",32,1000,0.032
"E3","V3D",16103,">8 cm",508,1000,0.508
"E3","V3D",16104,"<2 cm",432,1000,0.432
"E3","V3D",16104,"2-4 cm",24,1000,0.024
"E3","V3D",16104,"4-6 cm",4,1000,0.004
"E3","V3D",16104,"6-8 cm",56,1000,0.056
"E3","V3D",16104,">8 cm",484,1000,0.484
"E3","V3D",16105,"<2 cm",436,1000,0.436
"E3","V3D",16105,"2-4 cm",64,1000,0.064
"E3","V3D",16105,"4-6 cm",0,1000,0
"E3","V3D",16105,"6-8 cm",44,1000,0.044
"E3","V3D",16105,">8 cm",456,1000,0.456
"E3","V3D",16106,"<2 cm",472,1000,0.472
"E3","V3D",16106,"2-4 cm",52,1000,0.052
"E3","V3D",16106,"4-6 cm",4,1000,0.004
"E3","V3D",16106,"6-8 cm",40,1000,0.04
"E3","V3D",16106,">8 cm",432,1000,0.432
"E3","V3D",16107,"<2 cm",444,1000,0.444
"E3","V3D",16107,"2-4 cm",32,1000,0.032
"E3","V3D",16107,"4-6 cm",4,1000,0.004
"E3","V3D",16107,"6-8 cm",44,1000,0.044
"E3","V3D",16107,">8 cm",476,1000,0.476
"E3","V3D",16108,"<2 cm",432,1000,0.432
"E3","V3D",16108,"2-4 cm",48,1000,0.048
"E3","V3D",16108,"4-6 cm",4,1000,0.004
"E3","V3D",16108,"6-8 cm",44,1000,0.044
"E3","V3D",16108,">8 cm",472,1000,0.472
"E3","V3D",16109,"<2 cm",480,1000,0.48
"E3","V3D",16109,"2-4 cm",60,1000,0.06
"E3","V3D",16109,"4-6 cm",0,1000,0
"E3","V3D",16109,"6-8 cm",40,1000,0.04
"E3","V3D",16109,">8 cm",420,1000,0.42
"E3","V3D",16110,"<2 cm",436,1000,0.436
"E3","V3D",16110,"2-4 cm",56,1000,0.056
"E3","V3D",16110,"4-6 cm",4,1000,0.004
"E3","V3D",16110,"6-8 cm",40,1000,0.04
"E3","V3D",16110,">8 cm",464,1000,0.464
"E3","V3D",17101,"<2 cm",1683,2250,0.748
"E3","V3D",17101,"2-4 cm",18,2250,0.008
"E3","V3D",17101,"4-6 cm",135,2250,0.06
"E3","V3D",17101,"6-8 cm",153,2250,0.068
"E3","V3D",17101,">8 cm",261,2250,0.116
"E3","V3D",17102,"<2 cm",796,1000,0.796
"E3","V3D",17102,"2-4 cm",0,1000,0
"E3","V3D",17102,"4-6 cm",28,1000,0.028
"E3","V3D",17102,"6-8 cm",76,1000,0.076
"E3","V3D",17102,">8 cm",100,1000,0.1
"E3","V3D",17103,"<2 cm",780,1000,0.78
"E3","V3D",17103,"2-4 cm",4,1000,0.004
"E3","V3D",17103,"4-6 cm",48,1000,0.048
"E3","V3D",17103,"6-8 cm",60,1000,0.06
"E3","V3D",17103,">8 cm",108,1000,0.108
"E3","V3D",17104,"<2 cm",828,1000,0.828
"E3","V3D",17104,"2-4 cm",4,1000,0.004
"E3","V3D",17104,"4-6 cm",56,1000,0.056
"E3","V3D",17104,"6-8 cm",52,1000,0.052
"E3","V3D",17104,">8 cm",60,1000,0.06
"E3","V3D",17105,"<2 cm",816,1000,0.816
"E3","V3D",17105,"2-4 cm",12,1000,0.012
"E3","V3D",17105,"4-6 cm",52,1000,0.052
"E3","V3D",17105,"6-8 cm",48,1000,0.048
"E3","V3D",17105,">8 cm",72,1000,0.072
"E3","V3D",17106,"<2 cm",756,1000,0.756
"E3","V3D",17106,"2-4 cm",8,1000,0.008
"E3","V3D",17106,"4-6 cm",80,1000,0.08
"E3","V3D",17106,"6-8 cm",92,1000,0.092
"E3","V3D",17106,">8 cm",64,1000,0.064
"E3","V3D",17107,"<2 cm",780,1000,0.78
"E3","V3D",17107,"2-4 cm",16,1000,0.016
"E3","V3D",17107,"4-6 cm",68,1000,0.068
"E3","V3D",17107,"6-8 cm",68,1000,0.068
"E3","V3D",17107,">8 cm",68,1000,0.068
"E3","V3D",17108,"<2 cm",808,1000,0.808
"E3","V3D",17108,"2-4 cm",8,1000,0.008
"E3","V3D",17108,"4-6 cm",36,1000,0.036
"E3","V3D",17108,"6-8 cm",76,1000,0.076
"E3","V3D",17108,">8 cm",72,1000,0.072
"E3","V3D",17109,"<2 cm",780,1000,0.78
"E3","V3D",17109,"2-4 cm",8,1000,0.008
"E3","V3D",17109,"4-6 cm",68,1000,0.068
"E3","V3D",17109,"6-8 cm",60,1000,0.06
"E3","V3D",17109,">8 cm",84,1000,0.084
"E3","V3D",17110,"<2 cm",748,1000,0.748
"E3","V3D",17110,"2-4 cm",0,1000,0
"E3","V3D",17110,"4-6 cm",56,1000,0.056
"E3","V3D",17110,"6-8 cm",72,1000,0.072
"E3","V3D",17110,">8 cm",124,1000,0.124
"E3","V3D",18101,"<2 cm",2196,2250,0.976
"E3","V3D",18101,"2-4 cm",0,2250,0
"E3","V3D",18101,"4-6 cm",9,2250,0.004
"E3","V3D",18101,"6-8 cm",0,2250,0
"E3","V3D",18101,">8 cm",45,2250,0.02
"E3","V3D",18102,"<2 cm",976,1000,0.976
"E3","V3D",18102,"2-4 cm",0,1000,0
"E3","V3D",18102,"4-6 cm",0,1000,0
"E3","V3D",18102,"6-8 cm",0,1000,0
"E3","V3D",18102,">8 cm",24,1000,0.024
"E3","V3D",18103,"<2 cm",976,1000,0.976
"E3","V3D",18103,"2-4 cm",0,1000,0
"E3","V3D",18103,"4-6 cm",0,1000,0
"E3","V3D",18103,"6-8 cm",0,1000,0
"E3","V3D",18103,">8 cm",24,1000,0.024
"E3","V3D",18104,"<2 cm",976,1000,0.976
"E3","V3D",18104,"2-4 cm",0,1000,0
"E3","V3D",18104,"4-6 cm",0,1000,0
"E3","V3D",18104,"6-8 cm",0,1000,0
"E3","V3D",18104,">8 cm",24,1000,0.024
"E3","V3D",18105,"<2 cm",980,1000,0.98
"E3","V3D",18105,"2-4 cm",0,1000,0
"E3","V3D",18105,"4-6 cm",0,1000,0
"E3","V3D",18105,"6-8 cm",0,1000,0
"E3","V3D",18105,">8 cm",20,1000,0.02
"E3","V3D",18106,"<2 cm",976,1000,0.976
"E3","V3D",18106,"2-4 cm",0,1000,0
"E3","V3D",18106,"4-6 cm",0,1000,0
"E3","V3D",18106,"6-8 cm",0,1000,0
"E3","V3D",18106,">8 cm",24,1000,0.024
"E3","V3D",18107,"<2 cm",976,1000,0.976
"E3","V3D",18107,"2-4 cm",0,1000,0
"E3","V3D",18107,"4-6 cm",4,1000,0.004
"E3","V3D",18107,"6-8 cm",0,1000,0
"E3","V3D",18107,">8 cm",20,1000,0.02
"E3","V3D",18108,"<2 cm",980,1000,0.98
"E3","V3D",18108,"2-4 cm",0,1000,0
"E3","V3D",18108,"4-6 cm",0,1000,0
"E3","V3D",18108,"6-8 cm",0,1000,0
"E3","V3D",18108,">8 cm",20,1000,0.02
"E3","V3D",18109,"<2 cm",976,1000,0.976
"E3","V3D",18109,"2-4 cm",0,1000,0
"E3","V3D",18109,"4-6 cm",0,1000,0
"E3","V3D",18109,"6-8 cm",0,1000,0
"E3","V3D",18109,">8 cm",24,1000,0.024
"E3","V3D",18110,"<2 cm",976,1000,0.976
"E3","V3D",18110,"2-4 cm",0,1000,0
"E3","V3D",18110,"4-6 cm",4,1000,0.004
"E3","V3D",18110,"6-8 cm",0,1000,0
"E3","V3D",18110,">8 cm",20,1000,0.02
"E3","V3D",19101,"<2 cm",2079,2250,0.924
"E3","V3D",19101,"2-4 cm",0,2250,0
"E3","V3D",19101,"4-6 cm",0,2250,0
"E3","V3D",19101,"6-8 cm",0,2250,0
"E3","V3D",19101,">8 cm",171,2250,0.076
"E3","V3D",19102,"<2 cm",924,1000,0.924
"E3","V3D",19102,"2-4 cm",0,1000,0
"E3","V3D",19102,"4-6 cm",0,1000,0
"E3","V3D",19102,"6-8 cm",0,1000,0
"E3","V3D",19102,">8 cm",76,1000,0.076
"E3","V3D",19103,"<2 cm",924,1000,0.924
"E3","V3D",19103,"2-4 cm",0,1000,0
"E3","V3D",19103,"4-6 cm",0,1000,0
"E3","V3D",19103,"6-8 cm",0,1000,0
"E3","V3D",19103,">8 cm",76,1000,0.076
"E3","V3D",19104,"<2 cm",916,1000,0.916
"E3","V3D",19104,"2-4 cm",4,1000,0.004
"E3","V3D",19104,"4-6 cm",0,1000,0
"E3","V3D",19104,"6-8 cm",0,1000,0
"E3","V3D",19104,">8 cm",80,1000,0.08
"E3","V3D",19105,"<2 cm",928,1000,0.928
"E3","V3D",19105,"2-4 cm",0,1000,0
"E3","V3D",19105,"4-6 cm",0,1000,0
"E3","V3D",19105,"6-8 cm",0,1000,0
"E3","V3D",19105,">8 cm",72,1000,0.072
"E3","V3D",19106,"<2 cm",924,1000,0.924
"E3","V3D",19106,"2-4 cm",0,1000,0
"E3","V3D",19106,"4-6 cm",0,1000,0
"E3","V3D",19106,"6-8 cm",0,1000,0
"E3","V3D",19106,">8 cm",76,1000,0.076
"E3","V3D",19107,"<2 cm",920,1000,0.92
"E3","V3D",19107,"2-4 cm",0,1000,0
"E3","V3D",19107,"4-6 cm",0,1000,0
"E3","V3D",19107,"6-8 cm",0,1000,0
"E3","V3D",19107,">8 cm",80,1000,0.08
"E3","V3D",19108,"<2 cm",920,1000,0.92
"E3","V3D",19108,"2-4 cm",0,1000,0
"E3","V3D",19108,"4-6 cm",0,1000,0
"E3","V3D",19108,"6-8 cm",0,1000,0
"E3","V3D",19108,">8 cm",80,1000,0.08
"E3","V3D",19109,"<2 cm",920,1000,0.92
"E3","V3D",19109,"2-4 cm",0,1000,0
"E3","V3D",19109,"4-6 cm",0,1000,0
"E3","V3D",19109,"6-8 cm",0,1000,0
"E3","V3D",19109,">8 cm",80,1000,0.08
"E3","V3D",19110,"<2 cm",920,1000,0.92
"E3","V3D",19110,"2-4 cm",0,1000,0
"E3","V3D",19110,"4-6 cm",0,1000,0
"E3","V3D",19110,"6-8 cm",0,1000,0
"E3","V3D",19110,">8 cm",80,1000,0.08
"E3","V3D",20101,"<2 cm",1926,2250,0.856
"E3","V3D",20101,"2-4 cm",0,2250,0
"E3","V3D",20101,"4-6 cm",0,2250,0
"E3","V3D",20101,"6-8 cm",0,2250,0
"E3","V3D",20101,">8 cm",324,2250,0.144
"E3","V3D",20102,"<2 cm",844,1000,0.844
"E3","V3D",20102,"2-4 cm",0,1000,0
"E3","V3D",20102,"4-6 cm",0,1000,0
"E3","V3D",20102,"6-8 cm",4,1000,0.004
"E3","V3D",20102,">8 cm",152,1000,0.152
"E3","V3D",20103,"<2 cm",852,1000,0.852
"E3","V3D",20103,"2-4 cm",0,1000,0
"E3","V3D",20103,"4-6 cm",0,1000,0
"E3","V3D",20103,"6-8 cm",0,1000,0
"E3","V3D",20103,">8 cm",148,1000,0.148
"E3","V3D",20104,"<2 cm",848,1000,0.848
"E3","V3D",20104,"2-4 cm",0,1000,0
"E3","V3D",20104,"4-6 cm",0,1000,0
"E3","V3D",20104,"6-8 cm",4,1000,0.004
"E3","V3D",20104,">8 cm",148,1000,0.148
"E3","V3D",20105,"<2 cm",856,1000,0.856
"E3","V3D",20105,"2-4 cm",0,1000,0
"E3","V3D",20105,"4-6 cm",0,1000,0
"E3","V3D",20105,"6-8 cm",0,1000,0
"E3","V3D",20105,">8 cm",144,1000,0.144
"E3","V3D",20106,"<2 cm",852,1000,0.852
"E3","V3D",20106,"2-4 cm",0,1000,0
"E3","V3D",20106,"4-6 cm",0,1000,0
"E3","V3D",20106,"6-8 cm",0,1000,0
"E3","V3D",20106,">8 cm",148,1000,0.148
"E3","V3D",20107,"<2 cm",852,1000,0.852
"E3","V3D",20107,"2-4 cm",0,1000,0
"E3","V3D",20107,"4-6 cm",0,1000,0
"E3","V3D",20107,"6-8 cm",0,1000,0
"E3","V3D",20107,">8 cm",148,1000,0.148
"E3","V3D",20108,"<2 cm",832,1000,0.832
"E3","V3D",20108,"2-4 cm",0,1000,0
"E3","V3D",20108,"4-6 cm",0,1000,0
"E3","V3D",20108,"6-8 cm",4,1000,0.004
"E3","V3D",20108,">8 cm",164,1000,0.164
"E3","V3D",20109,"<2 cm",848,1000,0.848
"E3","V3D",20109,"2-4 cm",0,1000,0
"E3","V3D",20109,"4-6 cm",0,1000,0
"E3","V3D",20109,"6-8 cm",0,1000,0
"E3","V3D",20109,">8 cm",152,1000,0.152
"E3","V3D",20110,"<2 cm",852,1000,0.852
"E3","V3D",20110,"2-4 cm",0,1000,0
"E3","V3D",20110,"4-6 cm",0,1000,0
"E3","V3D",20110,"6-8 cm",0,1000,0
"E3","V3D",20110,">8 cm",148,1000,0.148
"E3","V3D",21101,"<2 cm",45,2250,0.02
"E3","V3D",21101,"2-4 cm",0,2250,0
"E3","V3D",21101,"4-6 cm",0,2250,0
"E3","V3D",21101,"6-8 cm",0,2250,0
"E3","V3D",21101,">8 cm",2205,2250,0.98
"E3","V3D",21102,"<2 cm",16,1000,0.016
"E3","V3D",21102,"2-4 cm",0,1000,0
"E3","V3D",21102,"4-6 cm",0,1000,0
"E3","V3D",21102,"6-8 cm",8,1000,0.008
"E3","V3D",21102,">8 cm",976,1000,0.976
"E3","V3D",21103,"<2 cm",20,1000,0.02
"E3","V3D",21103,"2-4 cm",0,1000,0
"E3","V3D",21103,"4-6 cm",0,1000,0
"E3","V3D",21103,"6-8 cm",0,1000,0
"E3","V3D",21103,">8 cm",980,1000,0.98
"E3","V3D",21104,"<2 cm",20,1000,0.02
"E3","V3D",21104,"2-4 cm",0,1000,0
"E3","V3D",21104,"4-6 cm",0,1000,0
"E3","V3D",21104,"6-8 cm",0,1000,0
"E3","V3D",21104,">8 cm",980,1000,0.98
"E3","V3D",21105,"<2 cm",20,1000,0.02
"E3","V3D",21105,"2-4 cm",0,1000,0
"E3","V3D",21105,"4-6 cm",0,1000,0
"E3","V3D",21105,"6-8 cm",0,1000,0
"E3","V3D",21105,">8 cm",980,1000,0.98
"E3","V3D",21106,"<2 cm",24,1000,0.024
"E3","V3D",21106,"2-4 cm",0,1000,0
"E3","V3D",21106,"4-6 cm",4,1000,0.004
"E3","V3D",21106,"6-8 cm",0,1000,0
"E3","V3D",21106,">8 cm",972,1000,0.972
"E3","V3D",21107,"<2 cm",20,1000,0.02
"E3","V3D",21107,"2-4 cm",0,1000,0
"E3","V3D",21107,"4-6 cm",0,1000,0
"E3","V3D",21107,"6-8 cm",4,1000,0.004
"E3","V3D",21107,">8 cm",976,1000,0.976
"E3","V3D",21108,"<2 cm",16,1000,0.016
"E3","V3D",21108,"2-4 cm",0,1000,0
"E3","V3D",21108,"4-6 cm",0,1000,0
"E3","V3D",21108,"6-8 cm",8,1000,0.008
"E3","V3D",21108,">8 cm",976,1000,0.976
"E3","V3D",21109,"<2 cm",16,1000,0.016
"E3","V3D",21109,"2-4 cm",0,1000,0
"E3","V3D",21109,"4-6 cm",0,1000,0
"E3","V3D",21109,"6-8 cm",4,1000,0.004
"E3","V3D",21109,">8 cm",980,1000,0.98
"E3","V3D",21110,"<2 cm",24,1000,0.024
"E3","V3D",21110,"2-4 cm",0,1000,0
"E3","V3D",21110,"4-6 cm",0,1000,0
"E3","V3D",21110,"6-8 cm",4,1000,0.004
"E3","V3D",21110,">8 cm",972,1000,0.972
"E3","V3D",22101,"<2 cm",2187,2250,0.972
"E3","V3D",22101,"2-4 cm",0,2250,0
"E3","V3D",22101,"4-6 cm",0,2250,0
"E3","V3D",22101,"6-8 cm",0,2250,0
"E3","V3D",22101,">8 cm",63,2250,0.028
"E3","V3D",22102,"<2 cm",984,1000,0.984
"E3","V3D",22102,"2-4 cm",0,1000,0
"E3","V3D",22102,"4-6 cm",0,1000,0
"E3","V3D",22102,"6-8 cm",4,1000,0.004
"E3","V3D",22102,">8 cm",12,1000,0.012
"E3","V3D",22103,"<2 cm",984,1000,0.984
"E3","V3D",22103,"2-4 cm",0,1000,0
"E3","V3D",22103,"4-6 cm",0,1000,0
"E3","V3D",22103,"6-8 cm",0,1000,0
"E3","V3D",22103,">8 cm",16,1000,0.016
"E3","V3D",22104,"<2 cm",984,1000,0.984
"E3","V3D",22104,"2-4 cm",0,1000,0
"E3","V3D",22104,"4-6 cm",0,1000,0
"E3","V3D",22104,"6-8 cm",0,1000,0
"E3","V3D",22104,">8 cm",16,1000,0.016
"E3","V3D",22105,"<2 cm",980,1000,0.98
"E3","V3D",22105,"2-4 cm",0,1000,0
"E3","V3D",22105,"4-6 cm",4,1000,0.004
"E3","V3D",22105,"6-8 cm",0,1000,0
"E3","V3D",22105,">8 cm",16,1000,0.016
"E3","V3D",22106,"<2 cm",980,1000,0.98
"E3","V3D",22106,"2-4 cm",4,1000,0.004
"E3","V3D",22106,"4-6 cm",0,1000,0
"E3","V3D",22106,"6-8 cm",0,1000,0
"E3","V3D",22106,">8 cm",16,1000,0.016
"E3","V3D",22107,"<2 cm",976,1000,0.976
"E3","V3D",22107,"2-4 cm",0,1000,0
"E3","V3D",22107,"4-6 cm",0,1000,0
"E3","V3D",22107,"6-8 cm",0,1000,0
"E3","V3D",22107,">8 cm",24,1000,0.024
"E3","V3D",22108,"<2 cm",980,1000,0.98
"E3","V3D",22108,"2-4 cm",0,1000,0
"E3","V3D",22108,"4-6 cm",0,1000,0
"E3","V3D",22108,"6-8 cm",0,1000,0
"E3","V3D",22108,">8 cm",20,1000,0.02
"E3","V3D",22109,"<2 cm",980,1000,0.98
"E3","V3D",22109,"2-4 cm",0,1000,0
"E3","V3D",22109,"4-6 cm",0,1000,0
"E3","V3D",22109,"6-8 cm",0,1000,0
"E3","V3D",22109,">8 cm",20,1000,0.02
"E3","V3D",22110,"<2 cm",984,1000,0.984
"E3","V3D",22110,"2-4 cm",0,1000,0
"E3","V3D",22110,"4-6 cm",4,1000,0.004
"E3","V3D",22110,"6-8 cm",0,1000,0
"E3","V3D",22110,">8 cm",12,1000,0.012
"E3","V3D",23101,"<2 cm",63,2250,0.028
"E3","V3D",23101,"2-4 cm",0,2250,0
"E3","V3D",23101,"4-6 cm",0,2250,0
"E3","V3D",23101,"6-8 cm",0,2250,0
"E3","V3D",23101,">8 cm",2187,2250,0.972
"E3","V3D",23102,"<2 cm",32,1000,0.032
"E3","V3D",23102,"2-4 cm",0,1000,0
"E3","V3D",23102,"4-6 cm",0,1000,0
"E3","V3D",23102,"6-8 cm",0,1000,0
"E3","V3D",23102,">8 cm",968,1000,0.968
"E3","V3D",23103,"<2 cm",24,1000,0.024
"E3","V3D",23103,"2-4 cm",0,1000,0
"E3","V3D",23103,"4-6 cm",0,1000,0
"E3","V3D",23103,"6-8 cm",0,1000,0
"E3","V3D",23103,">8 cm",976,1000,0.976
"E3","V3D",23104,"<2 cm",28,1000,0.028
"E3","V3D",23104,"2-4 cm",0,1000,0
"E3","V3D",23104,"4-6 cm",0,1000,0
"E3","V3D",23104,"6-8 cm",0,1000,0
"E3","V3D",23104,">8 cm",972,1000,0.972
"E3","V3D",23105,"<2 cm",28,1000,0.028
"E3","V3D",23105,"2-4 cm",0,1000,0
"E3","V3D",23105,"4-6 cm",0,1000,0
"E3","V3D",23105,"6-8 cm",0,1000,0
"E3","V3D",23105,">8 cm",972,1000,0.972
"E3","V3D",23106,"<2 cm",32,1000,0.032
"E3","V3D",23106,"2-4 cm",0,1000,0
"E3","V3D",23106,"4-6 cm",0,1000,0
"E3","V3D",23106,"6-8 cm",0,1000,0
"E3","V3D",23106,">8 cm",968,1000,0.968
"E3","V3D",23107,"<2 cm",28,1000,0.028
"E3","V3D",23107,"2-4 cm",0,1000,0
"E3","V3D",23107,"4-6 cm",0,1000,0
"E3","V3D",23107,"6-8 cm",0,1000,0
"E3","V3D",23107,">8 cm",972,1000,0.972
"E3","V3D",23108,"<2 cm",28,1000,0.028
"E3","V3D",23108,"2-4 cm",0,1000,0
"E3","V3D",23108,"4-6 cm",0,1000,0
"E3","V3D",23108,"6-8 cm",4,1000,0.004
"E3","V3D",23108,">8 cm",968,1000,0.968
"E3","V3D",23109,"<2 cm",32,1000,0.032
"E3","V3D",23109,"2-4 cm",0,1000,0
"E3","V3D",23109,"4-6 cm",0,1000,0
"E3","V3D",23109,"6-8 cm",0,1000,0
"E3","V3D",23109,">8 cm",968,1000,0.968
"E3","V3D",23110,"<2 cm",32,1000,0.032
"E3","V3D",23110,"2-4 cm",0,1000,0
"E3","V3D",23110,"4-6 cm",0,1000,0
"E3","V3D",23110,"6-8 cm",0,1000,0
"E3","V3D",23110,">8 cm",968,1000,0.968
"E3","V3D",24101,"<2 cm",2232,2250,0.992
"E3","V3D",24101,"2-4 cm",0,2250,0
"E3","V3D",24101,"4-6 cm",0,2250,0
"E3","V3D",24101,"6-8 cm",0,2250,0
"E3","V3D",24101,">8 cm",18,2250,0.008
"E3","V3D",24102,"<2 cm",988,1000,0.988
"E3","V3D",24102,"2-4 cm",0,1000,0
"E3","V3D",24102,"4-6 cm",0,1000,0
"E3","V3D",24102,"6-8 cm",0,1000,0
"E3","V3D",24102,">8 cm",12,1000,0.012
"E3","V3D",24103,"<2 cm",992,1000,0.992
"E3","V3D",24103,"2-4 cm",0,1000,0
"E3","V3D",24103,"4-6 cm",0,1000,0
"E3","V3D",24103,"6-8 cm",0,1000,0
"E3","V3D",24103,">8 cm",8,1000,0.008
"E3","V3D",24104,"<2 cm",996,1000,0.996
"E3","V3D",24104,"2-4 cm",0,1000,0
"E3","V3D",24104,"4-6 cm",0,1000,0
"E3","V3D",24104,"6-8 cm",0,1000,0
"E3","V3D",24104,">8 cm",4,1000,0.004
"E3","V3D",24105,"<2 cm",992,1000,0.992
"E3","V3D",24105,"2-4 cm",0,1000,0
"E3","V3D",24105,"4-6 cm",0,1000,0
"E3","V3D",24105,"6-8 cm",0,1000,0
"E3","V3D",24105,">8 cm",8,1000,0.008
"E3","V3D",24106,"<2 cm",992,1000,0.992
"E3","V3D",24106,"2-4 cm",0,1000,0
"E3","V3D",24106,"4-6 cm",0,1000,0
"E3","V3D",24106,"6-8 cm",0,1000,0
"E3","V3D",24106,">8 cm",8,1000,0.008
"E3","V3D",24107,"<2 cm",992,1000,0.992
"E3","V3D",24107,"2-4 cm",0,1000,0
"E3","V3D",24107,"4-6 cm",0,1000,0
"E3","V3D",24107,"6-8 cm",0,1000,0
"E3","V3D",24107,">8 cm",8,1000,0.008
"E3","V3D",24108,"<2 cm",976,1000,0.976
"E3","V3D",24108,"2-4 cm",0,1000,0
"E3","V3D",24108,"4-6 cm",0,1000,0
"E3","V3D",24108,"6-8 cm",0,1000,0
"E3","V3D",24108,">8 cm",24,1000,0.024
"E3","V3D",24109,"<2 cm",984,1000,0.984
"E3","V3D",24109,"2-4 cm",0,1000,0
"E3","V3D",24109,"4-6 cm",0,1000,0
"E3","V3D",24109,"6-8 cm",0,1000,0
"E3","V3D",24109,">8 cm",16,1000,0.016
"E3","V3D",24110,"<2 cm",988,1000,0.988
"E3","V3D",24110,"2-4 cm",0,1000,0
"E3","V3D",24110,"4-6 cm",0,1000,0
"E3","V3D",24110,"6-8 cm",0,1000,0
"E3","V3D",24110,">8 cm",12,1000,0.012
"E3","V3D",25101,"<2 cm",72,2250,0.032
"E3","V3D",25101,"2-4 cm",0,2250,0
"E3","V3D",25101,"4-6 cm",0,2250,0
"E3","V3D",25101,"6-8 cm",9,2250,0.004
"E3","V3D",25101,">8 cm",2169,2250,0.964
"E3","V3D",25102,"<2 cm",32,1000,0.032
"E3","V3D",25102,"2-4 cm",0,1000,0
"E3","V3D",25102,"4-6 cm",0,1000,0
"E3","V3D",25102,"6-8 cm",0,1000,0
"E3","V3D",25102,">8 cm",968,1000,0.968
"E3","V3D",25103,"<2 cm",28,1000,0.028
"E3","V3D",25103,"2-4 cm",0,1000,0
"E3","V3D",25103,"4-6 cm",0,1000,0
"E3","V3D",25103,"6-8 cm",4,1000,0.004
"E3","V3D",25103,">8 cm",968,1000,0.968
"E3","V3D",25104,"<2 cm",28,1000,0.028
"E3","V3D",25104,"2-4 cm",0,1000,0
"E3","V3D",25104,"4-6 cm",0,1000,0
"E3","V3D",25104,"6-8 cm",8,1000,0.008
"E3","V3D",25104,">8 cm",964,1000,0.964
"E3","V3D",25105,"<2 cm",28,1000,0.028
"E3","V3D",25105,"2-4 cm",0,1000,0
"E3","V3D",25105,"4-6 cm",0,1000,0
"E3","V3D",25105,"6-8 cm",0,1000,0
"E3","V3D",25105,">8 cm",972,1000,0.972
"E3","V3D",25106,"<2 cm",28,1000,0.028
"E3","V3D",25106,"2-4 cm",0,1000,0
"E3","V3D",25106,"4-6 cm",0,1000,0
"E3","V3D",25106,"6-8 cm",8,1000,0.008
"E3","V3D",25106,">8 cm",964,1000,0.964
"E3","V3D",25107,"<2 cm",32,1000,0.032
"E3","V3D",25107,"2-4 cm",0,1000,0
"E3","V3D",25107,"4-6 cm",0,1000,0
"E3","V3D",25107,"6-8 cm",0,1000,0
"E3","V3D",25107,">8 cm",968,1000,0.968
"E3","V3D",25108,"<2 cm",28,1000,0.028
"E3","V3D",25108,"2-4 cm",4,1000,0.004
"E3","V3D",25108,"4-6 cm",0,1000,0
"E3","V3D",25108,"6-8 cm",4,1000,0.004
"E3","V3D",25108,">8 cm",964,1000,0.964
"E3","V3D",25109,"<2 cm",28,1000,0.028
"E3","V3D",25109,"2-4 cm",4,1000,0.004
"E3","V3D",25109,"4-6 cm",0,1000,0
"E3","V3D",25109,"6-8 cm",8,1000,0.008
"E3","V3D",25109,">8 cm",960,1000,0.96
"E3","V3D",25110,"<2 cm",28,1000,0.028
"E3","V3D",25110,"2-4 cm",0,1000,0
"E3","V3D",25110,"4-6 cm",0,1000,0
"E3","V3D",25110,"6-8 cm",0,1000,0
"E3","V3D",25110,">8 cm",972,1000,0.972
"E3","V3D",26101,"<2 cm",720,2250,0.32
"E3","V3D",26101,"2-4 cm",558,2250,0.248
"E3","V3D",26101,"4-6 cm",423,2250,0.188
"E3","V3D",26101,"6-8 cm",333,2250,0.148
"E3","V3D",26101,">8 cm",216,2250,0.096
"E3","V3D",26102,"<2 cm",316,1000,0.316
"E3","V3D",26102,"2-4 cm",268,1000,0.268
"E3","V3D",26102,"4-6 cm",128,1000,0.128
"E3","V3D",26102,"6-8 cm",164,1000,0.164
"E3","V3D",26102,">8 cm",124,1000,0.124
"E3","V3D",26103,"<2 cm",312,1000,0.312
"E3","V3D",26103,"2-4 cm",292,1000,0.292
"E3","V3D",26103,"4-6 cm",156,1000,0.156
"E3","V3D",26103,"6-8 cm",140,1000,0.14
"E3","V3D",26103,">8 cm",100,1000,0.1
"E3","V3D",26104,"<2 cm",356,1000,0.356
"E3","V3D",26104,"2-4 cm",224,1000,0.224
"E3","V3D",26104,"4-6 cm",160,1000,0.16
"E3","V3D",26104,"6-8 cm",148,1000,0.148
"E3","V3D",26104,">8 cm",112,1000,0.112
"E3","V3D",26105,"<2 cm",336,1000,0.336
"E3","V3D",26105,"2-4 cm",244,1000,0.244
"E3","V3D",26105,"4-6 cm",132,1000,0.132
"E3","V3D",26105,"6-8 cm",176,1000,0.176
"E3","V3D",26105,">8 cm",112,1000,0.112
"E3","V3D",26106,"<2 cm",364,1000,0.364
"E3","V3D",26106,"2-4 cm",184,1000,0.184
"E3","V3D",26106,"4-6 cm",184,1000,0.184
"E3","V3D",26106,"6-8 cm",172,1000,0.172
"E3","V3D",26106,">8 cm",96,1000,0.096
"E3","V3D",26107,"<2 cm",284,1000,0.284
"E3","V3D",26107,"2-4 cm",252,1000,0.252
"E3","V3D",26107,"4-6 cm",140,1000,0.14
"E3","V3D",26107,"6-8 cm",188,1000,0.188
"E3","V3D",26107,">8 cm",136,1000,0.136
"E3","V3D",26108,"<2 cm",332,1000,0.332
"E3","V3D",26108,"2-4 cm",264,1000,0.264
"E3","V3D",26108,"4-6 cm",152,1000,0.152
"E3","V3D",26108,"6-8 cm",168,1000,0.168
"E3","V3D",26108,">8 cm",84,1000,0.084
"E3","V3D",26109,"<2 cm",276,1000,0.276
"E3","V3D",26109,"2-4 cm",264,1000,0.264
"E3","V3D",26109,"4-6 cm",180,1000,0.18
"E3","V3D",26109,"6-8 cm",156,1000,0.156
"E3","V3D",26109,">8 cm",124,1000,0.124
"E3","V3D",26110,"<2 cm",300,1000,0.3
"E3","V3D",26110,"2-4 cm",248,1000,0.248
"E3","V3D",26110,"4-6 cm",168,1000,0.168
"E3","V3D",26110,"6-8 cm",184,1000,0.184
"E3","V3D",26110,">8 cm",100,1000,0.1
"E3","V3D",27101,"<2 cm",540,2250,0.24
"E3","V3D",27101,"2-4 cm",0,2250,0
"E3","V3D",27101,"4-6 cm",9,2250,0.004
"E3","V3D",27101,"6-8 cm",9,2250,0.004
"E3","V3D",27101,">8 cm",1692,2250,0.752
"E3","V3D",27102,"<2 cm",268,1000,0.268
"E3","V3D",27102,"2-4 cm",0,1000,0
"E3","V3D",27102,"4-6 cm",0,1000,0
"E3","V3D",27102,"6-8 cm",4,1000,0.004
"E3","V3D",27102,">8 cm",728,1000,0.728
"E3","V3D",27103,"<2 cm",240,1000,0.24
"E3","V3D",27103,"2-4 cm",0,1000,0
"E3","V3D",27103,"4-6 cm",0,1000,0
"E3","V3D",27103,"6-8 cm",12,1000,0.012
"E3","V3D",27103,">8 cm",748,1000,0.748
"E3","V3D",27104,"<2 cm",268,1000,0.268
"E3","V3D",27104,"2-4 cm",0,1000,0
"E3","V3D",27104,"4-6 cm",4,1000,0.004
"E3","V3D",27104,"6-8 cm",0,1000,0
"E3","V3D",27104,">8 cm",728,1000,0.728
"E3","V3D",27105,"<2 cm",268,1000,0.268
"E3","V3D",27105,"2-4 cm",0,1000,0
"E3","V3D",27105,"4-6 cm",0,1000,0
"E3","V3D",27105,"6-8 cm",16,1000,0.016
"E3","V3D",27105,">8 cm",716,1000,0.716
"E3","V3D",27106,"<2 cm",256,1000,0.256
"E3","V3D",27106,"2-4 cm",4,1000,0.004
"E3","V3D",27106,"4-6 cm",0,1000,0
"E3","V3D",27106,"6-8 cm",8,1000,0.008
"E3","V3D",27106,">8 cm",732,1000,0.732
"E3","V3D",27107,"<2 cm",224,1000,0.224
"E3","V3D",27107,"2-4 cm",0,1000,0
"E3","V3D",27107,"4-6 cm",0,1000,0
"E3","V3D",27107,"6-8 cm",4,1000,0.004
"E3","V3D",27107,">8 cm",772,1000,0.772
"E3","V3D",27108,"<2 cm",252,1000,0.252
"E3","V3D",27108,"2-4 cm",0,1000,0
"E3","V3D",27108,"4-6 cm",4,1000,0.004
"E3","V3D",27108,"6-8 cm",4,1000,0.004
"E3","V3D",27108,">8 cm",740,1000,0.74
"E3","V3D",27109,"<2 cm",280,1000,0.28
"E3","V3D",27109,"2-4 cm",0,1000,0
"E3","V3D",27109,"4-6 cm",4,1000,0.004
"E3","V3D",27109,"6-8 cm",0,1000,0
"E3","V3D",27109,">8 cm",716,1000,0.716
"E3","V3D",27110,"<2 cm",244,1000,0.244
"E3","V3D",27110,"2-4 cm",4,1000,0.004
"E3","V3D",27110,"4-6 cm",0,1000,0
"E3","V3D",27110,"6-8 cm",0,1000,0
"E3","V3D",27110,">8 cm",752,1000,0.752
"E3","V3D",28101,"<2 cm",1728,2250,0.768
"E3","V3D",28101,"2-4 cm",198,2250,0.088
"E3","V3D",28101,"4-6 cm",18,2250,0.008
"E3","V3D",28101,"6-8 cm",180,2250,0.08
"E3","V3D",28101,">8 cm",126,2250,0.056
"E3","V3D",28102,"<2 cm",732,1000,0.732
"E3","V3D",28102,"2-4 cm",68,1000,0.068
"E3","V3D",28102,"4-6 cm",16,1000,0.016
"E3","V3D",28102,"6-8 cm",80,1000,0.08
"E3","V3D",28102,">8 cm",104,1000,0.104
"E3","V3D",28103,"<2 cm",768,1000,0.768
"E3","V3D",28103,"2-4 cm",80,1000,0.08
"E3","V3D",28103,"4-6 cm",8,1000,0.008
"E3","V3D",28103,"6-8 cm",56,1000,0.056
"E3","V3D",28103,">8 cm",88,1000,0.088
"E3","V3D",28104,"<2 cm",740,1000,0.74
"E3","V3D",28104,"2-4 cm",128,1000,0.128
"E3","V3D",28104,"4-6 cm",8,1000,0.008
"E3","V3D",28104,"6-8 cm",60,1000,0.06
"E3","V3D",28104,">8 cm",64,1000,0.064
"E3","V3D",28105,"<2 cm",732,1000,0.732
"E3","V3D",28105,"2-4 cm",92,1000,0.092
"E3","V3D",28105,"4-6 cm",20,1000,0.02
"E3","V3D",28105,"6-8 cm",80,1000,0.08
"E3","V3D",28105,">8 cm",76,1000,0.076
"E3","V3D",28106,"<2 cm",792,1000,0.792
"E3","V3D",28106,"2-4 cm",100,1000,0.1
"E3","V3D",28106,"4-6 cm",4,1000,0.004
"E3","V3D",28106,"6-8 cm",64,1000,0.064
"E3","V3D",28106,">8 cm",40,1000,0.04
"E3","V3D",28107,"<2 cm",808,1000,0.808
"E3","V3D",28107,"2-4 cm",60,1000,0.06
"E3","V3D",28107,"4-6 cm",4,1000,0.004
"E3","V3D",28107,"6-8 cm",64,1000,0.064
"E3","V3D",28107,">8 cm",64,1000,0.064
"E3","V3D",28108,"<2 cm",804,1000,0.804
"E3","V3D",28108,"2-4 cm",76,1000,0.076
"E3","V3D",28108,"4-6 cm",4,1000,0.004
"E3","V3D",28108,"6-8 cm",72,1000,0.072
"E3","V3D",28108,">8 cm",44,1000,0.044
"E3","V3D",28109,"<2 cm",788,1000,0.788
"E3","V3D",28109,"2-4 cm",92,1000,0.092
"E3","V3D",28109,"4-6 cm",8,1000,0.008
"E3","V3D",28109,"6-8 cm",52,1000,0.052
"E3","V3D",28109,">8 cm",60,1000,0.06
"E3","V3D",28110,"<2 cm",736,1000,0.736
"E3","V3D",28110,"2-4 cm",104,1000,0.104
"E3","V3D",28110,"4-6 cm",4,1000,0.004
"E3","V3D",28110,"6-8 cm",88,1000,0.088
"E3","V3D",28110,">8 cm",68,1000,0.068
"E3","V3D",29101,"<2 cm",180,2250,0.08
"E3","V3D",29101,"2-4 cm",27,2250,0.012
"E3","V3D",29101,"4-6 cm",0,2250,0
"E3","V3D",29101,"6-8 cm",45,2250,0.02
"E3","V3D",29101,">8 cm",1998,2250,0.888
"E3","V3D",29102,"<2 cm",64,1000,0.064
"E3","V3D",29102,"2-4 cm",16,1000,0.016
"E3","V3D",29102,"4-6 cm",4,1000,0.004
"E3","V3D",29102,"6-8 cm",36,1000,0.036
"E3","V3D",29102,">8 cm",880,1000,0.88
"E3","V3D",29103,"<2 cm",76,1000,0.076
"E3","V3D",29103,"2-4 cm",8,1000,0.008
"E3","V3D",29103,"4-6 cm",16,1000,0.016
"E3","V3D",29103,"6-8 cm",8,1000,0.008
"E3","V3D",29103,">8 cm",892,1000,0.892
"E3","V3D",29104,"<2 cm",84,1000,0.084
"E3","V3D",29104,"2-4 cm",20,1000,0.02
"E3","V3D",29104,"4-6 cm",4,1000,0.004
"E3","V3D",29104,"6-8 cm",8,1000,0.008
"E3","V3D",29104,">8 cm",884,1000,0.884
"E3","V3D",29105,"<2 cm",68,1000,0.068
"E3","V3D",29105,"2-4 cm",8,1000,0.008
"E3","V3D",29105,"4-6 cm",0,1000,0
"E3","V3D",29105,"6-8 cm",36,1000,0.036
"E3","V3D",29105,">8 cm",888,1000,0.888
"E3","V3D",29106,"<2 cm",68,1000,0.068
"E3","V3D",29106,"2-4 cm",28,1000,0.028
"E3","V3D",29106,"4-6 cm",0,1000,0
"E3","V3D",29106,"6-8 cm",16,1000,0.016
"E3","V3D",29106,">8 cm",888,1000,0.888
"E3","V3D",29107,"<2 cm",80,1000,0.08
"E3","V3D",29107,"2-4 cm",24,1000,0.024
"E3","V3D",29107,"4-6 cm",0,1000,0
"E3","V3D",29107,"6-8 cm",8,1000,0.008
"E3","V3D",29107,">8 cm",888,1000,0.888
"E3","V3D",29108,"<2 cm",64,1000,0.064
"E3","V3D",29108,"2-4 cm",24,1000,0.024
"E3","V3D",29108,"4-6 cm",4,1000,0.004
"E3","V3D",29108,"6-8 cm",28,1000,0.028
"E3","V3D",29108,">8 cm",880,1000,0.88
"E3","V3D",29109,"<2 cm",64,1000,0.064
"E3","V3D",29109,"2-4 cm",0,1000,0
"E3","V3D",29109,"4-6 cm",8,1000,0.008
"E3","V3D",29109,"6-8 cm",24,1000,0.024
"E3","V3D",29109,">8 cm",904,1000,0.904
"E3","V3D",29110,"<2 cm",80,1000,0.08
"E3","V3D",29110,"2-4 cm",16,1000,0.016
"E3","V3D",29110,"4-6 cm",4,1000,0.004
"E3","V3D",29110,"6-8 cm",8,1000,0.008
"E3","V3D",29110,">8 cm",892,1000,0.892
"E3","V3D",30101,"<2 cm",2223,2250,0.988
"E3","V3D",30101,"2-4 cm",18,2250,0.008
"E3","V3D",30101,"4-6 cm",0,2250,0
"E3","V3D",30101,"6-8 cm",0,2250,0
"E3","V3D",30101,">8 cm",9,2250,0.004
"E3","V3D",30102,"<2 cm",972,1000,0.972
"E3","V3D",30102,"2-4 cm",4,1000,0.004
"E3","V3D",30102,"4-6 cm",4,1000,0.004
"E3","V3D",30102,"6-8 cm",4,1000,0.004
"E3","V3D",30102,">8 cm",16,1000,0.016
"E3","V3D",30103,"<2 cm",976,1000,0.976
"E3","V3D",30103,"2-4 cm",12,1000,0.012
"E3","V3D",30103,"4-6 cm",0,1000,0
"E3","V3D",30103,"6-8 cm",4,1000,0.004
"E3","V3D",30103,">8 cm",8,1000,0.008
"E3","V3D",30104,"<2 cm",960,1000,0.96
"E3","V3D",30104,"2-4 cm",8,1000,0.008
"E3","V3D",30104,"4-6 cm",8,1000,0.008
"E3","V3D",30104,"6-8 cm",0,1000,0
"E3","V3D",30104,">8 cm",24,1000,0.024
"E3","V3D",30105,"<2 cm",972,1000,0.972
"E3","V3D",30105,"2-4 cm",12,1000,0.012
"E3","V3D",30105,"4-6 cm",0,1000,0
"E3","V3D",30105,"6-8 cm",0,1000,0
"E3","V3D",30105,">8 cm",16,1000,0.016
"E3","V3D",30106,"<2 cm",980,1000,0.98
"E3","V3D",30106,"2-4 cm",8,1000,0.008
"E3","V3D",30106,"4-6 cm",0,1000,0
"E3","V3D",30106,"6-8 cm",0,1000,0
"E3","V3D",30106,">8 cm",12,1000,0.012
"E3","V3D",30107,"<2 cm",972,1000,0.972
"E3","V3D",30107,"2-4 cm",8,1000,0.008
"E3","V3D",30107,"4-6 cm",0,1000,0
"E3","V3D",30107,"6-8 cm",0,1000,0
"E3","V3D",30107,">8 cm",20,1000,0.02
"E3","V3D",30108,"<2 cm",984,1000,0.984
"E3","V3D",30108,"2-4 cm",0,1000,0
"E3","V3D",30108,"4-6 cm",4,1000,0.004
"E3","V3D",30108,"6-8 cm",0,1000,0
"E3","V3D",30108,">8 cm",12,1000,0.012
"E3","V3D",30109,"<2 cm",968,1000,0.968
"E3","V3D",30109,"2-4 cm",8,1000,0.008
"E3","V3D",30109,"4-6 cm",0,1000,0
"E3","V3D",30109,"6-8 cm",0,1000,0
"E3","V3D",30109,">8 cm",24,1000,0.024
"E3","V3D",30110,"<2 cm",976,1000,0.976
"E3","V3D",30110,"2-4 cm",4,1000,0.004
"E3","V3D",30110,"4-6 cm",0,1000,0
"E3","V3D",30110,"6-8 cm",4,1000,0.004
"E3","V3D",30110,">8 cm",16,1000,0.016
"E3","V3E",1101,"<2 cm",2232,2250,0.992
"E3","V3E",1101,"2-4 cm",9,2250,0.004
"E3","V3E",1101,"4-6 cm",0,2250,0
"E3","V3E",1101,"6-8 cm",9,2250,0.004
"E3","V3E",1101,">8 cm",0,2250,0
"E3","V3E",1102,"<2 cm",992,1000,0.992
"E3","V3E",1102,"2-4 cm",0,1000,0
"E3","V3E",1102,"4-6 cm",4,1000,0.004
"E3","V3E",1102,"6-8 cm",0,1000,0
"E3","V3E",1102,">8 cm",4,1000,0.004
"E3","V3E",1103,"<2 cm",988,1000,0.988
"E3","V3E",1103,"2-4 cm",0,1000,0
"E3","V3E",1103,"4-6 cm",0,1000,0
"E3","V3E",1103,"6-8 cm",0,1000,0
"E3","V3E",1103,">8 cm",12,1000,0.012
"E3","V3E",1104,"<2 cm",992,1000,0.992
"E3","V3E",1104,"2-4 cm",0,1000,0
"E3","V3E",1104,"4-6 cm",0,1000,0
"E3","V3E",1104,"6-8 cm",8,1000,0.008
"E3","V3E",1104,">8 cm",0,1000,0
"E3","V3E",1105,"<2 cm",984,1000,0.984
"E3","V3E",1105,"2-4 cm",0,1000,0
"E3","V3E",1105,"4-6 cm",4,1000,0.004
"E3","V3E",1105,"6-8 cm",0,1000,0
"E3","V3E",1105,">8 cm",12,1000,0.012
"E3","V3E",1106,"<2 cm",992,1000,0.992
"E3","V3E",1106,"2-4 cm",0,1000,0
"E3","V3E",1106,"4-6 cm",0,1000,0
"E3","V3E",1106,"6-8 cm",0,1000,0
"E3","V3E",1106,">8 cm",8,1000,0.008
"E3","V3E",1107,"<2 cm",992,1000,0.992
"E3","V3E",1107,"2-4 cm",0,1000,0
"E3","V3E",1107,"4-6 cm",0,1000,0
"E3","V3E",1107,"6-8 cm",0,1000,0
"E3","V3E",1107,">8 cm",8,1000,0.008
"E3","V3E",1108,"<2 cm",992,1000,0.992
"E3","V3E",1108,"2-4 cm",0,1000,0
"E3","V3E",1108,"4-6 cm",0,1000,0
"E3","V3E",1108,"6-8 cm",4,1000,0.004
"E3","V3E",1108,">8 cm",4,1000,0.004
"E3","V3E",1109,"<2 cm",992,1000,0.992
"E3","V3E",1109,"2-4 cm",0,1000,0
"E3","V3E",1109,"4-6 cm",0,1000,0
"E3","V3E",1109,"6-8 cm",0,1000,0
"E3","V3E",1109,">8 cm",8,1000,0.008
"E3","V3E",1110,"<2 cm",988,1000,0.988
"E3","V3E",1110,"2-4 cm",4,1000,0.004
"E3","V3E",1110,"4-6 cm",0,1000,0
"E3","V3E",1110,"6-8 cm",0,1000,0
"E3","V3E",1110,">8 cm",8,1000,0.008
"E3","V3E",2101,"<2 cm",261,2250,0.116
"E3","V3E",2101,"2-4 cm",27,2250,0.012
"E3","V3E",2101,"4-6 cm",27,2250,0.012
"E3","V3E",2101,"6-8 cm",90,2250,0.04
"E3","V3E",2101,">8 cm",1845,2250,0.82
"E3","V3E",2102,"<2 cm",116,1000,0.116
"E3","V3E",2102,"2-4 cm",4,1000,0.004
"E3","V3E",2102,"4-6 cm",8,1000,0.008
"E3","V3E",2102,"6-8 cm",52,1000,0.052
"E3","V3E",2102,">8 cm",820,1000,0.82
"E3","V3E",2103,"<2 cm",100,1000,0.1
"E3","V3E",2103,"2-4 cm",4,1000,0.004
"E3","V3E",2103,"4-6 cm",28,1000,0.028
"E3","V3E",2103,"6-8 cm",44,1000,0.044
"E3","V3E",2103,">8 cm",824,1000,0.824
"E3","V3E",2104,"<2 cm",108,1000,0.108
"E3","V3E",2104,"2-4 cm",4,1000,0.004
"E3","V3E",2104,"4-6 cm",16,1000,0.016
"E3","V3E",2104,"6-8 cm",48,1000,0.048
"E3","V3E",2104,">8 cm",824,1000,0.824
"E3","V3E",2105,"<2 cm",104,1000,0.104
"E3","V3E",2105,"2-4 cm",8,1000,0.008
"E3","V3E",2105,"4-6 cm",16,1000,0.016
"E3","V3E",2105,"6-8 cm",44,1000,0.044
"E3","V3E",2105,">8 cm",828,1000,0.828
"E3","V3E",2106,"<2 cm",100,1000,0.1
"E3","V3E",2106,"2-4 cm",20,1000,0.02
"E3","V3E",2106,"4-6 cm",32,1000,0.032
"E3","V3E",2106,"6-8 cm",36,1000,0.036
"E3","V3E",2106,">8 cm",812,1000,0.812
"E3","V3E",2107,"<2 cm",108,1000,0.108
"E3","V3E",2107,"2-4 cm",8,1000,0.008
"E3","V3E",2107,"4-6 cm",20,1000,0.02
"E3","V3E",2107,"6-8 cm",40,1000,0.04
"E3","V3E",2107,">8 cm",824,1000,0.824
"E3","V3E",2108,"<2 cm",104,1000,0.104
"E3","V3E",2108,"2-4 cm",4,1000,0.004
"E3","V3E",2108,"4-6 cm",8,1000,0.008
"E3","V3E",2108,"6-8 cm",44,1000,0.044
"E3","V3E",2108,">8 cm",840,1000,0.84
"E3","V3E",2109,"<2 cm",108,1000,0.108
"E3","V3E",2109,"2-4 cm",4,1000,0.004
"E3","V3E",2109,"4-6 cm",32,1000,0.032
"E3","V3E",2109,"6-8 cm",36,1000,0.036
"E3","V3E",2109,">8 cm",820,1000,0.82
"E3","V3E",2110,"<2 cm",100,1000,0.1
"E3","V3E",2110,"2-4 cm",12,1000,0.012
"E3","V3E",2110,"4-6 cm",20,1000,0.02
"E3","V3E",2110,"6-8 cm",40,1000,0.04
"E3","V3E",2110,">8 cm",828,1000,0.828
"E3","V3E",3101,"<2 cm",1422,2250,0.632
"E3","V3E",3101,"2-4 cm",9,2250,0.004
"E3","V3E",3101,"4-6 cm",9,2250,0.004
"E3","V3E",3101,"6-8 cm",81,2250,0.036
"E3","V3E",3101,">8 cm",729,2250,0.324
"E3","V3E",3102,"<2 cm",648,1000,0.648
"E3","V3E",3102,"2-4 cm",0,1000,0
"E3","V3E",3102,"4-6 cm",4,1000,0.004
"E3","V3E",3102,"6-8 cm",32,1000,0.032
"E3","V3E",3102,">8 cm",316,1000,0.316
"E3","V3E",3103,"<2 cm",648,1000,0.648
"E3","V3E",3103,"2-4 cm",12,1000,0.012
"E3","V3E",3103,"4-6 cm",4,1000,0.004
"E3","V3E",3103,"6-8 cm",12,1000,0.012
"E3","V3E",3103,">8 cm",324,1000,0.324
"E3","V3E",3104,"<2 cm",648,1000,0.648
"E3","V3E",3104,"2-4 cm",8,1000,0.008
"E3","V3E",3104,"4-6 cm",0,1000,0
"E3","V3E",3104,"6-8 cm",24,1000,0.024
"E3","V3E",3104,">8 cm",320,1000,0.32
"E3","V3E",3105,"<2 cm",660,1000,0.66
"E3","V3E",3105,"2-4 cm",0,1000,0
"E3","V3E",3105,"4-6 cm",0,1000,0
"E3","V3E",3105,"6-8 cm",24,1000,0.024
"E3","V3E",3105,">8 cm",316,1000,0.316
"E3","V3E",3106,"<2 cm",664,1000,0.664
"E3","V3E",3106,"2-4 cm",4,1000,0.004
"E3","V3E",3106,"4-6 cm",8,1000,0.008
"E3","V3E",3106,"6-8 cm",48,1000,0.048
"E3","V3E",3106,">8 cm",276,1000,0.276
"E3","V3E",3107,"<2 cm",668,1000,0.668
"E3","V3E",3107,"2-4 cm",8,1000,0.008
"E3","V3E",3107,"4-6 cm",0,1000,0
"E3","V3E",3107,"6-8 cm",20,1000,0.02
"E3","V3E",3107,">8 cm",304,1000,0.304
"E3","V3E",3108,"<2 cm",640,1000,0.64
"E3","V3E",3108,"2-4 cm",0,1000,0
"E3","V3E",3108,"4-6 cm",4,1000,0.004
"E3","V3E",3108,"6-8 cm",20,1000,0.02
"E3","V3E",3108,">8 cm",336,1000,0.336
"E3","V3E",3109,"<2 cm",672,1000,0.672
"E3","V3E",3109,"2-4 cm",8,1000,0.008
"E3","V3E",3109,"4-6 cm",0,1000,0
"E3","V3E",3109,"6-8 cm",8,1000,0.008
"E3","V3E",3109,">8 cm",312,1000,0.312
"E3","V3E",3110,"<2 cm",672,1000,0.672
"E3","V3E",3110,"2-4 cm",4,1000,0.004
"E3","V3E",3110,"4-6 cm",4,1000,0.004
"E3","V3E",3110,"6-8 cm",8,1000,0.008
"E3","V3E",3110,">8 cm",312,1000,0.312
"E3","V3E",4101,"<2 cm",2214,2250,0.984
"E3","V3E",4101,"2-4 cm",0,2250,0
"E3","V3E",4101,"4-6 cm",0,2250,0
"E3","V3E",4101,"6-8 cm",0,2250,0
"E3","V3E",4101,">8 cm",36,2250,0.016
"E3","V3E",4102,"<2 cm",984,1000,0.984
"E3","V3E",4102,"2-4 cm",0,1000,0
"E3","V3E",4102,"4-6 cm",0,1000,0
"E3","V3E",4102,"6-8 cm",0,1000,0
"E3","V3E",4102,">8 cm",16,1000,0.016
"E3","V3E",4103,"<2 cm",984,1000,0.984
"E3","V3E",4103,"2-4 cm",0,1000,0
"E3","V3E",4103,"4-6 cm",0,1000,0
"E3","V3E",4103,"6-8 cm",0,1000,0
"E3","V3E",4103,">8 cm",16,1000,0.016
"E3","V3E",4104,"<2 cm",984,1000,0.984
"E3","V3E",4104,"2-4 cm",0,1000,0
"E3","V3E",4104,"4-6 cm",0,1000,0
"E3","V3E",4104,"6-8 cm",0,1000,0
"E3","V3E",4104,">8 cm",16,1000,0.016
"E3","V3E",4105,"<2 cm",984,1000,0.984
"E3","V3E",4105,"2-4 cm",0,1000,0
"E3","V3E",4105,"4-6 cm",0,1000,0
"E3","V3E",4105,"6-8 cm",0,1000,0
"E3","V3E",4105,">8 cm",16,1000,0.016
"E3","V3E",4106,"<2 cm",980,1000,0.98
"E3","V3E",4106,"2-4 cm",0,1000,0
"E3","V3E",4106,"4-6 cm",0,1000,0
"E3","V3E",4106,"6-8 cm",0,1000,0
"E3","V3E",4106,">8 cm",20,1000,0.02
"E3","V3E",4107,"<2 cm",980,1000,0.98
"E3","V3E",4107,"2-4 cm",0,1000,0
"E3","V3E",4107,"4-6 cm",0,1000,0
"E3","V3E",4107,"6-8 cm",0,1000,0
"E3","V3E",4107,">8 cm",20,1000,0.02
"E3","V3E",4108,"<2 cm",968,1000,0.968
"E3","V3E",4108,"2-4 cm",0,1000,0
"E3","V3E",4108,"4-6 cm",0,1000,0
"E3","V3E",4108,"6-8 cm",0,1000,0
"E3","V3E",4108,">8 cm",32,1000,0.032
"E3","V3E",4109,"<2 cm",980,1000,0.98
"E3","V3E",4109,"2-4 cm",0,1000,0
"E3","V3E",4109,"4-6 cm",0,1000,0
"E3","V3E",4109,"6-8 cm",0,1000,0
"E3","V3E",4109,">8 cm",20,1000,0.02
"E3","V3E",4110,"<2 cm",980,1000,0.98
"E3","V3E",4110,"2-4 cm",0,1000,0
"E3","V3E",4110,"4-6 cm",0,1000,0
"E3","V3E",4110,"6-8 cm",0,1000,0
"E3","V3E",4110,">8 cm",20,1000,0.02
"E3","V3E",5101,"<2 cm",2187,2250,0.972
"E3","V3E",5101,"2-4 cm",18,2250,0.008
"E3","V3E",5101,"4-6 cm",0,2250,0
"E3","V3E",5101,"6-8 cm",0,2250,0
"E3","V3E",5101,">8 cm",45,2250,0.02
"E3","V3E",5102,"<2 cm",988,1000,0.988
"E3","V3E",5102,"2-4 cm",0,1000,0
"E3","V3E",5102,"4-6 cm",0,1000,0
"E3","V3E",5102,"6-8 cm",4,1000,0.004
"E3","V3E",5102,">8 cm",8,1000,0.008
"E3","V3E",5103,"<2 cm",980,1000,0.98
"E3","V3E",5103,"2-4 cm",8,1000,0.008
"E3","V3E",5103,"4-6 cm",0,1000,0
"E3","V3E",5103,"6-8 cm",0,1000,0
"E3","V3E",5103,">8 cm",12,1000,0.012
"E3","V3E",5104,"<2 cm",984,1000,0.984
"E3","V3E",5104,"2-4 cm",8,1000,0.008
"E3","V3E",5104,"4-6 cm",0,1000,0
"E3","V3E",5104,"6-8 cm",0,1000,0
"E3","V3E",5104,">8 cm",8,1000,0.008
"E3","V3E",5105,"<2 cm",980,1000,0.98
"E3","V3E",5105,"2-4 cm",12,1000,0.012
"E3","V3E",5105,"4-6 cm",0,1000,0
"E3","V3E",5105,"6-8 cm",4,1000,0.004
"E3","V3E",5105,">8 cm",4,1000,0.004
"E3","V3E",5106,"<2 cm",984,1000,0.984
"E3","V3E",5106,"2-4 cm",4,1000,0.004
"E3","V3E",5106,"4-6 cm",8,1000,0.008
"E3","V3E",5106,"6-8 cm",0,1000,0
"E3","V3E",5106,">8 cm",4,1000,0.004
"E3","V3E",5107,"<2 cm",980,1000,0.98
"E3","V3E",5107,"2-4 cm",8,1000,0.008
"E3","V3E",5107,"4-6 cm",4,1000,0.004
"E3","V3E",5107,"6-8 cm",0,1000,0
"E3","V3E",5107,">8 cm",8,1000,0.008
"E3","V3E",5108,"<2 cm",980,1000,0.98
"E3","V3E",5108,"2-4 cm",4,1000,0.004
"E3","V3E",5108,"4-6 cm",0,1000,0
"E3","V3E",5108,"6-8 cm",0,1000,0
"E3","V3E",5108,">8 cm",16,1000,0.016
"E3","V3E",5109,"<2 cm",976,1000,0.976
"E3","V3E",5109,"2-4 cm",16,1000,0.016
"E3","V3E",5109,"4-6 cm",0,1000,0
"E3","V3E",5109,"6-8 cm",0,1000,0
"E3","V3E",5109,">8 cm",8,1000,0.008
"E3","V3E",5110,"<2 cm",980,1000,0.98
"E3","V3E",5110,"2-4 cm",12,1000,0.012
"E3","V3E",5110,"4-6 cm",0,1000,0
"E3","V3E",5110,"6-8 cm",0,1000,0
"E3","V3E",5110,">8 cm",8,1000,0.008
"E3","V3E",6101,"<2 cm",2034,2250,0.904
"E3","V3E",6101,"2-4 cm",18,2250,0.008
"E3","V3E",6101,"4-6 cm",9,2250,0.004
"E3","V3E",6101,"6-8 cm",0,2250,0
"E3","V3E",6101,">8 cm",189,2250,0.084
"E3","V3E",6102,"<2 cm",900,1000,0.9
"E3","V3E",6102,"2-4 cm",8,1000,0.008
"E3","V3E",6102,"4-6 cm",0,1000,0
"E3","V3E",6102,"6-8 cm",0,1000,0
"E3","V3E",6102,">8 cm",92,1000,0.092
"E3","V3E",6103,"<2 cm",912,1000,0.912
"E3","V3E",6103,"2-4 cm",8,1000,0.008
"E3","V3E",6103,"4-6 cm",0,1000,0
"E3","V3E",6103,"6-8 cm",0,1000,0
"E3","V3E",6103,">8 cm",80,1000,0.08
"E3","V3E",6104,"<2 cm",916,1000,0.916
"E3","V3E",6104,"2-4 cm",4,1000,0.004
"E3","V3E",6104,"4-6 cm",0,1000,0
"E3","V3E",6104,"6-8 cm",0,1000,0
"E3","V3E",6104,">8 cm",80,1000,0.08
"E3","V3E",6105,"<2 cm",912,1000,0.912
"E3","V3E",6105,"2-4 cm",0,1000,0
"E3","V3E",6105,"4-6 cm",4,1000,0.004
"E3","V3E",6105,"6-8 cm",0,1000,0
"E3","V3E",6105,">8 cm",84,1000,0.084
"E3","V3E",6106,"<2 cm",908,1000,0.908
"E3","V3E",6106,"2-4 cm",8,1000,0.008
"E3","V3E",6106,"4-6 cm",0,1000,0
"E3","V3E",6106,"6-8 cm",8,1000,0.008
"E3","V3E",6106,">8 cm",76,1000,0.076
"E3","V3E",6107,"<2 cm",908,1000,0.908
"E3","V3E",6107,"2-4 cm",4,1000,0.004
"E3","V3E",6107,"4-6 cm",4,1000,0.004
"E3","V3E",6107,"6-8 cm",0,1000,0
"E3","V3E",6107,">8 cm",84,1000,0.084
"E3","V3E",6108,"<2 cm",892,1000,0.892
"E3","V3E",6108,"2-4 cm",12,1000,0.012
"E3","V3E",6108,"4-6 cm",0,1000,0
"E3","V3E",6108,"6-8 cm",0,1000,0
"E3","V3E",6108,">8 cm",96,1000,0.096
"E3","V3E",6109,"<2 cm",908,1000,0.908
"E3","V3E",6109,"2-4 cm",4,1000,0.004
"E3","V3E",6109,"4-6 cm",4,1000,0.004
"E3","V3E",6109,"6-8 cm",4,1000,0.004
"E3","V3E",6109,">8 cm",80,1000,0.08
"E3","V3E",6110,"<2 cm",904,1000,0.904
"E3","V3E",6110,"2-4 cm",8,1000,0.008
"E3","V3E",6110,"4-6 cm",0,1000,0
"E3","V3E",6110,"6-8 cm",4,1000,0.004
"E3","V3E",6110,">8 cm",84,1000,0.084
"E3","V3E",7101,"<2 cm",2241,2250,0.996
"E3","V3E",7101,"2-4 cm",0,2250,0
"E3","V3E",7101,"4-6 cm",0,2250,0
"E3","V3E",7101,"6-8 cm",0,2250,0
"E3","V3E",7101,">8 cm",9,2250,0.004
"E3","V3E",7102,"<2 cm",996,1000,0.996
"E3","V3E",7102,"2-4 cm",0,1000,0
"E3","V3E",7102,"4-6 cm",0,1000,0
"E3","V3E",7102,"6-8 cm",0,1000,0
"E3","V3E",7102,">8 cm",4,1000,0.004
"E3","V3E",7103,"<2 cm",996,1000,0.996
"E3","V3E",7103,"2-4 cm",0,1000,0
"E3","V3E",7103,"4-6 cm",0,1000,0
"E3","V3E",7103,"6-8 cm",0,1000,0
"E3","V3E",7103,">8 cm",4,1000,0.004
"E3","V3E",7104,"<2 cm",996,1000,0.996
"E3","V3E",7104,"2-4 cm",0,1000,0
"E3","V3E",7104,"4-6 cm",0,1000,0
"E3","V3E",7104,"6-8 cm",4,1000,0.004
"E3","V3E",7104,">8 cm",0,1000,0
"E3","V3E",7105,"<2 cm",996,1000,0.996
"E3","V3E",7105,"2-4 cm",0,1000,0
"E3","V3E",7105,"4-6 cm",0,1000,0
"E3","V3E",7105,"6-8 cm",0,1000,0
"E3","V3E",7105,">8 cm",4,1000,0.004
"E3","V3E",7106,"<2 cm",996,1000,0.996
"E3","V3E",7106,"2-4 cm",0,1000,0
"E3","V3E",7106,"4-6 cm",0,1000,0
"E3","V3E",7106,"6-8 cm",0,1000,0
"E3","V3E",7106,">8 cm",4,1000,0.004
"E3","V3E",7107,"<2 cm",992,1000,0.992
"E3","V3E",7107,"2-4 cm",0,1000,0
"E3","V3E",7107,"4-6 cm",0,1000,0
"E3","V3E",7107,"6-8 cm",0,1000,0
"E3","V3E",7107,">8 cm",8,1000,0.008
"E3","V3E",7108,"<2 cm",996,1000,0.996
"E3","V3E",7108,"2-4 cm",0,1000,0
"E3","V3E",7108,"4-6 cm",0,1000,0
"E3","V3E",7108,"6-8 cm",0,1000,0
"E3","V3E",7108,">8 cm",4,1000,0.004
"E3","V3E",7109,"<2 cm",996,1000,0.996
"E3","V3E",7109,"2-4 cm",0,1000,0
"E3","V3E",7109,"4-6 cm",0,1000,0
"E3","V3E",7109,"6-8 cm",0,1000,0
"E3","V3E",7109,">8 cm",4,1000,0.004
"E3","V3E",7110,"<2 cm",996,1000,0.996
"E3","V3E",7110,"2-4 cm",0,1000,0
"E3","V3E",7110,"4-6 cm",0,1000,0
"E3","V3E",7110,"6-8 cm",0,1000,0
"E3","V3E",7110,">8 cm",4,1000,0.004
"E3","V3E",8101,"<2 cm",2205,2250,0.98
"E3","V3E",8101,"2-4 cm",9,2250,0.004
"E3","V3E",8101,"4-6 cm",0,2250,0
"E3","V3E",8101,"6-8 cm",0,2250,0
"E3","V3E",8101,">8 cm",36,2250,0.016
"E3","V3E",8102,"<2 cm",980,1000,0.98
"E3","V3E",8102,"2-4 cm",4,1000,0.004
"E3","V3E",8102,"4-6 cm",0,1000,0
"E3","V3E",8102,"6-8 cm",0,1000,0
"E3","V3E",8102,">8 cm",16,1000,0.016
"E3","V3E",8103,"<2 cm",968,1000,0.968
"E3","V3E",8103,"2-4 cm",12,1000,0.012
"E3","V3E",8103,"4-6 cm",4,1000,0.004
"E3","V3E",8103,"6-8 cm",0,1000,0
"E3","V3E",8103,">8 cm",16,1000,0.016
"E3","V3E",8104,"<2 cm",968,1000,0.968
"E3","V3E",8104,"2-4 cm",12,1000,0.012
"E3","V3E",8104,"4-6 cm",8,1000,0.008
"E3","V3E",8104,"6-8 cm",0,1000,0
"E3","V3E",8104,">8 cm",12,1000,0.012
"E3","V3E",8105,"<2 cm",964,1000,0.964
"E3","V3E",8105,"2-4 cm",20,1000,0.02
"E3","V3E",8105,"4-6 cm",4,1000,0.004
"E3","V3E",8105,"6-8 cm",0,1000,0
"E3","V3E",8105,">8 cm",12,1000,0.012
"E3","V3E",8106,"<2 cm",956,1000,0.956
"E3","V3E",8106,"2-4 cm",24,1000,0.024
"E3","V3E",8106,"4-6 cm",4,1000,0.004
"E3","V3E",8106,"6-8 cm",0,1000,0
"E3","V3E",8106,">8 cm",16,1000,0.016
"E3","V3E",8107,"<2 cm",972,1000,0.972
"E3","V3E",8107,"2-4 cm",4,1000,0.004
"E3","V3E",8107,"4-6 cm",4,1000,0.004
"E3","V3E",8107,"6-8 cm",0,1000,0
"E3","V3E",8107,">8 cm",20,1000,0.02
"E3","V3E",8108,"<2 cm",968,1000,0.968
"E3","V3E",8108,"2-4 cm",12,1000,0.012
"E3","V3E",8108,"4-6 cm",4,1000,0.004
"E3","V3E",8108,"6-8 cm",4,1000,0.004
"E3","V3E",8108,">8 cm",12,1000,0.012
"E3","V3E",8109,"<2 cm",960,1000,0.96
"E3","V3E",8109,"2-4 cm",20,1000,0.02
"E3","V3E",8109,"4-6 cm",4,1000,0.004
"E3","V3E",8109,"6-8 cm",0,1000,0
"E3","V3E",8109,">8 cm",16,1000,0.016
"E3","V3E",8110,"<2 cm",968,1000,0.968
"E3","V3E",8110,"2-4 cm",8,1000,0.008
"E3","V3E",8110,"4-6 cm",4,1000,0.004
"E3","V3E",8110,"6-8 cm",4,1000,0.004
"E3","V3E",8110,">8 cm",16,1000,0.016
"E3","V3E",9101,"<2 cm",2142,2250,0.952
"E3","V3E",9101,"2-4 cm",0,2250,0
"E3","V3E",9101,"4-6 cm",18,2250,0.008
"E3","V3E",9101,"6-8 cm",0,2250,0
"E3","V3E",9101,">8 cm",90,2250,0.04
"E3","V3E",9102,"<2 cm",940,1000,0.94
"E3","V3E",9102,"2-4 cm",4,1000,0.004
"E3","V3E",9102,"4-6 cm",12,1000,0.012
"E3","V3E",9102,"6-8 cm",0,1000,0
"E3","V3E",9102,">8 cm",44,1000,0.044
"E3","V3E",9103,"<2 cm",952,1000,0.952
"E3","V3E",9103,"2-4 cm",4,1000,0.004
"E3","V3E",9103,"4-6 cm",4,1000,0.004
"E3","V3E",9103,"6-8 cm",0,1000,0
"E3","V3E",9103,">8 cm",40,1000,0.04
"E3","V3E",9104,"<2 cm",952,1000,0.952
"E3","V3E",9104,"2-4 cm",0,1000,0
"E3","V3E",9104,"4-6 cm",4,1000,0.004
"E3","V3E",9104,"6-8 cm",0,1000,0
"E3","V3E",9104,">8 cm",44,1000,0.044
"E3","V3E",9105,"<2 cm",956,1000,0.956
"E3","V3E",9105,"2-4 cm",0,1000,0
"E3","V3E",9105,"4-6 cm",4,1000,0.004
"E3","V3E",9105,"6-8 cm",0,1000,0
"E3","V3E",9105,">8 cm",40,1000,0.04
"E3","V3E",9106,"<2 cm",944,1000,0.944
"E3","V3E",9106,"2-4 cm",8,1000,0.008
"E3","V3E",9106,"4-6 cm",0,1000,0
"E3","V3E",9106,"6-8 cm",0,1000,0
"E3","V3E",9106,">8 cm",48,1000,0.048
"E3","V3E",9107,"<2 cm",936,1000,0.936
"E3","V3E",9107,"2-4 cm",4,1000,0.004
"E3","V3E",9107,"4-6 cm",8,1000,0.008
"E3","V3E",9107,"6-8 cm",0,1000,0
"E3","V3E",9107,">8 cm",52,1000,0.052
"E3","V3E",9108,"<2 cm",948,1000,0.948
"E3","V3E",9108,"2-4 cm",8,1000,0.008
"E3","V3E",9108,"4-6 cm",0,1000,0
"E3","V3E",9108,"6-8 cm",0,1000,0
"E3","V3E",9108,">8 cm",44,1000,0.044
"E3","V3E",9109,"<2 cm",944,1000,0.944
"E3","V3E",9109,"2-4 cm",0,1000,0
"E3","V3E",9109,"4-6 cm",8,1000,0.008
"E3","V3E",9109,"6-8 cm",0,1000,0
"E3","V3E",9109,">8 cm",48,1000,0.048
"E3","V3E",9110,"<2 cm",952,1000,0.952
"E3","V3E",9110,"2-4 cm",4,1000,0.004
"E3","V3E",9110,"4-6 cm",4,1000,0.004
"E3","V3E",9110,"6-8 cm",0,1000,0
"E3","V3E",9110,">8 cm",40,1000,0.04
"E3","V3E",10101,"<2 cm",54,2250,0.024
"E3","V3E",10101,"2-4 cm",0,2250,0
"E3","V3E",10101,"4-6 cm",0,2250,0
"E3","V3E",10101,"6-8 cm",0,2250,0
"E3","V3E",10101,">8 cm",2196,2250,0.976
"E3","V3E",10102,"<2 cm",20,1000,0.02
"E3","V3E",10102,"2-4 cm",4,1000,0.004
"E3","V3E",10102,"4-6 cm",0,1000,0
"E3","V3E",10102,"6-8 cm",0,1000,0
"E3","V3E",10102,">8 cm",976,1000,0.976
"E3","V3E",10103,"<2 cm",24,1000,0.024
"E3","V3E",10103,"2-4 cm",0,1000,0
"E3","V3E",10103,"4-6 cm",0,1000,0
"E3","V3E",10103,"6-8 cm",0,1000,0
"E3","V3E",10103,">8 cm",976,1000,0.976
"E3","V3E",10104,"<2 cm",24,1000,0.024
"E3","V3E",10104,"2-4 cm",0,1000,0
"E3","V3E",10104,"4-6 cm",0,1000,0
"E3","V3E",10104,"6-8 cm",0,1000,0
"E3","V3E",10104,">8 cm",976,1000,0.976
"E3","V3E",10105,"<2 cm",20,1000,0.02
"E3","V3E",10105,"2-4 cm",0,1000,0
"E3","V3E",10105,"4-6 cm",4,1000,0.004
"E3","V3E",10105,"6-8 cm",0,1000,0
"E3","V3E",10105,">8 cm",976,1000,0.976
"E3","V3E",10106,"<2 cm",20,1000,0.02
"E3","V3E",10106,"2-4 cm",4,1000,0.004
"E3","V3E",10106,"4-6 cm",0,1000,0
"E3","V3E",10106,"6-8 cm",0,1000,0
"E3","V3E",10106,">8 cm",976,1000,0.976
"E3","V3E",10107,"<2 cm",28,1000,0.028
"E3","V3E",10107,"2-4 cm",0,1000,0
"E3","V3E",10107,"4-6 cm",0,1000,0
"E3","V3E",10107,"6-8 cm",0,1000,0
"E3","V3E",10107,">8 cm",972,1000,0.972
"E3","V3E",10108,"<2 cm",28,1000,0.028
"E3","V3E",10108,"2-4 cm",0,1000,0
"E3","V3E",10108,"4-6 cm",0,1000,0
"E3","V3E",10108,"6-8 cm",0,1000,0
"E3","V3E",10108,">8 cm",972,1000,0.972
"E3","V3E",10109,"<2 cm",24,1000,0.024
"E3","V3E",10109,"2-4 cm",0,1000,0
"E3","V3E",10109,"4-6 cm",0,1000,0
"E3","V3E",10109,"6-8 cm",0,1000,0
"E3","V3E",10109,">8 cm",976,1000,0.976
"E3","V3E",10110,"<2 cm",20,1000,0.02
"E3","V3E",10110,"2-4 cm",4,1000,0.004
"E3","V3E",10110,"4-6 cm",0,1000,0
"E3","V3E",10110,"6-8 cm",0,1000,0
"E3","V3E",10110,">8 cm",976,1000,0.976
"E3","V3E",11101,"<2 cm",900,2250,0.4
"E3","V3E",11101,"2-4 cm",63,2250,0.028
"E3","V3E",11101,"4-6 cm",1017,2250,0.452
"E3","V3E",11101,"6-8 cm",198,2250,0.088
"E3","V3E",11101,">8 cm",72,2250,0.032
"E3","V3E",11102,"<2 cm",436,1000,0.436
"E3","V3E",11102,"2-4 cm",52,1000,0.052
"E3","V3E",11102,"4-6 cm",408,1000,0.408
"E3","V3E",11102,"6-8 cm",68,1000,0.068
"E3","V3E",11102,">8 cm",36,1000,0.036
"E3","V3E",11103,"<2 cm",408,1000,0.408
"E3","V3E",11103,"2-4 cm",40,1000,0.04
"E3","V3E",11103,"4-6 cm",460,1000,0.46
"E3","V3E",11103,"6-8 cm",68,1000,0.068
"E3","V3E",11103,">8 cm",24,1000,0.024
"E3","V3E",11104,"<2 cm",448,1000,0.448
"E3","V3E",11104,"2-4 cm",12,1000,0.012
"E3","V3E",11104,"4-6 cm",388,1000,0.388
"E3","V3E",11104,"6-8 cm",112,1000,0.112
"E3","V3E",11104,">8 cm",40,1000,0.04
"E3","V3E",11105,"<2 cm",448,1000,0.448
"E3","V3E",11105,"2-4 cm",36,1000,0.036
"E3","V3E",11105,"4-6 cm",404,1000,0.404
"E3","V3E",11105,"6-8 cm",52,1000,0.052
"E3","V3E",11105,">8 cm",60,1000,0.06
"E3","V3E",11106,"<2 cm",420,1000,0.42
"E3","V3E",11106,"2-4 cm",20,1000,0.02
"E3","V3E",11106,"4-6 cm",444,1000,0.444
"E3","V3E",11106,"6-8 cm",84,1000,0.084
"E3","V3E",11106,">8 cm",32,1000,0.032
"E3","V3E",11107,"<2 cm",384,1000,0.384
"E3","V3E",11107,"2-4 cm",32,1000,0.032
"E3","V3E",11107,"4-6 cm",468,1000,0.468
"E3","V3E",11107,"6-8 cm",80,1000,0.08
"E3","V3E",11107,">8 cm",36,1000,0.036
"E3","V3E",11108,"<2 cm",404,1000,0.404
"E3","V3E",11108,"2-4 cm",32,1000,0.032
"E3","V3E",11108,"4-6 cm",444,1000,0.444
"E3","V3E",11108,"6-8 cm",92,1000,0.092
"E3","V3E",11108,">8 cm",28,1000,0.028
"E3","V3E",11109,"<2 cm",388,1000,0.388
"E3","V3E",11109,"2-4 cm",28,1000,0.028
"E3","V3E",11109,"4-6 cm",472,1000,0.472
"E3","V3E",11109,"6-8 cm",68,1000,0.068
"E3","V3E",11109,">8 cm",44,1000,0.044
"E3","V3E",11110,"<2 cm",444,1000,0.444
"E3","V3E",11110,"2-4 cm",40,1000,0.04
"E3","V3E",11110,"4-6 cm",404,1000,0.404
"E3","V3E",11110,"6-8 cm",92,1000,0.092
"E3","V3E",11110,">8 cm",20,1000,0.02
"E3","V3E",12101,"<2 cm",27,2250,0.012
"E3","V3E",12101,"2-4 cm",0,2250,0
"E3","V3E",12101,"4-6 cm",0,2250,0
"E3","V3E",12101,"6-8 cm",0,2250,0
"E3","V3E",12101,">8 cm",2223,2250,0.988
"E3","V3E",12102,"<2 cm",12,1000,0.012
"E3","V3E",12102,"2-4 cm",0,1000,0
"E3","V3E",12102,"4-6 cm",0,1000,0
"E3","V3E",12102,"6-8 cm",0,1000,0
"E3","V3E",12102,">8 cm",988,1000,0.988
"E3","V3E",12103,"<2 cm",12,1000,0.012
"E3","V3E",12103,"2-4 cm",0,1000,0
"E3","V3E",12103,"4-6 cm",0,1000,0
"E3","V3E",12103,"6-8 cm",0,1000,0
"E3","V3E",12103,">8 cm",988,1000,0.988
"E3","V3E",12104,"<2 cm",12,1000,0.012
"E3","V3E",12104,"2-4 cm",0,1000,0
"E3","V3E",12104,"4-6 cm",0,1000,0
"E3","V3E",12104,"6-8 cm",0,1000,0
"E3","V3E",12104,">8 cm",988,1000,0.988
"E3","V3E",12105,"<2 cm",12,1000,0.012
"E3","V3E",12105,"2-4 cm",0,1000,0
"E3","V3E",12105,"4-6 cm",0,1000,0
"E3","V3E",12105,"6-8 cm",0,1000,0
"E3","V3E",12105,">8 cm",988,1000,0.988
"E3","V3E",12106,"<2 cm",12,1000,0.012
"E3","V3E",12106,"2-4 cm",0,1000,0
"E3","V3E",12106,"4-6 cm",0,1000,0
"E3","V3E",12106,"6-8 cm",0,1000,0
"E3","V3E",12106,">8 cm",988,1000,0.988
"E3","V3E",12107,"<2 cm",12,1000,0.012
"E3","V3E",12107,"2-4 cm",0,1000,0
"E3","V3E",12107,"4-6 cm",0,1000,0
"E3","V3E",12107,"6-8 cm",0,1000,0
"E3","V3E",12107,">8 cm",988,1000,0.988
"E3","V3E",12108,"<2 cm",12,1000,0.012
"E3","V3E",12108,"2-4 cm",0,1000,0
"E3","V3E",12108,"4-6 cm",0,1000,0
"E3","V3E",12108,"6-8 cm",0,1000,0
"E3","V3E",12108,">8 cm",988,1000,0.988
"E3","V3E",12109,"<2 cm",12,1000,0.012
"E3","V3E",12109,"2-4 cm",0,1000,0
"E3","V3E",12109,"4-6 cm",0,1000,0
"E3","V3E",12109,"6-8 cm",0,1000,0
"E3","V3E",12109,">8 cm",988,1000,0.988
"E3","V3E",12110,"<2 cm",12,1000,0.012
"E3","V3E",12110,"2-4 cm",0,1000,0
"E3","V3E",12110,"4-6 cm",0,1000,0
"E3","V3E",12110,"6-8 cm",0,1000,0
"E3","V3E",12110,">8 cm",988,1000,0.988
"E3","V3E",13101,"<2 cm",675,2250,0.3
"E3","V3E",13101,"2-4 cm",252,2250,0.112
"E3","V3E",13101,"4-6 cm",135,2250,0.06
"E3","V3E",13101,"6-8 cm",36,2250,0.016
"E3","V3E",13101,">8 cm",1152,2250,0.512
"E3","V3E",13102,"<2 cm",344,1000,0.344
"E3","V3E",13102,"2-4 cm",128,1000,0.128
"E3","V3E",13102,"4-6 cm",72,1000,0.072
"E3","V3E",13102,"6-8 cm",0,1000,0
"E3","V3E",13102,">8 cm",456,1000,0.456
"E3","V3E",13103,"<2 cm",288,1000,0.288
"E3","V3E",13103,"2-4 cm",148,1000,0.148
"E3","V3E",13103,"4-6 cm",64,1000,0.064
"E3","V3E",13103,"6-8 cm",8,1000,0.008
"E3","V3E",13103,">8 cm",492,1000,0.492
"E3","V3E",13104,"<2 cm",280,1000,0.28
"E3","V3E",13104,"2-4 cm",104,1000,0.104
"E3","V3E",13104,"4-6 cm",72,1000,0.072
"E3","V3E",13104,"6-8 cm",12,1000,0.012
"E3","V3E",13104,">8 cm",532,1000,0.532
"E3","V3E",13105,"<2 cm",292,1000,0.292
"E3","V3E",13105,"2-4 cm",116,1000,0.116
"E3","V3E",13105,"4-6 cm",68,1000,0.068
"E3","V3E",13105,"6-8 cm",4,1000,0.004
"E3","V3E",13105,">8 cm",520,1000,0.52
"E3","V3E",13106,"<2 cm",332,1000,0.332
"E3","V3E",13106,"2-4 cm",164,1000,0.164
"E3","V3E",13106,"4-6 cm",44,1000,0.044
"E3","V3E",13106,"6-8 cm",20,1000,0.02
"E3","V3E",13106,">8 cm",440,1000,0.44
"E3","V3E",13107,"<2 cm",344,1000,0.344
"E3","V3E",13107,"2-4 cm",120,1000,0.12
"E3","V3E",13107,"4-6 cm",68,1000,0.068
"E3","V3E",13107,"6-8 cm",20,1000,0.02
"E3","V3E",13107,">8 cm",448,1000,0.448
"E3","V3E",13108,"<2 cm",336,1000,0.336
"E3","V3E",13108,"2-4 cm",128,1000,0.128
"E3","V3E",13108,"4-6 cm",44,1000,0.044
"E3","V3E",13108,"6-8 cm",12,1000,0.012
"E3","V3E",13108,">8 cm",480,1000,0.48
"E3","V3E",13109,"<2 cm",324,1000,0.324
"E3","V3E",13109,"2-4 cm",124,1000,0.124
"E3","V3E",13109,"4-6 cm",68,1000,0.068
"E3","V3E",13109,"6-8 cm",8,1000,0.008
"E3","V3E",13109,">8 cm",476,1000,0.476
"E3","V3E",13110,"<2 cm",340,1000,0.34
"E3","V3E",13110,"2-4 cm",140,1000,0.14
"E3","V3E",13110,"4-6 cm",52,1000,0.052
"E3","V3E",13110,"6-8 cm",4,1000,0.004
"E3","V3E",13110,">8 cm",464,1000,0.464
"E3","V3E",14101,"<2 cm",2169,2250,0.964
"E3","V3E",14101,"2-4 cm",0,2250,0
"E3","V3E",14101,"4-6 cm",0,2250,0
"E3","V3E",14101,"6-8 cm",0,2250,0
"E3","V3E",14101,">8 cm",81,2250,0.036
"E3","V3E",14102,"<2 cm",964,1000,0.964
"E3","V3E",14102,"2-4 cm",0,1000,0
"E3","V3E",14102,"4-6 cm",0,1000,0
"E3","V3E",14102,"6-8 cm",0,1000,0
"E3","V3E",14102,">8 cm",36,1000,0.036
"E3","V3E",14103,"<2 cm",964,1000,0.964
"E3","V3E",14103,"2-4 cm",0,1000,0
"E3","V3E",14103,"4-6 cm",0,1000,0
"E3","V3E",14103,"6-8 cm",0,1000,0
"E3","V3E",14103,">8 cm",36,1000,0.036
"E3","V3E",14104,"<2 cm",964,1000,0.964
"E3","V3E",14104,"2-4 cm",0,1000,0
"E3","V3E",14104,"4-6 cm",0,1000,0
"E3","V3E",14104,"6-8 cm",0,1000,0
"E3","V3E",14104,">8 cm",36,1000,0.036
"E3","V3E",14105,"<2 cm",964,1000,0.964
"E3","V3E",14105,"2-4 cm",0,1000,0
"E3","V3E",14105,"4-6 cm",0,1000,0
"E3","V3E",14105,"6-8 cm",0,1000,0
"E3","V3E",14105,">8 cm",36,1000,0.036
"E3","V3E",14106,"<2 cm",964,1000,0.964
"E3","V3E",14106,"2-4 cm",0,1000,0
"E3","V3E",14106,"4-6 cm",0,1000,0
"E3","V3E",14106,"6-8 cm",0,1000,0
"E3","V3E",14106,">8 cm",36,1000,0.036
"E3","V3E",14107,"<2 cm",964,1000,0.964
"E3","V3E",14107,"2-4 cm",0,1000,0
"E3","V3E",14107,"4-6 cm",0,1000,0
"E3","V3E",14107,"6-8 cm",0,1000,0
"E3","V3E",14107,">8 cm",36,1000,0.036
"E3","V3E",14108,"<2 cm",964,1000,0.964
"E3","V3E",14108,"2-4 cm",0,1000,0
"E3","V3E",14108,"4-6 cm",0,1000,0
"E3","V3E",14108,"6-8 cm",0,1000,0
"E3","V3E",14108,">8 cm",36,1000,0.036
"E3","V3E",14109,"<2 cm",964,1000,0.964
"E3","V3E",14109,"2-4 cm",0,1000,0
"E3","V3E",14109,"4-6 cm",0,1000,0
"E3","V3E",14109,"6-8 cm",0,1000,0
"E3","V3E",14109,">8 cm",36,1000,0.036
"E3","V3E",14110,"<2 cm",964,1000,0.964
"E3","V3E",14110,"2-4 cm",0,1000,0
"E3","V3E",14110,"4-6 cm",0,1000,0
"E3","V3E",14110,"6-8 cm",0,1000,0
"E3","V3E",14110,">8 cm",36,1000,0.036
"E3","V3E",15101,"<2 cm",2250,2250,1
"E3","V3E",15101,"2-4 cm",0,2250,0
"E3","V3E",15101,"4-6 cm",0,2250,0
"E3","V3E",15101,"6-8 cm",0,2250,0
"E3","V3E",15101,">8 cm",0,2250,0
"E3","V3E",15102,"<2 cm",996,1000,0.996
"E3","V3E",15102,"2-4 cm",0,1000,0
"E3","V3E",15102,"4-6 cm",0,1000,0
"E3","V3E",15102,"6-8 cm",4,1000,0.004
"E3","V3E",15102,">8 cm",0,1000,0
"E3","V3E",15103,"<2 cm",1000,1000,1
"E3","V3E",15103,"2-4 cm",0,1000,0
"E3","V3E",15103,"4-6 cm",0,1000,0
"E3","V3E",15103,"6-8 cm",0,1000,0
"E3","V3E",15103,">8 cm",0,1000,0
"E3","V3E",15104,"<2 cm",1000,1000,1
"E3","V3E",15104,"2-4 cm",0,1000,0
"E3","V3E",15104,"4-6 cm",0,1000,0
"E3","V3E",15104,"6-8 cm",0,1000,0
"E3","V3E",15104,">8 cm",0,1000,0
"E3","V3E",15105,"<2 cm",1000,1000,1
"E3","V3E",15105,"2-4 cm",0,1000,0
"E3","V3E",15105,"4-6 cm",0,1000,0
"E3","V3E",15105,"6-8 cm",0,1000,0
"E3","V3E",15105,">8 cm",0,1000,0
"E3","V3E",15106,"<2 cm",996,1000,0.996
"E3","V3E",15106,"2-4 cm",0,1000,0
"E3","V3E",15106,"4-6 cm",4,1000,0.004
"E3","V3E",15106,"6-8 cm",0,1000,0
"E3","V3E",15106,">8 cm",0,1000,0
"E3","V3E",15107,"<2 cm",996,1000,0.996
"E3","V3E",15107,"2-4 cm",0,1000,0
"E3","V3E",15107,"4-6 cm",0,1000,0
"E3","V3E",15107,"6-8 cm",4,1000,0.004
"E3","V3E",15107,">8 cm",0,1000,0
"E3","V3E",15108,"<2 cm",988,1000,0.988
"E3","V3E",15108,"2-4 cm",0,1000,0
"E3","V3E",15108,"4-6 cm",4,1000,0.004
"E3","V3E",15108,"6-8 cm",0,1000,0
"E3","V3E",15108,">8 cm",8,1000,0.008
"E3","V3E",15109,"<2 cm",996,1000,0.996
"E3","V3E",15109,"2-4 cm",4,1000,0.004
"E3","V3E",15109,"4-6 cm",0,1000,0
"E3","V3E",15109,"6-8 cm",0,1000,0
"E3","V3E",15109,">8 cm",0,1000,0
"E3","V3E",15110,"<2 cm",996,1000,0.996
"E3","V3E",15110,"2-4 cm",0,1000,0
"E3","V3E",15110,"4-6 cm",0,1000,0
"E3","V3E",15110,"6-8 cm",0,1000,0
"E3","V3E",15110,">8 cm",4,1000,0.004
"E3","V3E",16101,"<2 cm",891,2250,0.396
"E3","V3E",16101,"2-4 cm",63,2250,0.028
"E3","V3E",16101,"4-6 cm",9,2250,0.004
"E3","V3E",16101,"6-8 cm",162,2250,0.072
"E3","V3E",16101,">8 cm",1125,2250,0.5
"E3","V3E",16102,"<2 cm",352,1000,0.352
"E3","V3E",16102,"2-4 cm",52,1000,0.052
"E3","V3E",16102,"4-6 cm",0,1000,0
"E3","V3E",16102,"6-8 cm",32,1000,0.032
"E3","V3E",16102,">8 cm",564,1000,0.564
"E3","V3E",16103,"<2 cm",388,1000,0.388
"E3","V3E",16103,"2-4 cm",20,1000,0.02
"E3","V3E",16103,"4-6 cm",0,1000,0
"E3","V3E",16103,"6-8 cm",48,1000,0.048
"E3","V3E",16103,">8 cm",544,1000,0.544
"E3","V3E",16104,"<2 cm",400,1000,0.4
"E3","V3E",16104,"2-4 cm",64,1000,0.064
"E3","V3E",16104,"4-6 cm",4,1000,0.004
"E3","V3E",16104,"6-8 cm",48,1000,0.048
"E3","V3E",16104,">8 cm",484,1000,0.484
"E3","V3E",16105,"<2 cm",404,1000,0.404
"E3","V3E",16105,"2-4 cm",32,1000,0.032
"E3","V3E",16105,"4-6 cm",4,1000,0.004
"E3","V3E",16105,"6-8 cm",64,1000,0.064
"E3","V3E",16105,">8 cm",496,1000,0.496
"E3","V3E",16106,"<2 cm",416,1000,0.416
"E3","V3E",16106,"2-4 cm",32,1000,0.032
"E3","V3E",16106,"4-6 cm",4,1000,0.004
"E3","V3E",16106,"6-8 cm",60,1000,0.06
"E3","V3E",16106,">8 cm",488,1000,0.488
"E3","V3E",16107,"<2 cm",384,1000,0.384
"E3","V3E",16107,"2-4 cm",36,1000,0.036
"E3","V3E",16107,"4-6 cm",0,1000,0
"E3","V3E",16107,"6-8 cm",80,1000,0.08
"E3","V3E",16107,">8 cm",500,1000,0.5
"E3","V3E",16108,"<2 cm",416,1000,0.416
"E3","V3E",16108,"2-4 cm",32,1000,0.032
"E3","V3E",16108,"4-6 cm",12,1000,0.012
"E3","V3E",16108,"6-8 cm",72,1000,0.072
"E3","V3E",16108,">8 cm",468,1000,0.468
"E3","V3E",16109,"<2 cm",444,1000,0.444
"E3","V3E",16109,"2-4 cm",56,1000,0.056
"E3","V3E",16109,"4-6 cm",4,1000,0.004
"E3","V3E",16109,"6-8 cm",56,1000,0.056
"E3","V3E",16109,">8 cm",440,1000,0.44
"E3","V3E",16110,"<2 cm",388,1000,0.388
"E3","V3E",16110,"2-4 cm",32,1000,0.032
"E3","V3E",16110,"4-6 cm",4,1000,0.004
"E3","V3E",16110,"6-8 cm",84,1000,0.084
"E3","V3E",16110,">8 cm",492,1000,0.492
"E3","V3E",17101,"<2 cm",2169,2250,0.964
"E3","V3E",17101,"2-4 cm",0,2250,0
"E3","V3E",17101,"4-6 cm",36,2250,0.016
"E3","V3E",17101,"6-8 cm",27,2250,0.012
"E3","V3E",17101,">8 cm",18,2250,0.008
"E3","V3E",17102,"<2 cm",972,1000,0.972
"E3","V3E",17102,"2-4 cm",0,1000,0
"E3","V3E",17102,"4-6 cm",4,1000,0.004
"E3","V3E",17102,"6-8 cm",12,1000,0.012
"E3","V3E",17102,">8 cm",12,1000,0.012
"E3","V3E",17103,"<2 cm",976,1000,0.976
"E3","V3E",17103,"2-4 cm",0,1000,0
"E3","V3E",17103,"4-6 cm",12,1000,0.012
"E3","V3E",17103,"6-8 cm",12,1000,0.012
"E3","V3E",17103,">8 cm",0,1000,0
"E3","V3E",17104,"<2 cm",968,1000,0.968
"E3","V3E",17104,"2-4 cm",0,1000,0
"E3","V3E",17104,"4-6 cm",16,1000,0.016
"E3","V3E",17104,"6-8 cm",12,1000,0.012
"E3","V3E",17104,">8 cm",4,1000,0.004
"E3","V3E",17105,"<2 cm",976,1000,0.976
"E3","V3E",17105,"2-4 cm",0,1000,0
"E3","V3E",17105,"4-6 cm",4,1000,0.004
"E3","V3E",17105,"6-8 cm",16,1000,0.016
"E3","V3E",17105,">8 cm",4,1000,0.004
"E3","V3E",17106,"<2 cm",984,1000,0.984
"E3","V3E",17106,"2-4 cm",0,1000,0
"E3","V3E",17106,"4-6 cm",4,1000,0.004
"E3","V3E",17106,"6-8 cm",8,1000,0.008
"E3","V3E",17106,">8 cm",4,1000,0.004
"E3","V3E",17107,"<2 cm",984,1000,0.984
"E3","V3E",17107,"2-4 cm",0,1000,0
"E3","V3E",17107,"4-6 cm",0,1000,0
"E3","V3E",17107,"6-8 cm",12,1000,0.012
"E3","V3E",17107,">8 cm",4,1000,0.004
"E3","V3E",17108,"<2 cm",996,1000,0.996
"E3","V3E",17108,"2-4 cm",0,1000,0
"E3","V3E",17108,"4-6 cm",0,1000,0
"E3","V3E",17108,"6-8 cm",0,1000,0
"E3","V3E",17108,">8 cm",4,1000,0.004
"E3","V3E",17109,"<2 cm",976,1000,0.976
"E3","V3E",17109,"2-4 cm",0,1000,0
"E3","V3E",17109,"4-6 cm",8,1000,0.008
"E3","V3E",17109,"6-8 cm",8,1000,0.008
"E3","V3E",17109,">8 cm",8,1000,0.008
"E3","V3E",17110,"<2 cm",964,1000,0.964
"E3","V3E",17110,"2-4 cm",0,1000,0
"E3","V3E",17110,"4-6 cm",20,1000,0.02
"E3","V3E",17110,"6-8 cm",8,1000,0.008
"E3","V3E",17110,">8 cm",8,1000,0.008
"E3","V3E",18101,"<2 cm",36,2250,0.016
"E3","V3E",18101,"2-4 cm",0,2250,0
"E3","V3E",18101,"4-6 cm",9,2250,0.004
"E3","V3E",18101,"6-8 cm",0,2250,0
"E3","V3E",18101,">8 cm",2205,2250,0.98
"E3","V3E",18102,"<2 cm",20,1000,0.02
"E3","V3E",18102,"2-4 cm",0,1000,0
"E3","V3E",18102,"4-6 cm",0,1000,0
"E3","V3E",18102,"6-8 cm",0,1000,0
"E3","V3E",18102,">8 cm",980,1000,0.98
"E3","V3E",18103,"<2 cm",8,1000,0.008
"E3","V3E",18103,"2-4 cm",0,1000,0
"E3","V3E",18103,"4-6 cm",0,1000,0
"E3","V3E",18103,"6-8 cm",0,1000,0
"E3","V3E",18103,">8 cm",992,1000,0.992
"E3","V3E",18104,"<2 cm",8,1000,0.008
"E3","V3E",18104,"2-4 cm",0,1000,0
"E3","V3E",18104,"4-6 cm",0,1000,0
"E3","V3E",18104,"6-8 cm",0,1000,0
"E3","V3E",18104,">8 cm",992,1000,0.992
"E3","V3E",18105,"<2 cm",12,1000,0.012
"E3","V3E",18105,"2-4 cm",0,1000,0
"E3","V3E",18105,"4-6 cm",0,1000,0
"E3","V3E",18105,"6-8 cm",0,1000,0
"E3","V3E",18105,">8 cm",988,1000,0.988
"E3","V3E",18106,"<2 cm",8,1000,0.008
"E3","V3E",18106,"2-4 cm",0,1000,0
"E3","V3E",18106,"4-6 cm",0,1000,0
"E3","V3E",18106,"6-8 cm",0,1000,0
"E3","V3E",18106,">8 cm",992,1000,0.992
"E3","V3E",18107,"<2 cm",12,1000,0.012
"E3","V3E",18107,"2-4 cm",0,1000,0
"E3","V3E",18107,"4-6 cm",0,1000,0
"E3","V3E",18107,"6-8 cm",0,1000,0
"E3","V3E",18107,">8 cm",988,1000,0.988
"E3","V3E",18108,"<2 cm",12,1000,0.012
"E3","V3E",18108,"2-4 cm",0,1000,0
"E3","V3E",18108,"4-6 cm",0,1000,0
"E3","V3E",18108,"6-8 cm",0,1000,0
"E3","V3E",18108,">8 cm",988,1000,0.988
"E3","V3E",18109,"<2 cm",12,1000,0.012
"E3","V3E",18109,"2-4 cm",0,1000,0
"E3","V3E",18109,"4-6 cm",0,1000,0
"E3","V3E",18109,"6-8 cm",0,1000,0
"E3","V3E",18109,">8 cm",988,1000,0.988
"E3","V3E",18110,"<2 cm",20,1000,0.02
"E3","V3E",18110,"2-4 cm",0,1000,0
"E3","V3E",18110,"4-6 cm",0,1000,0
"E3","V3E",18110,"6-8 cm",0,1000,0
"E3","V3E",18110,">8 cm",980,1000,0.98
"E3","V3E",19101,"<2 cm",2034,2250,0.904
"E3","V3E",19101,"2-4 cm",0,2250,0
"E3","V3E",19101,"4-6 cm",0,2250,0
"E3","V3E",19101,"6-8 cm",0,2250,0
"E3","V3E",19101,">8 cm",216,2250,0.096
"E3","V3E",19102,"<2 cm",904,1000,0.904
"E3","V3E",19102,"2-4 cm",0,1000,0
"E3","V3E",19102,"4-6 cm",0,1000,0
"E3","V3E",19102,"6-8 cm",0,1000,0
"E3","V3E",19102,">8 cm",96,1000,0.096
"E3","V3E",19103,"<2 cm",904,1000,0.904
"E3","V3E",19103,"2-4 cm",0,1000,0
"E3","V3E",19103,"4-6 cm",0,1000,0
"E3","V3E",19103,"6-8 cm",0,1000,0
"E3","V3E",19103,">8 cm",96,1000,0.096
"E3","V3E",19104,"<2 cm",900,1000,0.9
"E3","V3E",19104,"2-4 cm",4,1000,0.004
"E3","V3E",19104,"4-6 cm",0,1000,0
"E3","V3E",19104,"6-8 cm",0,1000,0
"E3","V3E",19104,">8 cm",96,1000,0.096
"E3","V3E",19105,"<2 cm",908,1000,0.908
"E3","V3E",19105,"2-4 cm",0,1000,0
"E3","V3E",19105,"4-6 cm",4,1000,0.004
"E3","V3E",19105,"6-8 cm",0,1000,0
"E3","V3E",19105,">8 cm",88,1000,0.088
"E3","V3E",19106,"<2 cm",904,1000,0.904
"E3","V3E",19106,"2-4 cm",0,1000,0
"E3","V3E",19106,"4-6 cm",0,1000,0
"E3","V3E",19106,"6-8 cm",0,1000,0
"E3","V3E",19106,">8 cm",96,1000,0.096
"E3","V3E",19107,"<2 cm",892,1000,0.892
"E3","V3E",19107,"2-4 cm",0,1000,0
"E3","V3E",19107,"4-6 cm",4,1000,0.004
"E3","V3E",19107,"6-8 cm",0,1000,0
"E3","V3E",19107,">8 cm",104,1000,0.104
"E3","V3E",19108,"<2 cm",900,1000,0.9
"E3","V3E",19108,"2-4 cm",0,1000,0
"E3","V3E",19108,"4-6 cm",0,1000,0
"E3","V3E",19108,"6-8 cm",0,1000,0
"E3","V3E",19108,">8 cm",100,1000,0.1
"E3","V3E",19109,"<2 cm",904,1000,0.904
"E3","V3E",19109,"2-4 cm",0,1000,0
"E3","V3E",19109,"4-6 cm",4,1000,0.004
"E3","V3E",19109,"6-8 cm",0,1000,0
"E3","V3E",19109,">8 cm",92,1000,0.092
"E3","V3E",19110,"<2 cm",900,1000,0.9
"E3","V3E",19110,"2-4 cm",0,1000,0
"E3","V3E",19110,"4-6 cm",0,1000,0
"E3","V3E",19110,"6-8 cm",0,1000,0
"E3","V3E",19110,">8 cm",100,1000,0.1
"E3","V3E",20101,"<2 cm",1917,2250,0.852
"E3","V3E",20101,"2-4 cm",0,2250,0
"E3","V3E",20101,"4-6 cm",0,2250,0
"E3","V3E",20101,"6-8 cm",0,2250,0
"E3","V3E",20101,">8 cm",333,2250,0.148
"E3","V3E",20102,"<2 cm",840,1000,0.84
"E3","V3E",20102,"2-4 cm",0,1000,0
"E3","V3E",20102,"4-6 cm",0,1000,0
"E3","V3E",20102,"6-8 cm",0,1000,0
"E3","V3E",20102,">8 cm",160,1000,0.16
"E3","V3E",20103,"<2 cm",848,1000,0.848
"E3","V3E",20103,"2-4 cm",0,1000,0
"E3","V3E",20103,"4-6 cm",0,1000,0
"E3","V3E",20103,"6-8 cm",8,1000,0.008
"E3","V3E",20103,">8 cm",144,1000,0.144
"E3","V3E",20104,"<2 cm",856,1000,0.856
"E3","V3E",20104,"2-4 cm",0,1000,0
"E3","V3E",20104,"4-6 cm",0,1000,0
"E3","V3E",20104,"6-8 cm",4,1000,0.004
"E3","V3E",20104,">8 cm",140,1000,0.14
"E3","V3E",20105,"<2 cm",856,1000,0.856
"E3","V3E",20105,"2-4 cm",4,1000,0.004
"E3","V3E",20105,"4-6 cm",0,1000,0
"E3","V3E",20105,"6-8 cm",0,1000,0
"E3","V3E",20105,">8 cm",140,1000,0.14
"E3","V3E",20106,"<2 cm",852,1000,0.852
"E3","V3E",20106,"2-4 cm",0,1000,0
"E3","V3E",20106,"4-6 cm",0,1000,0
"E3","V3E",20106,"6-8 cm",0,1000,0
"E3","V3E",20106,">8 cm",148,1000,0.148
"E3","V3E",20107,"<2 cm",852,1000,0.852
"E3","V3E",20107,"2-4 cm",0,1000,0
"E3","V3E",20107,"4-6 cm",0,1000,0
"E3","V3E",20107,"6-8 cm",4,1000,0.004
"E3","V3E",20107,">8 cm",144,1000,0.144
"E3","V3E",20108,"<2 cm",840,1000,0.84
"E3","V3E",20108,"2-4 cm",0,1000,0
"E3","V3E",20108,"4-6 cm",0,1000,0
"E3","V3E",20108,"6-8 cm",8,1000,0.008
"E3","V3E",20108,">8 cm",152,1000,0.152
"E3","V3E",20109,"<2 cm",836,1000,0.836
"E3","V3E",20109,"2-4 cm",0,1000,0
"E3","V3E",20109,"4-6 cm",0,1000,0
"E3","V3E",20109,"6-8 cm",4,1000,0.004
"E3","V3E",20109,">8 cm",160,1000,0.16
"E3","V3E",20110,"<2 cm",852,1000,0.852
"E3","V3E",20110,"2-4 cm",4,1000,0.004
"E3","V3E",20110,"4-6 cm",0,1000,0
"E3","V3E",20110,"6-8 cm",0,1000,0
"E3","V3E",20110,">8 cm",144,1000,0.144
"E3","V3E",21101,"<2 cm",36,2250,0.016
"E3","V3E",21101,"2-4 cm",0,2250,0
"E3","V3E",21101,"4-6 cm",9,2250,0.004
"E3","V3E",21101,"6-8 cm",0,2250,0
"E3","V3E",21101,">8 cm",2205,2250,0.98
"E3","V3E",21102,"<2 cm",16,1000,0.016
"E3","V3E",21102,"2-4 cm",0,1000,0
"E3","V3E",21102,"4-6 cm",0,1000,0
"E3","V3E",21102,"6-8 cm",8,1000,0.008
"E3","V3E",21102,">8 cm",976,1000,0.976
"E3","V3E",21103,"<2 cm",16,1000,0.016
"E3","V3E",21103,"2-4 cm",0,1000,0
"E3","V3E",21103,"4-6 cm",4,1000,0.004
"E3","V3E",21103,"6-8 cm",8,1000,0.008
"E3","V3E",21103,">8 cm",972,1000,0.972
"E3","V3E",21104,"<2 cm",20,1000,0.02
"E3","V3E",21104,"2-4 cm",4,1000,0.004
"E3","V3E",21104,"4-6 cm",0,1000,0
"E3","V3E",21104,"6-8 cm",4,1000,0.004
"E3","V3E",21104,">8 cm",972,1000,0.972
"E3","V3E",21105,"<2 cm",16,1000,0.016
"E3","V3E",21105,"2-4 cm",0,1000,0
"E3","V3E",21105,"4-6 cm",4,1000,0.004
"E3","V3E",21105,"6-8 cm",8,1000,0.008
"E3","V3E",21105,">8 cm",972,1000,0.972
"E3","V3E",21106,"<2 cm",24,1000,0.024
"E3","V3E",21106,"2-4 cm",0,1000,0
"E3","V3E",21106,"4-6 cm",4,1000,0.004
"E3","V3E",21106,"6-8 cm",0,1000,0
"E3","V3E",21106,">8 cm",972,1000,0.972
"E3","V3E",21107,"<2 cm",16,1000,0.016
"E3","V3E",21107,"2-4 cm",0,1000,0
"E3","V3E",21107,"4-6 cm",0,1000,0
"E3","V3E",21107,"6-8 cm",12,1000,0.012
"E3","V3E",21107,">8 cm",972,1000,0.972
"E3","V3E",21108,"<2 cm",16,1000,0.016
"E3","V3E",21108,"2-4 cm",0,1000,0
"E3","V3E",21108,"4-6 cm",0,1000,0
"E3","V3E",21108,"6-8 cm",12,1000,0.012
"E3","V3E",21108,">8 cm",972,1000,0.972
"E3","V3E",21109,"<2 cm",20,1000,0.02
"E3","V3E",21109,"2-4 cm",0,1000,0
"E3","V3E",21109,"4-6 cm",0,1000,0
"E3","V3E",21109,"6-8 cm",8,1000,0.008
"E3","V3E",21109,">8 cm",972,1000,0.972
"E3","V3E",21110,"<2 cm",24,1000,0.024
"E3","V3E",21110,"2-4 cm",0,1000,0
"E3","V3E",21110,"4-6 cm",0,1000,0
"E3","V3E",21110,"6-8 cm",4,1000,0.004
"E3","V3E",21110,">8 cm",972,1000,0.972
"E3","V3E",22101,"<2 cm",2214,2250,0.984
"E3","V3E",22101,"2-4 cm",0,2250,0
"E3","V3E",22101,"4-6 cm",0,2250,0
"E3","V3E",22101,"6-8 cm",9,2250,0.004
"E3","V3E",22101,">8 cm",27,2250,0.012
"E3","V3E",22102,"<2 cm",992,1000,0.992
"E3","V3E",22102,"2-4 cm",0,1000,0
"E3","V3E",22102,"4-6 cm",0,1000,0
"E3","V3E",22102,"6-8 cm",0,1000,0
"E3","V3E",22102,">8 cm",8,1000,0.008
"E3","V3E",22103,"<2 cm",984,1000,0.984
"E3","V3E",22103,"2-4 cm",0,1000,0
"E3","V3E",22103,"4-6 cm",0,1000,0
"E3","V3E",22103,"6-8 cm",0,1000,0
"E3","V3E",22103,">8 cm",16,1000,0.016
"E3","V3E",22104,"<2 cm",988,1000,0.988
"E3","V3E",22104,"2-4 cm",0,1000,0
"E3","V3E",22104,"4-6 cm",0,1000,0
"E3","V3E",22104,"6-8 cm",0,1000,0
"E3","V3E",22104,">8 cm",12,1000,0.012
"E3","V3E",22105,"<2 cm",984,1000,0.984
"E3","V3E",22105,"2-4 cm",0,1000,0
"E3","V3E",22105,"4-6 cm",0,1000,0
"E3","V3E",22105,"6-8 cm",0,1000,0
"E3","V3E",22105,">8 cm",16,1000,0.016
"E3","V3E",22106,"<2 cm",984,1000,0.984
"E3","V3E",22106,"2-4 cm",4,1000,0.004
"E3","V3E",22106,"4-6 cm",0,1000,0
"E3","V3E",22106,"6-8 cm",0,1000,0
"E3","V3E",22106,">8 cm",12,1000,0.012
"E3","V3E",22107,"<2 cm",984,1000,0.984
"E3","V3E",22107,"2-4 cm",0,1000,0
"E3","V3E",22107,"4-6 cm",0,1000,0
"E3","V3E",22107,"6-8 cm",0,1000,0
"E3","V3E",22107,">8 cm",16,1000,0.016
"E3","V3E",22108,"<2 cm",984,1000,0.984
"E3","V3E",22108,"2-4 cm",0,1000,0
"E3","V3E",22108,"4-6 cm",0,1000,0
"E3","V3E",22108,"6-8 cm",0,1000,0
"E3","V3E",22108,">8 cm",16,1000,0.016
"E3","V3E",22109,"<2 cm",980,1000,0.98
"E3","V3E",22109,"2-4 cm",0,1000,0
"E3","V3E",22109,"4-6 cm",0,1000,0
"E3","V3E",22109,"6-8 cm",0,1000,0
"E3","V3E",22109,">8 cm",20,1000,0.02
"E3","V3E",22110,"<2 cm",988,1000,0.988
"E3","V3E",22110,"2-4 cm",0,1000,0
"E3","V3E",22110,"4-6 cm",0,1000,0
"E3","V3E",22110,"6-8 cm",0,1000,0
"E3","V3E",22110,">8 cm",12,1000,0.012
"E3","V3E",23101,"<2 cm",90,2250,0.04
"E3","V3E",23101,"2-4 cm",9,2250,0.004
"E3","V3E",23101,"4-6 cm",9,2250,0.004
"E3","V3E",23101,"6-8 cm",9,2250,0.004
"E3","V3E",23101,">8 cm",2133,2250,0.948
"E3","V3E",23102,"<2 cm",60,1000,0.06
"E3","V3E",23102,"2-4 cm",4,1000,0.004
"E3","V3E",23102,"4-6 cm",0,1000,0
"E3","V3E",23102,"6-8 cm",0,1000,0
"E3","V3E",23102,">8 cm",936,1000,0.936
"E3","V3E",23103,"<2 cm",44,1000,0.044
"E3","V3E",23103,"2-4 cm",4,1000,0.004
"E3","V3E",23103,"4-6 cm",4,1000,0.004
"E3","V3E",23103,"6-8 cm",4,1000,0.004
"E3","V3E",23103,">8 cm",944,1000,0.944
"E3","V3E",23104,"<2 cm",40,1000,0.04
"E3","V3E",23104,"2-4 cm",4,1000,0.004
"E3","V3E",23104,"4-6 cm",4,1000,0.004
"E3","V3E",23104,"6-8 cm",0,1000,0
"E3","V3E",23104,">8 cm",952,1000,0.952
"E3","V3E",23105,"<2 cm",52,1000,0.052
"E3","V3E",23105,"2-4 cm",0,1000,0
"E3","V3E",23105,"4-6 cm",8,1000,0.008
"E3","V3E",23105,"6-8 cm",0,1000,0
"E3","V3E",23105,">8 cm",940,1000,0.94
"E3","V3E",23106,"<2 cm",68,1000,0.068
"E3","V3E",23106,"2-4 cm",0,1000,0
"E3","V3E",23106,"4-6 cm",0,1000,0
"E3","V3E",23106,"6-8 cm",0,1000,0
"E3","V3E",23106,">8 cm",932,1000,0.932
"E3","V3E",23107,"<2 cm",44,1000,0.044
"E3","V3E",23107,"2-4 cm",4,1000,0.004
"E3","V3E",23107,"4-6 cm",12,1000,0.012
"E3","V3E",23107,"6-8 cm",0,1000,0
"E3","V3E",23107,">8 cm",940,1000,0.94
"E3","V3E",23108,"<2 cm",56,1000,0.056
"E3","V3E",23108,"2-4 cm",4,1000,0.004
"E3","V3E",23108,"4-6 cm",4,1000,0.004
"E3","V3E",23108,"6-8 cm",0,1000,0
"E3","V3E",23108,">8 cm",936,1000,0.936
"E3","V3E",23109,"<2 cm",52,1000,0.052
"E3","V3E",23109,"2-4 cm",0,1000,0
"E3","V3E",23109,"4-6 cm",8,1000,0.008
"E3","V3E",23109,"6-8 cm",4,1000,0.004
"E3","V3E",23109,">8 cm",936,1000,0.936
"E3","V3E",23110,"<2 cm",56,1000,0.056
"E3","V3E",23110,"2-4 cm",4,1000,0.004
"E3","V3E",23110,"4-6 cm",4,1000,0.004
"E3","V3E",23110,"6-8 cm",0,1000,0
"E3","V3E",23110,">8 cm",936,1000,0.936
"E3","V3E",24101,"<2 cm",2232,2250,0.992
"E3","V3E",24101,"2-4 cm",0,2250,0
"E3","V3E",24101,"4-6 cm",0,2250,0
"E3","V3E",24101,"6-8 cm",0,2250,0
"E3","V3E",24101,">8 cm",18,2250,0.008
"E3","V3E",24102,"<2 cm",988,1000,0.988
"E3","V3E",24102,"2-4 cm",0,1000,0
"E3","V3E",24102,"4-6 cm",0,1000,0
"E3","V3E",24102,"6-8 cm",0,1000,0
"E3","V3E",24102,">8 cm",12,1000,0.012
"E3","V3E",24103,"<2 cm",988,1000,0.988
"E3","V3E",24103,"2-4 cm",0,1000,0
"E3","V3E",24103,"4-6 cm",0,1000,0
"E3","V3E",24103,"6-8 cm",0,1000,0
"E3","V3E",24103,">8 cm",12,1000,0.012
"E3","V3E",24104,"<2 cm",996,1000,0.996
"E3","V3E",24104,"2-4 cm",0,1000,0
"E3","V3E",24104,"4-6 cm",0,1000,0
"E3","V3E",24104,"6-8 cm",0,1000,0
"E3","V3E",24104,">8 cm",4,1000,0.004
"E3","V3E",24105,"<2 cm",992,1000,0.992
"E3","V3E",24105,"2-4 cm",0,1000,0
"E3","V3E",24105,"4-6 cm",0,1000,0
"E3","V3E",24105,"6-8 cm",0,1000,0
"E3","V3E",24105,">8 cm",8,1000,0.008
"E3","V3E",24106,"<2 cm",992,1000,0.992
"E3","V3E",24106,"2-4 cm",0,1000,0
"E3","V3E",24106,"4-6 cm",0,1000,0
"E3","V3E",24106,"6-8 cm",0,1000,0
"E3","V3E",24106,">8 cm",8,1000,0.008
"E3","V3E",24107,"<2 cm",988,1000,0.988
"E3","V3E",24107,"2-4 cm",0,1000,0
"E3","V3E",24107,"4-6 cm",0,1000,0
"E3","V3E",24107,"6-8 cm",0,1000,0
"E3","V3E",24107,">8 cm",12,1000,0.012
"E3","V3E",24108,"<2 cm",976,1000,0.976
"E3","V3E",24108,"2-4 cm",0,1000,0
"E3","V3E",24108,"4-6 cm",0,1000,0
"E3","V3E",24108,"6-8 cm",0,1000,0
"E3","V3E",24108,">8 cm",24,1000,0.024
"E3","V3E",24109,"<2 cm",984,1000,0.984
"E3","V3E",24109,"2-4 cm",0,1000,0
"E3","V3E",24109,"4-6 cm",0,1000,0
"E3","V3E",24109,"6-8 cm",0,1000,0
"E3","V3E",24109,">8 cm",16,1000,0.016
"E3","V3E",24110,"<2 cm",988,1000,0.988
"E3","V3E",24110,"2-4 cm",0,1000,0
"E3","V3E",24110,"4-6 cm",0,1000,0
"E3","V3E",24110,"6-8 cm",0,1000,0
"E3","V3E",24110,">8 cm",12,1000,0.012
"E3","V3E",25101,"<2 cm",99,2250,0.044
"E3","V3E",25101,"2-4 cm",0,2250,0
"E3","V3E",25101,"4-6 cm",0,2250,0
"E3","V3E",25101,"6-8 cm",0,2250,0
"E3","V3E",25101,">8 cm",2151,2250,0.956
"E3","V3E",25102,"<2 cm",40,1000,0.04
"E3","V3E",25102,"2-4 cm",0,1000,0
"E3","V3E",25102,"4-6 cm",0,1000,0
"E3","V3E",25102,"6-8 cm",0,1000,0
"E3","V3E",25102,">8 cm",960,1000,0.96
"E3","V3E",25103,"<2 cm",40,1000,0.04
"E3","V3E",25103,"2-4 cm",0,1000,0
"E3","V3E",25103,"4-6 cm",0,1000,0
"E3","V3E",25103,"6-8 cm",0,1000,0
"E3","V3E",25103,">8 cm",960,1000,0.96
"E3","V3E",25104,"<2 cm",40,1000,0.04
"E3","V3E",25104,"2-4 cm",0,1000,0
"E3","V3E",25104,"4-6 cm",0,1000,0
"E3","V3E",25104,"6-8 cm",0,1000,0
"E3","V3E",25104,">8 cm",960,1000,0.96
"E3","V3E",25105,"<2 cm",40,1000,0.04
"E3","V3E",25105,"2-4 cm",0,1000,0
"E3","V3E",25105,"4-6 cm",0,1000,0
"E3","V3E",25105,"6-8 cm",0,1000,0
"E3","V3E",25105,">8 cm",960,1000,0.96
"E3","V3E",25106,"<2 cm",28,1000,0.028
"E3","V3E",25106,"2-4 cm",0,1000,0
"E3","V3E",25106,"4-6 cm",0,1000,0
"E3","V3E",25106,"6-8 cm",0,1000,0
"E3","V3E",25106,">8 cm",972,1000,0.972
"E3","V3E",25107,"<2 cm",32,1000,0.032
"E3","V3E",25107,"2-4 cm",0,1000,0
"E3","V3E",25107,"4-6 cm",0,1000,0
"E3","V3E",25107,"6-8 cm",0,1000,0
"E3","V3E",25107,">8 cm",968,1000,0.968
"E3","V3E",25108,"<2 cm",32,1000,0.032
"E3","V3E",25108,"2-4 cm",0,1000,0
"E3","V3E",25108,"4-6 cm",0,1000,0
"E3","V3E",25108,"6-8 cm",0,1000,0
"E3","V3E",25108,">8 cm",968,1000,0.968
"E3","V3E",25109,"<2 cm",32,1000,0.032
"E3","V3E",25109,"2-4 cm",0,1000,0
"E3","V3E",25109,"4-6 cm",0,1000,0
"E3","V3E",25109,"6-8 cm",4,1000,0.004
"E3","V3E",25109,">8 cm",964,1000,0.964
"E3","V3E",25110,"<2 cm",36,1000,0.036
"E3","V3E",25110,"2-4 cm",0,1000,0
"E3","V3E",25110,"4-6 cm",0,1000,0
"E3","V3E",25110,"6-8 cm",0,1000,0
"E3","V3E",25110,">8 cm",964,1000,0.964
"E3","V3E",26101,"<2 cm",549,2250,0.244
"E3","V3E",26101,"2-4 cm",576,2250,0.256
"E3","V3E",26101,"4-6 cm",441,2250,0.196
"E3","V3E",26101,"6-8 cm",450,2250,0.2
"E3","V3E",26101,">8 cm",234,2250,0.104
"E3","V3E",26102,"<2 cm",252,1000,0.252
"E3","V3E",26102,"2-4 cm",152,1000,0.152
"E3","V3E",26102,"4-6 cm",256,1000,0.256
"E3","V3E",26102,"6-8 cm",232,1000,0.232
"E3","V3E",26102,">8 cm",108,1000,0.108
"E3","V3E",26103,"<2 cm",268,1000,0.268
"E3","V3E",26103,"2-4 cm",192,1000,0.192
"E3","V3E",26103,"4-6 cm",212,1000,0.212
"E3","V3E",26103,"6-8 cm",224,1000,0.224
"E3","V3E",26103,">8 cm",104,1000,0.104
"E3","V3E",26104,"<2 cm",228,1000,0.228
"E3","V3E",26104,"2-4 cm",172,1000,0.172
"E3","V3E",26104,"4-6 cm",264,1000,0.264
"E3","V3E",26104,"6-8 cm",236,1000,0.236
"E3","V3E",26104,">8 cm",100,1000,0.1
"E3","V3E",26105,"<2 cm",292,1000,0.292
"E3","V3E",26105,"2-4 cm",164,1000,0.164
"E3","V3E",26105,"4-6 cm",224,1000,0.224
"E3","V3E",26105,"6-8 cm",196,1000,0.196
"E3","V3E",26105,">8 cm",124,1000,0.124
"E3","V3E",26106,"<2 cm",256,1000,0.256
"E3","V3E",26106,"2-4 cm",168,1000,0.168
"E3","V3E",26106,"4-6 cm",176,1000,0.176
"E3","V3E",26106,"6-8 cm",276,1000,0.276
"E3","V3E",26106,">8 cm",124,1000,0.124
"E3","V3E",26107,"<2 cm",228,1000,0.228
"E3","V3E",26107,"2-4 cm",216,1000,0.216
"E3","V3E",26107,"4-6 cm",216,1000,0.216
"E3","V3E",26107,"6-8 cm",212,1000,0.212
"E3","V3E",26107,">8 cm",128,1000,0.128
"E3","V3E",26108,"<2 cm",232,1000,0.232
"E3","V3E",26108,"2-4 cm",240,1000,0.24
"E3","V3E",26108,"4-6 cm",224,1000,0.224
"E3","V3E",26108,"6-8 cm",204,1000,0.204
"E3","V3E",26108,">8 cm",100,1000,0.1
"E3","V3E",26109,"<2 cm",232,1000,0.232
"E3","V3E",26109,"2-4 cm",216,1000,0.216
"E3","V3E",26109,"4-6 cm",224,1000,0.224
"E3","V3E",26109,"6-8 cm",196,1000,0.196
"E3","V3E",26109,">8 cm",132,1000,0.132
"E3","V3E",26110,"<2 cm",284,1000,0.284
"E3","V3E",26110,"2-4 cm",188,1000,0.188
"E3","V3E",26110,"4-6 cm",240,1000,0.24
"E3","V3E",26110,"6-8 cm",160,1000,0.16
"E3","V3E",26110,">8 cm",128,1000,0.128
"E3","V3E",27101,"<2 cm",1044,2250,0.464
"E3","V3E",27101,"2-4 cm",9,2250,0.004
"E3","V3E",27101,"4-6 cm",0,2250,0
"E3","V3E",27101,"6-8 cm",9,2250,0.004
"E3","V3E",27101,">8 cm",1188,2250,0.528
"E3","V3E",27102,"<2 cm",412,1000,0.412
"E3","V3E",27102,"2-4 cm",8,1000,0.008
"E3","V3E",27102,"4-6 cm",8,1000,0.008
"E3","V3E",27102,"6-8 cm",0,1000,0
"E3","V3E",27102,">8 cm",572,1000,0.572
"E3","V3E",27103,"<2 cm",444,1000,0.444
"E3","V3E",27103,"2-4 cm",4,1000,0.004
"E3","V3E",27103,"4-6 cm",8,1000,0.008
"E3","V3E",27103,"6-8 cm",4,1000,0.004
"E3","V3E",27103,">8 cm",540,1000,0.54
"E3","V3E",27104,"<2 cm",436,1000,0.436
"E3","V3E",27104,"2-4 cm",0,1000,0
"E3","V3E",27104,"4-6 cm",24,1000,0.024
"E3","V3E",27104,"6-8 cm",8,1000,0.008
"E3","V3E",27104,">8 cm",532,1000,0.532
"E3","V3E",27105,"<2 cm",452,1000,0.452
"E3","V3E",27105,"2-4 cm",12,1000,0.012
"E3","V3E",27105,"4-6 cm",8,1000,0.008
"E3","V3E",27105,"6-8 cm",0,1000,0
"E3","V3E",27105,">8 cm",528,1000,0.528
"E3","V3E",27106,"<2 cm",424,1000,0.424
"E3","V3E",27106,"2-4 cm",0,1000,0
"E3","V3E",27106,"4-6 cm",8,1000,0.008
"E3","V3E",27106,"6-8 cm",4,1000,0.004
"E3","V3E",27106,">8 cm",564,1000,0.564
"E3","V3E",27107,"<2 cm",416,1000,0.416
"E3","V3E",27107,"2-4 cm",12,1000,0.012
"E3","V3E",27107,"4-6 cm",16,1000,0.016
"E3","V3E",27107,"6-8 cm",0,1000,0
"E3","V3E",27107,">8 cm",556,1000,0.556
"E3","V3E",27108,"<2 cm",428,1000,0.428
"E3","V3E",27108,"2-4 cm",0,1000,0
"E3","V3E",27108,"4-6 cm",12,1000,0.012
"E3","V3E",27108,"6-8 cm",0,1000,0
"E3","V3E",27108,">8 cm",560,1000,0.56
"E3","V3E",27109,"<2 cm",436,1000,0.436
"E3","V3E",27109,"2-4 cm",4,1000,0.004
"E3","V3E",27109,"4-6 cm",12,1000,0.012
"E3","V3E",27109,"6-8 cm",8,1000,0.008
"E3","V3E",27109,">8 cm",540,1000,0.54
"E3","V3E",27110,"<2 cm",440,1000,0.44
"E3","V3E",27110,"2-4 cm",16,1000,0.016
"E3","V3E",27110,"4-6 cm",0,1000,0
"E3","V3E",27110,"6-8 cm",4,1000,0.004
"E3","V3E",27110,">8 cm",540,1000,0.54
"E3","V3E",28101,"<2 cm",954,2250,0.424
"E3","V3E",28101,"2-4 cm",567,2250,0.252
"E3","V3E",28101,"4-6 cm",18,2250,0.008
"E3","V3E",28101,"6-8 cm",405,2250,0.18
"E3","V3E",28101,">8 cm",306,2250,0.136
"E3","V3E",28102,"<2 cm",400,1000,0.4
"E3","V3E",28102,"2-4 cm",280,1000,0.28
"E3","V3E",28102,"4-6 cm",4,1000,0.004
"E3","V3E",28102,"6-8 cm",172,1000,0.172
"E3","V3E",28102,">8 cm",144,1000,0.144
"E3","V3E",28103,"<2 cm",404,1000,0.404
"E3","V3E",28103,"2-4 cm",256,1000,0.256
"E3","V3E",28103,"4-6 cm",12,1000,0.012
"E3","V3E",28103,"6-8 cm",200,1000,0.2
"E3","V3E",28103,">8 cm",128,1000,0.128
"E3","V3E",28104,"<2 cm",380,1000,0.38
"E3","V3E",28104,"2-4 cm",268,1000,0.268
"E3","V3E",28104,"4-6 cm",0,1000,0
"E3","V3E",28104,"6-8 cm",184,1000,0.184
"E3","V3E",28104,">8 cm",168,1000,0.168
"E3","V3E",28105,"<2 cm",372,1000,0.372
"E3","V3E",28105,"2-4 cm",304,1000,0.304
"E3","V3E",28105,"4-6 cm",4,1000,0.004
"E3","V3E",28105,"6-8 cm",196,1000,0.196
"E3","V3E",28105,">8 cm",124,1000,0.124
"E3","V3E",28106,"<2 cm",372,1000,0.372
"E3","V3E",28106,"2-4 cm",308,1000,0.308
"E3","V3E",28106,"4-6 cm",4,1000,0.004
"E3","V3E",28106,"6-8 cm",176,1000,0.176
"E3","V3E",28106,">8 cm",140,1000,0.14
"E3","V3E",28107,"<2 cm",448,1000,0.448
"E3","V3E",28107,"2-4 cm",236,1000,0.236
"E3","V3E",28107,"4-6 cm",4,1000,0.004
"E3","V3E",28107,"6-8 cm",168,1000,0.168
"E3","V3E",28107,">8 cm",144,1000,0.144
"E3","V3E",28108,"<2 cm",412,1000,0.412
"E3","V3E",28108,"2-4 cm",288,1000,0.288
"E3","V3E",28108,"4-6 cm",4,1000,0.004
"E3","V3E",28108,"6-8 cm",208,1000,0.208
"E3","V3E",28108,">8 cm",88,1000,0.088
"E3","V3E",28109,"<2 cm",424,1000,0.424
"E3","V3E",28109,"2-4 cm",288,1000,0.288
"E3","V3E",28109,"4-6 cm",12,1000,0.012
"E3","V3E",28109,"6-8 cm",148,1000,0.148
"E3","V3E",28109,">8 cm",128,1000,0.128
"E3","V3E",28110,"<2 cm",420,1000,0.42
"E3","V3E",28110,"2-4 cm",268,1000,0.268
"E3","V3E",28110,"4-6 cm",4,1000,0.004
"E3","V3E",28110,"6-8 cm",164,1000,0.164
"E3","V3E",28110,">8 cm",144,1000,0.144
"E3","V3E",29101,"<2 cm",171,2250,0.076
"E3","V3E",29101,"2-4 cm",36,2250,0.016
"E3","V3E",29101,"4-6 cm",0,2250,0
"E3","V3E",29101,"6-8 cm",54,2250,0.024
"E3","V3E",29101,">8 cm",1989,2250,0.884
"E3","V3E",29102,"<2 cm",72,1000,0.072
"E3","V3E",29102,"2-4 cm",16,1000,0.016
"E3","V3E",29102,"4-6 cm",4,1000,0.004
"E3","V3E",29102,"6-8 cm",20,1000,0.02
"E3","V3E",29102,">8 cm",888,1000,0.888
"E3","V3E",29103,"<2 cm",64,1000,0.064
"E3","V3E",29103,"2-4 cm",12,1000,0.012
"E3","V3E",29103,"4-6 cm",8,1000,0.008
"E3","V3E",29103,"6-8 cm",20,1000,0.02
"E3","V3E",29103,">8 cm",896,1000,0.896
"E3","V3E",29104,"<2 cm",76,1000,0.076
"E3","V3E",29104,"2-4 cm",8,1000,0.008
"E3","V3E",29104,"4-6 cm",12,1000,0.012
"E3","V3E",29104,"6-8 cm",16,1000,0.016
"E3","V3E",29104,">8 cm",888,1000,0.888
"E3","V3E",29105,"<2 cm",92,1000,0.092
"E3","V3E",29105,"2-4 cm",8,1000,0.008
"E3","V3E",29105,"4-6 cm",0,1000,0
"E3","V3E",29105,"6-8 cm",12,1000,0.012
"E3","V3E",29105,">8 cm",888,1000,0.888
"E3","V3E",29106,"<2 cm",76,1000,0.076
"E3","V3E",29106,"2-4 cm",24,1000,0.024
"E3","V3E",29106,"4-6 cm",4,1000,0.004
"E3","V3E",29106,"6-8 cm",16,1000,0.016
"E3","V3E",29106,">8 cm",880,1000,0.88
"E3","V3E",29107,"<2 cm",92,1000,0.092
"E3","V3E",29107,"2-4 cm",8,1000,0.008
"E3","V3E",29107,"4-6 cm",4,1000,0.004
"E3","V3E",29107,"6-8 cm",12,1000,0.012
"E3","V3E",29107,">8 cm",884,1000,0.884
"E3","V3E",29108,"<2 cm",64,1000,0.064
"E3","V3E",29108,"2-4 cm",12,1000,0.012
"E3","V3E",29108,"4-6 cm",4,1000,0.004
"E3","V3E",29108,"6-8 cm",20,1000,0.02
"E3","V3E",29108,">8 cm",900,1000,0.9
"E3","V3E",29109,"<2 cm",80,1000,0.08
"E3","V3E",29109,"2-4 cm",20,1000,0.02
"E3","V3E",29109,"4-6 cm",0,1000,0
"E3","V3E",29109,"6-8 cm",12,1000,0.012
"E3","V3E",29109,">8 cm",888,1000,0.888
"E3","V3E",29110,"<2 cm",84,1000,0.084
"E3","V3E",29110,"2-4 cm",4,1000,0.004
"E3","V3E",29110,"4-6 cm",0,1000,0
"E3","V3E",29110,"6-8 cm",16,1000,0.016
"E3","V3E",29110,">8 cm",896,1000,0.896
"E3","V3E",30101,"<2 cm",2205,2250,0.98
"E3","V3E",30101,"2-4 cm",9,2250,0.004
"E3","V3E",30101,"4-6 cm",9,2250,0.004
"E3","V3E",30101,"6-8 cm",9,2250,0.004
"E3","V3E",30101,">8 cm",18,2250,0.008
"E3","V3E",30102,"<2 cm",972,1000,0.972
"E3","V3E",30102,"2-4 cm",8,1000,0.008
"E3","V3E",30102,"4-6 cm",4,1000,0.004
"E3","V3E",30102,"6-8 cm",0,1000,0
"E3","V3E",30102,">8 cm",16,1000,0.016
"E3","V3E",30103,"<2 cm",984,1000,0.984
"E3","V3E",30103,"2-4 cm",0,1000,0
"E3","V3E",30103,"4-6 cm",4,1000,0.004
"E3","V3E",30103,"6-8 cm",0,1000,0
"E3","V3E",30103,">8 cm",12,1000,0.012
"E3","V3E",30104,"<2 cm",964,1000,0.964
"E3","V3E",30104,"2-4 cm",16,1000,0.016
"E3","V3E",30104,"4-6 cm",4,1000,0.004
"E3","V3E",30104,"6-8 cm",0,1000,0
"E3","V3E",30104,">8 cm",16,1000,0.016
"E3","V3E",30105,"<2 cm",972,1000,0.972
"E3","V3E",30105,"2-4 cm",4,1000,0.004
"E3","V3E",30105,"4-6 cm",4,1000,0.004
"E3","V3E",30105,"6-8 cm",4,1000,0.004
"E3","V3E",30105,">8 cm",16,1000,0.016
"E3","V3E",30106,"<2 cm",972,1000,0.972
"E3","V3E",30106,"2-4 cm",8,1000,0.008
"E3","V3E",30106,"4-6 cm",4,1000,0.004
"E3","V3E",30106,"6-8 cm",0,1000,0
"E3","V3E",30106,">8 cm",16,1000,0.016
"E3","V3E",30107,"<2 cm",980,1000,0.98
"E3","V3E",30107,"2-4 cm",8,1000,0.008
"E3","V3E",30107,"4-6 cm",0,1000,0
"E3","V3E",30107,"6-8 cm",0,1000,0
"E3","V3E",30107,">8 cm",12,1000,0.012
"E3","V3E",30108,"<2 cm",972,1000,0.972
"E3","V3E",30108,"2-4 cm",8,1000,0.008
"E3","V3E",30108,"4-6 cm",0,1000,0
"E3","V3E",30108,"6-8 cm",4,1000,0.004
"E3","V3E",30108,">8 cm",16,1000,0.016
"E3","V3E",30109,"<2 cm",968,1000,0.968
"E3","V3E",30109,"2-4 cm",0,1000,0
"E3","V3E",30109,"4-6 cm",8,1000,0.008
"E3","V3E",30109,"6-8 cm",0,1000,0
"E3","V3E",30109,">8 cm",24,1000,0.024
"E3","V3E",30110,"<2 cm",968,1000,0.968
"E3","V3E",30110,"2-4 cm",12,1000,0.012
"E3","V3E",30110,"4-6 cm",0,1000,0
"E3","V3E",30110,"6-8 cm",4,1000,0.004
"E3","V3E",30110,">8 cm",16,1000,0.016
"E3","V3F",1101,"<2 cm",2232,2250,0.992
"E3","V3F",1101,"2-4 cm",9,2250,0.004
"E3","V3F",1101,"4-6 cm",0,2250,0
"E3","V3F",1101,"6-8 cm",0,2250,0
"E3","V3F",1101,">8 cm",9,2250,0.004
"E3","V3F",1102,"<2 cm",992,1000,0.992
"E3","V3F",1102,"2-4 cm",0,1000,0
"E3","V3F",1102,"4-6 cm",4,1000,0.004
"E3","V3F",1102,"6-8 cm",0,1000,0
"E3","V3F",1102,">8 cm",4,1000,0.004
"E3","V3F",1103,"<2 cm",992,1000,0.992
"E3","V3F",1103,"2-4 cm",0,1000,0
"E3","V3F",1103,"4-6 cm",0,1000,0
"E3","V3F",1103,"6-8 cm",0,1000,0
"E3","V3F",1103,">8 cm",8,1000,0.008
"E3","V3F",1104,"<2 cm",992,1000,0.992
"E3","V3F",1104,"2-4 cm",0,1000,0
"E3","V3F",1104,"4-6 cm",0,1000,0
"E3","V3F",1104,"6-8 cm",8,1000,0.008
"E3","V3F",1104,">8 cm",0,1000,0
"E3","V3F",1105,"<2 cm",984,1000,0.984
"E3","V3F",1105,"2-4 cm",0,1000,0
"E3","V3F",1105,"4-6 cm",4,1000,0.004
"E3","V3F",1105,"6-8 cm",0,1000,0
"E3","V3F",1105,">8 cm",12,1000,0.012
"E3","V3F",1106,"<2 cm",992,1000,0.992
"E3","V3F",1106,"2-4 cm",0,1000,0
"E3","V3F",1106,"4-6 cm",0,1000,0
"E3","V3F",1106,"6-8 cm",4,1000,0.004
"E3","V3F",1106,">8 cm",4,1000,0.004
"E3","V3F",1107,"<2 cm",992,1000,0.992
"E3","V3F",1107,"2-4 cm",0,1000,0
"E3","V3F",1107,"4-6 cm",0,1000,0
"E3","V3F",1107,"6-8 cm",0,1000,0
"E3","V3F",1107,">8 cm",8,1000,0.008
"E3","V3F",1108,"<2 cm",992,1000,0.992
"E3","V3F",1108,"2-4 cm",0,1000,0
"E3","V3F",1108,"4-6 cm",4,1000,0.004
"E3","V3F",1108,"6-8 cm",0,1000,0
"E3","V3F",1108,">8 cm",4,1000,0.004
"E3","V3F",1109,"<2 cm",992,1000,0.992
"E3","V3F",1109,"2-4 cm",0,1000,0
"E3","V3F",1109,"4-6 cm",0,1000,0
"E3","V3F",1109,"6-8 cm",0,1000,0
"E3","V3F",1109,">8 cm",8,1000,0.008
"E3","V3F",1110,"<2 cm",988,1000,0.988
"E3","V3F",1110,"2-4 cm",8,1000,0.008
"E3","V3F",1110,"4-6 cm",0,1000,0
"E3","V3F",1110,"6-8 cm",0,1000,0
"E3","V3F",1110,">8 cm",4,1000,0.004
"E3","V3F",2101,"<2 cm",18,2250,0.008
"E3","V3F",2101,"2-4 cm",18,2250,0.008
"E3","V3F",2101,"4-6 cm",0,2250,0
"E3","V3F",2101,"6-8 cm",18,2250,0.008
"E3","V3F",2101,">8 cm",2196,2250,0.976
"E3","V3F",2102,"<2 cm",20,1000,0.02
"E3","V3F",2102,"2-4 cm",12,1000,0.012
"E3","V3F",2102,"4-6 cm",4,1000,0.004
"E3","V3F",2102,"6-8 cm",0,1000,0
"E3","V3F",2102,">8 cm",964,1000,0.964
"E3","V3F",2103,"<2 cm",4,1000,0.004
"E3","V3F",2103,"2-4 cm",12,1000,0.012
"E3","V3F",2103,"4-6 cm",4,1000,0.004
"E3","V3F",2103,"6-8 cm",12,1000,0.012
"E3","V3F",2103,">8 cm",968,1000,0.968
"E3","V3F",2104,"<2 cm",20,1000,0.02
"E3","V3F",2104,"2-4 cm",0,1000,0
"E3","V3F",2104,"4-6 cm",4,1000,0.004
"E3","V3F",2104,"6-8 cm",8,1000,0.008
"E3","V3F",2104,">8 cm",968,1000,0.968
"E3","V3F",2105,"<2 cm",8,1000,0.008
"E3","V3F",2105,"2-4 cm",0,1000,0
"E3","V3F",2105,"4-6 cm",8,1000,0.008
"E3","V3F",2105,"6-8 cm",4,1000,0.004
"E3","V3F",2105,">8 cm",980,1000,0.98
"E3","V3F",2106,"<2 cm",12,1000,0.012
"E3","V3F",2106,"2-4 cm",4,1000,0.004
"E3","V3F",2106,"4-6 cm",4,1000,0.004
"E3","V3F",2106,"6-8 cm",8,1000,0.008
"E3","V3F",2106,">8 cm",972,1000,0.972
"E3","V3F",2107,"<2 cm",12,1000,0.012
"E3","V3F",2107,"2-4 cm",8,1000,0.008
"E3","V3F",2107,"4-6 cm",0,1000,0
"E3","V3F",2107,"6-8 cm",12,1000,0.012
"E3","V3F",2107,">8 cm",968,1000,0.968
"E3","V3F",2108,"<2 cm",16,1000,0.016
"E3","V3F",2108,"2-4 cm",4,1000,0.004
"E3","V3F",2108,"4-6 cm",4,1000,0.004
"E3","V3F",2108,"6-8 cm",4,1000,0.004
"E3","V3F",2108,">8 cm",972,1000,0.972
"E3","V3F",2109,"<2 cm",20,1000,0.02
"E3","V3F",2109,"2-4 cm",0,1000,0
"E3","V3F",2109,"4-6 cm",4,1000,0.004
"E3","V3F",2109,"6-8 cm",8,1000,0.008
"E3","V3F",2109,">8 cm",968,1000,0.968
"E3","V3F",2110,"<2 cm",12,1000,0.012
"E3","V3F",2110,"2-4 cm",8,1000,0.008
"E3","V3F",2110,"4-6 cm",4,1000,0.004
"E3","V3F",2110,"6-8 cm",4,1000,0.004
"E3","V3F",2110,">8 cm",972,1000,0.972
"E3","V3F",3101,"<2 cm",1431,2250,0.636
"E3","V3F",3101,"2-4 cm",9,2250,0.004
"E3","V3F",3101,"4-6 cm",0,2250,0
"E3","V3F",3101,"6-8 cm",81,2250,0.036
"E3","V3F",3101,">8 cm",729,2250,0.324
"E3","V3F",3102,"<2 cm",652,1000,0.652
"E3","V3F",3102,"2-4 cm",0,1000,0
"E3","V3F",3102,"4-6 cm",0,1000,0
"E3","V3F",3102,"6-8 cm",40,1000,0.04
"E3","V3F",3102,">8 cm",308,1000,0.308
"E3","V3F",3103,"<2 cm",648,1000,0.648
"E3","V3F",3103,"2-4 cm",8,1000,0.008
"E3","V3F",3103,"4-6 cm",4,1000,0.004
"E3","V3F",3103,"6-8 cm",16,1000,0.016
"E3","V3F",3103,">8 cm",324,1000,0.324
"E3","V3F",3104,"<2 cm",636,1000,0.636
"E3","V3F",3104,"2-4 cm",8,1000,0.008
"E3","V3F",3104,"4-6 cm",4,1000,0.004
"E3","V3F",3104,"6-8 cm",28,1000,0.028
"E3","V3F",3104,">8 cm",324,1000,0.324
"E3","V3F",3105,"<2 cm",664,1000,0.664
"E3","V3F",3105,"2-4 cm",0,1000,0
"E3","V3F",3105,"4-6 cm",4,1000,0.004
"E3","V3F",3105,"6-8 cm",20,1000,0.02
"E3","V3F",3105,">8 cm",312,1000,0.312
"E3","V3F",3106,"<2 cm",652,1000,0.652
"E3","V3F",3106,"2-4 cm",4,1000,0.004
"E3","V3F",3106,"4-6 cm",8,1000,0.008
"E3","V3F",3106,"6-8 cm",48,1000,0.048
"E3","V3F",3106,">8 cm",288,1000,0.288
"E3","V3F",3107,"<2 cm",680,1000,0.68
"E3","V3F",3107,"2-4 cm",4,1000,0.004
"E3","V3F",3107,"4-6 cm",0,1000,0
"E3","V3F",3107,"6-8 cm",20,1000,0.02
"E3","V3F",3107,">8 cm",296,1000,0.296
"E3","V3F",3108,"<2 cm",636,1000,0.636
"E3","V3F",3108,"2-4 cm",4,1000,0.004
"E3","V3F",3108,"4-6 cm",4,1000,0.004
"E3","V3F",3108,"6-8 cm",36,1000,0.036
"E3","V3F",3108,">8 cm",320,1000,0.32
"E3","V3F",3109,"<2 cm",676,1000,0.676
"E3","V3F",3109,"2-4 cm",4,1000,0.004
"E3","V3F",3109,"4-6 cm",0,1000,0
"E3","V3F",3109,"6-8 cm",8,1000,0.008
"E3","V3F",3109,">8 cm",312,1000,0.312
"E3","V3F",3110,"<2 cm",660,1000,0.66
"E3","V3F",3110,"2-4 cm",12,1000,0.012
"E3","V3F",3110,"4-6 cm",4,1000,0.004
"E3","V3F",3110,"6-8 cm",20,1000,0.02
"E3","V3F",3110,">8 cm",304,1000,0.304
"E3","V3F",4101,"<2 cm",2214,2250,0.984
"E3","V3F",4101,"2-4 cm",0,2250,0
"E3","V3F",4101,"4-6 cm",0,2250,0
"E3","V3F",4101,"6-8 cm",0,2250,0
"E3","V3F",4101,">8 cm",36,2250,0.016
"E3","V3F",4102,"<2 cm",984,1000,0.984
"E3","V3F",4102,"2-4 cm",0,1000,0
"E3","V3F",4102,"4-6 cm",0,1000,0
"E3","V3F",4102,"6-8 cm",0,1000,0
"E3","V3F",4102,">8 cm",16,1000,0.016
"E3","V3F",4103,"<2 cm",988,1000,0.988
"E3","V3F",4103,"2-4 cm",0,1000,0
"E3","V3F",4103,"4-6 cm",0,1000,0
"E3","V3F",4103,"6-8 cm",0,1000,0
"E3","V3F",4103,">8 cm",12,1000,0.012
"E3","V3F",4104,"<2 cm",988,1000,0.988
"E3","V3F",4104,"2-4 cm",0,1000,0
"E3","V3F",4104,"4-6 cm",0,1000,0
"E3","V3F",4104,"6-8 cm",0,1000,0
"E3","V3F",4104,">8 cm",12,1000,0.012
"E3","V3F",4105,"<2 cm",988,1000,0.988
"E3","V3F",4105,"2-4 cm",0,1000,0
"E3","V3F",4105,"4-6 cm",0,1000,0
"E3","V3F",4105,"6-8 cm",0,1000,0
"E3","V3F",4105,">8 cm",12,1000,0.012
"E3","V3F",4106,"<2 cm",984,1000,0.984
"E3","V3F",4106,"2-4 cm",0,1000,0
"E3","V3F",4106,"4-6 cm",0,1000,0
"E3","V3F",4106,"6-8 cm",0,1000,0
"E3","V3F",4106,">8 cm",16,1000,0.016
"E3","V3F",4107,"<2 cm",984,1000,0.984
"E3","V3F",4107,"2-4 cm",0,1000,0
"E3","V3F",4107,"4-6 cm",0,1000,0
"E3","V3F",4107,"6-8 cm",0,1000,0
"E3","V3F",4107,">8 cm",16,1000,0.016
"E3","V3F",4108,"<2 cm",972,1000,0.972
"E3","V3F",4108,"2-4 cm",0,1000,0
"E3","V3F",4108,"4-6 cm",0,1000,0
"E3","V3F",4108,"6-8 cm",0,1000,0
"E3","V3F",4108,">8 cm",28,1000,0.028
"E3","V3F",4109,"<2 cm",980,1000,0.98
"E3","V3F",4109,"2-4 cm",0,1000,0
"E3","V3F",4109,"4-6 cm",0,1000,0
"E3","V3F",4109,"6-8 cm",0,1000,0
"E3","V3F",4109,">8 cm",20,1000,0.02
"E3","V3F",4110,"<2 cm",980,1000,0.98
"E3","V3F",4110,"2-4 cm",0,1000,0
"E3","V3F",4110,"4-6 cm",0,1000,0
"E3","V3F",4110,"6-8 cm",0,1000,0
"E3","V3F",4110,">8 cm",20,1000,0.02
"E3","V3F",5101,"<2 cm",2187,2250,0.972
"E3","V3F",5101,"2-4 cm",18,2250,0.008
"E3","V3F",5101,"4-6 cm",0,2250,0
"E3","V3F",5101,"6-8 cm",0,2250,0
"E3","V3F",5101,">8 cm",45,2250,0.02
"E3","V3F",5102,"<2 cm",988,1000,0.988
"E3","V3F",5102,"2-4 cm",0,1000,0
"E3","V3F",5102,"4-6 cm",0,1000,0
"E3","V3F",5102,"6-8 cm",4,1000,0.004
"E3","V3F",5102,">8 cm",8,1000,0.008
"E3","V3F",5103,"<2 cm",980,1000,0.98
"E3","V3F",5103,"2-4 cm",8,1000,0.008
"E3","V3F",5103,"4-6 cm",0,1000,0
"E3","V3F",5103,"6-8 cm",0,1000,0
"E3","V3F",5103,">8 cm",12,1000,0.012
"E3","V3F",5104,"<2 cm",992,1000,0.992
"E3","V3F",5104,"2-4 cm",4,1000,0.004
"E3","V3F",5104,"4-6 cm",0,1000,0
"E3","V3F",5104,"6-8 cm",0,1000,0
"E3","V3F",5104,">8 cm",4,1000,0.004
"E3","V3F",5105,"<2 cm",980,1000,0.98
"E3","V3F",5105,"2-4 cm",12,1000,0.012
"E3","V3F",5105,"4-6 cm",0,1000,0
"E3","V3F",5105,"6-8 cm",4,1000,0.004
"E3","V3F",5105,">8 cm",4,1000,0.004
"E3","V3F",5106,"<2 cm",980,1000,0.98
"E3","V3F",5106,"2-4 cm",4,1000,0.004
"E3","V3F",5106,"4-6 cm",8,1000,0.008
"E3","V3F",5106,"6-8 cm",0,1000,0
"E3","V3F",5106,">8 cm",8,1000,0.008
"E3","V3F",5107,"<2 cm",972,1000,0.972
"E3","V3F",5107,"2-4 cm",12,1000,0.012
"E3","V3F",5107,"4-6 cm",4,1000,0.004
"E3","V3F",5107,"6-8 cm",4,1000,0.004
"E3","V3F",5107,">8 cm",8,1000,0.008
"E3","V3F",5108,"<2 cm",976,1000,0.976
"E3","V3F",5108,"2-4 cm",4,1000,0.004
"E3","V3F",5108,"4-6 cm",0,1000,0
"E3","V3F",5108,"6-8 cm",0,1000,0
"E3","V3F",5108,">8 cm",20,1000,0.02
"E3","V3F",5109,"<2 cm",976,1000,0.976
"E3","V3F",5109,"2-4 cm",16,1000,0.016
"E3","V3F",5109,"4-6 cm",0,1000,0
"E3","V3F",5109,"6-8 cm",0,1000,0
"E3","V3F",5109,">8 cm",8,1000,0.008
"E3","V3F",5110,"<2 cm",976,1000,0.976
"E3","V3F",5110,"2-4 cm",12,1000,0.012
"E3","V3F",5110,"4-6 cm",0,1000,0
"E3","V3F",5110,"6-8 cm",0,1000,0
"E3","V3F",5110,">8 cm",12,1000,0.012
"E3","V3F",6101,"<2 cm",2034,2250,0.904
"E3","V3F",6101,"2-4 cm",18,2250,0.008
"E3","V3F",6101,"4-6 cm",9,2250,0.004
"E3","V3F",6101,"6-8 cm",0,2250,0
"E3","V3F",6101,">8 cm",189,2250,0.084
"E3","V3F",6102,"<2 cm",904,1000,0.904
"E3","V3F",6102,"2-4 cm",4,1000,0.004
"E3","V3F",6102,"4-6 cm",0,1000,0
"E3","V3F",6102,"6-8 cm",0,1000,0
"E3","V3F",6102,">8 cm",92,1000,0.092
"E3","V3F",6103,"<2 cm",912,1000,0.912
"E3","V3F",6103,"2-4 cm",8,1000,0.008
"E3","V3F",6103,"4-6 cm",0,1000,0
"E3","V3F",6103,"6-8 cm",0,1000,0
"E3","V3F",6103,">8 cm",80,1000,0.08
"E3","V3F",6104,"<2 cm",916,1000,0.916
"E3","V3F",6104,"2-4 cm",4,1000,0.004
"E3","V3F",6104,"4-6 cm",0,1000,0
"E3","V3F",6104,"6-8 cm",0,1000,0
"E3","V3F",6104,">8 cm",80,1000,0.08
"E3","V3F",6105,"<2 cm",904,1000,0.904
"E3","V3F",6105,"2-4 cm",4,1000,0.004
"E3","V3F",6105,"4-6 cm",0,1000,0
"E3","V3F",6105,"6-8 cm",8,1000,0.008
"E3","V3F",6105,">8 cm",84,1000,0.084
"E3","V3F",6106,"<2 cm",908,1000,0.908
"E3","V3F",6106,"2-4 cm",8,1000,0.008
"E3","V3F",6106,"4-6 cm",0,1000,0
"E3","V3F",6106,"6-8 cm",8,1000,0.008
"E3","V3F",6106,">8 cm",76,1000,0.076
"E3","V3F",6107,"<2 cm",900,1000,0.9
"E3","V3F",6107,"2-4 cm",8,1000,0.008
"E3","V3F",6107,"4-6 cm",4,1000,0.004
"E3","V3F",6107,"6-8 cm",0,1000,0
"E3","V3F",6107,">8 cm",88,1000,0.088
"E3","V3F",6108,"<2 cm",896,1000,0.896
"E3","V3F",6108,"2-4 cm",12,1000,0.012
"E3","V3F",6108,"4-6 cm",0,1000,0
"E3","V3F",6108,"6-8 cm",0,1000,0
"E3","V3F",6108,">8 cm",92,1000,0.092
"E3","V3F",6109,"<2 cm",904,1000,0.904
"E3","V3F",6109,"2-4 cm",8,1000,0.008
"E3","V3F",6109,"4-6 cm",4,1000,0.004
"E3","V3F",6109,"6-8 cm",4,1000,0.004
"E3","V3F",6109,">8 cm",80,1000,0.08
"E3","V3F",6110,"<2 cm",904,1000,0.904
"E3","V3F",6110,"2-4 cm",8,1000,0.008
"E3","V3F",6110,"4-6 cm",0,1000,0
"E3","V3F",6110,"6-8 cm",4,1000,0.004
"E3","V3F",6110,">8 cm",84,1000,0.084
"E3","V3F",7101,"<2 cm",2241,2250,0.996
"E3","V3F",7101,"2-4 cm",0,2250,0
"E3","V3F",7101,"4-6 cm",0,2250,0
"E3","V3F",7101,"6-8 cm",0,2250,0
"E3","V3F",7101,">8 cm",9,2250,0.004
"E3","V3F",7102,"<2 cm",996,1000,0.996
"E3","V3F",7102,"2-4 cm",0,1000,0
"E3","V3F",7102,"4-6 cm",0,1000,0
"E3","V3F",7102,"6-8 cm",0,1000,0
"E3","V3F",7102,">8 cm",4,1000,0.004
"E3","V3F",7103,"<2 cm",996,1000,0.996
"E3","V3F",7103,"2-4 cm",0,1000,0
"E3","V3F",7103,"4-6 cm",0,1000,0
"E3","V3F",7103,"6-8 cm",0,1000,0
"E3","V3F",7103,">8 cm",4,1000,0.004
"E3","V3F",7104,"<2 cm",996,1000,0.996
"E3","V3F",7104,"2-4 cm",0,1000,0
"E3","V3F",7104,"4-6 cm",0,1000,0
"E3","V3F",7104,"6-8 cm",0,1000,0
"E3","V3F",7104,">8 cm",4,1000,0.004
"E3","V3F",7105,"<2 cm",996,1000,0.996
"E3","V3F",7105,"2-4 cm",0,1000,0
"E3","V3F",7105,"4-6 cm",0,1000,0
"E3","V3F",7105,"6-8 cm",0,1000,0
"E3","V3F",7105,">8 cm",4,1000,0.004
"E3","V3F",7106,"<2 cm",996,1000,0.996
"E3","V3F",7106,"2-4 cm",0,1000,0
"E3","V3F",7106,"4-6 cm",0,1000,0
"E3","V3F",7106,"6-8 cm",0,1000,0
"E3","V3F",7106,">8 cm",4,1000,0.004
"E3","V3F",7107,"<2 cm",992,1000,0.992
"E3","V3F",7107,"2-4 cm",0,1000,0
"E3","V3F",7107,"4-6 cm",0,1000,0
"E3","V3F",7107,"6-8 cm",0,1000,0
"E3","V3F",7107,">8 cm",8,1000,0.008
"E3","V3F",7108,"<2 cm",996,1000,0.996
"E3","V3F",7108,"2-4 cm",0,1000,0
"E3","V3F",7108,"4-6 cm",0,1000,0
"E3","V3F",7108,"6-8 cm",0,1000,0
"E3","V3F",7108,">8 cm",4,1000,0.004
"E3","V3F",7109,"<2 cm",996,1000,0.996
"E3","V3F",7109,"2-4 cm",0,1000,0
"E3","V3F",7109,"4-6 cm",0,1000,0
"E3","V3F",7109,"6-8 cm",0,1000,0
"E3","V3F",7109,">8 cm",4,1000,0.004
"E3","V3F",7110,"<2 cm",996,1000,0.996
"E3","V3F",7110,"2-4 cm",0,1000,0
"E3","V3F",7110,"4-6 cm",0,1000,0
"E3","V3F",7110,"6-8 cm",0,1000,0
"E3","V3F",7110,">8 cm",4,1000,0.004
"E3","V3F",8101,"<2 cm",2223,2250,0.988
"E3","V3F",8101,"2-4 cm",0,2250,0
"E3","V3F",8101,"4-6 cm",0,2250,0
"E3","V3F",8101,"6-8 cm",0,2250,0
"E3","V3F",8101,">8 cm",27,2250,0.012
"E3","V3F",8102,"<2 cm",984,1000,0.984
"E3","V3F",8102,"2-4 cm",0,1000,0
"E3","V3F",8102,"4-6 cm",0,1000,0
"E3","V3F",8102,"6-8 cm",0,1000,0
"E3","V3F",8102,">8 cm",16,1000,0.016
"E3","V3F",8103,"<2 cm",976,1000,0.976
"E3","V3F",8103,"2-4 cm",8,1000,0.008
"E3","V3F",8103,"4-6 cm",0,1000,0
"E3","V3F",8103,"6-8 cm",0,1000,0
"E3","V3F",8103,">8 cm",16,1000,0.016
"E3","V3F",8104,"<2 cm",984,1000,0.984
"E3","V3F",8104,"2-4 cm",0,1000,0
"E3","V3F",8104,"4-6 cm",0,1000,0
"E3","V3F",8104,"6-8 cm",0,1000,0
"E3","V3F",8104,">8 cm",16,1000,0.016
"E3","V3F",8105,"<2 cm",980,1000,0.98
"E3","V3F",8105,"2-4 cm",8,1000,0.008
"E3","V3F",8105,"4-6 cm",0,1000,0
"E3","V3F",8105,"6-8 cm",0,1000,0
"E3","V3F",8105,">8 cm",12,1000,0.012
"E3","V3F",8106,"<2 cm",984,1000,0.984
"E3","V3F",8106,"2-4 cm",0,1000,0
"E3","V3F",8106,"4-6 cm",0,1000,0
"E3","V3F",8106,"6-8 cm",0,1000,0
"E3","V3F",8106,">8 cm",16,1000,0.016
"E3","V3F",8107,"<2 cm",988,1000,0.988
"E3","V3F",8107,"2-4 cm",0,1000,0
"E3","V3F",8107,"4-6 cm",0,1000,0
"E3","V3F",8107,"6-8 cm",0,1000,0
"E3","V3F",8107,">8 cm",12,1000,0.012
"E3","V3F",8108,"<2 cm",984,1000,0.984
"E3","V3F",8108,"2-4 cm",4,1000,0.004
"E3","V3F",8108,"4-6 cm",0,1000,0
"E3","V3F",8108,"6-8 cm",0,1000,0
"E3","V3F",8108,">8 cm",12,1000,0.012
"E3","V3F",8109,"<2 cm",980,1000,0.98
"E3","V3F",8109,"2-4 cm",4,1000,0.004
"E3","V3F",8109,"4-6 cm",0,1000,0
"E3","V3F",8109,"6-8 cm",0,1000,0
"E3","V3F",8109,">8 cm",16,1000,0.016
"E3","V3F",8110,"<2 cm",984,1000,0.984
"E3","V3F",8110,"2-4 cm",4,1000,0.004
"E3","V3F",8110,"4-6 cm",0,1000,0
"E3","V3F",8110,"6-8 cm",0,1000,0
"E3","V3F",8110,">8 cm",12,1000,0.012
"E3","V3F",9101,"<2 cm",2142,2250,0.952
"E3","V3F",9101,"2-4 cm",0,2250,0
"E3","V3F",9101,"4-6 cm",18,2250,0.008
"E3","V3F",9101,"6-8 cm",0,2250,0
"E3","V3F",9101,">8 cm",90,2250,0.04
"E3","V3F",9102,"<2 cm",940,1000,0.94
"E3","V3F",9102,"2-4 cm",4,1000,0.004
"E3","V3F",9102,"4-6 cm",12,1000,0.012
"E3","V3F",9102,"6-8 cm",0,1000,0
"E3","V3F",9102,">8 cm",44,1000,0.044
"E3","V3F",9103,"<2 cm",952,1000,0.952
"E3","V3F",9103,"2-4 cm",4,1000,0.004
"E3","V3F",9103,"4-6 cm",4,1000,0.004
"E3","V3F",9103,"6-8 cm",0,1000,0
"E3","V3F",9103,">8 cm",40,1000,0.04
"E3","V3F",9104,"<2 cm",952,1000,0.952
"E3","V3F",9104,"2-4 cm",0,1000,0
"E3","V3F",9104,"4-6 cm",4,1000,0.004
"E3","V3F",9104,"6-8 cm",0,1000,0
"E3","V3F",9104,">8 cm",44,1000,0.044
"E3","V3F",9105,"<2 cm",956,1000,0.956
"E3","V3F",9105,"2-4 cm",0,1000,0
"E3","V3F",9105,"4-6 cm",4,1000,0.004
"E3","V3F",9105,"6-8 cm",0,1000,0
"E3","V3F",9105,">8 cm",40,1000,0.04
"E3","V3F",9106,"<2 cm",944,1000,0.944
"E3","V3F",9106,"2-4 cm",8,1000,0.008
"E3","V3F",9106,"4-6 cm",0,1000,0
"E3","V3F",9106,"6-8 cm",0,1000,0
"E3","V3F",9106,">8 cm",48,1000,0.048
"E3","V3F",9107,"<2 cm",936,1000,0.936
"E3","V3F",9107,"2-4 cm",4,1000,0.004
"E3","V3F",9107,"4-6 cm",8,1000,0.008
"E3","V3F",9107,"6-8 cm",0,1000,0
"E3","V3F",9107,">8 cm",52,1000,0.052
"E3","V3F",9108,"<2 cm",952,1000,0.952
"E3","V3F",9108,"2-4 cm",4,1000,0.004
"E3","V3F",9108,"4-6 cm",0,1000,0
"E3","V3F",9108,"6-8 cm",0,1000,0
"E3","V3F",9108,">8 cm",44,1000,0.044
"E3","V3F",9109,"<2 cm",948,1000,0.948
"E3","V3F",9109,"2-4 cm",0,1000,0
"E3","V3F",9109,"4-6 cm",8,1000,0.008
"E3","V3F",9109,"6-8 cm",0,1000,0
"E3","V3F",9109,">8 cm",44,1000,0.044
"E3","V3F",9110,"<2 cm",956,1000,0.956
"E3","V3F",9110,"2-4 cm",4,1000,0.004
"E3","V3F",9110,"4-6 cm",4,1000,0.004
"E3","V3F",9110,"6-8 cm",0,1000,0
"E3","V3F",9110,">8 cm",36,1000,0.036
"E3","V3F",10101,"<2 cm",54,2250,0.024
"E3","V3F",10101,"2-4 cm",0,2250,0
"E3","V3F",10101,"4-6 cm",0,2250,0
"E3","V3F",10101,"6-8 cm",0,2250,0
"E3","V3F",10101,">8 cm",2196,2250,0.976
"E3","V3F",10102,"<2 cm",20,1000,0.02
"E3","V3F",10102,"2-4 cm",4,1000,0.004
"E3","V3F",10102,"4-6 cm",0,1000,0
"E3","V3F",10102,"6-8 cm",0,1000,0
"E3","V3F",10102,">8 cm",976,1000,0.976
"E3","V3F",10103,"<2 cm",24,1000,0.024
"E3","V3F",10103,"2-4 cm",0,1000,0
"E3","V3F",10103,"4-6 cm",0,1000,0
"E3","V3F",10103,"6-8 cm",0,1000,0
"E3","V3F",10103,">8 cm",976,1000,0.976
"E3","V3F",10104,"<2 cm",24,1000,0.024
"E3","V3F",10104,"2-4 cm",0,1000,0
"E3","V3F",10104,"4-6 cm",0,1000,0
"E3","V3F",10104,"6-8 cm",0,1000,0
"E3","V3F",10104,">8 cm",976,1000,0.976
"E3","V3F",10105,"<2 cm",20,1000,0.02
"E3","V3F",10105,"2-4 cm",0,1000,0
"E3","V3F",10105,"4-6 cm",4,1000,0.004
"E3","V3F",10105,"6-8 cm",0,1000,0
"E3","V3F",10105,">8 cm",976,1000,0.976
"E3","V3F",10106,"<2 cm",20,1000,0.02
"E3","V3F",10106,"2-4 cm",4,1000,0.004
"E3","V3F",10106,"4-6 cm",0,1000,0
"E3","V3F",10106,"6-8 cm",0,1000,0
"E3","V3F",10106,">8 cm",976,1000,0.976
"E3","V3F",10107,"<2 cm",28,1000,0.028
"E3","V3F",10107,"2-4 cm",0,1000,0
"E3","V3F",10107,"4-6 cm",0,1000,0
"E3","V3F",10107,"6-8 cm",0,1000,0
"E3","V3F",10107,">8 cm",972,1000,0.972
"E3","V3F",10108,"<2 cm",28,1000,0.028
"E3","V3F",10108,"2-4 cm",0,1000,0
"E3","V3F",10108,"4-6 cm",0,1000,0
"E3","V3F",10108,"6-8 cm",0,1000,0
"E3","V3F",10108,">8 cm",972,1000,0.972
"E3","V3F",10109,"<2 cm",24,1000,0.024
"E3","V3F",10109,"2-4 cm",0,1000,0
"E3","V3F",10109,"4-6 cm",0,1000,0
"E3","V3F",10109,"6-8 cm",0,1000,0
"E3","V3F",10109,">8 cm",976,1000,0.976
"E3","V3F",10110,"<2 cm",20,1000,0.02
"E3","V3F",10110,"2-4 cm",4,1000,0.004
"E3","V3F",10110,"4-6 cm",0,1000,0
"E3","V3F",10110,"6-8 cm",0,1000,0
"E3","V3F",10110,">8 cm",976,1000,0.976
"E3","V3F",11101,"<2 cm",837,2250,0.372
"E3","V3F",11101,"2-4 cm",189,2250,0.084
"E3","V3F",11101,"4-6 cm",783,2250,0.348
"E3","V3F",11101,"6-8 cm",270,2250,0.12
"E3","V3F",11101,">8 cm",171,2250,0.076
"E3","V3F",11102,"<2 cm",356,1000,0.356
"E3","V3F",11102,"2-4 cm",44,1000,0.044
"E3","V3F",11102,"4-6 cm",424,1000,0.424
"E3","V3F",11102,"6-8 cm",120,1000,0.12
"E3","V3F",11102,">8 cm",56,1000,0.056
"E3","V3F",11103,"<2 cm",356,1000,0.356
"E3","V3F",11103,"2-4 cm",84,1000,0.084
"E3","V3F",11103,"4-6 cm",412,1000,0.412
"E3","V3F",11103,"6-8 cm",112,1000,0.112
"E3","V3F",11103,">8 cm",36,1000,0.036
"E3","V3F",11104,"<2 cm",332,1000,0.332
"E3","V3F",11104,"2-4 cm",88,1000,0.088
"E3","V3F",11104,"4-6 cm",412,1000,0.412
"E3","V3F",11104,"6-8 cm",132,1000,0.132
"E3","V3F",11104,">8 cm",36,1000,0.036
"E3","V3F",11105,"<2 cm",400,1000,0.4
"E3","V3F",11105,"2-4 cm",72,1000,0.072
"E3","V3F",11105,"4-6 cm",380,1000,0.38
"E3","V3F",11105,"6-8 cm",108,1000,0.108
"E3","V3F",11105,">8 cm",40,1000,0.04
"E3","V3F",11106,"<2 cm",356,1000,0.356
"E3","V3F",11106,"2-4 cm",84,1000,0.084
"E3","V3F",11106,"4-6 cm",384,1000,0.384
"E3","V3F",11106,"6-8 cm",120,1000,0.12
"E3","V3F",11106,">8 cm",56,1000,0.056
"E3","V3F",11107,"<2 cm",372,1000,0.372
"E3","V3F",11107,"2-4 cm",60,1000,0.06
"E3","V3F",11107,"4-6 cm",428,1000,0.428
"E3","V3F",11107,"6-8 cm",100,1000,0.1
"E3","V3F",11107,">8 cm",40,1000,0.04
"E3","V3F",11108,"<2 cm",336,1000,0.336
"E3","V3F",11108,"2-4 cm",92,1000,0.092
"E3","V3F",11108,"4-6 cm",352,1000,0.352
"E3","V3F",11108,"6-8 cm",168,1000,0.168
"E3","V3F",11108,">8 cm",52,1000,0.052
"E3","V3F",11109,"<2 cm",372,1000,0.372
"E3","V3F",11109,"2-4 cm",48,1000,0.048
"E3","V3F",11109,"4-6 cm",384,1000,0.384
"E3","V3F",11109,"6-8 cm",108,1000,0.108
"E3","V3F",11109,">8 cm",88,1000,0.088
"E3","V3F",11110,"<2 cm",408,1000,0.408
"E3","V3F",11110,"2-4 cm",80,1000,0.08
"E3","V3F",11110,"4-6 cm",344,1000,0.344
"E3","V3F",11110,"6-8 cm",128,1000,0.128
"E3","V3F",11110,">8 cm",40,1000,0.04
"E3","V3F",12101,"<2 cm",27,2250,0.012
"E3","V3F",12101,"2-4 cm",0,2250,0
"E3","V3F",12101,"4-6 cm",0,2250,0
"E3","V3F",12101,"6-8 cm",0,2250,0
"E3","V3F",12101,">8 cm",2223,2250,0.988
"E3","V3F",12102,"<2 cm",12,1000,0.012
"E3","V3F",12102,"2-4 cm",0,1000,0
"E3","V3F",12102,"4-6 cm",0,1000,0
"E3","V3F",12102,"6-8 cm",0,1000,0
"E3","V3F",12102,">8 cm",988,1000,0.988
"E3","V3F",12103,"<2 cm",12,1000,0.012
"E3","V3F",12103,"2-4 cm",0,1000,0
"E3","V3F",12103,"4-6 cm",0,1000,0
"E3","V3F",12103,"6-8 cm",0,1000,0
"E3","V3F",12103,">8 cm",988,1000,0.988
"E3","V3F",12104,"<2 cm",12,1000,0.012
"E3","V3F",12104,"2-4 cm",0,1000,0
"E3","V3F",12104,"4-6 cm",0,1000,0
"E3","V3F",12104,"6-8 cm",0,1000,0
"E3","V3F",12104,">8 cm",988,1000,0.988
"E3","V3F",12105,"<2 cm",12,1000,0.012
"E3","V3F",12105,"2-4 cm",0,1000,0
"E3","V3F",12105,"4-6 cm",0,1000,0
"E3","V3F",12105,"6-8 cm",0,1000,0
"E3","V3F",12105,">8 cm",988,1000,0.988
"E3","V3F",12106,"<2 cm",12,1000,0.012
"E3","V3F",12106,"2-4 cm",0,1000,0
"E3","V3F",12106,"4-6 cm",0,1000,0
"E3","V3F",12106,"6-8 cm",0,1000,0
"E3","V3F",12106,">8 cm",988,1000,0.988
"E3","V3F",12107,"<2 cm",12,1000,0.012
"E3","V3F",12107,"2-4 cm",0,1000,0
"E3","V3F",12107,"4-6 cm",0,1000,0
"E3","V3F",12107,"6-8 cm",0,1000,0
"E3","V3F",12107,">8 cm",988,1000,0.988
"E3","V3F",12108,"<2 cm",12,1000,0.012
"E3","V3F",12108,"2-4 cm",0,1000,0
"E3","V3F",12108,"4-6 cm",0,1000,0
"E3","V3F",12108,"6-8 cm",0,1000,0
"E3","V3F",12108,">8 cm",988,1000,0.988
"E3","V3F",12109,"<2 cm",12,1000,0.012
"E3","V3F",12109,"2-4 cm",0,1000,0
"E3","V3F",12109,"4-6 cm",0,1000,0
"E3","V3F",12109,"6-8 cm",0,1000,0
"E3","V3F",12109,">8 cm",988,1000,0.988
"E3","V3F",12110,"<2 cm",12,1000,0.012
"E3","V3F",12110,"2-4 cm",0,1000,0
"E3","V3F",12110,"4-6 cm",0,1000,0
"E3","V3F",12110,"6-8 cm",0,1000,0
"E3","V3F",12110,">8 cm",988,1000,0.988
"E3","V3F",13101,"<2 cm",189,2250,0.084
"E3","V3F",13101,"2-4 cm",702,2250,0.312
"E3","V3F",13101,"4-6 cm",351,2250,0.156
"E3","V3F",13101,"6-8 cm",54,2250,0.024
"E3","V3F",13101,">8 cm",954,2250,0.424
"E3","V3F",13102,"<2 cm",84,1000,0.084
"E3","V3F",13102,"2-4 cm",312,1000,0.312
"E3","V3F",13102,"4-6 cm",124,1000,0.124
"E3","V3F",13102,"6-8 cm",32,1000,0.032
"E3","V3F",13102,">8 cm",448,1000,0.448
"E3","V3F",13103,"<2 cm",80,1000,0.08
"E3","V3F",13103,"2-4 cm",292,1000,0.292
"E3","V3F",13103,"4-6 cm",120,1000,0.12
"E3","V3F",13103,"6-8 cm",16,1000,0.016
"E3","V3F",13103,">8 cm",492,1000,0.492
"E3","V3F",13104,"<2 cm",84,1000,0.084
"E3","V3F",13104,"2-4 cm",288,1000,0.288
"E3","V3F",13104,"4-6 cm",120,1000,0.12
"E3","V3F",13104,"6-8 cm",28,1000,0.028
"E3","V3F",13104,">8 cm",480,1000,0.48
"E3","V3F",13105,"<2 cm",104,1000,0.104
"E3","V3F",13105,"2-4 cm",292,1000,0.292
"E3","V3F",13105,"4-6 cm",152,1000,0.152
"E3","V3F",13105,"6-8 cm",20,1000,0.02
"E3","V3F",13105,">8 cm",432,1000,0.432
"E3","V3F",13106,"<2 cm",92,1000,0.092
"E3","V3F",13106,"2-4 cm",308,1000,0.308
"E3","V3F",13106,"4-6 cm",144,1000,0.144
"E3","V3F",13106,"6-8 cm",20,1000,0.02
"E3","V3F",13106,">8 cm",436,1000,0.436
"E3","V3F",13107,"<2 cm",72,1000,0.072
"E3","V3F",13107,"2-4 cm",312,1000,0.312
"E3","V3F",13107,"4-6 cm",108,1000,0.108
"E3","V3F",13107,"6-8 cm",28,1000,0.028
"E3","V3F",13107,">8 cm",480,1000,0.48
"E3","V3F",13108,"<2 cm",68,1000,0.068
"E3","V3F",13108,"2-4 cm",288,1000,0.288
"E3","V3F",13108,"4-6 cm",148,1000,0.148
"E3","V3F",13108,"6-8 cm",24,1000,0.024
"E3","V3F",13108,">8 cm",472,1000,0.472
"E3","V3F",13109,"<2 cm",84,1000,0.084
"E3","V3F",13109,"2-4 cm",312,1000,0.312
"E3","V3F",13109,"4-6 cm",136,1000,0.136
"E3","V3F",13109,"6-8 cm",20,1000,0.02
"E3","V3F",13109,">8 cm",448,1000,0.448
"E3","V3F",13110,"<2 cm",72,1000,0.072
"E3","V3F",13110,"2-4 cm",320,1000,0.32
"E3","V3F",13110,"4-6 cm",132,1000,0.132
"E3","V3F",13110,"6-8 cm",28,1000,0.028
"E3","V3F",13110,">8 cm",448,1000,0.448
"E3","V3F",14101,"<2 cm",2169,2250,0.964
"E3","V3F",14101,"2-4 cm",0,2250,0
"E3","V3F",14101,"4-6 cm",0,2250,0
"E3","V3F",14101,"6-8 cm",0,2250,0
"E3","V3F",14101,">8 cm",81,2250,0.036
"E3","V3F",14102,"<2 cm",964,1000,0.964
"E3","V3F",14102,"2-4 cm",0,1000,0
"E3","V3F",14102,"4-6 cm",0,1000,0
"E3","V3F",14102,"6-8 cm",0,1000,0
"E3","V3F",14102,">8 cm",36,1000,0.036
"E3","V3F",14103,"<2 cm",964,1000,0.964
"E3","V3F",14103,"2-4 cm",0,1000,0
"E3","V3F",14103,"4-6 cm",0,1000,0
"E3","V3F",14103,"6-8 cm",0,1000,0
"E3","V3F",14103,">8 cm",36,1000,0.036
"E3","V3F",14104,"<2 cm",964,1000,0.964
"E3","V3F",14104,"2-4 cm",0,1000,0
"E3","V3F",14104,"4-6 cm",0,1000,0
"E3","V3F",14104,"6-8 cm",0,1000,0
"E3","V3F",14104,">8 cm",36,1000,0.036
"E3","V3F",14105,"<2 cm",964,1000,0.964
"E3","V3F",14105,"2-4 cm",0,1000,0
"E3","V3F",14105,"4-6 cm",0,1000,0
"E3","V3F",14105,"6-8 cm",0,1000,0
"E3","V3F",14105,">8 cm",36,1000,0.036
"E3","V3F",14106,"<2 cm",964,1000,0.964
"E3","V3F",14106,"2-4 cm",0,1000,0
"E3","V3F",14106,"4-6 cm",0,1000,0
"E3","V3F",14106,"6-8 cm",0,1000,0
"E3","V3F",14106,">8 cm",36,1000,0.036
"E3","V3F",14107,"<2 cm",964,1000,0.964
"E3","V3F",14107,"2-4 cm",0,1000,0
"E3","V3F",14107,"4-6 cm",0,1000,0
"E3","V3F",14107,"6-8 cm",0,1000,0
"E3","V3F",14107,">8 cm",36,1000,0.036
"E3","V3F",14108,"<2 cm",964,1000,0.964
"E3","V3F",14108,"2-4 cm",0,1000,0
"E3","V3F",14108,"4-6 cm",0,1000,0
"E3","V3F",14108,"6-8 cm",0,1000,0
"E3","V3F",14108,">8 cm",36,1000,0.036
"E3","V3F",14109,"<2 cm",964,1000,0.964
"E3","V3F",14109,"2-4 cm",0,1000,0
"E3","V3F",14109,"4-6 cm",0,1000,0
"E3","V3F",14109,"6-8 cm",0,1000,0
"E3","V3F",14109,">8 cm",36,1000,0.036
"E3","V3F",14110,"<2 cm",964,1000,0.964
"E3","V3F",14110,"2-4 cm",0,1000,0
"E3","V3F",14110,"4-6 cm",0,1000,0
"E3","V3F",14110,"6-8 cm",0,1000,0
"E3","V3F",14110,">8 cm",36,1000,0.036
"E3","V3F",15101,"<2 cm",2250,2250,1
"E3","V3F",15101,"2-4 cm",0,2250,0
"E3","V3F",15101,"4-6 cm",0,2250,0
"E3","V3F",15101,"6-8 cm",0,2250,0
"E3","V3F",15101,">8 cm",0,2250,0
"E3","V3F",15102,"<2 cm",988,1000,0.988
"E3","V3F",15102,"2-4 cm",4,1000,0.004
"E3","V3F",15102,"4-6 cm",0,1000,0
"E3","V3F",15102,"6-8 cm",8,1000,0.008
"E3","V3F",15102,">8 cm",0,1000,0
"E3","V3F",15103,"<2 cm",996,1000,0.996
"E3","V3F",15103,"2-4 cm",0,1000,0
"E3","V3F",15103,"4-6 cm",0,1000,0
"E3","V3F",15103,"6-8 cm",4,1000,0.004
"E3","V3F",15103,">8 cm",0,1000,0
"E3","V3F",15104,"<2 cm",992,1000,0.992
"E3","V3F",15104,"2-4 cm",4,1000,0.004
"E3","V3F",15104,"4-6 cm",4,1000,0.004
"E3","V3F",15104,"6-8 cm",0,1000,0
"E3","V3F",15104,">8 cm",0,1000,0
"E3","V3F",15105,"<2 cm",992,1000,0.992
"E3","V3F",15105,"2-4 cm",4,1000,0.004
"E3","V3F",15105,"4-6 cm",4,1000,0.004
"E3","V3F",15105,"6-8 cm",0,1000,0
"E3","V3F",15105,">8 cm",0,1000,0
"E3","V3F",15106,"<2 cm",992,1000,0.992
"E3","V3F",15106,"2-4 cm",4,1000,0.004
"E3","V3F",15106,"4-6 cm",0,1000,0
"E3","V3F",15106,"6-8 cm",0,1000,0
"E3","V3F",15106,">8 cm",4,1000,0.004
"E3","V3F",15107,"<2 cm",996,1000,0.996
"E3","V3F",15107,"2-4 cm",0,1000,0
"E3","V3F",15107,"4-6 cm",0,1000,0
"E3","V3F",15107,"6-8 cm",4,1000,0.004
"E3","V3F",15107,">8 cm",0,1000,0
"E3","V3F",15108,"<2 cm",984,1000,0.984
"E3","V3F",15108,"2-4 cm",0,1000,0
"E3","V3F",15108,"4-6 cm",4,1000,0.004
"E3","V3F",15108,"6-8 cm",4,1000,0.004
"E3","V3F",15108,">8 cm",8,1000,0.008
"E3","V3F",15109,"<2 cm",996,1000,0.996
"E3","V3F",15109,"2-4 cm",4,1000,0.004
"E3","V3F",15109,"4-6 cm",0,1000,0
"E3","V3F",15109,"6-8 cm",0,1000,0
"E3","V3F",15109,">8 cm",0,1000,0
"E3","V3F",15110,"<2 cm",996,1000,0.996
"E3","V3F",15110,"2-4 cm",0,1000,0
"E3","V3F",15110,"4-6 cm",0,1000,0
"E3","V3F",15110,"6-8 cm",4,1000,0.004
"E3","V3F",15110,">8 cm",0,1000,0
"E3","V3F",16101,"<2 cm",1026,2250,0.456
"E3","V3F",16101,"2-4 cm",63,2250,0.028
"E3","V3F",16101,"4-6 cm",9,2250,0.004
"E3","V3F",16101,"6-8 cm",81,2250,0.036
"E3","V3F",16101,">8 cm",1071,2250,0.476
"E3","V3F",16102,"<2 cm",432,1000,0.432
"E3","V3F",16102,"2-4 cm",56,1000,0.056
"E3","V3F",16102,"4-6 cm",8,1000,0.008
"E3","V3F",16102,"6-8 cm",24,1000,0.024
"E3","V3F",16102,">8 cm",480,1000,0.48
"E3","V3F",16103,"<2 cm",432,1000,0.432
"E3","V3F",16103,"2-4 cm",36,1000,0.036
"E3","V3F",16103,"4-6 cm",4,1000,0.004
"E3","V3F",16103,"6-8 cm",44,1000,0.044
"E3","V3F",16103,">8 cm",484,1000,0.484
"E3","V3F",16104,"<2 cm",436,1000,0.436
"E3","V3F",16104,"2-4 cm",48,1000,0.048
"E3","V3F",16104,"4-6 cm",0,1000,0
"E3","V3F",16104,"6-8 cm",44,1000,0.044
"E3","V3F",16104,">8 cm",472,1000,0.472
"E3","V3F",16105,"<2 cm",444,1000,0.444
"E3","V3F",16105,"2-4 cm",64,1000,0.064
"E3","V3F",16105,"4-6 cm",4,1000,0.004
"E3","V3F",16105,"6-8 cm",28,1000,0.028
"E3","V3F",16105,">8 cm",460,1000,0.46
"E3","V3F",16106,"<2 cm",448,1000,0.448
"E3","V3F",16106,"2-4 cm",36,1000,0.036
"E3","V3F",16106,"4-6 cm",4,1000,0.004
"E3","V3F",16106,"6-8 cm",56,1000,0.056
"E3","V3F",16106,">8 cm",456,1000,0.456
"E3","V3F",16107,"<2 cm",436,1000,0.436
"E3","V3F",16107,"2-4 cm",72,1000,0.072
"E3","V3F",16107,"4-6 cm",0,1000,0
"E3","V3F",16107,"6-8 cm",40,1000,0.04
"E3","V3F",16107,">8 cm",452,1000,0.452
"E3","V3F",16108,"<2 cm",460,1000,0.46
"E3","V3F",16108,"2-4 cm",56,1000,0.056
"E3","V3F",16108,"4-6 cm",0,1000,0
"E3","V3F",16108,"6-8 cm",32,1000,0.032
"E3","V3F",16108,">8 cm",452,1000,0.452
"E3","V3F",16109,"<2 cm",456,1000,0.456
"E3","V3F",16109,"2-4 cm",48,1000,0.048
"E3","V3F",16109,"4-6 cm",4,1000,0.004
"E3","V3F",16109,"6-8 cm",36,1000,0.036
"E3","V3F",16109,">8 cm",456,1000,0.456
"E3","V3F",16110,"<2 cm",388,1000,0.388
"E3","V3F",16110,"2-4 cm",32,1000,0.032
"E3","V3F",16110,"4-6 cm",0,1000,0
"E3","V3F",16110,"6-8 cm",28,1000,0.028
"E3","V3F",16110,">8 cm",552,1000,0.552
"E3","V3F",17101,"<2 cm",2196,2250,0.976
"E3","V3F",17101,"2-4 cm",9,2250,0.004
"E3","V3F",17101,"4-6 cm",9,2250,0.004
"E3","V3F",17101,"6-8 cm",18,2250,0.008
"E3","V3F",17101,">8 cm",18,2250,0.008
"E3","V3F",17102,"<2 cm",988,1000,0.988
"E3","V3F",17102,"2-4 cm",0,1000,0
"E3","V3F",17102,"4-6 cm",0,1000,0
"E3","V3F",17102,"6-8 cm",0,1000,0
"E3","V3F",17102,">8 cm",12,1000,0.012
"E3","V3F",17103,"<2 cm",992,1000,0.992
"E3","V3F",17103,"2-4 cm",4,1000,0.004
"E3","V3F",17103,"4-6 cm",4,1000,0.004
"E3","V3F",17103,"6-8 cm",0,1000,0
"E3","V3F",17103,">8 cm",0,1000,0
"E3","V3F",17104,"<2 cm",980,1000,0.98
"E3","V3F",17104,"2-4 cm",8,1000,0.008
"E3","V3F",17104,"4-6 cm",4,1000,0.004
"E3","V3F",17104,"6-8 cm",4,1000,0.004
"E3","V3F",17104,">8 cm",4,1000,0.004
"E3","V3F",17105,"<2 cm",984,1000,0.984
"E3","V3F",17105,"2-4 cm",0,1000,0
"E3","V3F",17105,"4-6 cm",0,1000,0
"E3","V3F",17105,"6-8 cm",4,1000,0.004
"E3","V3F",17105,">8 cm",12,1000,0.012
"E3","V3F",17106,"<2 cm",984,1000,0.984
"E3","V3F",17106,"2-4 cm",4,1000,0.004
"E3","V3F",17106,"4-6 cm",0,1000,0
"E3","V3F",17106,"6-8 cm",8,1000,0.008
"E3","V3F",17106,">8 cm",4,1000,0.004
"E3","V3F",17107,"<2 cm",984,1000,0.984
"E3","V3F",17107,"2-4 cm",0,1000,0
"E3","V3F",17107,"4-6 cm",0,1000,0
"E3","V3F",17107,"6-8 cm",8,1000,0.008
"E3","V3F",17107,">8 cm",8,1000,0.008
"E3","V3F",17108,"<2 cm",992,1000,0.992
"E3","V3F",17108,"2-4 cm",0,1000,0
"E3","V3F",17108,"4-6 cm",0,1000,0
"E3","V3F",17108,"6-8 cm",0,1000,0
"E3","V3F",17108,">8 cm",8,1000,0.008
"E3","V3F",17109,"<2 cm",984,1000,0.984
"E3","V3F",17109,"2-4 cm",0,1000,0
"E3","V3F",17109,"4-6 cm",8,1000,0.008
"E3","V3F",17109,"6-8 cm",0,1000,0
"E3","V3F",17109,">8 cm",8,1000,0.008
"E3","V3F",17110,"<2 cm",984,1000,0.984
"E3","V3F",17110,"2-4 cm",0,1000,0
"E3","V3F",17110,"4-6 cm",8,1000,0.008
"E3","V3F",17110,"6-8 cm",4,1000,0.004
"E3","V3F",17110,">8 cm",4,1000,0.004
"E3","V3F",18101,"<2 cm",2223,2250,0.988
"E3","V3F",18101,"2-4 cm",0,2250,0
"E3","V3F",18101,"4-6 cm",0,2250,0
"E3","V3F",18101,"6-8 cm",0,2250,0
"E3","V3F",18101,">8 cm",27,2250,0.012
"E3","V3F",18102,"<2 cm",992,1000,0.992
"E3","V3F",18102,"2-4 cm",0,1000,0
"E3","V3F",18102,"4-6 cm",0,1000,0
"E3","V3F",18102,"6-8 cm",0,1000,0
"E3","V3F",18102,">8 cm",8,1000,0.008
"E3","V3F",18103,"<2 cm",988,1000,0.988
"E3","V3F",18103,"2-4 cm",0,1000,0
"E3","V3F",18103,"4-6 cm",0,1000,0
"E3","V3F",18103,"6-8 cm",0,1000,0
"E3","V3F",18103,">8 cm",12,1000,0.012
"E3","V3F",18104,"<2 cm",988,1000,0.988
"E3","V3F",18104,"2-4 cm",0,1000,0
"E3","V3F",18104,"4-6 cm",0,1000,0
"E3","V3F",18104,"6-8 cm",0,1000,0
"E3","V3F",18104,">8 cm",12,1000,0.012
"E3","V3F",18105,"<2 cm",988,1000,0.988
"E3","V3F",18105,"2-4 cm",0,1000,0
"E3","V3F",18105,"4-6 cm",0,1000,0
"E3","V3F",18105,"6-8 cm",0,1000,0
"E3","V3F",18105,">8 cm",12,1000,0.012
"E3","V3F",18106,"<2 cm",984,1000,0.984
"E3","V3F",18106,"2-4 cm",0,1000,0
"E3","V3F",18106,"4-6 cm",0,1000,0
"E3","V3F",18106,"6-8 cm",0,1000,0
"E3","V3F",18106,">8 cm",16,1000,0.016
"E3","V3F",18107,"<2 cm",988,1000,0.988
"E3","V3F",18107,"2-4 cm",0,1000,0
"E3","V3F",18107,"4-6 cm",0,1000,0
"E3","V3F",18107,"6-8 cm",0,1000,0
"E3","V3F",18107,">8 cm",12,1000,0.012
"E3","V3F",18108,"<2 cm",992,1000,0.992
"E3","V3F",18108,"2-4 cm",0,1000,0
"E3","V3F",18108,"4-6 cm",0,1000,0
"E3","V3F",18108,"6-8 cm",0,1000,0
"E3","V3F",18108,">8 cm",8,1000,0.008
"E3","V3F",18109,"<2 cm",984,1000,0.984
"E3","V3F",18109,"2-4 cm",0,1000,0
"E3","V3F",18109,"4-6 cm",0,1000,0
"E3","V3F",18109,"6-8 cm",4,1000,0.004
"E3","V3F",18109,">8 cm",12,1000,0.012
"E3","V3F",18110,"<2 cm",984,1000,0.984
"E3","V3F",18110,"2-4 cm",0,1000,0
"E3","V3F",18110,"4-6 cm",0,1000,0
"E3","V3F",18110,"6-8 cm",0,1000,0
"E3","V3F",18110,">8 cm",16,1000,0.016
"E3","V3F",19101,"<2 cm",2088,2250,0.928
"E3","V3F",19101,"2-4 cm",0,2250,0
"E3","V3F",19101,"4-6 cm",0,2250,0
"E3","V3F",19101,"6-8 cm",0,2250,0
"E3","V3F",19101,">8 cm",162,2250,0.072
"E3","V3F",19102,"<2 cm",924,1000,0.924
"E3","V3F",19102,"2-4 cm",0,1000,0
"E3","V3F",19102,"4-6 cm",0,1000,0
"E3","V3F",19102,"6-8 cm",0,1000,0
"E3","V3F",19102,">8 cm",76,1000,0.076
"E3","V3F",19103,"<2 cm",924,1000,0.924
"E3","V3F",19103,"2-4 cm",0,1000,0
"E3","V3F",19103,"4-6 cm",0,1000,0
"E3","V3F",19103,"6-8 cm",0,1000,0
"E3","V3F",19103,">8 cm",76,1000,0.076
"E3","V3F",19104,"<2 cm",916,1000,0.916
"E3","V3F",19104,"2-4 cm",8,1000,0.008
"E3","V3F",19104,"4-6 cm",0,1000,0
"E3","V3F",19104,"6-8 cm",0,1000,0
"E3","V3F",19104,">8 cm",76,1000,0.076
"E3","V3F",19105,"<2 cm",924,1000,0.924
"E3","V3F",19105,"2-4 cm",0,1000,0
"E3","V3F",19105,"4-6 cm",0,1000,0
"E3","V3F",19105,"6-8 cm",0,1000,0
"E3","V3F",19105,">8 cm",76,1000,0.076
"E3","V3F",19106,"<2 cm",924,1000,0.924
"E3","V3F",19106,"2-4 cm",0,1000,0
"E3","V3F",19106,"4-6 cm",0,1000,0
"E3","V3F",19106,"6-8 cm",0,1000,0
"E3","V3F",19106,">8 cm",76,1000,0.076
"E3","V3F",19107,"<2 cm",924,1000,0.924
"E3","V3F",19107,"2-4 cm",0,1000,0
"E3","V3F",19107,"4-6 cm",0,1000,0
"E3","V3F",19107,"6-8 cm",0,1000,0
"E3","V3F",19107,">8 cm",76,1000,0.076
"E3","V3F",19108,"<2 cm",920,1000,0.92
"E3","V3F",19108,"2-4 cm",0,1000,0
"E3","V3F",19108,"4-6 cm",0,1000,0
"E3","V3F",19108,"6-8 cm",0,1000,0
"E3","V3F",19108,">8 cm",80,1000,0.08
"E3","V3F",19109,"<2 cm",920,1000,0.92
"E3","V3F",19109,"2-4 cm",0,1000,0
"E3","V3F",19109,"4-6 cm",0,1000,0
"E3","V3F",19109,"6-8 cm",0,1000,0
"E3","V3F",19109,">8 cm",80,1000,0.08
"E3","V3F",19110,"<2 cm",916,1000,0.916
"E3","V3F",19110,"2-4 cm",0,1000,0
"E3","V3F",19110,"4-6 cm",0,1000,0
"E3","V3F",19110,"6-8 cm",0,1000,0
"E3","V3F",19110,">8 cm",84,1000,0.084
"E3","V3F",20101,"<2 cm",1926,2250,0.856
"E3","V3F",20101,"2-4 cm",0,2250,0
"E3","V3F",20101,"4-6 cm",0,2250,0
"E3","V3F",20101,"6-8 cm",0,2250,0
"E3","V3F",20101,">8 cm",324,2250,0.144
"E3","V3F",20102,"<2 cm",844,1000,0.844
"E3","V3F",20102,"2-4 cm",0,1000,0
"E3","V3F",20102,"4-6 cm",0,1000,0
"E3","V3F",20102,"6-8 cm",0,1000,0
"E3","V3F",20102,">8 cm",156,1000,0.156
"E3","V3F",20103,"<2 cm",860,1000,0.86
"E3","V3F",20103,"2-4 cm",0,1000,0
"E3","V3F",20103,"4-6 cm",0,1000,0
"E3","V3F",20103,"6-8 cm",0,1000,0
"E3","V3F",20103,">8 cm",140,1000,0.14
"E3","V3F",20104,"<2 cm",852,1000,0.852
"E3","V3F",20104,"2-4 cm",0,1000,0
"E3","V3F",20104,"4-6 cm",0,1000,0
"E3","V3F",20104,"6-8 cm",0,1000,0
"E3","V3F",20104,">8 cm",148,1000,0.148
"E3","V3F",20105,"<2 cm",856,1000,0.856
"E3","V3F",20105,"2-4 cm",0,1000,0
"E3","V3F",20105,"4-6 cm",0,1000,0
"E3","V3F",20105,"6-8 cm",0,1000,0
"E3","V3F",20105,">8 cm",144,1000,0.144
"E3","V3F",20106,"<2 cm",856,1000,0.856
"E3","V3F",20106,"2-4 cm",0,1000,0
"E3","V3F",20106,"4-6 cm",0,1000,0
"E3","V3F",20106,"6-8 cm",0,1000,0
"E3","V3F",20106,">8 cm",144,1000,0.144
"E3","V3F",20107,"<2 cm",852,1000,0.852
"E3","V3F",20107,"2-4 cm",0,1000,0
"E3","V3F",20107,"4-6 cm",0,1000,0
"E3","V3F",20107,"6-8 cm",4,1000,0.004
"E3","V3F",20107,">8 cm",144,1000,0.144
"E3","V3F",20108,"<2 cm",836,1000,0.836
"E3","V3F",20108,"2-4 cm",0,1000,0
"E3","V3F",20108,"4-6 cm",0,1000,0
"E3","V3F",20108,"6-8 cm",0,1000,0
"E3","V3F",20108,">8 cm",164,1000,0.164
"E3","V3F",20109,"<2 cm",848,1000,0.848
"E3","V3F",20109,"2-4 cm",0,1000,0
"E3","V3F",20109,"4-6 cm",0,1000,0
"E3","V3F",20109,"6-8 cm",0,1000,0
"E3","V3F",20109,">8 cm",152,1000,0.152
"E3","V3F",20110,"<2 cm",848,1000,0.848
"E3","V3F",20110,"2-4 cm",0,1000,0
"E3","V3F",20110,"4-6 cm",0,1000,0
"E3","V3F",20110,"6-8 cm",0,1000,0
"E3","V3F",20110,">8 cm",152,1000,0.152
"E3","V3F",21101,"<2 cm",36,2250,0.016
"E3","V3F",21101,"2-4 cm",0,2250,0
"E3","V3F",21101,"4-6 cm",0,2250,0
"E3","V3F",21101,"6-8 cm",9,2250,0.004
"E3","V3F",21101,">8 cm",2205,2250,0.98
"E3","V3F",21102,"<2 cm",20,1000,0.02
"E3","V3F",21102,"2-4 cm",0,1000,0
"E3","V3F",21102,"4-6 cm",0,1000,0
"E3","V3F",21102,"6-8 cm",0,1000,0
"E3","V3F",21102,">8 cm",980,1000,0.98
"E3","V3F",21103,"<2 cm",20,1000,0.02
"E3","V3F",21103,"2-4 cm",0,1000,0
"E3","V3F",21103,"4-6 cm",0,1000,0
"E3","V3F",21103,"6-8 cm",0,1000,0
"E3","V3F",21103,">8 cm",980,1000,0.98
"E3","V3F",21104,"<2 cm",20,1000,0.02
"E3","V3F",21104,"2-4 cm",0,1000,0
"E3","V3F",21104,"4-6 cm",0,1000,0
"E3","V3F",21104,"6-8 cm",0,1000,0
"E3","V3F",21104,">8 cm",980,1000,0.98
"E3","V3F",21105,"<2 cm",20,1000,0.02
"E3","V3F",21105,"2-4 cm",4,1000,0.004
"E3","V3F",21105,"4-6 cm",0,1000,0
"E3","V3F",21105,"6-8 cm",0,1000,0
"E3","V3F",21105,">8 cm",976,1000,0.976
"E3","V3F",21106,"<2 cm",20,1000,0.02
"E3","V3F",21106,"2-4 cm",0,1000,0
"E3","V3F",21106,"4-6 cm",0,1000,0
"E3","V3F",21106,"6-8 cm",4,1000,0.004
"E3","V3F",21106,">8 cm",976,1000,0.976
"E3","V3F",21107,"<2 cm",16,1000,0.016
"E3","V3F",21107,"2-4 cm",0,1000,0
"E3","V3F",21107,"4-6 cm",0,1000,0
"E3","V3F",21107,"6-8 cm",0,1000,0
"E3","V3F",21107,">8 cm",984,1000,0.984
"E3","V3F",21108,"<2 cm",20,1000,0.02
"E3","V3F",21108,"2-4 cm",0,1000,0
"E3","V3F",21108,"4-6 cm",0,1000,0
"E3","V3F",21108,"6-8 cm",0,1000,0
"E3","V3F",21108,">8 cm",980,1000,0.98
"E3","V3F",21109,"<2 cm",20,1000,0.02
"E3","V3F",21109,"2-4 cm",0,1000,0
"E3","V3F",21109,"4-6 cm",0,1000,0
"E3","V3F",21109,"6-8 cm",4,1000,0.004
"E3","V3F",21109,">8 cm",976,1000,0.976
"E3","V3F",21110,"<2 cm",24,1000,0.024
"E3","V3F",21110,"2-4 cm",0,1000,0
"E3","V3F",21110,"4-6 cm",0,1000,0
"E3","V3F",21110,"6-8 cm",0,1000,0
"E3","V3F",21110,">8 cm",976,1000,0.976
"E3","V3F",22101,"<2 cm",2214,2250,0.984
"E3","V3F",22101,"2-4 cm",0,2250,0
"E3","V3F",22101,"4-6 cm",0,2250,0
"E3","V3F",22101,"6-8 cm",0,2250,0
"E3","V3F",22101,">8 cm",36,2250,0.016
"E3","V3F",22102,"<2 cm",984,1000,0.984
"E3","V3F",22102,"2-4 cm",0,1000,0
"E3","V3F",22102,"4-6 cm",0,1000,0
"E3","V3F",22102,"6-8 cm",0,1000,0
"E3","V3F",22102,">8 cm",16,1000,0.016
"E3","V3F",22103,"<2 cm",984,1000,0.984
"E3","V3F",22103,"2-4 cm",0,1000,0
"E3","V3F",22103,"4-6 cm",0,1000,0
"E3","V3F",22103,"6-8 cm",0,1000,0
"E3","V3F",22103,">8 cm",16,1000,0.016
"E3","V3F",22104,"<2 cm",984,1000,0.984
"E3","V3F",22104,"2-4 cm",0,1000,0
"E3","V3F",22104,"4-6 cm",0,1000,0
"E3","V3F",22104,"6-8 cm",0,1000,0
"E3","V3F",22104,">8 cm",16,1000,0.016
"E3","V3F",22105,"<2 cm",980,1000,0.98
"E3","V3F",22105,"2-4 cm",0,1000,0
"E3","V3F",22105,"4-6 cm",0,1000,0
"E3","V3F",22105,"6-8 cm",0,1000,0
"E3","V3F",22105,">8 cm",20,1000,0.02
"E3","V3F",22106,"<2 cm",980,1000,0.98
"E3","V3F",22106,"2-4 cm",4,1000,0.004
"E3","V3F",22106,"4-6 cm",0,1000,0
"E3","V3F",22106,"6-8 cm",0,1000,0
"E3","V3F",22106,">8 cm",16,1000,0.016
"E3","V3F",22107,"<2 cm",980,1000,0.98
"E3","V3F",22107,"2-4 cm",4,1000,0.004
"E3","V3F",22107,"4-6 cm",0,1000,0
"E3","V3F",22107,"6-8 cm",0,1000,0
"E3","V3F",22107,">8 cm",16,1000,0.016
"E3","V3F",22108,"<2 cm",980,1000,0.98
"E3","V3F",22108,"2-4 cm",0,1000,0
"E3","V3F",22108,"4-6 cm",0,1000,0
"E3","V3F",22108,"6-8 cm",0,1000,0
"E3","V3F",22108,">8 cm",20,1000,0.02
"E3","V3F",22109,"<2 cm",976,1000,0.976
"E3","V3F",22109,"2-4 cm",0,1000,0
"E3","V3F",22109,"4-6 cm",0,1000,0
"E3","V3F",22109,"6-8 cm",0,1000,0
"E3","V3F",22109,">8 cm",24,1000,0.024
"E3","V3F",22110,"<2 cm",988,1000,0.988
"E3","V3F",22110,"2-4 cm",0,1000,0
"E3","V3F",22110,"4-6 cm",0,1000,0
"E3","V3F",22110,"6-8 cm",0,1000,0
"E3","V3F",22110,">8 cm",12,1000,0.012
"E3","V3F",23101,"<2 cm",63,2250,0.028
"E3","V3F",23101,"2-4 cm",0,2250,0
"E3","V3F",23101,"4-6 cm",0,2250,0
"E3","V3F",23101,"6-8 cm",0,2250,0
"E3","V3F",23101,">8 cm",2187,2250,0.972
"E3","V3F",23102,"<2 cm",28,1000,0.028
"E3","V3F",23102,"2-4 cm",0,1000,0
"E3","V3F",23102,"4-6 cm",0,1000,0
"E3","V3F",23102,"6-8 cm",0,1000,0
"E3","V3F",23102,">8 cm",972,1000,0.972
"E3","V3F",23103,"<2 cm",24,1000,0.024
"E3","V3F",23103,"2-4 cm",0,1000,0
"E3","V3F",23103,"4-6 cm",0,1000,0
"E3","V3F",23103,"6-8 cm",0,1000,0
"E3","V3F",23103,">8 cm",976,1000,0.976
"E3","V3F",23104,"<2 cm",28,1000,0.028
"E3","V3F",23104,"2-4 cm",0,1000,0
"E3","V3F",23104,"4-6 cm",0,1000,0
"E3","V3F",23104,"6-8 cm",0,1000,0
"E3","V3F",23104,">8 cm",972,1000,0.972
"E3","V3F",23105,"<2 cm",32,1000,0.032
"E3","V3F",23105,"2-4 cm",0,1000,0
"E3","V3F",23105,"4-6 cm",0,1000,0
"E3","V3F",23105,"6-8 cm",0,1000,0
"E3","V3F",23105,">8 cm",968,1000,0.968
"E3","V3F",23106,"<2 cm",32,1000,0.032
"E3","V3F",23106,"2-4 cm",0,1000,0
"E3","V3F",23106,"4-6 cm",0,1000,0
"E3","V3F",23106,"6-8 cm",0,1000,0
"E3","V3F",23106,">8 cm",968,1000,0.968
"E3","V3F",23107,"<2 cm",28,1000,0.028
"E3","V3F",23107,"2-4 cm",0,1000,0
"E3","V3F",23107,"4-6 cm",0,1000,0
"E3","V3F",23107,"6-8 cm",0,1000,0
"E3","V3F",23107,">8 cm",972,1000,0.972
"E3","V3F",23108,"<2 cm",28,1000,0.028
"E3","V3F",23108,"2-4 cm",0,1000,0
"E3","V3F",23108,"4-6 cm",0,1000,0
"E3","V3F",23108,"6-8 cm",4,1000,0.004
"E3","V3F",23108,">8 cm",968,1000,0.968
"E3","V3F",23109,"<2 cm",32,1000,0.032
"E3","V3F",23109,"2-4 cm",0,1000,0
"E3","V3F",23109,"4-6 cm",0,1000,0
"E3","V3F",23109,"6-8 cm",0,1000,0
"E3","V3F",23109,">8 cm",968,1000,0.968
"E3","V3F",23110,"<2 cm",32,1000,0.032
"E3","V3F",23110,"2-4 cm",0,1000,0
"E3","V3F",23110,"4-6 cm",0,1000,0
"E3","V3F",23110,"6-8 cm",0,1000,0
"E3","V3F",23110,">8 cm",968,1000,0.968
"E3","V3F",24101,"<2 cm",2232,2250,0.992
"E3","V3F",24101,"2-4 cm",0,2250,0
"E3","V3F",24101,"4-6 cm",0,2250,0
"E3","V3F",24101,"6-8 cm",0,2250,0
"E3","V3F",24101,">8 cm",18,2250,0.008
"E3","V3F",24102,"<2 cm",988,1000,0.988
"E3","V3F",24102,"2-4 cm",0,1000,0
"E3","V3F",24102,"4-6 cm",0,1000,0
"E3","V3F",24102,"6-8 cm",0,1000,0
"E3","V3F",24102,">8 cm",12,1000,0.012
"E3","V3F",24103,"<2 cm",992,1000,0.992
"E3","V3F",24103,"2-4 cm",0,1000,0
"E3","V3F",24103,"4-6 cm",0,1000,0
"E3","V3F",24103,"6-8 cm",0,1000,0
"E3","V3F",24103,">8 cm",8,1000,0.008
"E3","V3F",24104,"<2 cm",996,1000,0.996
"E3","V3F",24104,"2-4 cm",0,1000,0
"E3","V3F",24104,"4-6 cm",0,1000,0
"E3","V3F",24104,"6-8 cm",0,1000,0
"E3","V3F",24104,">8 cm",4,1000,0.004
"E3","V3F",24105,"<2 cm",992,1000,0.992
"E3","V3F",24105,"2-4 cm",0,1000,0
"E3","V3F",24105,"4-6 cm",0,1000,0
"E3","V3F",24105,"6-8 cm",0,1000,0
"E3","V3F",24105,">8 cm",8,1000,0.008
"E3","V3F",24106,"<2 cm",988,1000,0.988
"E3","V3F",24106,"2-4 cm",0,1000,0
"E3","V3F",24106,"4-6 cm",0,1000,0
"E3","V3F",24106,"6-8 cm",0,1000,0
"E3","V3F",24106,">8 cm",12,1000,0.012
"E3","V3F",24107,"<2 cm",992,1000,0.992
"E3","V3F",24107,"2-4 cm",0,1000,0
"E3","V3F",24107,"4-6 cm",0,1000,0
"E3","V3F",24107,"6-8 cm",0,1000,0
"E3","V3F",24107,">8 cm",8,1000,0.008
"E3","V3F",24108,"<2 cm",976,1000,0.976
"E3","V3F",24108,"2-4 cm",0,1000,0
"E3","V3F",24108,"4-6 cm",0,1000,0
"E3","V3F",24108,"6-8 cm",0,1000,0
"E3","V3F",24108,">8 cm",24,1000,0.024
"E3","V3F",24109,"<2 cm",988,1000,0.988
"E3","V3F",24109,"2-4 cm",0,1000,0
"E3","V3F",24109,"4-6 cm",0,1000,0
"E3","V3F",24109,"6-8 cm",0,1000,0
"E3","V3F",24109,">8 cm",12,1000,0.012
"E3","V3F",24110,"<2 cm",988,1000,0.988
"E3","V3F",24110,"2-4 cm",0,1000,0
"E3","V3F",24110,"4-6 cm",0,1000,0
"E3","V3F",24110,"6-8 cm",0,1000,0
"E3","V3F",24110,">8 cm",12,1000,0.012
"E3","V3F",25101,"<2 cm",99,2250,0.044
"E3","V3F",25101,"2-4 cm",0,2250,0
"E3","V3F",25101,"4-6 cm",0,2250,0
"E3","V3F",25101,"6-8 cm",0,2250,0
"E3","V3F",25101,">8 cm",2151,2250,0.956
"E3","V3F",25102,"<2 cm",44,1000,0.044
"E3","V3F",25102,"2-4 cm",0,1000,0
"E3","V3F",25102,"4-6 cm",0,1000,0
"E3","V3F",25102,"6-8 cm",0,1000,0
"E3","V3F",25102,">8 cm",956,1000,0.956
"E3","V3F",25103,"<2 cm",40,1000,0.04
"E3","V3F",25103,"2-4 cm",0,1000,0
"E3","V3F",25103,"4-6 cm",0,1000,0
"E3","V3F",25103,"6-8 cm",0,1000,0
"E3","V3F",25103,">8 cm",960,1000,0.96
"E3","V3F",25104,"<2 cm",44,1000,0.044
"E3","V3F",25104,"2-4 cm",0,1000,0
"E3","V3F",25104,"4-6 cm",0,1000,0
"E3","V3F",25104,"6-8 cm",0,1000,0
"E3","V3F",25104,">8 cm",956,1000,0.956
"E3","V3F",25105,"<2 cm",44,1000,0.044
"E3","V3F",25105,"2-4 cm",0,1000,0
"E3","V3F",25105,"4-6 cm",0,1000,0
"E3","V3F",25105,"6-8 cm",0,1000,0
"E3","V3F",25105,">8 cm",956,1000,0.956
"E3","V3F",25106,"<2 cm",28,1000,0.028
"E3","V3F",25106,"2-4 cm",0,1000,0
"E3","V3F",25106,"4-6 cm",0,1000,0
"E3","V3F",25106,"6-8 cm",4,1000,0.004
"E3","V3F",25106,">8 cm",968,1000,0.968
"E3","V3F",25107,"<2 cm",32,1000,0.032
"E3","V3F",25107,"2-4 cm",0,1000,0
"E3","V3F",25107,"4-6 cm",0,1000,0
"E3","V3F",25107,"6-8 cm",0,1000,0
"E3","V3F",25107,">8 cm",968,1000,0.968
"E3","V3F",25108,"<2 cm",36,1000,0.036
"E3","V3F",25108,"2-4 cm",0,1000,0
"E3","V3F",25108,"4-6 cm",0,1000,0
"E3","V3F",25108,"6-8 cm",0,1000,0
"E3","V3F",25108,">8 cm",964,1000,0.964
"E3","V3F",25109,"<2 cm",36,1000,0.036
"E3","V3F",25109,"2-4 cm",0,1000,0
"E3","V3F",25109,"4-6 cm",0,1000,0
"E3","V3F",25109,"6-8 cm",4,1000,0.004
"E3","V3F",25109,">8 cm",960,1000,0.96
"E3","V3F",25110,"<2 cm",40,1000,0.04
"E3","V3F",25110,"2-4 cm",0,1000,0
"E3","V3F",25110,"4-6 cm",0,1000,0
"E3","V3F",25110,"6-8 cm",0,1000,0
"E3","V3F",25110,">8 cm",960,1000,0.96
"E3","V3F",26101,"<2 cm",576,2250,0.256
"E3","V3F",26101,"2-4 cm",324,2250,0.144
"E3","V3F",26101,"4-6 cm",432,2250,0.192
"E3","V3F",26101,"6-8 cm",765,2250,0.34
"E3","V3F",26101,">8 cm",153,2250,0.068
"E3","V3F",26102,"<2 cm",276,1000,0.276
"E3","V3F",26102,"2-4 cm",152,1000,0.152
"E3","V3F",26102,"4-6 cm",220,1000,0.22
"E3","V3F",26102,"6-8 cm",240,1000,0.24
"E3","V3F",26102,">8 cm",112,1000,0.112
"E3","V3F",26103,"<2 cm",296,1000,0.296
"E3","V3F",26103,"2-4 cm",168,1000,0.168
"E3","V3F",26103,"4-6 cm",192,1000,0.192
"E3","V3F",26103,"6-8 cm",208,1000,0.208
"E3","V3F",26103,">8 cm",136,1000,0.136
"E3","V3F",26104,"<2 cm",204,1000,0.204
"E3","V3F",26104,"2-4 cm",180,1000,0.18
"E3","V3F",26104,"4-6 cm",248,1000,0.248
"E3","V3F",26104,"6-8 cm",244,1000,0.244
"E3","V3F",26104,">8 cm",124,1000,0.124
"E3","V3F",26105,"<2 cm",280,1000,0.28
"E3","V3F",26105,"2-4 cm",168,1000,0.168
"E3","V3F",26105,"4-6 cm",168,1000,0.168
"E3","V3F",26105,"6-8 cm",268,1000,0.268
"E3","V3F",26105,">8 cm",116,1000,0.116
"E3","V3F",26106,"<2 cm",296,1000,0.296
"E3","V3F",26106,"2-4 cm",140,1000,0.14
"E3","V3F",26106,"4-6 cm",232,1000,0.232
"E3","V3F",26106,"6-8 cm",216,1000,0.216
"E3","V3F",26106,">8 cm",116,1000,0.116
"E3","V3F",26107,"<2 cm",312,1000,0.312
"E3","V3F",26107,"2-4 cm",116,1000,0.116
"E3","V3F",26107,"4-6 cm",252,1000,0.252
"E3","V3F",26107,"6-8 cm",228,1000,0.228
"E3","V3F",26107,">8 cm",92,1000,0.092
"E3","V3F",26108,"<2 cm",264,1000,0.264
"E3","V3F",26108,"2-4 cm",164,1000,0.164
"E3","V3F",26108,"4-6 cm",228,1000,0.228
"E3","V3F",26108,"6-8 cm",276,1000,0.276
"E3","V3F",26108,">8 cm",68,1000,0.068
"E3","V3F",26109,"<2 cm",312,1000,0.312
"E3","V3F",26109,"2-4 cm",148,1000,0.148
"E3","V3F",26109,"4-6 cm",216,1000,0.216
"E3","V3F",26109,"6-8 cm",252,1000,0.252
"E3","V3F",26109,">8 cm",72,1000,0.072
"E3","V3F",26110,"<2 cm",272,1000,0.272
"E3","V3F",26110,"2-4 cm",192,1000,0.192
"E3","V3F",26110,"4-6 cm",204,1000,0.204
"E3","V3F",26110,"6-8 cm",228,1000,0.228
"E3","V3F",26110,">8 cm",104,1000,0.104
"E3","V3F",27101,"<2 cm",495,2250,0.22
"E3","V3F",27101,"2-4 cm",0,2250,0
"E3","V3F",27101,"4-6 cm",9,2250,0.004
"E3","V3F",27101,"6-8 cm",0,2250,0
"E3","V3F",27101,">8 cm",1746,2250,0.776
"E3","V3F",27102,"<2 cm",196,1000,0.196
"E3","V3F",27102,"2-4 cm",0,1000,0
"E3","V3F",27102,"4-6 cm",0,1000,0
"E3","V3F",27102,"6-8 cm",0,1000,0
"E3","V3F",27102,">8 cm",804,1000,0.804
"E3","V3F",27103,"<2 cm",184,1000,0.184
"E3","V3F",27103,"2-4 cm",0,1000,0
"E3","V3F",27103,"4-6 cm",0,1000,0
"E3","V3F",27103,"6-8 cm",4,1000,0.004
"E3","V3F",27103,">8 cm",812,1000,0.812
"E3","V3F",27104,"<2 cm",220,1000,0.22
"E3","V3F",27104,"2-4 cm",0,1000,0
"E3","V3F",27104,"4-6 cm",0,1000,0
"E3","V3F",27104,"6-8 cm",0,1000,0
"E3","V3F",27104,">8 cm",780,1000,0.78
"E3","V3F",27105,"<2 cm",252,1000,0.252
"E3","V3F",27105,"2-4 cm",0,1000,0
"E3","V3F",27105,"4-6 cm",0,1000,0
"E3","V3F",27105,"6-8 cm",0,1000,0
"E3","V3F",27105,">8 cm",748,1000,0.748
"E3","V3F",27106,"<2 cm",208,1000,0.208
"E3","V3F",27106,"2-4 cm",0,1000,0
"E3","V3F",27106,"4-6 cm",0,1000,0
"E3","V3F",27106,"6-8 cm",0,1000,0
"E3","V3F",27106,">8 cm",792,1000,0.792
"E3","V3F",27107,"<2 cm",184,1000,0.184
"E3","V3F",27107,"2-4 cm",0,1000,0
"E3","V3F",27107,"4-6 cm",0,1000,0
"E3","V3F",27107,"6-8 cm",0,1000,0
"E3","V3F",27107,">8 cm",816,1000,0.816
"E3","V3F",27108,"<2 cm",184,1000,0.184
"E3","V3F",27108,"2-4 cm",0,1000,0
"E3","V3F",27108,"4-6 cm",0,1000,0
"E3","V3F",27108,"6-8 cm",0,1000,0
"E3","V3F",27108,">8 cm",816,1000,0.816
"E3","V3F",27109,"<2 cm",228,1000,0.228
"E3","V3F",27109,"2-4 cm",0,1000,0
"E3","V3F",27109,"4-6 cm",0,1000,0
"E3","V3F",27109,"6-8 cm",0,1000,0
"E3","V3F",27109,">8 cm",772,1000,0.772
"E3","V3F",27110,"<2 cm",260,1000,0.26
"E3","V3F",27110,"2-4 cm",4,1000,0.004
"E3","V3F",27110,"4-6 cm",0,1000,0
"E3","V3F",27110,"6-8 cm",0,1000,0
"E3","V3F",27110,">8 cm",736,1000,0.736
"E3","V3F",28101,"<2 cm",540,2250,0.24
"E3","V3F",28101,"2-4 cm",747,2250,0.332
"E3","V3F",28101,"4-6 cm",0,2250,0
"E3","V3F",28101,"6-8 cm",612,2250,0.272
"E3","V3F",28101,">8 cm",351,2250,0.156
"E3","V3F",28102,"<2 cm",176,1000,0.176
"E3","V3F",28102,"2-4 cm",324,1000,0.324
"E3","V3F",28102,"4-6 cm",0,1000,0
"E3","V3F",28102,"6-8 cm",332,1000,0.332
"E3","V3F",28102,">8 cm",168,1000,0.168
"E3","V3F",28103,"<2 cm",220,1000,0.22
"E3","V3F",28103,"2-4 cm",248,1000,0.248
"E3","V3F",28103,"4-6 cm",8,1000,0.008
"E3","V3F",28103,"6-8 cm",384,1000,0.384
"E3","V3F",28103,">8 cm",140,1000,0.14
"E3","V3F",28104,"<2 cm",252,1000,0.252
"E3","V3F",28104,"2-4 cm",292,1000,0.292
"E3","V3F",28104,"4-6 cm",0,1000,0
"E3","V3F",28104,"6-8 cm",312,1000,0.312
"E3","V3F",28104,">8 cm",144,1000,0.144
"E3","V3F",28105,"<2 cm",176,1000,0.176
"E3","V3F",28105,"2-4 cm",308,1000,0.308
"E3","V3F",28105,"4-6 cm",8,1000,0.008
"E3","V3F",28105,"6-8 cm",304,1000,0.304
"E3","V3F",28105,">8 cm",204,1000,0.204
"E3","V3F",28106,"<2 cm",212,1000,0.212
"E3","V3F",28106,"2-4 cm",316,1000,0.316
"E3","V3F",28106,"4-6 cm",0,1000,0
"E3","V3F",28106,"6-8 cm",328,1000,0.328
"E3","V3F",28106,">8 cm",144,1000,0.144
"E3","V3F",28107,"<2 cm",232,1000,0.232
"E3","V3F",28107,"2-4 cm",308,1000,0.308
"E3","V3F",28107,"4-6 cm",12,1000,0.012
"E3","V3F",28107,"6-8 cm",328,1000,0.328
"E3","V3F",28107,">8 cm",120,1000,0.12
"E3","V3F",28108,"<2 cm",248,1000,0.248
"E3","V3F",28108,"2-4 cm",328,1000,0.328
"E3","V3F",28108,"4-6 cm",4,1000,0.004
"E3","V3F",28108,"6-8 cm",284,1000,0.284
"E3","V3F",28108,">8 cm",136,1000,0.136
"E3","V3F",28109,"<2 cm",248,1000,0.248
"E3","V3F",28109,"2-4 cm",284,1000,0.284
"E3","V3F",28109,"4-6 cm",4,1000,0.004
"E3","V3F",28109,"6-8 cm",296,1000,0.296
"E3","V3F",28109,">8 cm",168,1000,0.168
"E3","V3F",28110,"<2 cm",244,1000,0.244
"E3","V3F",28110,"2-4 cm",288,1000,0.288
"E3","V3F",28110,"4-6 cm",4,1000,0.004
"E3","V3F",28110,"6-8 cm",340,1000,0.34
"E3","V3F",28110,">8 cm",124,1000,0.124
"E3","V3F",29101,"<2 cm",144,2250,0.064
"E3","V3F",29101,"2-4 cm",63,2250,0.028
"E3","V3F",29101,"4-6 cm",9,2250,0.004
"E3","V3F",29101,"6-8 cm",54,2250,0.024
"E3","V3F",29101,">8 cm",1980,2250,0.88
"E3","V3F",29102,"<2 cm",76,1000,0.076
"E3","V3F",29102,"2-4 cm",8,1000,0.008
"E3","V3F",29102,"4-6 cm",8,1000,0.008
"E3","V3F",29102,"6-8 cm",24,1000,0.024
"E3","V3F",29102,">8 cm",884,1000,0.884
"E3","V3F",29103,"<2 cm",68,1000,0.068
"E3","V3F",29103,"2-4 cm",20,1000,0.02
"E3","V3F",29103,"4-6 cm",0,1000,0
"E3","V3F",29103,"6-8 cm",12,1000,0.012
"E3","V3F",29103,">8 cm",900,1000,0.9
"E3","V3F",29104,"<2 cm",72,1000,0.072
"E3","V3F",29104,"2-4 cm",12,1000,0.012
"E3","V3F",29104,"4-6 cm",8,1000,0.008
"E3","V3F",29104,"6-8 cm",24,1000,0.024
"E3","V3F",29104,">8 cm",884,1000,0.884
"E3","V3F",29105,"<2 cm",56,1000,0.056
"E3","V3F",29105,"2-4 cm",24,1000,0.024
"E3","V3F",29105,"4-6 cm",12,1000,0.012
"E3","V3F",29105,"6-8 cm",28,1000,0.028
"E3","V3F",29105,">8 cm",880,1000,0.88
"E3","V3F",29106,"<2 cm",72,1000,0.072
"E3","V3F",29106,"2-4 cm",20,1000,0.02
"E3","V3F",29106,"4-6 cm",4,1000,0.004
"E3","V3F",29106,"6-8 cm",16,1000,0.016
"E3","V3F",29106,">8 cm",888,1000,0.888
"E3","V3F",29107,"<2 cm",72,1000,0.072
"E3","V3F",29107,"2-4 cm",12,1000,0.012
"E3","V3F",29107,"4-6 cm",0,1000,0
"E3","V3F",29107,"6-8 cm",12,1000,0.012
"E3","V3F",29107,">8 cm",904,1000,0.904
"E3","V3F",29108,"<2 cm",68,1000,0.068
"E3","V3F",29108,"2-4 cm",12,1000,0.012
"E3","V3F",29108,"4-6 cm",4,1000,0.004
"E3","V3F",29108,"6-8 cm",12,1000,0.012
"E3","V3F",29108,">8 cm",904,1000,0.904
"E3","V3F",29109,"<2 cm",64,1000,0.064
"E3","V3F",29109,"2-4 cm",12,1000,0.012
"E3","V3F",29109,"4-6 cm",8,1000,0.008
"E3","V3F",29109,"6-8 cm",28,1000,0.028
"E3","V3F",29109,">8 cm",888,1000,0.888
"E3","V3F",29110,"<2 cm",68,1000,0.068
"E3","V3F",29110,"2-4 cm",8,1000,0.008
"E3","V3F",29110,"4-6 cm",0,1000,0
"E3","V3F",29110,"6-8 cm",32,1000,0.032
"E3","V3F",29110,">8 cm",892,1000,0.892
"E3","V3F",30101,"<2 cm",2214,2250,0.984
"E3","V3F",30101,"2-4 cm",9,2250,0.004
"E3","V3F",30101,"4-6 cm",9,2250,0.004
"E3","V3F",30101,"6-8 cm",0,2250,0
"E3","V3F",30101,">8 cm",18,2250,0.008
"E3","V3F",30102,"<2 cm",972,1000,0.972
"E3","V3F",30102,"2-4 cm",8,1000,0.008
"E3","V3F",30102,"4-6 cm",4,1000,0.004
"E3","V3F",30102,"6-8 cm",0,1000,0
"E3","V3F",30102,">8 cm",16,1000,0.016
"E3","V3F",30103,"<2 cm",972,1000,0.972
"E3","V3F",30103,"2-4 cm",0,1000,0
"E3","V3F",30103,"4-6 cm",4,1000,0.004
"E3","V3F",30103,"6-8 cm",4,1000,0.004
"E3","V3F",30103,">8 cm",20,1000,0.02
"E3","V3F",30104,"<2 cm",976,1000,0.976
"E3","V3F",30104,"2-4 cm",8,1000,0.008
"E3","V3F",30104,"4-6 cm",4,1000,0.004
"E3","V3F",30104,"6-8 cm",0,1000,0
"E3","V3F",30104,">8 cm",12,1000,0.012
"E3","V3F",30105,"<2 cm",972,1000,0.972
"E3","V3F",30105,"2-4 cm",8,1000,0.008
"E3","V3F",30105,"4-6 cm",0,1000,0
"E3","V3F",30105,"6-8 cm",0,1000,0
"E3","V3F",30105,">8 cm",20,1000,0.02
"E3","V3F",30106,"<2 cm",968,1000,0.968
"E3","V3F",30106,"2-4 cm",4,1000,0.004
"E3","V3F",30106,"4-6 cm",0,1000,0
"E3","V3F",30106,"6-8 cm",12,1000,0.012
"E3","V3F",30106,">8 cm",16,1000,0.016
"E3","V3F",30107,"<2 cm",976,1000,0.976
"E3","V3F",30107,"2-4 cm",12,1000,0.012
"E3","V3F",30107,"4-6 cm",0,1000,0
"E3","V3F",30107,"6-8 cm",0,1000,0
"E3","V3F",30107,">8 cm",12,1000,0.012
"E3","V3F",30108,"<2 cm",976,1000,0.976
"E3","V3F",30108,"2-4 cm",8,1000,0.008
"E3","V3F",30108,"4-6 cm",4,1000,0.004
"E3","V3F",30108,"6-8 cm",0,1000,0
"E3","V3F",30108,">8 cm",12,1000,0.012
"E3","V3F",30109,"<2 cm",972,1000,0.972
"E3","V3F",30109,"2-4 cm",0,1000,0
"E3","V3F",30109,"4-6 cm",4,1000,0.004
"E3","V3F",30109,"6-8 cm",0,1000,0
"E3","V3F",30109,">8 cm",24,1000,0.024
"E3","V3F",30110,"<2 cm",984,1000,0.984
"E3","V3F",30110,"2-4 cm",0,1000,0
"E3","V3F",30110,"4-6 cm",0,1000,0
"E3","V3F",30110,"6-8 cm",4,1000,0.004
"E3","V3F",30110,">8 cm",12,1000,0.012
"E3","V3FHI",1101,"<2 cm",248,250,0.992
"E3","V3FHI",1101,"2-4 cm",1,250,0.004
"E3","V3FHI",1101,"4-6 cm",0,250,0
"E3","V3FHI",1101,"6-8 cm",1,250,0.004
"E3","V3FHI",1101,">8 cm",0,250,0
"E3","V3FHI",1102,"<2 cm",248,250,0.992
"E3","V3FHI",1102,"2-4 cm",0,250,0
"E3","V3FHI",1102,"4-6 cm",1,250,0.004
"E3","V3FHI",1102,"6-8 cm",0,250,0
"E3","V3FHI",1102,">8 cm",1,250,0.004
"E3","V3FHI",1103,"<2 cm",248,250,0.992
"E3","V3FHI",1103,"2-4 cm",0,250,0
"E3","V3FHI",1103,"4-6 cm",0,250,0
"E3","V3FHI",1103,"6-8 cm",0,250,0
"E3","V3FHI",1103,">8 cm",2,250,0.008
"E3","V3FHI",1104,"<2 cm",0,0,NA
"E3","V3FHI",1104,"2-4 cm",0,0,NA
"E3","V3FHI",1104,"4-6 cm",0,0,NA
"E3","V3FHI",1104,"6-8 cm",0,0,NA
"E3","V3FHI",1104,">8 cm",0,0,NA
"E3","V3FHI",1105,"<2 cm",0,0,NA
"E3","V3FHI",1105,"2-4 cm",0,0,NA
"E3","V3FHI",1105,"4-6 cm",0,0,NA
"E3","V3FHI",1105,"6-8 cm",0,0,NA
"E3","V3FHI",1105,">8 cm",0,0,NA
"E3","V3FHI",1106,"<2 cm",0,0,NA
"E3","V3FHI",1106,"2-4 cm",0,0,NA
"E3","V3FHI",1106,"4-6 cm",0,0,NA
"E3","V3FHI",1106,"6-8 cm",0,0,NA
"E3","V3FHI",1106,">8 cm",0,0,NA
"E3","V3FHI",1107,"<2 cm",0,0,NA
"E3","V3FHI",1107,"2-4 cm",0,0,NA
"E3","V3FHI",1107,"4-6 cm",0,0,NA
"E3","V3FHI",1107,"6-8 cm",0,0,NA
"E3","V3FHI",1107,">8 cm",0,0,NA
"E3","V3FHI",1108,"<2 cm",0,0,NA
"E3","V3FHI",1108,"2-4 cm",0,0,NA
"E3","V3FHI",1108,"4-6 cm",0,0,NA
"E3","V3FHI",1108,"6-8 cm",0,0,NA
"E3","V3FHI",1108,">8 cm",0,0,NA
"E3","V3FHI",1109,"<2 cm",0,0,NA
"E3","V3FHI",1109,"2-4 cm",0,0,NA
"E3","V3FHI",1109,"4-6 cm",0,0,NA
"E3","V3FHI",1109,"6-8 cm",0,0,NA
"E3","V3FHI",1109,">8 cm",0,0,NA
"E3","V3FHI",1110,"<2 cm",0,0,NA
"E3","V3FHI",1110,"2-4 cm",0,0,NA
"E3","V3FHI",1110,"4-6 cm",0,0,NA
"E3","V3FHI",1110,"6-8 cm",0,0,NA
"E3","V3FHI",1110,">8 cm",0,0,NA
"E3","V3FHI",2101,"<2 cm",4,250,0.016
"E3","V3FHI",2101,"2-4 cm",0,250,0
"E3","V3FHI",2101,"4-6 cm",3,250,0.012
"E3","V3FHI",2101,"6-8 cm",12,250,0.048
"E3","V3FHI",2101,">8 cm",231,250,0.924
"E3","V3FHI",2102,"<2 cm",3,250,0.012
"E3","V3FHI",2102,"2-4 cm",1,250,0.004
"E3","V3FHI",2102,"4-6 cm",0,250,0
"E3","V3FHI",2102,"6-8 cm",11,250,0.044
"E3","V3FHI",2102,">8 cm",235,250,0.94
"E3","V3FHI",2103,"<2 cm",3,250,0.012
"E3","V3FHI",2103,"2-4 cm",1,250,0.004
"E3","V3FHI",2103,"4-6 cm",4,250,0.016
"E3","V3FHI",2103,"6-8 cm",15,250,0.06
"E3","V3FHI",2103,">8 cm",227,250,0.908
"E3","V3FHI",2104,"<2 cm",0,0,NA
"E3","V3FHI",2104,"2-4 cm",0,0,NA
"E3","V3FHI",2104,"4-6 cm",0,0,NA
"E3","V3FHI",2104,"6-8 cm",0,0,NA
"E3","V3FHI",2104,">8 cm",0,0,NA
"E3","V3FHI",2105,"<2 cm",0,0,NA
"E3","V3FHI",2105,"2-4 cm",0,0,NA
"E3","V3FHI",2105,"4-6 cm",0,0,NA
"E3","V3FHI",2105,"6-8 cm",0,0,NA
"E3","V3FHI",2105,">8 cm",0,0,NA
"E3","V3FHI",2106,"<2 cm",0,0,NA
"E3","V3FHI",2106,"2-4 cm",0,0,NA
"E3","V3FHI",2106,"4-6 cm",0,0,NA
"E3","V3FHI",2106,"6-8 cm",0,0,NA
"E3","V3FHI",2106,">8 cm",0,0,NA
"E3","V3FHI",2107,"<2 cm",0,0,NA
"E3","V3FHI",2107,"2-4 cm",0,0,NA
"E3","V3FHI",2107,"4-6 cm",0,0,NA
"E3","V3FHI",2107,"6-8 cm",0,0,NA
"E3","V3FHI",2107,">8 cm",0,0,NA
"E3","V3FHI",2108,"<2 cm",0,0,NA
"E3","V3FHI",2108,"2-4 cm",0,0,NA
"E3","V3FHI",2108,"4-6 cm",0,0,NA
"E3","V3FHI",2108,"6-8 cm",0,0,NA
"E3","V3FHI",2108,">8 cm",0,0,NA
"E3","V3FHI",2109,"<2 cm",0,0,NA
"E3","V3FHI",2109,"2-4 cm",0,0,NA
"E3","V3FHI",2109,"4-6 cm",0,0,NA
"E3","V3FHI",2109,"6-8 cm",0,0,NA
"E3","V3FHI",2109,">8 cm",0,0,NA
"E3","V3FHI",2110,"<2 cm",0,0,NA
"E3","V3FHI",2110,"2-4 cm",0,0,NA
"E3","V3FHI",2110,"4-6 cm",0,0,NA
"E3","V3FHI",2110,"6-8 cm",0,0,NA
"E3","V3FHI",2110,">8 cm",0,0,NA
"E3","V3FHI",3101,"<2 cm",160,250,0.64
"E3","V3FHI",3101,"2-4 cm",0,250,0
"E3","V3FHI",3101,"4-6 cm",0,250,0
"E3","V3FHI",3101,"6-8 cm",3,250,0.012
"E3","V3FHI",3101,">8 cm",87,250,0.348
"E3","V3FHI",3102,"<2 cm",163,250,0.652
"E3","V3FHI",3102,"2-4 cm",1,250,0.004
"E3","V3FHI",3102,"4-6 cm",2,250,0.008
"E3","V3FHI",3102,"6-8 cm",0,250,0
"E3","V3FHI",3102,">8 cm",84,250,0.336
"E3","V3FHI",3103,"<2 cm",158,250,0.632
"E3","V3FHI",3103,"2-4 cm",1,250,0.004
"E3","V3FHI",3103,"4-6 cm",0,250,0
"E3","V3FHI",3103,"6-8 cm",2,250,0.008
"E3","V3FHI",3103,">8 cm",89,250,0.356
"E3","V3FHI",3104,"<2 cm",0,0,NA
"E3","V3FHI",3104,"2-4 cm",0,0,NA
"E3","V3FHI",3104,"4-6 cm",0,0,NA
"E3","V3FHI",3104,"6-8 cm",0,0,NA
"E3","V3FHI",3104,">8 cm",0,0,NA
"E3","V3FHI",3105,"<2 cm",0,0,NA
"E3","V3FHI",3105,"2-4 cm",0,0,NA
"E3","V3FHI",3105,"4-6 cm",0,0,NA
"E3","V3FHI",3105,"6-8 cm",0,0,NA
"E3","V3FHI",3105,">8 cm",0,0,NA
"E3","V3FHI",3106,"<2 cm",0,0,NA
"E3","V3FHI",3106,"2-4 cm",0,0,NA
"E3","V3FHI",3106,"4-6 cm",0,0,NA
"E3","V3FHI",3106,"6-8 cm",0,0,NA
"E3","V3FHI",3106,">8 cm",0,0,NA
"E3","V3FHI",3107,"<2 cm",0,0,NA
"E3","V3FHI",3107,"2-4 cm",0,0,NA
"E3","V3FHI",3107,"4-6 cm",0,0,NA
"E3","V3FHI",3107,"6-8 cm",0,0,NA
"E3","V3FHI",3107,">8 cm",0,0,NA
"E3","V3FHI",3108,"<2 cm",0,0,NA
"E3","V3FHI",3108,"2-4 cm",0,0,NA
"E3","V3FHI",3108,"4-6 cm",0,0,NA
"E3","V3FHI",3108,"6-8 cm",0,0,NA
"E3","V3FHI",3108,">8 cm",0,0,NA
"E3","V3FHI",3109,"<2 cm",0,0,NA
"E3","V3FHI",3109,"2-4 cm",0,0,NA
"E3","V3FHI",3109,"4-6 cm",0,0,NA
"E3","V3FHI",3109,"6-8 cm",0,0,NA
"E3","V3FHI",3109,">8 cm",0,0,NA
"E3","V3FHI",3110,"<2 cm",0,0,NA
"E3","V3FHI",3110,"2-4 cm",0,0,NA
"E3","V3FHI",3110,"4-6 cm",0,0,NA
"E3","V3FHI",3110,"6-8 cm",0,0,NA
"E3","V3FHI",3110,">8 cm",0,0,NA
"E3","V3FHI",4101,"<2 cm",246,250,0.984
"E3","V3FHI",4101,"2-4 cm",0,250,0
"E3","V3FHI",4101,"4-6 cm",0,250,0
"E3","V3FHI",4101,"6-8 cm",0,250,0
"E3","V3FHI",4101,">8 cm",4,250,0.016
"E3","V3FHI",4102,"<2 cm",246,250,0.984
"E3","V3FHI",4102,"2-4 cm",0,250,0
"E3","V3FHI",4102,"4-6 cm",0,250,0
"E3","V3FHI",4102,"6-8 cm",0,250,0
"E3","V3FHI",4102,">8 cm",4,250,0.016
"E3","V3FHI",4103,"<2 cm",247,250,0.988
"E3","V3FHI",4103,"2-4 cm",0,250,0
"E3","V3FHI",4103,"4-6 cm",0,250,0
"E3","V3FHI",4103,"6-8 cm",0,250,0
"E3","V3FHI",4103,">8 cm",3,250,0.012
"E3","V3FHI",4104,"<2 cm",0,0,NA
"E3","V3FHI",4104,"2-4 cm",0,0,NA
"E3","V3FHI",4104,"4-6 cm",0,0,NA
"E3","V3FHI",4104,"6-8 cm",0,0,NA
"E3","V3FHI",4104,">8 cm",0,0,NA
"E3","V3FHI",4105,"<2 cm",0,0,NA
"E3","V3FHI",4105,"2-4 cm",0,0,NA
"E3","V3FHI",4105,"4-6 cm",0,0,NA
"E3","V3FHI",4105,"6-8 cm",0,0,NA
"E3","V3FHI",4105,">8 cm",0,0,NA
"E3","V3FHI",4106,"<2 cm",0,0,NA
"E3","V3FHI",4106,"2-4 cm",0,0,NA
"E3","V3FHI",4106,"4-6 cm",0,0,NA
"E3","V3FHI",4106,"6-8 cm",0,0,NA
"E3","V3FHI",4106,">8 cm",0,0,NA
"E3","V3FHI",4107,"<2 cm",0,0,NA
"E3","V3FHI",4107,"2-4 cm",0,0,NA
"E3","V3FHI",4107,"4-6 cm",0,0,NA
"E3","V3FHI",4107,"6-8 cm",0,0,NA
"E3","V3FHI",4107,">8 cm",0,0,NA
"E3","V3FHI",4108,"<2 cm",0,0,NA
"E3","V3FHI",4108,"2-4 cm",0,0,NA
"E3","V3FHI",4108,"4-6 cm",0,0,NA
"E3","V3FHI",4108,"6-8 cm",0,0,NA
"E3","V3FHI",4108,">8 cm",0,0,NA
"E3","V3FHI",4109,"<2 cm",0,0,NA
"E3","V3FHI",4109,"2-4 cm",0,0,NA
"E3","V3FHI",4109,"4-6 cm",0,0,NA
"E3","V3FHI",4109,"6-8 cm",0,0,NA
"E3","V3FHI",4109,">8 cm",0,0,NA
"E3","V3FHI",4110,"<2 cm",0,0,NA
"E3","V3FHI",4110,"2-4 cm",0,0,NA
"E3","V3FHI",4110,"4-6 cm",0,0,NA
"E3","V3FHI",4110,"6-8 cm",0,0,NA
"E3","V3FHI",4110,">8 cm",0,0,NA
"E3","V3FHI",5101,"<2 cm",243,250,0.972
"E3","V3FHI",5101,"2-4 cm",2,250,0.008
"E3","V3FHI",5101,"4-6 cm",0,250,0
"E3","V3FHI",5101,"6-8 cm",0,250,0
"E3","V3FHI",5101,">8 cm",5,250,0.02
"E3","V3FHI",5102,"<2 cm",247,250,0.988
"E3","V3FHI",5102,"2-4 cm",0,250,0
"E3","V3FHI",5102,"4-6 cm",0,250,0
"E3","V3FHI",5102,"6-8 cm",0,250,0
"E3","V3FHI",5102,">8 cm",3,250,0.012
"E3","V3FHI",5103,"<2 cm",245,250,0.98
"E3","V3FHI",5103,"2-4 cm",2,250,0.008
"E3","V3FHI",5103,"4-6 cm",0,250,0
"E3","V3FHI",5103,"6-8 cm",0,250,0
"E3","V3FHI",5103,">8 cm",3,250,0.012
"E3","V3FHI",5104,"<2 cm",0,0,NA
"E3","V3FHI",5104,"2-4 cm",0,0,NA
"E3","V3FHI",5104,"4-6 cm",0,0,NA
"E3","V3FHI",5104,"6-8 cm",0,0,NA
"E3","V3FHI",5104,">8 cm",0,0,NA
"E3","V3FHI",5105,"<2 cm",0,0,NA
"E3","V3FHI",5105,"2-4 cm",0,0,NA
"E3","V3FHI",5105,"4-6 cm",0,0,NA
"E3","V3FHI",5105,"6-8 cm",0,0,NA
"E3","V3FHI",5105,">8 cm",0,0,NA
"E3","V3FHI",5106,"<2 cm",0,0,NA
"E3","V3FHI",5106,"2-4 cm",0,0,NA
"E3","V3FHI",5106,"4-6 cm",0,0,NA
"E3","V3FHI",5106,"6-8 cm",0,0,NA
"E3","V3FHI",5106,">8 cm",0,0,NA
"E3","V3FHI",5107,"<2 cm",0,0,NA
"E3","V3FHI",5107,"2-4 cm",0,0,NA
"E3","V3FHI",5107,"4-6 cm",0,0,NA
"E3","V3FHI",5107,"6-8 cm",0,0,NA
"E3","V3FHI",5107,">8 cm",0,0,NA
"E3","V3FHI",5108,"<2 cm",0,0,NA
"E3","V3FHI",5108,"2-4 cm",0,0,NA
"E3","V3FHI",5108,"4-6 cm",0,0,NA
"E3","V3FHI",5108,"6-8 cm",0,0,NA
"E3","V3FHI",5108,">8 cm",0,0,NA
"E3","V3FHI",5109,"<2 cm",0,0,NA
"E3","V3FHI",5109,"2-4 cm",0,0,NA
"E3","V3FHI",5109,"4-6 cm",0,0,NA
"E3","V3FHI",5109,"6-8 cm",0,0,NA
"E3","V3FHI",5109,">8 cm",0,0,NA
"E3","V3FHI",5110,"<2 cm",0,0,NA
"E3","V3FHI",5110,"2-4 cm",0,0,NA
"E3","V3FHI",5110,"4-6 cm",0,0,NA
"E3","V3FHI",5110,"6-8 cm",0,0,NA
"E3","V3FHI",5110,">8 cm",0,0,NA
"E3","V3FHI",6101,"<2 cm",227,250,0.908
"E3","V3FHI",6101,"2-4 cm",2,250,0.008
"E3","V3FHI",6101,"4-6 cm",1,250,0.004
"E3","V3FHI",6101,"6-8 cm",1,250,0.004
"E3","V3FHI",6101,">8 cm",19,250,0.076
"E3","V3FHI",6102,"<2 cm",229,250,0.916
"E3","V3FHI",6102,"2-4 cm",1,250,0.004
"E3","V3FHI",6102,"4-6 cm",0,250,0
"E3","V3FHI",6102,"6-8 cm",1,250,0.004
"E3","V3FHI",6102,">8 cm",19,250,0.076
"E3","V3FHI",6103,"<2 cm",229,250,0.916
"E3","V3FHI",6103,"2-4 cm",1,250,0.004
"E3","V3FHI",6103,"4-6 cm",0,250,0
"E3","V3FHI",6103,"6-8 cm",1,250,0.004
"E3","V3FHI",6103,">8 cm",19,250,0.076
"E3","V3FHI",6104,"<2 cm",0,0,NA
"E3","V3FHI",6104,"2-4 cm",0,0,NA
"E3","V3FHI",6104,"4-6 cm",0,0,NA
"E3","V3FHI",6104,"6-8 cm",0,0,NA
"E3","V3FHI",6104,">8 cm",0,0,NA
"E3","V3FHI",6105,"<2 cm",0,0,NA
"E3","V3FHI",6105,"2-4 cm",0,0,NA
"E3","V3FHI",6105,"4-6 cm",0,0,NA
"E3","V3FHI",6105,"6-8 cm",0,0,NA
"E3","V3FHI",6105,">8 cm",0,0,NA
"E3","V3FHI",6106,"<2 cm",0,0,NA
"E3","V3FHI",6106,"2-4 cm",0,0,NA
"E3","V3FHI",6106,"4-6 cm",0,0,NA
"E3","V3FHI",6106,"6-8 cm",0,0,NA
"E3","V3FHI",6106,">8 cm",0,0,NA
"E3","V3FHI",6107,"<2 cm",0,0,NA
"E3","V3FHI",6107,"2-4 cm",0,0,NA
"E3","V3FHI",6107,"4-6 cm",0,0,NA
"E3","V3FHI",6107,"6-8 cm",0,0,NA
"E3","V3FHI",6107,">8 cm",0,0,NA
"E3","V3FHI",6108,"<2 cm",0,0,NA
"E3","V3FHI",6108,"2-4 cm",0,0,NA
"E3","V3FHI",6108,"4-6 cm",0,0,NA
"E3","V3FHI",6108,"6-8 cm",0,0,NA
"E3","V3FHI",6108,">8 cm",0,0,NA
"E3","V3FHI",6109,"<2 cm",0,0,NA
"E3","V3FHI",6109,"2-4 cm",0,0,NA
"E3","V3FHI",6109,"4-6 cm",0,0,NA
"E3","V3FHI",6109,"6-8 cm",0,0,NA
"E3","V3FHI",6109,">8 cm",0,0,NA
"E3","V3FHI",6110,"<2 cm",0,0,NA
"E3","V3FHI",6110,"2-4 cm",0,0,NA
"E3","V3FHI",6110,"4-6 cm",0,0,NA
"E3","V3FHI",6110,"6-8 cm",0,0,NA
"E3","V3FHI",6110,">8 cm",0,0,NA
"E3","V3FHI",7101,"<2 cm",249,250,0.996
"E3","V3FHI",7101,"2-4 cm",0,250,0
"E3","V3FHI",7101,"4-6 cm",0,250,0
"E3","V3FHI",7101,"6-8 cm",0,250,0
"E3","V3FHI",7101,">8 cm",1,250,0.004
"E3","V3FHI",7102,"<2 cm",249,250,0.996
"E3","V3FHI",7102,"2-4 cm",1,250,0.004
"E3","V3FHI",7102,"4-6 cm",0,250,0
"E3","V3FHI",7102,"6-8 cm",0,250,0
"E3","V3FHI",7102,">8 cm",0,250,0
"E3","V3FHI",7103,"<2 cm",249,250,0.996
"E3","V3FHI",7103,"2-4 cm",0,250,0
"E3","V3FHI",7103,"4-6 cm",0,250,0
"E3","V3FHI",7103,"6-8 cm",0,250,0
"E3","V3FHI",7103,">8 cm",1,250,0.004
"E3","V3FHI",7104,"<2 cm",0,0,NA
"E3","V3FHI",7104,"2-4 cm",0,0,NA
"E3","V3FHI",7104,"4-6 cm",0,0,NA
"E3","V3FHI",7104,"6-8 cm",0,0,NA
"E3","V3FHI",7104,">8 cm",0,0,NA
"E3","V3FHI",7105,"<2 cm",0,0,NA
"E3","V3FHI",7105,"2-4 cm",0,0,NA
"E3","V3FHI",7105,"4-6 cm",0,0,NA
"E3","V3FHI",7105,"6-8 cm",0,0,NA
"E3","V3FHI",7105,">8 cm",0,0,NA
"E3","V3FHI",7106,"<2 cm",0,0,NA
"E3","V3FHI",7106,"2-4 cm",0,0,NA
"E3","V3FHI",7106,"4-6 cm",0,0,NA
"E3","V3FHI",7106,"6-8 cm",0,0,NA
"E3","V3FHI",7106,">8 cm",0,0,NA
"E3","V3FHI",7107,"<2 cm",0,0,NA
"E3","V3FHI",7107,"2-4 cm",0,0,NA
"E3","V3FHI",7107,"4-6 cm",0,0,NA
"E3","V3FHI",7107,"6-8 cm",0,0,NA
"E3","V3FHI",7107,">8 cm",0,0,NA
"E3","V3FHI",7108,"<2 cm",0,0,NA
"E3","V3FHI",7108,"2-4 cm",0,0,NA
"E3","V3FHI",7108,"4-6 cm",0,0,NA
"E3","V3FHI",7108,"6-8 cm",0,0,NA
"E3","V3FHI",7108,">8 cm",0,0,NA
"E3","V3FHI",7109,"<2 cm",0,0,NA
"E3","V3FHI",7109,"2-4 cm",0,0,NA
"E3","V3FHI",7109,"4-6 cm",0,0,NA
"E3","V3FHI",7109,"6-8 cm",0,0,NA
"E3","V3FHI",7109,">8 cm",0,0,NA
"E3","V3FHI",7110,"<2 cm",0,0,NA
"E3","V3FHI",7110,"2-4 cm",0,0,NA
"E3","V3FHI",7110,"4-6 cm",0,0,NA
"E3","V3FHI",7110,"6-8 cm",0,0,NA
"E3","V3FHI",7110,">8 cm",0,0,NA
"E3","V3FHI",8101,"<2 cm",243,250,0.972
"E3","V3FHI",8101,"2-4 cm",4,250,0.016
"E3","V3FHI",8101,"4-6 cm",0,250,0
"E3","V3FHI",8101,"6-8 cm",0,250,0
"E3","V3FHI",8101,">8 cm",3,250,0.012
"E3","V3FHI",8102,"<2 cm",243,250,0.972
"E3","V3FHI",8102,"2-4 cm",1,250,0.004
"E3","V3FHI",8102,"4-6 cm",1,250,0.004
"E3","V3FHI",8102,"6-8 cm",0,250,0
"E3","V3FHI",8102,">8 cm",5,250,0.02
"E3","V3FHI",8103,"<2 cm",240,250,0.96
"E3","V3FHI",8103,"2-4 cm",3,250,0.012
"E3","V3FHI",8103,"4-6 cm",1,250,0.004
"E3","V3FHI",8103,"6-8 cm",3,250,0.012
"E3","V3FHI",8103,">8 cm",3,250,0.012
"E3","V3FHI",8104,"<2 cm",0,0,NA
"E3","V3FHI",8104,"2-4 cm",0,0,NA
"E3","V3FHI",8104,"4-6 cm",0,0,NA
"E3","V3FHI",8104,"6-8 cm",0,0,NA
"E3","V3FHI",8104,">8 cm",0,0,NA
"E3","V3FHI",8105,"<2 cm",0,0,NA
"E3","V3FHI",8105,"2-4 cm",0,0,NA
"E3","V3FHI",8105,"4-6 cm",0,0,NA
"E3","V3FHI",8105,"6-8 cm",0,0,NA
"E3","V3FHI",8105,">8 cm",0,0,NA
"E3","V3FHI",8106,"<2 cm",0,0,NA
"E3","V3FHI",8106,"2-4 cm",0,0,NA
"E3","V3FHI",8106,"4-6 cm",0,0,NA
"E3","V3FHI",8106,"6-8 cm",0,0,NA
"E3","V3FHI",8106,">8 cm",0,0,NA
"E3","V3FHI",8107,"<2 cm",0,0,NA
"E3","V3FHI",8107,"2-4 cm",0,0,NA
"E3","V3FHI",8107,"4-6 cm",0,0,NA
"E3","V3FHI",8107,"6-8 cm",0,0,NA
"E3","V3FHI",8107,">8 cm",0,0,NA
"E3","V3FHI",8108,"<2 cm",0,0,NA
"E3","V3FHI",8108,"2-4 cm",0,0,NA
"E3","V3FHI",8108,"4-6 cm",0,0,NA
"E3","V3FHI",8108,"6-8 cm",0,0,NA
"E3","V3FHI",8108,">8 cm",0,0,NA
"E3","V3FHI",8109,"<2 cm",0,0,NA
"E3","V3FHI",8109,"2-4 cm",0,0,NA
"E3","V3FHI",8109,"4-6 cm",0,0,NA
"E3","V3FHI",8109,"6-8 cm",0,0,NA
"E3","V3FHI",8109,">8 cm",0,0,NA
"E3","V3FHI",8110,"<2 cm",0,0,NA
"E3","V3FHI",8110,"2-4 cm",0,0,NA
"E3","V3FHI",8110,"4-6 cm",0,0,NA
"E3","V3FHI",8110,"6-8 cm",0,0,NA
"E3","V3FHI",8110,">8 cm",0,0,NA
"E3","V3FHI",9101,"<2 cm",237,250,0.948
"E3","V3FHI",9101,"2-4 cm",0,250,0
"E3","V3FHI",9101,"4-6 cm",2,250,0.008
"E3","V3FHI",9101,"6-8 cm",0,250,0
"E3","V3FHI",9101,">8 cm",11,250,0.044
"E3","V3FHI",9102,"<2 cm",235,250,0.94
"E3","V3FHI",9102,"2-4 cm",1,250,0.004
"E3","V3FHI",9102,"4-6 cm",3,250,0.012
"E3","V3FHI",9102,"6-8 cm",0,250,0
"E3","V3FHI",9102,">8 cm",11,250,0.044
"E3","V3FHI",9103,"<2 cm",237,250,0.948
"E3","V3FHI",9103,"2-4 cm",1,250,0.004
"E3","V3FHI",9103,"4-6 cm",1,250,0.004
"E3","V3FHI",9103,"6-8 cm",0,250,0
"E3","V3FHI",9103,">8 cm",11,250,0.044
"E3","V3FHI",9104,"<2 cm",0,0,NA
"E3","V3FHI",9104,"2-4 cm",0,0,NA
"E3","V3FHI",9104,"4-6 cm",0,0,NA
"E3","V3FHI",9104,"6-8 cm",0,0,NA
"E3","V3FHI",9104,">8 cm",0,0,NA
"E3","V3FHI",9105,"<2 cm",0,0,NA
"E3","V3FHI",9105,"2-4 cm",0,0,NA
"E3","V3FHI",9105,"4-6 cm",0,0,NA
"E3","V3FHI",9105,"6-8 cm",0,0,NA
"E3","V3FHI",9105,">8 cm",0,0,NA
"E3","V3FHI",9106,"<2 cm",0,0,NA
"E3","V3FHI",9106,"2-4 cm",0,0,NA
"E3","V3FHI",9106,"4-6 cm",0,0,NA
"E3","V3FHI",9106,"6-8 cm",0,0,NA
"E3","V3FHI",9106,">8 cm",0,0,NA
"E3","V3FHI",9107,"<2 cm",0,0,NA
"E3","V3FHI",9107,"2-4 cm",0,0,NA
"E3","V3FHI",9107,"4-6 cm",0,0,NA
"E3","V3FHI",9107,"6-8 cm",0,0,NA
"E3","V3FHI",9107,">8 cm",0,0,NA
"E3","V3FHI",9108,"<2 cm",0,0,NA
"E3","V3FHI",9108,"2-4 cm",0,0,NA
"E3","V3FHI",9108,"4-6 cm",0,0,NA
"E3","V3FHI",9108,"6-8 cm",0,0,NA
"E3","V3FHI",9108,">8 cm",0,0,NA
"E3","V3FHI",9109,"<2 cm",0,0,NA
"E3","V3FHI",9109,"2-4 cm",0,0,NA
"E3","V3FHI",9109,"4-6 cm",0,0,NA
"E3","V3FHI",9109,"6-8 cm",0,0,NA
"E3","V3FHI",9109,">8 cm",0,0,NA
"E3","V3FHI",9110,"<2 cm",0,0,NA
"E3","V3FHI",9110,"2-4 cm",0,0,NA
"E3","V3FHI",9110,"4-6 cm",0,0,NA
"E3","V3FHI",9110,"6-8 cm",0,0,NA
"E3","V3FHI",9110,">8 cm",0,0,NA
"E3","V3FHI",10101,"<2 cm",6,250,0.024
"E3","V3FHI",10101,"2-4 cm",0,250,0
"E3","V3FHI",10101,"4-6 cm",0,250,0
"E3","V3FHI",10101,"6-8 cm",0,250,0
"E3","V3FHI",10101,">8 cm",244,250,0.976
"E3","V3FHI",10102,"<2 cm",5,250,0.02
"E3","V3FHI",10102,"2-4 cm",1,250,0.004
"E3","V3FHI",10102,"4-6 cm",0,250,0
"E3","V3FHI",10102,"6-8 cm",0,250,0
"E3","V3FHI",10102,">8 cm",244,250,0.976
"E3","V3FHI",10103,"<2 cm",6,250,0.024
"E3","V3FHI",10103,"2-4 cm",0,250,0
"E3","V3FHI",10103,"4-6 cm",0,250,0
"E3","V3FHI",10103,"6-8 cm",0,250,0
"E3","V3FHI",10103,">8 cm",244,250,0.976
"E3","V3FHI",10104,"<2 cm",0,0,NA
"E3","V3FHI",10104,"2-4 cm",0,0,NA
"E3","V3FHI",10104,"4-6 cm",0,0,NA
"E3","V3FHI",10104,"6-8 cm",0,0,NA
"E3","V3FHI",10104,">8 cm",0,0,NA
"E3","V3FHI",10105,"<2 cm",0,0,NA
"E3","V3FHI",10105,"2-4 cm",0,0,NA
"E3","V3FHI",10105,"4-6 cm",0,0,NA
"E3","V3FHI",10105,"6-8 cm",0,0,NA
"E3","V3FHI",10105,">8 cm",0,0,NA
"E3","V3FHI",10106,"<2 cm",0,0,NA
"E3","V3FHI",10106,"2-4 cm",0,0,NA
"E3","V3FHI",10106,"4-6 cm",0,0,NA
"E3","V3FHI",10106,"6-8 cm",0,0,NA
"E3","V3FHI",10106,">8 cm",0,0,NA
"E3","V3FHI",10107,"<2 cm",0,0,NA
"E3","V3FHI",10107,"2-4 cm",0,0,NA
"E3","V3FHI",10107,"4-6 cm",0,0,NA
"E3","V3FHI",10107,"6-8 cm",0,0,NA
"E3","V3FHI",10107,">8 cm",0,0,NA
"E3","V3FHI",10108,"<2 cm",0,0,NA
"E3","V3FHI",10108,"2-4 cm",0,0,NA
"E3","V3FHI",10108,"4-6 cm",0,0,NA
"E3","V3FHI",10108,"6-8 cm",0,0,NA
"E3","V3FHI",10108,">8 cm",0,0,NA
"E3","V3FHI",10109,"<2 cm",0,0,NA
"E3","V3FHI",10109,"2-4 cm",0,0,NA
"E3","V3FHI",10109,"4-6 cm",0,0,NA
"E3","V3FHI",10109,"6-8 cm",0,0,NA
"E3","V3FHI",10109,">8 cm",0,0,NA
"E3","V3FHI",10110,"<2 cm",0,0,NA
"E3","V3FHI",10110,"2-4 cm",0,0,NA
"E3","V3FHI",10110,"4-6 cm",0,0,NA
"E3","V3FHI",10110,"6-8 cm",0,0,NA
"E3","V3FHI",10110,">8 cm",0,0,NA
"E3","V3FHI",11101,"<2 cm",0,0,NA
"E3","V3FHI",11101,"2-4 cm",0,0,NA
"E3","V3FHI",11101,"4-6 cm",0,0,NA
"E3","V3FHI",11101,"6-8 cm",0,0,NA
"E3","V3FHI",11101,">8 cm",0,0,NA
"E3","V3FHI",11102,"<2 cm",0,0,NA
"E3","V3FHI",11102,"2-4 cm",0,0,NA
"E3","V3FHI",11102,"4-6 cm",0,0,NA
"E3","V3FHI",11102,"6-8 cm",0,0,NA
"E3","V3FHI",11102,">8 cm",0,0,NA
"E3","V3FHI",11103,"<2 cm",0,0,NA
"E3","V3FHI",11103,"2-4 cm",0,0,NA
"E3","V3FHI",11103,"4-6 cm",0,0,NA
"E3","V3FHI",11103,"6-8 cm",0,0,NA
"E3","V3FHI",11103,">8 cm",0,0,NA
"E3","V3FHI",11104,"<2 cm",0,0,NA
"E3","V3FHI",11104,"2-4 cm",0,0,NA
"E3","V3FHI",11104,"4-6 cm",0,0,NA
"E3","V3FHI",11104,"6-8 cm",0,0,NA
"E3","V3FHI",11104,">8 cm",0,0,NA
"E3","V3FHI",11105,"<2 cm",0,0,NA
"E3","V3FHI",11105,"2-4 cm",0,0,NA
"E3","V3FHI",11105,"4-6 cm",0,0,NA
"E3","V3FHI",11105,"6-8 cm",0,0,NA
"E3","V3FHI",11105,">8 cm",0,0,NA
"E3","V3FHI",11106,"<2 cm",0,0,NA
"E3","V3FHI",11106,"2-4 cm",0,0,NA
"E3","V3FHI",11106,"4-6 cm",0,0,NA
"E3","V3FHI",11106,"6-8 cm",0,0,NA
"E3","V3FHI",11106,">8 cm",0,0,NA
"E3","V3FHI",11107,"<2 cm",0,0,NA
"E3","V3FHI",11107,"2-4 cm",0,0,NA
"E3","V3FHI",11107,"4-6 cm",0,0,NA
"E3","V3FHI",11107,"6-8 cm",0,0,NA
"E3","V3FHI",11107,">8 cm",0,0,NA
"E3","V3FHI",11108,"<2 cm",0,0,NA
"E3","V3FHI",11108,"2-4 cm",0,0,NA
"E3","V3FHI",11108,"4-6 cm",0,0,NA
"E3","V3FHI",11108,"6-8 cm",0,0,NA
"E3","V3FHI",11108,">8 cm",0,0,NA
"E3","V3FHI",11109,"<2 cm",0,0,NA
"E3","V3FHI",11109,"2-4 cm",0,0,NA
"E3","V3FHI",11109,"4-6 cm",0,0,NA
"E3","V3FHI",11109,"6-8 cm",0,0,NA
"E3","V3FHI",11109,">8 cm",0,0,NA
"E3","V3FHI",11110,"<2 cm",0,0,NA
"E3","V3FHI",11110,"2-4 cm",0,0,NA
"E3","V3FHI",11110,"4-6 cm",0,0,NA
"E3","V3FHI",11110,"6-8 cm",0,0,NA
"E3","V3FHI",11110,">8 cm",0,0,NA
"E3","V3FHI",12101,"<2 cm",0,0,NA
"E3","V3FHI",12101,"2-4 cm",0,0,NA
"E3","V3FHI",12101,"4-6 cm",0,0,NA
"E3","V3FHI",12101,"6-8 cm",0,0,NA
"E3","V3FHI",12101,">8 cm",0,0,NA
"E3","V3FHI",12102,"<2 cm",0,0,NA
"E3","V3FHI",12102,"2-4 cm",0,0,NA
"E3","V3FHI",12102,"4-6 cm",0,0,NA
"E3","V3FHI",12102,"6-8 cm",0,0,NA
"E3","V3FHI",12102,">8 cm",0,0,NA
"E3","V3FHI",12103,"<2 cm",0,0,NA
"E3","V3FHI",12103,"2-4 cm",0,0,NA
"E3","V3FHI",12103,"4-6 cm",0,0,NA
"E3","V3FHI",12103,"6-8 cm",0,0,NA
"E3","V3FHI",12103,">8 cm",0,0,NA
"E3","V3FHI",12104,"<2 cm",0,0,NA
"E3","V3FHI",12104,"2-4 cm",0,0,NA
"E3","V3FHI",12104,"4-6 cm",0,0,NA
"E3","V3FHI",12104,"6-8 cm",0,0,NA
"E3","V3FHI",12104,">8 cm",0,0,NA
"E3","V3FHI",12105,"<2 cm",0,0,NA
"E3","V3FHI",12105,"2-4 cm",0,0,NA
"E3","V3FHI",12105,"4-6 cm",0,0,NA
"E3","V3FHI",12105,"6-8 cm",0,0,NA
"E3","V3FHI",12105,">8 cm",0,0,NA
"E3","V3FHI",12106,"<2 cm",0,0,NA
"E3","V3FHI",12106,"2-4 cm",0,0,NA
"E3","V3FHI",12106,"4-6 cm",0,0,NA
"E3","V3FHI",12106,"6-8 cm",0,0,NA
"E3","V3FHI",12106,">8 cm",0,0,NA
"E3","V3FHI",12107,"<2 cm",0,0,NA
"E3","V3FHI",12107,"2-4 cm",0,0,NA
"E3","V3FHI",12107,"4-6 cm",0,0,NA
"E3","V3FHI",12107,"6-8 cm",0,0,NA
"E3","V3FHI",12107,">8 cm",0,0,NA
"E3","V3FHI",12108,"<2 cm",0,0,NA
"E3","V3FHI",12108,"2-4 cm",0,0,NA
"E3","V3FHI",12108,"4-6 cm",0,0,NA
"E3","V3FHI",12108,"6-8 cm",0,0,NA
"E3","V3FHI",12108,">8 cm",0,0,NA
"E3","V3FHI",12109,"<2 cm",0,0,NA
"E3","V3FHI",12109,"2-4 cm",0,0,NA
"E3","V3FHI",12109,"4-6 cm",0,0,NA
"E3","V3FHI",12109,"6-8 cm",0,0,NA
"E3","V3FHI",12109,">8 cm",0,0,NA
"E3","V3FHI",12110,"<2 cm",0,0,NA
"E3","V3FHI",12110,"2-4 cm",0,0,NA
"E3","V3FHI",12110,"4-6 cm",0,0,NA
"E3","V3FHI",12110,"6-8 cm",0,0,NA
"E3","V3FHI",12110,">8 cm",0,0,NA
"E3","V3FHI",13101,"<2 cm",0,0,NA
"E3","V3FHI",13101,"2-4 cm",0,0,NA
"E3","V3FHI",13101,"4-6 cm",0,0,NA
"E3","V3FHI",13101,"6-8 cm",0,0,NA
"E3","V3FHI",13101,">8 cm",0,0,NA
"E3","V3FHI",13102,"<2 cm",0,0,NA
"E3","V3FHI",13102,"2-4 cm",0,0,NA
"E3","V3FHI",13102,"4-6 cm",0,0,NA
"E3","V3FHI",13102,"6-8 cm",0,0,NA
"E3","V3FHI",13102,">8 cm",0,0,NA
"E3","V3FHI",13103,"<2 cm",0,0,NA
"E3","V3FHI",13103,"2-4 cm",0,0,NA
"E3","V3FHI",13103,"4-6 cm",0,0,NA
"E3","V3FHI",13103,"6-8 cm",0,0,NA
"E3","V3FHI",13103,">8 cm",0,0,NA
"E3","V3FHI",13104,"<2 cm",0,0,NA
"E3","V3FHI",13104,"2-4 cm",0,0,NA
"E3","V3FHI",13104,"4-6 cm",0,0,NA
"E3","V3FHI",13104,"6-8 cm",0,0,NA
"E3","V3FHI",13104,">8 cm",0,0,NA
"E3","V3FHI",13105,"<2 cm",0,0,NA
"E3","V3FHI",13105,"2-4 cm",0,0,NA
"E3","V3FHI",13105,"4-6 cm",0,0,NA
"E3","V3FHI",13105,"6-8 cm",0,0,NA
"E3","V3FHI",13105,">8 cm",0,0,NA
"E3","V3FHI",13106,"<2 cm",0,0,NA
"E3","V3FHI",13106,"2-4 cm",0,0,NA
"E3","V3FHI",13106,"4-6 cm",0,0,NA
"E3","V3FHI",13106,"6-8 cm",0,0,NA
"E3","V3FHI",13106,">8 cm",0,0,NA
"E3","V3FHI",13107,"<2 cm",0,0,NA
"E3","V3FHI",13107,"2-4 cm",0,0,NA
"E3","V3FHI",13107,"4-6 cm",0,0,NA
"E3","V3FHI",13107,"6-8 cm",0,0,NA
"E3","V3FHI",13107,">8 cm",0,0,NA
"E3","V3FHI",13108,"<2 cm",0,0,NA
"E3","V3FHI",13108,"2-4 cm",0,0,NA
"E3","V3FHI",13108,"4-6 cm",0,0,NA
"E3","V3FHI",13108,"6-8 cm",0,0,NA
"E3","V3FHI",13108,">8 cm",0,0,NA
"E3","V3FHI",13109,"<2 cm",0,0,NA
"E3","V3FHI",13109,"2-4 cm",0,0,NA
"E3","V3FHI",13109,"4-6 cm",0,0,NA
"E3","V3FHI",13109,"6-8 cm",0,0,NA
"E3","V3FHI",13109,">8 cm",0,0,NA
"E3","V3FHI",13110,"<2 cm",0,0,NA
"E3","V3FHI",13110,"2-4 cm",0,0,NA
"E3","V3FHI",13110,"4-6 cm",0,0,NA
"E3","V3FHI",13110,"6-8 cm",0,0,NA
"E3","V3FHI",13110,">8 cm",0,0,NA
"E3","V3FHI",14101,"<2 cm",0,0,NA
"E3","V3FHI",14101,"2-4 cm",0,0,NA
"E3","V3FHI",14101,"4-6 cm",0,0,NA
"E3","V3FHI",14101,"6-8 cm",0,0,NA
"E3","V3FHI",14101,">8 cm",0,0,NA
"E3","V3FHI",14102,"<2 cm",0,0,NA
"E3","V3FHI",14102,"2-4 cm",0,0,NA
"E3","V3FHI",14102,"4-6 cm",0,0,NA
"E3","V3FHI",14102,"6-8 cm",0,0,NA
"E3","V3FHI",14102,">8 cm",0,0,NA
"E3","V3FHI",14103,"<2 cm",0,0,NA
"E3","V3FHI",14103,"2-4 cm",0,0,NA
"E3","V3FHI",14103,"4-6 cm",0,0,NA
"E3","V3FHI",14103,"6-8 cm",0,0,NA
"E3","V3FHI",14103,">8 cm",0,0,NA
"E3","V3FHI",14104,"<2 cm",0,0,NA
"E3","V3FHI",14104,"2-4 cm",0,0,NA
"E3","V3FHI",14104,"4-6 cm",0,0,NA
"E3","V3FHI",14104,"6-8 cm",0,0,NA
"E3","V3FHI",14104,">8 cm",0,0,NA
"E3","V3FHI",14105,"<2 cm",0,0,NA
"E3","V3FHI",14105,"2-4 cm",0,0,NA
"E3","V3FHI",14105,"4-6 cm",0,0,NA
"E3","V3FHI",14105,"6-8 cm",0,0,NA
"E3","V3FHI",14105,">8 cm",0,0,NA
"E3","V3FHI",14106,"<2 cm",0,0,NA
"E3","V3FHI",14106,"2-4 cm",0,0,NA
"E3","V3FHI",14106,"4-6 cm",0,0,NA
"E3","V3FHI",14106,"6-8 cm",0,0,NA
"E3","V3FHI",14106,">8 cm",0,0,NA
"E3","V3FHI",14107,"<2 cm",0,0,NA
"E3","V3FHI",14107,"2-4 cm",0,0,NA
"E3","V3FHI",14107,"4-6 cm",0,0,NA
"E3","V3FHI",14107,"6-8 cm",0,0,NA
"E3","V3FHI",14107,">8 cm",0,0,NA
"E3","V3FHI",14108,"<2 cm",0,0,NA
"E3","V3FHI",14108,"2-4 cm",0,0,NA
"E3","V3FHI",14108,"4-6 cm",0,0,NA
"E3","V3FHI",14108,"6-8 cm",0,0,NA
"E3","V3FHI",14108,">8 cm",0,0,NA
"E3","V3FHI",14109,"<2 cm",0,0,NA
"E3","V3FHI",14109,"2-4 cm",0,0,NA
"E3","V3FHI",14109,"4-6 cm",0,0,NA
"E3","V3FHI",14109,"6-8 cm",0,0,NA
"E3","V3FHI",14109,">8 cm",0,0,NA
"E3","V3FHI",14110,"<2 cm",0,0,NA
"E3","V3FHI",14110,"2-4 cm",0,0,NA
"E3","V3FHI",14110,"4-6 cm",0,0,NA
"E3","V3FHI",14110,"6-8 cm",0,0,NA
"E3","V3FHI",14110,">8 cm",0,0,NA
"E3","V3FHI",15101,"<2 cm",0,0,NA
"E3","V3FHI",15101,"2-4 cm",0,0,NA
"E3","V3FHI",15101,"4-6 cm",0,0,NA
"E3","V3FHI",15101,"6-8 cm",0,0,NA
"E3","V3FHI",15101,">8 cm",0,0,NA
"E3","V3FHI",15102,"<2 cm",0,0,NA
"E3","V3FHI",15102,"2-4 cm",0,0,NA
"E3","V3FHI",15102,"4-6 cm",0,0,NA
"E3","V3FHI",15102,"6-8 cm",0,0,NA
"E3","V3FHI",15102,">8 cm",0,0,NA
"E3","V3FHI",15103,"<2 cm",0,0,NA
"E3","V3FHI",15103,"2-4 cm",0,0,NA
"E3","V3FHI",15103,"4-6 cm",0,0,NA
"E3","V3FHI",15103,"6-8 cm",0,0,NA
"E3","V3FHI",15103,">8 cm",0,0,NA
"E3","V3FHI",15104,"<2 cm",0,0,NA
"E3","V3FHI",15104,"2-4 cm",0,0,NA
"E3","V3FHI",15104,"4-6 cm",0,0,NA
"E3","V3FHI",15104,"6-8 cm",0,0,NA
"E3","V3FHI",15104,">8 cm",0,0,NA
"E3","V3FHI",15105,"<2 cm",0,0,NA
"E3","V3FHI",15105,"2-4 cm",0,0,NA
"E3","V3FHI",15105,"4-6 cm",0,0,NA
"E3","V3FHI",15105,"6-8 cm",0,0,NA
"E3","V3FHI",15105,">8 cm",0,0,NA
"E3","V3FHI",15106,"<2 cm",0,0,NA
"E3","V3FHI",15106,"2-4 cm",0,0,NA
"E3","V3FHI",15106,"4-6 cm",0,0,NA
"E3","V3FHI",15106,"6-8 cm",0,0,NA
"E3","V3FHI",15106,">8 cm",0,0,NA
"E3","V3FHI",15107,"<2 cm",0,0,NA
"E3","V3FHI",15107,"2-4 cm",0,0,NA
"E3","V3FHI",15107,"4-6 cm",0,0,NA
"E3","V3FHI",15107,"6-8 cm",0,0,NA
"E3","V3FHI",15107,">8 cm",0,0,NA
"E3","V3FHI",15108,"<2 cm",0,0,NA
"E3","V3FHI",15108,"2-4 cm",0,0,NA
"E3","V3FHI",15108,"4-6 cm",0,0,NA
"E3","V3FHI",15108,"6-8 cm",0,0,NA
"E3","V3FHI",15108,">8 cm",0,0,NA
"E3","V3FHI",15109,"<2 cm",0,0,NA
"E3","V3FHI",15109,"2-4 cm",0,0,NA
"E3","V3FHI",15109,"4-6 cm",0,0,NA
"E3","V3FHI",15109,"6-8 cm",0,0,NA
"E3","V3FHI",15109,">8 cm",0,0,NA
"E3","V3FHI",15110,"<2 cm",0,0,NA
"E3","V3FHI",15110,"2-4 cm",0,0,NA
"E3","V3FHI",15110,"4-6 cm",0,0,NA
"E3","V3FHI",15110,"6-8 cm",0,0,NA
"E3","V3FHI",15110,">8 cm",0,0,NA
"E3","V3FHI",16101,"<2 cm",0,0,NA
"E3","V3FHI",16101,"2-4 cm",0,0,NA
"E3","V3FHI",16101,"4-6 cm",0,0,NA
"E3","V3FHI",16101,"6-8 cm",0,0,NA
"E3","V3FHI",16101,">8 cm",0,0,NA
"E3","V3FHI",16102,"<2 cm",0,0,NA
"E3","V3FHI",16102,"2-4 cm",0,0,NA
"E3","V3FHI",16102,"4-6 cm",0,0,NA
"E3","V3FHI",16102,"6-8 cm",0,0,NA
"E3","V3FHI",16102,">8 cm",0,0,NA
"E3","V3FHI",16103,"<2 cm",0,0,NA
"E3","V3FHI",16103,"2-4 cm",0,0,NA
"E3","V3FHI",16103,"4-6 cm",0,0,NA
"E3","V3FHI",16103,"6-8 cm",0,0,NA
"E3","V3FHI",16103,">8 cm",0,0,NA
"E3","V3FHI",16104,"<2 cm",0,0,NA
"E3","V3FHI",16104,"2-4 cm",0,0,NA
"E3","V3FHI",16104,"4-6 cm",0,0,NA
"E3","V3FHI",16104,"6-8 cm",0,0,NA
"E3","V3FHI",16104,">8 cm",0,0,NA
"E3","V3FHI",16105,"<2 cm",0,0,NA
"E3","V3FHI",16105,"2-4 cm",0,0,NA
"E3","V3FHI",16105,"4-6 cm",0,0,NA
"E3","V3FHI",16105,"6-8 cm",0,0,NA
"E3","V3FHI",16105,">8 cm",0,0,NA
"E3","V3FHI",16106,"<2 cm",0,0,NA
"E3","V3FHI",16106,"2-4 cm",0,0,NA
"E3","V3FHI",16106,"4-6 cm",0,0,NA
"E3","V3FHI",16106,"6-8 cm",0,0,NA
"E3","V3FHI",16106,">8 cm",0,0,NA
"E3","V3FHI",16107,"<2 cm",0,0,NA
"E3","V3FHI",16107,"2-4 cm",0,0,NA
"E3","V3FHI",16107,"4-6 cm",0,0,NA
"E3","V3FHI",16107,"6-8 cm",0,0,NA
"E3","V3FHI",16107,">8 cm",0,0,NA
"E3","V3FHI",16108,"<2 cm",0,0,NA
"E3","V3FHI",16108,"2-4 cm",0,0,NA
"E3","V3FHI",16108,"4-6 cm",0,0,NA
"E3","V3FHI",16108,"6-8 cm",0,0,NA
"E3","V3FHI",16108,">8 cm",0,0,NA
"E3","V3FHI",16109,"<2 cm",0,0,NA
"E3","V3FHI",16109,"2-4 cm",0,0,NA
"E3","V3FHI",16109,"4-6 cm",0,0,NA
"E3","V3FHI",16109,"6-8 cm",0,0,NA
"E3","V3FHI",16109,">8 cm",0,0,NA
"E3","V3FHI",16110,"<2 cm",0,0,NA
"E3","V3FHI",16110,"2-4 cm",0,0,NA
"E3","V3FHI",16110,"4-6 cm",0,0,NA
"E3","V3FHI",16110,"6-8 cm",0,0,NA
"E3","V3FHI",16110,">8 cm",0,0,NA
"E3","V3FHI",17101,"<2 cm",0,0,NA
"E3","V3FHI",17101,"2-4 cm",0,0,NA
"E3","V3FHI",17101,"4-6 cm",0,0,NA
"E3","V3FHI",17101,"6-8 cm",0,0,NA
"E3","V3FHI",17101,">8 cm",0,0,NA
"E3","V3FHI",17102,"<2 cm",0,0,NA
"E3","V3FHI",17102,"2-4 cm",0,0,NA
"E3","V3FHI",17102,"4-6 cm",0,0,NA
"E3","V3FHI",17102,"6-8 cm",0,0,NA
"E3","V3FHI",17102,">8 cm",0,0,NA
"E3","V3FHI",17103,"<2 cm",0,0,NA
"E3","V3FHI",17103,"2-4 cm",0,0,NA
"E3","V3FHI",17103,"4-6 cm",0,0,NA
"E3","V3FHI",17103,"6-8 cm",0,0,NA
"E3","V3FHI",17103,">8 cm",0,0,NA
"E3","V3FHI",17104,"<2 cm",0,0,NA
"E3","V3FHI",17104,"2-4 cm",0,0,NA
"E3","V3FHI",17104,"4-6 cm",0,0,NA
"E3","V3FHI",17104,"6-8 cm",0,0,NA
"E3","V3FHI",17104,">8 cm",0,0,NA
"E3","V3FHI",17105,"<2 cm",0,0,NA
"E3","V3FHI",17105,"2-4 cm",0,0,NA
"E3","V3FHI",17105,"4-6 cm",0,0,NA
"E3","V3FHI",17105,"6-8 cm",0,0,NA
"E3","V3FHI",17105,">8 cm",0,0,NA
"E3","V3FHI",17106,"<2 cm",0,0,NA
"E3","V3FHI",17106,"2-4 cm",0,0,NA
"E3","V3FHI",17106,"4-6 cm",0,0,NA
"E3","V3FHI",17106,"6-8 cm",0,0,NA
"E3","V3FHI",17106,">8 cm",0,0,NA
"E3","V3FHI",17107,"<2 cm",0,0,NA
"E3","V3FHI",17107,"2-4 cm",0,0,NA
"E3","V3FHI",17107,"4-6 cm",0,0,NA
"E3","V3FHI",17107,"6-8 cm",0,0,NA
"E3","V3FHI",17107,">8 cm",0,0,NA
"E3","V3FHI",17108,"<2 cm",0,0,NA
"E3","V3FHI",17108,"2-4 cm",0,0,NA
"E3","V3FHI",17108,"4-6 cm",0,0,NA
"E3","V3FHI",17108,"6-8 cm",0,0,NA
"E3","V3FHI",17108,">8 cm",0,0,NA
"E3","V3FHI",17109,"<2 cm",0,0,NA
"E3","V3FHI",17109,"2-4 cm",0,0,NA
"E3","V3FHI",17109,"4-6 cm",0,0,NA
"E3","V3FHI",17109,"6-8 cm",0,0,NA
"E3","V3FHI",17109,">8 cm",0,0,NA
"E3","V3FHI",17110,"<2 cm",0,0,NA
"E3","V3FHI",17110,"2-4 cm",0,0,NA
"E3","V3FHI",17110,"4-6 cm",0,0,NA
"E3","V3FHI",17110,"6-8 cm",0,0,NA
"E3","V3FHI",17110,">8 cm",0,0,NA
"E3","V3FHI",18101,"<2 cm",0,0,NA
"E3","V3FHI",18101,"2-4 cm",0,0,NA
"E3","V3FHI",18101,"4-6 cm",0,0,NA
"E3","V3FHI",18101,"6-8 cm",0,0,NA
"E3","V3FHI",18101,">8 cm",0,0,NA
"E3","V3FHI",18102,"<2 cm",0,0,NA
"E3","V3FHI",18102,"2-4 cm",0,0,NA
"E3","V3FHI",18102,"4-6 cm",0,0,NA
"E3","V3FHI",18102,"6-8 cm",0,0,NA
"E3","V3FHI",18102,">8 cm",0,0,NA
"E3","V3FHI",18103,"<2 cm",0,0,NA
"E3","V3FHI",18103,"2-4 cm",0,0,NA
"E3","V3FHI",18103,"4-6 cm",0,0,NA
"E3","V3FHI",18103,"6-8 cm",0,0,NA
"E3","V3FHI",18103,">8 cm",0,0,NA
"E3","V3FHI",18104,"<2 cm",0,0,NA
"E3","V3FHI",18104,"2-4 cm",0,0,NA
"E3","V3FHI",18104,"4-6 cm",0,0,NA
"E3","V3FHI",18104,"6-8 cm",0,0,NA
"E3","V3FHI",18104,">8 cm",0,0,NA
"E3","V3FHI",18105,"<2 cm",0,0,NA
"E3","V3FHI",18105,"2-4 cm",0,0,NA
"E3","V3FHI",18105,"4-6 cm",0,0,NA
"E3","V3FHI",18105,"6-8 cm",0,0,NA
"E3","V3FHI",18105,">8 cm",0,0,NA
"E3","V3FHI",18106,"<2 cm",0,0,NA
"E3","V3FHI",18106,"2-4 cm",0,0,NA
"E3","V3FHI",18106,"4-6 cm",0,0,NA
"E3","V3FHI",18106,"6-8 cm",0,0,NA
"E3","V3FHI",18106,">8 cm",0,0,NA
"E3","V3FHI",18107,"<2 cm",0,0,NA
"E3","V3FHI",18107,"2-4 cm",0,0,NA
"E3","V3FHI",18107,"4-6 cm",0,0,NA
"E3","V3FHI",18107,"6-8 cm",0,0,NA
"E3","V3FHI",18107,">8 cm",0,0,NA
"E3","V3FHI",18108,"<2 cm",0,0,NA
"E3","V3FHI",18108,"2-4 cm",0,0,NA
"E3","V3FHI",18108,"4-6 cm",0,0,NA
"E3","V3FHI",18108,"6-8 cm",0,0,NA
"E3","V3FHI",18108,">8 cm",0,0,NA
"E3","V3FHI",18109,"<2 cm",0,0,NA
"E3","V3FHI",18109,"2-4 cm",0,0,NA
"E3","V3FHI",18109,"4-6 cm",0,0,NA
"E3","V3FHI",18109,"6-8 cm",0,0,NA
"E3","V3FHI",18109,">8 cm",0,0,NA
"E3","V3FHI",18110,"<2 cm",0,0,NA
"E3","V3FHI",18110,"2-4 cm",0,0,NA
"E3","V3FHI",18110,"4-6 cm",0,0,NA
"E3","V3FHI",18110,"6-8 cm",0,0,NA
"E3","V3FHI",18110,">8 cm",0,0,NA
"E3","V3FHI",19101,"<2 cm",0,0,NA
"E3","V3FHI",19101,"2-4 cm",0,0,NA
"E3","V3FHI",19101,"4-6 cm",0,0,NA
"E3","V3FHI",19101,"6-8 cm",0,0,NA
"E3","V3FHI",19101,">8 cm",0,0,NA
"E3","V3FHI",19102,"<2 cm",0,0,NA
"E3","V3FHI",19102,"2-4 cm",0,0,NA
"E3","V3FHI",19102,"4-6 cm",0,0,NA
"E3","V3FHI",19102,"6-8 cm",0,0,NA
"E3","V3FHI",19102,">8 cm",0,0,NA
"E3","V3FHI",19103,"<2 cm",0,0,NA
"E3","V3FHI",19103,"2-4 cm",0,0,NA
"E3","V3FHI",19103,"4-6 cm",0,0,NA
"E3","V3FHI",19103,"6-8 cm",0,0,NA
"E3","V3FHI",19103,">8 cm",0,0,NA
"E3","V3FHI",19104,"<2 cm",0,0,NA
"E3","V3FHI",19104,"2-4 cm",0,0,NA
"E3","V3FHI",19104,"4-6 cm",0,0,NA
"E3","V3FHI",19104,"6-8 cm",0,0,NA
"E3","V3FHI",19104,">8 cm",0,0,NA
"E3","V3FHI",19105,"<2 cm",0,0,NA
"E3","V3FHI",19105,"2-4 cm",0,0,NA
"E3","V3FHI",19105,"4-6 cm",0,0,NA
"E3","V3FHI",19105,"6-8 cm",0,0,NA
"E3","V3FHI",19105,">8 cm",0,0,NA
"E3","V3FHI",19106,"<2 cm",0,0,NA
"E3","V3FHI",19106,"2-4 cm",0,0,NA
"E3","V3FHI",19106,"4-6 cm",0,0,NA
"E3","V3FHI",19106,"6-8 cm",0,0,NA
"E3","V3FHI",19106,">8 cm",0,0,NA
"E3","V3FHI",19107,"<2 cm",0,0,NA
"E3","V3FHI",19107,"2-4 cm",0,0,NA
"E3","V3FHI",19107,"4-6 cm",0,0,NA
"E3","V3FHI",19107,"6-8 cm",0,0,NA
"E3","V3FHI",19107,">8 cm",0,0,NA
"E3","V3FHI",19108,"<2 cm",0,0,NA
"E3","V3FHI",19108,"2-4 cm",0,0,NA
"E3","V3FHI",19108,"4-6 cm",0,0,NA
"E3","V3FHI",19108,"6-8 cm",0,0,NA
"E3","V3FHI",19108,">8 cm",0,0,NA
"E3","V3FHI",19109,"<2 cm",0,0,NA
"E3","V3FHI",19109,"2-4 cm",0,0,NA
"E3","V3FHI",19109,"4-6 cm",0,0,NA
"E3","V3FHI",19109,"6-8 cm",0,0,NA
"E3","V3FHI",19109,">8 cm",0,0,NA
"E3","V3FHI",19110,"<2 cm",0,0,NA
"E3","V3FHI",19110,"2-4 cm",0,0,NA
"E3","V3FHI",19110,"4-6 cm",0,0,NA
"E3","V3FHI",19110,"6-8 cm",0,0,NA
"E3","V3FHI",19110,">8 cm",0,0,NA
"E3","V3FHI",20101,"<2 cm",0,0,NA
"E3","V3FHI",20101,"2-4 cm",0,0,NA
"E3","V3FHI",20101,"4-6 cm",0,0,NA
"E3","V3FHI",20101,"6-8 cm",0,0,NA
"E3","V3FHI",20101,">8 cm",0,0,NA
"E3","V3FHI",20102,"<2 cm",0,0,NA
"E3","V3FHI",20102,"2-4 cm",0,0,NA
"E3","V3FHI",20102,"4-6 cm",0,0,NA
"E3","V3FHI",20102,"6-8 cm",0,0,NA
"E3","V3FHI",20102,">8 cm",0,0,NA
"E3","V3FHI",20103,"<2 cm",0,0,NA
"E3","V3FHI",20103,"2-4 cm",0,0,NA
"E3","V3FHI",20103,"4-6 cm",0,0,NA
"E3","V3FHI",20103,"6-8 cm",0,0,NA
"E3","V3FHI",20103,">8 cm",0,0,NA
"E3","V3FHI",20104,"<2 cm",0,0,NA
"E3","V3FHI",20104,"2-4 cm",0,0,NA
"E3","V3FHI",20104,"4-6 cm",0,0,NA
"E3","V3FHI",20104,"6-8 cm",0,0,NA
"E3","V3FHI",20104,">8 cm",0,0,NA
"E3","V3FHI",20105,"<2 cm",0,0,NA
"E3","V3FHI",20105,"2-4 cm",0,0,NA
"E3","V3FHI",20105,"4-6 cm",0,0,NA
"E3","V3FHI",20105,"6-8 cm",0,0,NA
"E3","V3FHI",20105,">8 cm",0,0,NA
"E3","V3FHI",20106,"<2 cm",0,0,NA
"E3","V3FHI",20106,"2-4 cm",0,0,NA
"E3","V3FHI",20106,"4-6 cm",0,0,NA
"E3","V3FHI",20106,"6-8 cm",0,0,NA
"E3","V3FHI",20106,">8 cm",0,0,NA
"E3","V3FHI",20107,"<2 cm",0,0,NA
"E3","V3FHI",20107,"2-4 cm",0,0,NA
"E3","V3FHI",20107,"4-6 cm",0,0,NA
"E3","V3FHI",20107,"6-8 cm",0,0,NA
"E3","V3FHI",20107,">8 cm",0,0,NA
"E3","V3FHI",20108,"<2 cm",0,0,NA
"E3","V3FHI",20108,"2-4 cm",0,0,NA
"E3","V3FHI",20108,"4-6 cm",0,0,NA
"E3","V3FHI",20108,"6-8 cm",0,0,NA
"E3","V3FHI",20108,">8 cm",0,0,NA
"E3","V3FHI",20109,"<2 cm",0,0,NA
"E3","V3FHI",20109,"2-4 cm",0,0,NA
"E3","V3FHI",20109,"4-6 cm",0,0,NA
"E3","V3FHI",20109,"6-8 cm",0,0,NA
"E3","V3FHI",20109,">8 cm",0,0,NA
"E3","V3FHI",20110,"<2 cm",0,0,NA
"E3","V3FHI",20110,"2-4 cm",0,0,NA
"E3","V3FHI",20110,"4-6 cm",0,0,NA
"E3","V3FHI",20110,"6-8 cm",0,0,NA
"E3","V3FHI",20110,">8 cm",0,0,NA
"E3","V3FHI",21101,"<2 cm",0,0,NA
"E3","V3FHI",21101,"2-4 cm",0,0,NA
"E3","V3FHI",21101,"4-6 cm",0,0,NA
"E3","V3FHI",21101,"6-8 cm",0,0,NA
"E3","V3FHI",21101,">8 cm",0,0,NA
"E3","V3FHI",21102,"<2 cm",0,0,NA
"E3","V3FHI",21102,"2-4 cm",0,0,NA
"E3","V3FHI",21102,"4-6 cm",0,0,NA
"E3","V3FHI",21102,"6-8 cm",0,0,NA
"E3","V3FHI",21102,">8 cm",0,0,NA
"E3","V3FHI",21103,"<2 cm",0,0,NA
"E3","V3FHI",21103,"2-4 cm",0,0,NA
"E3","V3FHI",21103,"4-6 cm",0,0,NA
"E3","V3FHI",21103,"6-8 cm",0,0,NA
"E3","V3FHI",21103,">8 cm",0,0,NA
"E3","V3FHI",21104,"<2 cm",0,0,NA
"E3","V3FHI",21104,"2-4 cm",0,0,NA
"E3","V3FHI",21104,"4-6 cm",0,0,NA
"E3","V3FHI",21104,"6-8 cm",0,0,NA
"E3","V3FHI",21104,">8 cm",0,0,NA
"E3","V3FHI",21105,"<2 cm",0,0,NA
"E3","V3FHI",21105,"2-4 cm",0,0,NA
"E3","V3FHI",21105,"4-6 cm",0,0,NA
"E3","V3FHI",21105,"6-8 cm",0,0,NA
"E3","V3FHI",21105,">8 cm",0,0,NA
"E3","V3FHI",21106,"<2 cm",0,0,NA
"E3","V3FHI",21106,"2-4 cm",0,0,NA
"E3","V3FHI",21106,"4-6 cm",0,0,NA
"E3","V3FHI",21106,"6-8 cm",0,0,NA
"E3","V3FHI",21106,">8 cm",0,0,NA
"E3","V3FHI",21107,"<2 cm",0,0,NA
"E3","V3FHI",21107,"2-4 cm",0,0,NA
"E3","V3FHI",21107,"4-6 cm",0,0,NA
"E3","V3FHI",21107,"6-8 cm",0,0,NA
"E3","V3FHI",21107,">8 cm",0,0,NA
"E3","V3FHI",21108,"<2 cm",0,0,NA
"E3","V3FHI",21108,"2-4 cm",0,0,NA
"E3","V3FHI",21108,"4-6 cm",0,0,NA
"E3","V3FHI",21108,"6-8 cm",0,0,NA
"E3","V3FHI",21108,">8 cm",0,0,NA
"E3","V3FHI",21109,"<2 cm",0,0,NA
"E3","V3FHI",21109,"2-4 cm",0,0,NA
"E3","V3FHI",21109,"4-6 cm",0,0,NA
"E3","V3FHI",21109,"6-8 cm",0,0,NA
"E3","V3FHI",21109,">8 cm",0,0,NA
"E3","V3FHI",21110,"<2 cm",0,0,NA
"E3","V3FHI",21110,"2-4 cm",0,0,NA
"E3","V3FHI",21110,"4-6 cm",0,0,NA
"E3","V3FHI",21110,"6-8 cm",0,0,NA
"E3","V3FHI",21110,">8 cm",0,0,NA
"E3","V3FHI",22101,"<2 cm",0,0,NA
"E3","V3FHI",22101,"2-4 cm",0,0,NA
"E3","V3FHI",22101,"4-6 cm",0,0,NA
"E3","V3FHI",22101,"6-8 cm",0,0,NA
"E3","V3FHI",22101,">8 cm",0,0,NA
"E3","V3FHI",22102,"<2 cm",0,0,NA
"E3","V3FHI",22102,"2-4 cm",0,0,NA
"E3","V3FHI",22102,"4-6 cm",0,0,NA
"E3","V3FHI",22102,"6-8 cm",0,0,NA
"E3","V3FHI",22102,">8 cm",0,0,NA
"E3","V3FHI",22103,"<2 cm",0,0,NA
"E3","V3FHI",22103,"2-4 cm",0,0,NA
"E3","V3FHI",22103,"4-6 cm",0,0,NA
"E3","V3FHI",22103,"6-8 cm",0,0,NA
"E3","V3FHI",22103,">8 cm",0,0,NA
"E3","V3FHI",22104,"<2 cm",0,0,NA
"E3","V3FHI",22104,"2-4 cm",0,0,NA
"E3","V3FHI",22104,"4-6 cm",0,0,NA
"E3","V3FHI",22104,"6-8 cm",0,0,NA
"E3","V3FHI",22104,">8 cm",0,0,NA
"E3","V3FHI",22105,"<2 cm",0,0,NA
"E3","V3FHI",22105,"2-4 cm",0,0,NA
"E3","V3FHI",22105,"4-6 cm",0,0,NA
"E3","V3FHI",22105,"6-8 cm",0,0,NA
"E3","V3FHI",22105,">8 cm",0,0,NA
"E3","V3FHI",22106,"<2 cm",0,0,NA
"E3","V3FHI",22106,"2-4 cm",0,0,NA
"E3","V3FHI",22106,"4-6 cm",0,0,NA
"E3","V3FHI",22106,"6-8 cm",0,0,NA
"E3","V3FHI",22106,">8 cm",0,0,NA
"E3","V3FHI",22107,"<2 cm",0,0,NA
"E3","V3FHI",22107,"2-4 cm",0,0,NA
"E3","V3FHI",22107,"4-6 cm",0,0,NA
"E3","V3FHI",22107,"6-8 cm",0,0,NA
"E3","V3FHI",22107,">8 cm",0,0,NA
"E3","V3FHI",22108,"<2 cm",0,0,NA
"E3","V3FHI",22108,"2-4 cm",0,0,NA
"E3","V3FHI",22108,"4-6 cm",0,0,NA
"E3","V3FHI",22108,"6-8 cm",0,0,NA
"E3","V3FHI",22108,">8 cm",0,0,NA
"E3","V3FHI",22109,"<2 cm",0,0,NA
"E3","V3FHI",22109,"2-4 cm",0,0,NA
"E3","V3FHI",22109,"4-6 cm",0,0,NA
"E3","V3FHI",22109,"6-8 cm",0,0,NA
"E3","V3FHI",22109,">8 cm",0,0,NA
"E3","V3FHI",22110,"<2 cm",0,0,NA
"E3","V3FHI",22110,"2-4 cm",0,0,NA
"E3","V3FHI",22110,"4-6 cm",0,0,NA
"E3","V3FHI",22110,"6-8 cm",0,0,NA
"E3","V3FHI",22110,">8 cm",0,0,NA
"E3","V3FHI",23101,"<2 cm",0,0,NA
"E3","V3FHI",23101,"2-4 cm",0,0,NA
"E3","V3FHI",23101,"4-6 cm",0,0,NA
"E3","V3FHI",23101,"6-8 cm",0,0,NA
"E3","V3FHI",23101,">8 cm",0,0,NA
"E3","V3FHI",23102,"<2 cm",0,0,NA
"E3","V3FHI",23102,"2-4 cm",0,0,NA
"E3","V3FHI",23102,"4-6 cm",0,0,NA
"E3","V3FHI",23102,"6-8 cm",0,0,NA
"E3","V3FHI",23102,">8 cm",0,0,NA
"E3","V3FHI",23103,"<2 cm",0,0,NA
"E3","V3FHI",23103,"2-4 cm",0,0,NA
"E3","V3FHI",23103,"4-6 cm",0,0,NA
"E3","V3FHI",23103,"6-8 cm",0,0,NA
"E3","V3FHI",23103,">8 cm",0,0,NA
"E3","V3FHI",23104,"<2 cm",0,0,NA
"E3","V3FHI",23104,"2-4 cm",0,0,NA
"E3","V3FHI",23104,"4-6 cm",0,0,NA
"E3","V3FHI",23104,"6-8 cm",0,0,NA
"E3","V3FHI",23104,">8 cm",0,0,NA
"E3","V3FHI",23105,"<2 cm",0,0,NA
"E3","V3FHI",23105,"2-4 cm",0,0,NA
"E3","V3FHI",23105,"4-6 cm",0,0,NA
"E3","V3FHI",23105,"6-8 cm",0,0,NA
"E3","V3FHI",23105,">8 cm",0,0,NA
"E3","V3FHI",23106,"<2 cm",0,0,NA
"E3","V3FHI",23106,"2-4 cm",0,0,NA
"E3","V3FHI",23106,"4-6 cm",0,0,NA
"E3","V3FHI",23106,"6-8 cm",0,0,NA
"E3","V3FHI",23106,">8 cm",0,0,NA
"E3","V3FHI",23107,"<2 cm",0,0,NA
"E3","V3FHI",23107,"2-4 cm",0,0,NA
"E3","V3FHI",23107,"4-6 cm",0,0,NA
"E3","V3FHI",23107,"6-8 cm",0,0,NA
"E3","V3FHI",23107,">8 cm",0,0,NA
"E3","V3FHI",23108,"<2 cm",0,0,NA
"E3","V3FHI",23108,"2-4 cm",0,0,NA
"E3","V3FHI",23108,"4-6 cm",0,0,NA
"E3","V3FHI",23108,"6-8 cm",0,0,NA
"E3","V3FHI",23108,">8 cm",0,0,NA
"E3","V3FHI",23109,"<2 cm",0,0,NA
"E3","V3FHI",23109,"2-4 cm",0,0,NA
"E3","V3FHI",23109,"4-6 cm",0,0,NA
"E3","V3FHI",23109,"6-8 cm",0,0,NA
"E3","V3FHI",23109,">8 cm",0,0,NA
"E3","V3FHI",23110,"<2 cm",0,0,NA
"E3","V3FHI",23110,"2-4 cm",0,0,NA
"E3","V3FHI",23110,"4-6 cm",0,0,NA
"E3","V3FHI",23110,"6-8 cm",0,0,NA
"E3","V3FHI",23110,">8 cm",0,0,NA
"E3","V3FHI",24101,"<2 cm",0,0,NA
"E3","V3FHI",24101,"2-4 cm",0,0,NA
"E3","V3FHI",24101,"4-6 cm",0,0,NA
"E3","V3FHI",24101,"6-8 cm",0,0,NA
"E3","V3FHI",24101,">8 cm",0,0,NA
"E3","V3FHI",24102,"<2 cm",0,0,NA
"E3","V3FHI",24102,"2-4 cm",0,0,NA
"E3","V3FHI",24102,"4-6 cm",0,0,NA
"E3","V3FHI",24102,"6-8 cm",0,0,NA
"E3","V3FHI",24102,">8 cm",0,0,NA
"E3","V3FHI",24103,"<2 cm",0,0,NA
"E3","V3FHI",24103,"2-4 cm",0,0,NA
"E3","V3FHI",24103,"4-6 cm",0,0,NA
"E3","V3FHI",24103,"6-8 cm",0,0,NA
"E3","V3FHI",24103,">8 cm",0,0,NA
"E3","V3FHI",24104,"<2 cm",0,0,NA
"E3","V3FHI",24104,"2-4 cm",0,0,NA
"E3","V3FHI",24104,"4-6 cm",0,0,NA
"E3","V3FHI",24104,"6-8 cm",0,0,NA
"E3","V3FHI",24104,">8 cm",0,0,NA
"E3","V3FHI",24105,"<2 cm",0,0,NA
"E3","V3FHI",24105,"2-4 cm",0,0,NA
"E3","V3FHI",24105,"4-6 cm",0,0,NA
"E3","V3FHI",24105,"6-8 cm",0,0,NA
"E3","V3FHI",24105,">8 cm",0,0,NA
"E3","V3FHI",24106,"<2 cm",0,0,NA
"E3","V3FHI",24106,"2-4 cm",0,0,NA
"E3","V3FHI",24106,"4-6 cm",0,0,NA
"E3","V3FHI",24106,"6-8 cm",0,0,NA
"E3","V3FHI",24106,">8 cm",0,0,NA
"E3","V3FHI",24107,"<2 cm",0,0,NA
"E3","V3FHI",24107,"2-4 cm",0,0,NA
"E3","V3FHI",24107,"4-6 cm",0,0,NA
"E3","V3FHI",24107,"6-8 cm",0,0,NA
"E3","V3FHI",24107,">8 cm",0,0,NA
"E3","V3FHI",24108,"<2 cm",0,0,NA
"E3","V3FHI",24108,"2-4 cm",0,0,NA
"E3","V3FHI",24108,"4-6 cm",0,0,NA
"E3","V3FHI",24108,"6-8 cm",0,0,NA
"E3","V3FHI",24108,">8 cm",0,0,NA
"E3","V3FHI",24109,"<2 cm",0,0,NA
"E3","V3FHI",24109,"2-4 cm",0,0,NA
"E3","V3FHI",24109,"4-6 cm",0,0,NA
"E3","V3FHI",24109,"6-8 cm",0,0,NA
"E3","V3FHI",24109,">8 cm",0,0,NA
"E3","V3FHI",24110,"<2 cm",0,0,NA
"E3","V3FHI",24110,"2-4 cm",0,0,NA
"E3","V3FHI",24110,"4-6 cm",0,0,NA
"E3","V3FHI",24110,"6-8 cm",0,0,NA
"E3","V3FHI",24110,">8 cm",0,0,NA
"E3","V3FHI",25101,"<2 cm",0,0,NA
"E3","V3FHI",25101,"2-4 cm",0,0,NA
"E3","V3FHI",25101,"4-6 cm",0,0,NA
"E3","V3FHI",25101,"6-8 cm",0,0,NA
"E3","V3FHI",25101,">8 cm",0,0,NA
"E3","V3FHI",25102,"<2 cm",0,0,NA
"E3","V3FHI",25102,"2-4 cm",0,0,NA
"E3","V3FHI",25102,"4-6 cm",0,0,NA
"E3","V3FHI",25102,"6-8 cm",0,0,NA
"E3","V3FHI",25102,">8 cm",0,0,NA
"E3","V3FHI",25103,"<2 cm",0,0,NA
"E3","V3FHI",25103,"2-4 cm",0,0,NA
"E3","V3FHI",25103,"4-6 cm",0,0,NA
"E3","V3FHI",25103,"6-8 cm",0,0,NA
"E3","V3FHI",25103,">8 cm",0,0,NA
"E3","V3FHI",25104,"<2 cm",0,0,NA
"E3","V3FHI",25104,"2-4 cm",0,0,NA
"E3","V3FHI",25104,"4-6 cm",0,0,NA
"E3","V3FHI",25104,"6-8 cm",0,0,NA
"E3","V3FHI",25104,">8 cm",0,0,NA
"E3","V3FHI",25105,"<2 cm",0,0,NA
"E3","V3FHI",25105,"2-4 cm",0,0,NA
"E3","V3FHI",25105,"4-6 cm",0,0,NA
"E3","V3FHI",25105,"6-8 cm",0,0,NA
"E3","V3FHI",25105,">8 cm",0,0,NA
"E3","V3FHI",25106,"<2 cm",0,0,NA
"E3","V3FHI",25106,"2-4 cm",0,0,NA
"E3","V3FHI",25106,"4-6 cm",0,0,NA
"E3","V3FHI",25106,"6-8 cm",0,0,NA
"E3","V3FHI",25106,">8 cm",0,0,NA
"E3","V3FHI",25107,"<2 cm",0,0,NA
"E3","V3FHI",25107,"2-4 cm",0,0,NA
"E3","V3FHI",25107,"4-6 cm",0,0,NA
"E3","V3FHI",25107,"6-8 cm",0,0,NA
"E3","V3FHI",25107,">8 cm",0,0,NA
"E3","V3FHI",25108,"<2 cm",0,0,NA
"E3","V3FHI",25108,"2-4 cm",0,0,NA
"E3","V3FHI",25108,"4-6 cm",0,0,NA
"E3","V3FHI",25108,"6-8 cm",0,0,NA
"E3","V3FHI",25108,">8 cm",0,0,NA
"E3","V3FHI",25109,"<2 cm",0,0,NA
"E3","V3FHI",25109,"2-4 cm",0,0,NA
"E3","V3FHI",25109,"4-6 cm",0,0,NA
"E3","V3FHI",25109,"6-8 cm",0,0,NA
"E3","V3FHI",25109,">8 cm",0,0,NA
"E3","V3FHI",25110,"<2 cm",0,0,NA
"E3","V3FHI",25110,"2-4 cm",0,0,NA
"E3","V3FHI",25110,"4-6 cm",0,0,NA
"E3","V3FHI",25110,"6-8 cm",0,0,NA
"E3","V3FHI",25110,">8 cm",0,0,NA
"E3","V3FHI",26101,"<2 cm",0,0,NA
"E3","V3FHI",26101,"2-4 cm",0,0,NA
"E3","V3FHI",26101,"4-6 cm",0,0,NA
"E3","V3FHI",26101,"6-8 cm",0,0,NA
"E3","V3FHI",26101,">8 cm",0,0,NA
"E3","V3FHI",26102,"<2 cm",0,0,NA
"E3","V3FHI",26102,"2-4 cm",0,0,NA
"E3","V3FHI",26102,"4-6 cm",0,0,NA
"E3","V3FHI",26102,"6-8 cm",0,0,NA
"E3","V3FHI",26102,">8 cm",0,0,NA
"E3","V3FHI",26103,"<2 cm",0,0,NA
"E3","V3FHI",26103,"2-4 cm",0,0,NA
"E3","V3FHI",26103,"4-6 cm",0,0,NA
"E3","V3FHI",26103,"6-8 cm",0,0,NA
"E3","V3FHI",26103,">8 cm",0,0,NA
"E3","V3FHI",26104,"<2 cm",0,0,NA
"E3","V3FHI",26104,"2-4 cm",0,0,NA
"E3","V3FHI",26104,"4-6 cm",0,0,NA
"E3","V3FHI",26104,"6-8 cm",0,0,NA
"E3","V3FHI",26104,">8 cm",0,0,NA
"E3","V3FHI",26105,"<2 cm",0,0,NA
"E3","V3FHI",26105,"2-4 cm",0,0,NA
"E3","V3FHI",26105,"4-6 cm",0,0,NA
"E3","V3FHI",26105,"6-8 cm",0,0,NA
"E3","V3FHI",26105,">8 cm",0,0,NA
"E3","V3FHI",26106,"<2 cm",0,0,NA
"E3","V3FHI",26106,"2-4 cm",0,0,NA
"E3","V3FHI",26106,"4-6 cm",0,0,NA
"E3","V3FHI",26106,"6-8 cm",0,0,NA
"E3","V3FHI",26106,">8 cm",0,0,NA
"E3","V3FHI",26107,"<2 cm",0,0,NA
"E3","V3FHI",26107,"2-4 cm",0,0,NA
"E3","V3FHI",26107,"4-6 cm",0,0,NA
"E3","V3FHI",26107,"6-8 cm",0,0,NA
"E3","V3FHI",26107,">8 cm",0,0,NA
"E3","V3FHI",26108,"<2 cm",0,0,NA
"E3","V3FHI",26108,"2-4 cm",0,0,NA
"E3","V3FHI",26108,"4-6 cm",0,0,NA
"E3","V3FHI",26108,"6-8 cm",0,0,NA
"E3","V3FHI",26108,">8 cm",0,0,NA
"E3","V3FHI",26109,"<2 cm",0,0,NA
"E3","V3FHI",26109,"2-4 cm",0,0,NA
"E3","V3FHI",26109,"4-6 cm",0,0,NA
"E3","V3FHI",26109,"6-8 cm",0,0,NA
"E3","V3FHI",26109,">8 cm",0,0,NA
"E3","V3FHI",26110,"<2 cm",0,0,NA
"E3","V3FHI",26110,"2-4 cm",0,0,NA
"E3","V3FHI",26110,"4-6 cm",0,0,NA
"E3","V3FHI",26110,"6-8 cm",0,0,NA
"E3","V3FHI",26110,">8 cm",0,0,NA
"E3","V3FHI",27101,"<2 cm",0,0,NA
"E3","V3FHI",27101,"2-4 cm",0,0,NA
"E3","V3FHI",27101,"4-6 cm",0,0,NA
"E3","V3FHI",27101,"6-8 cm",0,0,NA
"E3","V3FHI",27101,">8 cm",0,0,NA
"E3","V3FHI",27102,"<2 cm",0,0,NA
"E3","V3FHI",27102,"2-4 cm",0,0,NA
"E3","V3FHI",27102,"4-6 cm",0,0,NA
"E3","V3FHI",27102,"6-8 cm",0,0,NA
"E3","V3FHI",27102,">8 cm",0,0,NA
"E3","V3FHI",27103,"<2 cm",0,0,NA
"E3","V3FHI",27103,"2-4 cm",0,0,NA
"E3","V3FHI",27103,"4-6 cm",0,0,NA
"E3","V3FHI",27103,"6-8 cm",0,0,NA
"E3","V3FHI",27103,">8 cm",0,0,NA
"E3","V3FHI",27104,"<2 cm",0,0,NA
"E3","V3FHI",27104,"2-4 cm",0,0,NA
"E3","V3FHI",27104,"4-6 cm",0,0,NA
"E3","V3FHI",27104,"6-8 cm",0,0,NA
"E3","V3FHI",27104,">8 cm",0,0,NA
"E3","V3FHI",27105,"<2 cm",0,0,NA
"E3","V3FHI",27105,"2-4 cm",0,0,NA
"E3","V3FHI",27105,"4-6 cm",0,0,NA
"E3","V3FHI",27105,"6-8 cm",0,0,NA
"E3","V3FHI",27105,">8 cm",0,0,NA
"E3","V3FHI",27106,"<2 cm",0,0,NA
"E3","V3FHI",27106,"2-4 cm",0,0,NA
"E3","V3FHI",27106,"4-6 cm",0,0,NA
"E3","V3FHI",27106,"6-8 cm",0,0,NA
"E3","V3FHI",27106,">8 cm",0,0,NA
"E3","V3FHI",27107,"<2 cm",0,0,NA
"E3","V3FHI",27107,"2-4 cm",0,0,NA
"E3","V3FHI",27107,"4-6 cm",0,0,NA
"E3","V3FHI",27107,"6-8 cm",0,0,NA
"E3","V3FHI",27107,">8 cm",0,0,NA
"E3","V3FHI",27108,"<2 cm",0,0,NA
"E3","V3FHI",27108,"2-4 cm",0,0,NA
"E3","V3FHI",27108,"4-6 cm",0,0,NA
"E3","V3FHI",27108,"6-8 cm",0,0,NA
"E3","V3FHI",27108,">8 cm",0,0,NA
"E3","V3FHI",27109,"<2 cm",0,0,NA
"E3","V3FHI",27109,"2-4 cm",0,0,NA
"E3","V3FHI",27109,"4-6 cm",0,0,NA
"E3","V3FHI",27109,"6-8 cm",0,0,NA
"E3","V3FHI",27109,">8 cm",0,0,NA
"E3","V3FHI",27110,"<2 cm",0,0,NA
"E3","V3FHI",27110,"2-4 cm",0,0,NA
"E3","V3FHI",27110,"4-6 cm",0,0,NA
"E3","V3FHI",27110,"6-8 cm",0,0,NA
"E3","V3FHI",27110,">8 cm",0,0,NA
"E3","V3FHI",28101,"<2 cm",0,0,NA
"E3","V3FHI",28101,"2-4 cm",0,0,NA
"E3","V3FHI",28101,"4-6 cm",0,0,NA
"E3","V3FHI",28101,"6-8 cm",0,0,NA
"E3","V3FHI",28101,">8 cm",0,0,NA
"E3","V3FHI",28102,"<2 cm",0,0,NA
"E3","V3FHI",28102,"2-4 cm",0,0,NA
"E3","V3FHI",28102,"4-6 cm",0,0,NA
"E3","V3FHI",28102,"6-8 cm",0,0,NA
"E3","V3FHI",28102,">8 cm",0,0,NA
"E3","V3FHI",28103,"<2 cm",0,0,NA
"E3","V3FHI",28103,"2-4 cm",0,0,NA
"E3","V3FHI",28103,"4-6 cm",0,0,NA
"E3","V3FHI",28103,"6-8 cm",0,0,NA
"E3","V3FHI",28103,">8 cm",0,0,NA
"E3","V3FHI",28104,"<2 cm",0,0,NA
"E3","V3FHI",28104,"2-4 cm",0,0,NA
"E3","V3FHI",28104,"4-6 cm",0,0,NA
"E3","V3FHI",28104,"6-8 cm",0,0,NA
"E3","V3FHI",28104,">8 cm",0,0,NA
"E3","V3FHI",28105,"<2 cm",0,0,NA
"E3","V3FHI",28105,"2-4 cm",0,0,NA
"E3","V3FHI",28105,"4-6 cm",0,0,NA
"E3","V3FHI",28105,"6-8 cm",0,0,NA
"E3","V3FHI",28105,">8 cm",0,0,NA
"E3","V3FHI",28106,"<2 cm",0,0,NA
"E3","V3FHI",28106,"2-4 cm",0,0,NA
"E3","V3FHI",28106,"4-6 cm",0,0,NA
"E3","V3FHI",28106,"6-8 cm",0,0,NA
"E3","V3FHI",28106,">8 cm",0,0,NA
"E3","V3FHI",28107,"<2 cm",0,0,NA
"E3","V3FHI",28107,"2-4 cm",0,0,NA
"E3","V3FHI",28107,"4-6 cm",0,0,NA
"E3","V3FHI",28107,"6-8 cm",0,0,NA
"E3","V3FHI",28107,">8 cm",0,0,NA
"E3","V3FHI",28108,"<2 cm",0,0,NA
"E3","V3FHI",28108,"2-4 cm",0,0,NA
"E3","V3FHI",28108,"4-6 cm",0,0,NA
"E3","V3FHI",28108,"6-8 cm",0,0,NA
"E3","V3FHI",28108,">8 cm",0,0,NA
"E3","V3FHI",28109,"<2 cm",0,0,NA
"E3","V3FHI",28109,"2-4 cm",0,0,NA
"E3","V3FHI",28109,"4-6 cm",0,0,NA
"E3","V3FHI",28109,"6-8 cm",0,0,NA
"E3","V3FHI",28109,">8 cm",0,0,NA
"E3","V3FHI",28110,"<2 cm",0,0,NA
"E3","V3FHI",28110,"2-4 cm",0,0,NA
"E3","V3FHI",28110,"4-6 cm",0,0,NA
"E3","V3FHI",28110,"6-8 cm",0,0,NA
"E3","V3FHI",28110,">8 cm",0,0,NA
"E3","V3FHI",29101,"<2 cm",0,0,NA
"E3","V3FHI",29101,"2-4 cm",0,0,NA
"E3","V3FHI",29101,"4-6 cm",0,0,NA
"E3","V3FHI",29101,"6-8 cm",0,0,NA
"E3","V3FHI",29101,">8 cm",0,0,NA
"E3","V3FHI",29102,"<2 cm",0,0,NA
"E3","V3FHI",29102,"2-4 cm",0,0,NA
"E3","V3FHI",29102,"4-6 cm",0,0,NA
"E3","V3FHI",29102,"6-8 cm",0,0,NA
"E3","V3FHI",29102,">8 cm",0,0,NA
"E3","V3FHI",29103,"<2 cm",0,0,NA
"E3","V3FHI",29103,"2-4 cm",0,0,NA
"E3","V3FHI",29103,"4-6 cm",0,0,NA
"E3","V3FHI",29103,"6-8 cm",0,0,NA
"E3","V3FHI",29103,">8 cm",0,0,NA
"E3","V3FHI",29104,"<2 cm",0,0,NA
"E3","V3FHI",29104,"2-4 cm",0,0,NA
"E3","V3FHI",29104,"4-6 cm",0,0,NA
"E3","V3FHI",29104,"6-8 cm",0,0,NA
"E3","V3FHI",29104,">8 cm",0,0,NA
"E3","V3FHI",29105,"<2 cm",0,0,NA
"E3","V3FHI",29105,"2-4 cm",0,0,NA
"E3","V3FHI",29105,"4-6 cm",0,0,NA
"E3","V3FHI",29105,"6-8 cm",0,0,NA
"E3","V3FHI",29105,">8 cm",0,0,NA
"E3","V3FHI",29106,"<2 cm",0,0,NA
"E3","V3FHI",29106,"2-4 cm",0,0,NA
"E3","V3FHI",29106,"4-6 cm",0,0,NA
"E3","V3FHI",29106,"6-8 cm",0,0,NA
"E3","V3FHI",29106,">8 cm",0,0,NA
"E3","V3FHI",29107,"<2 cm",0,0,NA
"E3","V3FHI",29107,"2-4 cm",0,0,NA
"E3","V3FHI",29107,"4-6 cm",0,0,NA
"E3","V3FHI",29107,"6-8 cm",0,0,NA
"E3","V3FHI",29107,">8 cm",0,0,NA
"E3","V3FHI",29108,"<2 cm",0,0,NA
"E3","V3FHI",29108,"2-4 cm",0,0,NA
"E3","V3FHI",29108,"4-6 cm",0,0,NA
"E3","V3FHI",29108,"6-8 cm",0,0,NA
"E3","V3FHI",29108,">8 cm",0,0,NA
"E3","V3FHI",29109,"<2 cm",0,0,NA
"E3","V3FHI",29109,"2-4 cm",0,0,NA
"E3","V3FHI",29109,"4-6 cm",0,0,NA
"E3","V3FHI",29109,"6-8 cm",0,0,NA
"E3","V3FHI",29109,">8 cm",0,0,NA
"E3","V3FHI",29110,"<2 cm",0,0,NA
"E3","V3FHI",29110,"2-4 cm",0,0,NA
"E3","V3FHI",29110,"4-6 cm",0,0,NA
"E3","V3FHI",29110,"6-8 cm",0,0,NA
"E3","V3FHI",29110,">8 cm",0,0,NA
"E3","V3FHI",30101,"<2 cm",0,0,NA
"E3","V3FHI",30101,"2-4 cm",0,0,NA
"E3","V3FHI",30101,"4-6 cm",0,0,NA
"E3","V3FHI",30101,"6-8 cm",0,0,NA
"E3","V3FHI",30101,">8 cm",0,0,NA
"E3","V3FHI",30102,"<2 cm",0,0,NA
"E3","V3FHI",30102,"2-4 cm",0,0,NA
"E3","V3FHI",30102,"4-6 cm",0,0,NA
"E3","V3FHI",30102,"6-8 cm",0,0,NA
"E3","V3FHI",30102,">8 cm",0,0,NA
"E3","V3FHI",30103,"<2 cm",0,0,NA
"E3","V3FHI",30103,"2-4 cm",0,0,NA
"E3","V3FHI",30103,"4-6 cm",0,0,NA
"E3","V3FHI",30103,"6-8 cm",0,0,NA
"E3","V3FHI",30103,">8 cm",0,0,NA
"E3","V3FHI",30104,"<2 cm",0,0,NA
"E3","V3FHI",30104,"2-4 cm",0,0,NA
"E3","V3FHI",30104,"4-6 cm",0,0,NA
"E3","V3FHI",30104,"6-8 cm",0,0,NA
"E3","V3FHI",30104,">8 cm",0,0,NA
"E3","V3FHI",30105,"<2 cm",0,0,NA
"E3","V3FHI",30105,"2-4 cm",0,0,NA
"E3","V3FHI",30105,"4-6 cm",0,0,NA
"E3","V3FHI",30105,"6-8 cm",0,0,NA
"E3","V3FHI",30105,">8 cm",0,0,NA
"E3","V3FHI",30106,"<2 cm",0,0,NA
"E3","V3FHI",30106,"2-4 cm",0,0,NA
"E3","V3FHI",30106,"4-6 cm",0,0,NA
"E3","V3FHI",30106,"6-8 cm",0,0,NA
"E3","V3FHI",30106,">8 cm",0,0,NA
"E3","V3FHI",30107,"<2 cm",0,0,NA
"E3","V3FHI",30107,"2-4 cm",0,0,NA
"E3","V3FHI",30107,"4-6 cm",0,0,NA
"E3","V3FHI",30107,"6-8 cm",0,0,NA
"E3","V3FHI",30107,">8 cm",0,0,NA
"E3","V3FHI",30108,"<2 cm",0,0,NA
"E3","V3FHI",30108,"2-4 cm",0,0,NA
"E3","V3FHI",30108,"4-6 cm",0,0,NA
"E3","V3FHI",30108,"6-8 cm",0,0,NA
"E3","V3FHI",30108,">8 cm",0,0,NA
"E3","V3FHI",30109,"<2 cm",0,0,NA
"E3","V3FHI",30109,"2-4 cm",0,0,NA
"E3","V3FHI",30109,"4-6 cm",0,0,NA
"E3","V3FHI",30109,"6-8 cm",0,0,NA
"E3","V3FHI",30109,">8 cm",0,0,NA
"E3","V3FHI",30110,"<2 cm",0,0,NA
"E3","V3FHI",30110,"2-4 cm",0,0,NA
"E3","V3FHI",30110,"4-6 cm",0,0,NA
"E3","V3FHI",30110,"6-8 cm",0,0,NA
"E3","V3FHI",30110,">8 cm",0,0,NA
"E3","V3FLO",1101,"<2 cm",248,250,0.992
"E3","V3FLO",1101,"2-4 cm",1,250,0.004
"E3","V3FLO",1101,"4-6 cm",0,250,0
"E3","V3FLO",1101,"6-8 cm",1,250,0.004
"E3","V3FLO",1101,">8 cm",0,250,0
"E3","V3FLO",1102,"<2 cm",248,250,0.992
"E3","V3FLO",1102,"2-4 cm",0,250,0
"E3","V3FLO",1102,"4-6 cm",1,250,0.004
"E3","V3FLO",1102,"6-8 cm",0,250,0
"E3","V3FLO",1102,">8 cm",1,250,0.004
"E3","V3FLO",1103,"<2 cm",248,250,0.992
"E3","V3FLO",1103,"2-4 cm",0,250,0
"E3","V3FLO",1103,"4-6 cm",0,250,0
"E3","V3FLO",1103,"6-8 cm",0,250,0
"E3","V3FLO",1103,">8 cm",2,250,0.008
"E3","V3FLO",1104,"<2 cm",0,0,NA
"E3","V3FLO",1104,"2-4 cm",0,0,NA
"E3","V3FLO",1104,"4-6 cm",0,0,NA
"E3","V3FLO",1104,"6-8 cm",0,0,NA
"E3","V3FLO",1104,">8 cm",0,0,NA
"E3","V3FLO",1105,"<2 cm",0,0,NA
"E3","V3FLO",1105,"2-4 cm",0,0,NA
"E3","V3FLO",1105,"4-6 cm",0,0,NA
"E3","V3FLO",1105,"6-8 cm",0,0,NA
"E3","V3FLO",1105,">8 cm",0,0,NA
"E3","V3FLO",1106,"<2 cm",0,0,NA
"E3","V3FLO",1106,"2-4 cm",0,0,NA
"E3","V3FLO",1106,"4-6 cm",0,0,NA
"E3","V3FLO",1106,"6-8 cm",0,0,NA
"E3","V3FLO",1106,">8 cm",0,0,NA
"E3","V3FLO",1107,"<2 cm",0,0,NA
"E3","V3FLO",1107,"2-4 cm",0,0,NA
"E3","V3FLO",1107,"4-6 cm",0,0,NA
"E3","V3FLO",1107,"6-8 cm",0,0,NA
"E3","V3FLO",1107,">8 cm",0,0,NA
"E3","V3FLO",1108,"<2 cm",0,0,NA
"E3","V3FLO",1108,"2-4 cm",0,0,NA
"E3","V3FLO",1108,"4-6 cm",0,0,NA
"E3","V3FLO",1108,"6-8 cm",0,0,NA
"E3","V3FLO",1108,">8 cm",0,0,NA
"E3","V3FLO",1109,"<2 cm",0,0,NA
"E3","V3FLO",1109,"2-4 cm",0,0,NA
"E3","V3FLO",1109,"4-6 cm",0,0,NA
"E3","V3FLO",1109,"6-8 cm",0,0,NA
"E3","V3FLO",1109,">8 cm",0,0,NA
"E3","V3FLO",1110,"<2 cm",0,0,NA
"E3","V3FLO",1110,"2-4 cm",0,0,NA
"E3","V3FLO",1110,"4-6 cm",0,0,NA
"E3","V3FLO",1110,"6-8 cm",0,0,NA
"E3","V3FLO",1110,">8 cm",0,0,NA
"E3","V3FLO",2101,"<2 cm",5,250,0.02
"E3","V3FLO",2101,"2-4 cm",1,250,0.004
"E3","V3FLO",2101,"4-6 cm",1,250,0.004
"E3","V3FLO",2101,"6-8 cm",0,250,0
"E3","V3FLO",2101,">8 cm",243,250,0.972
"E3","V3FLO",2102,"<2 cm",6,250,0.024
"E3","V3FLO",2102,"2-4 cm",0,250,0
"E3","V3FLO",2102,"4-6 cm",2,250,0.008
"E3","V3FLO",2102,"6-8 cm",3,250,0.012
"E3","V3FLO",2102,">8 cm",239,250,0.956
"E3","V3FLO",2103,"<2 cm",5,250,0.02
"E3","V3FLO",2103,"2-4 cm",0,250,0
"E3","V3FLO",2103,"4-6 cm",2,250,0.008
"E3","V3FLO",2103,"6-8 cm",5,250,0.02
"E3","V3FLO",2103,">8 cm",238,250,0.952
"E3","V3FLO",2104,"<2 cm",0,0,NA
"E3","V3FLO",2104,"2-4 cm",0,0,NA
"E3","V3FLO",2104,"4-6 cm",0,0,NA
"E3","V3FLO",2104,"6-8 cm",0,0,NA
"E3","V3FLO",2104,">8 cm",0,0,NA
"E3","V3FLO",2105,"<2 cm",0,0,NA
"E3","V3FLO",2105,"2-4 cm",0,0,NA
"E3","V3FLO",2105,"4-6 cm",0,0,NA
"E3","V3FLO",2105,"6-8 cm",0,0,NA
"E3","V3FLO",2105,">8 cm",0,0,NA
"E3","V3FLO",2106,"<2 cm",0,0,NA
"E3","V3FLO",2106,"2-4 cm",0,0,NA
"E3","V3FLO",2106,"4-6 cm",0,0,NA
"E3","V3FLO",2106,"6-8 cm",0,0,NA
"E3","V3FLO",2106,">8 cm",0,0,NA
"E3","V3FLO",2107,"<2 cm",0,0,NA
"E3","V3FLO",2107,"2-4 cm",0,0,NA
"E3","V3FLO",2107,"4-6 cm",0,0,NA
"E3","V3FLO",2107,"6-8 cm",0,0,NA
"E3","V3FLO",2107,">8 cm",0,0,NA
"E3","V3FLO",2108,"<2 cm",0,0,NA
"E3","V3FLO",2108,"2-4 cm",0,0,NA
"E3","V3FLO",2108,"4-6 cm",0,0,NA
"E3","V3FLO",2108,"6-8 cm",0,0,NA
"E3","V3FLO",2108,">8 cm",0,0,NA
"E3","V3FLO",2109,"<2 cm",0,0,NA
"E3","V3FLO",2109,"2-4 cm",0,0,NA
"E3","V3FLO",2109,"4-6 cm",0,0,NA
"E3","V3FLO",2109,"6-8 cm",0,0,NA
"E3","V3FLO",2109,">8 cm",0,0,NA
"E3","V3FLO",2110,"<2 cm",0,0,NA
"E3","V3FLO",2110,"2-4 cm",0,0,NA
"E3","V3FLO",2110,"4-6 cm",0,0,NA
"E3","V3FLO",2110,"6-8 cm",0,0,NA
"E3","V3FLO",2110,">8 cm",0,0,NA
"E3","V3FLO",3101,"<2 cm",159,250,0.636
"E3","V3FLO",3101,"2-4 cm",0,250,0
"E3","V3FLO",3101,"4-6 cm",1,250,0.004
"E3","V3FLO",3101,"6-8 cm",3,250,0.012
"E3","V3FLO",3101,">8 cm",87,250,0.348
"E3","V3FLO",3102,"<2 cm",162,250,0.648
"E3","V3FLO",3102,"2-4 cm",2,250,0.008
"E3","V3FLO",3102,"4-6 cm",1,250,0.004
"E3","V3FLO",3102,"6-8 cm",0,250,0
"E3","V3FLO",3102,">8 cm",85,250,0.34
"E3","V3FLO",3103,"<2 cm",158,250,0.632
"E3","V3FLO",3103,"2-4 cm",1,250,0.004
"E3","V3FLO",3103,"4-6 cm",0,250,0
"E3","V3FLO",3103,"6-8 cm",2,250,0.008
"E3","V3FLO",3103,">8 cm",89,250,0.356
"E3","V3FLO",3104,"<2 cm",0,0,NA
"E3","V3FLO",3104,"2-4 cm",0,0,NA
"E3","V3FLO",3104,"4-6 cm",0,0,NA
"E3","V3FLO",3104,"6-8 cm",0,0,NA
"E3","V3FLO",3104,">8 cm",0,0,NA
"E3","V3FLO",3105,"<2 cm",0,0,NA
"E3","V3FLO",3105,"2-4 cm",0,0,NA
"E3","V3FLO",3105,"4-6 cm",0,0,NA
"E3","V3FLO",3105,"6-8 cm",0,0,NA
"E3","V3FLO",3105,">8 cm",0,0,NA
"E3","V3FLO",3106,"<2 cm",0,0,NA
"E3","V3FLO",3106,"2-4 cm",0,0,NA
"E3","V3FLO",3106,"4-6 cm",0,0,NA
"E3","V3FLO",3106,"6-8 cm",0,0,NA
"E3","V3FLO",3106,">8 cm",0,0,NA
"E3","V3FLO",3107,"<2 cm",0,0,NA
"E3","V3FLO",3107,"2-4 cm",0,0,NA
"E3","V3FLO",3107,"4-6 cm",0,0,NA
"E3","V3FLO",3107,"6-8 cm",0,0,NA
"E3","V3FLO",3107,">8 cm",0,0,NA
"E3","V3FLO",3108,"<2 cm",0,0,NA
"E3","V3FLO",3108,"2-4 cm",0,0,NA
"E3","V3FLO",3108,"4-6 cm",0,0,NA
"E3","V3FLO",3108,"6-8 cm",0,0,NA
"E3","V3FLO",3108,">8 cm",0,0,NA
"E3","V3FLO",3109,"<2 cm",0,0,NA
"E3","V3FLO",3109,"2-4 cm",0,0,NA
"E3","V3FLO",3109,"4-6 cm",0,0,NA
"E3","V3FLO",3109,"6-8 cm",0,0,NA
"E3","V3FLO",3109,">8 cm",0,0,NA
"E3","V3FLO",3110,"<2 cm",0,0,NA
"E3","V3FLO",3110,"2-4 cm",0,0,NA
"E3","V3FLO",3110,"4-6 cm",0,0,NA
"E3","V3FLO",3110,"6-8 cm",0,0,NA
"E3","V3FLO",3110,">8 cm",0,0,NA
"E3","V3FLO",4101,"<2 cm",246,250,0.984
"E3","V3FLO",4101,"2-4 cm",0,250,0
"E3","V3FLO",4101,"4-6 cm",0,250,0
"E3","V3FLO",4101,"6-8 cm",0,250,0
"E3","V3FLO",4101,">8 cm",4,250,0.016
"E3","V3FLO",4102,"<2 cm",246,250,0.984
"E3","V3FLO",4102,"2-4 cm",0,250,0
"E3","V3FLO",4102,"4-6 cm",0,250,0
"E3","V3FLO",4102,"6-8 cm",0,250,0
"E3","V3FLO",4102,">8 cm",4,250,0.016
"E3","V3FLO",4103,"<2 cm",247,250,0.988
"E3","V3FLO",4103,"2-4 cm",0,250,0
"E3","V3FLO",4103,"4-6 cm",0,250,0
"E3","V3FLO",4103,"6-8 cm",0,250,0
"E3","V3FLO",4103,">8 cm",3,250,0.012
"E3","V3FLO",4104,"<2 cm",0,0,NA
"E3","V3FLO",4104,"2-4 cm",0,0,NA
"E3","V3FLO",4104,"4-6 cm",0,0,NA
"E3","V3FLO",4104,"6-8 cm",0,0,NA
"E3","V3FLO",4104,">8 cm",0,0,NA
"E3","V3FLO",4105,"<2 cm",0,0,NA
"E3","V3FLO",4105,"2-4 cm",0,0,NA
"E3","V3FLO",4105,"4-6 cm",0,0,NA
"E3","V3FLO",4105,"6-8 cm",0,0,NA
"E3","V3FLO",4105,">8 cm",0,0,NA
"E3","V3FLO",4106,"<2 cm",0,0,NA
"E3","V3FLO",4106,"2-4 cm",0,0,NA
"E3","V3FLO",4106,"4-6 cm",0,0,NA
"E3","V3FLO",4106,"6-8 cm",0,0,NA
"E3","V3FLO",4106,">8 cm",0,0,NA
"E3","V3FLO",4107,"<2 cm",0,0,NA
"E3","V3FLO",4107,"2-4 cm",0,0,NA
"E3","V3FLO",4107,"4-6 cm",0,0,NA
"E3","V3FLO",4107,"6-8 cm",0,0,NA
"E3","V3FLO",4107,">8 cm",0,0,NA
"E3","V3FLO",4108,"<2 cm",0,0,NA
"E3","V3FLO",4108,"2-4 cm",0,0,NA
"E3","V3FLO",4108,"4-6 cm",0,0,NA
"E3","V3FLO",4108,"6-8 cm",0,0,NA
"E3","V3FLO",4108,">8 cm",0,0,NA
"E3","V3FLO",4109,"<2 cm",0,0,NA
"E3","V3FLO",4109,"2-4 cm",0,0,NA
"E3","V3FLO",4109,"4-6 cm",0,0,NA
"E3","V3FLO",4109,"6-8 cm",0,0,NA
"E3","V3FLO",4109,">8 cm",0,0,NA
"E3","V3FLO",4110,"<2 cm",0,0,NA
"E3","V3FLO",4110,"2-4 cm",0,0,NA
"E3","V3FLO",4110,"4-6 cm",0,0,NA
"E3","V3FLO",4110,"6-8 cm",0,0,NA
"E3","V3FLO",4110,">8 cm",0,0,NA
"E3","V3FLO",5101,"<2 cm",243,250,0.972
"E3","V3FLO",5101,"2-4 cm",2,250,0.008
"E3","V3FLO",5101,"4-6 cm",0,250,0
"E3","V3FLO",5101,"6-8 cm",0,250,0
"E3","V3FLO",5101,">8 cm",5,250,0.02
"E3","V3FLO",5102,"<2 cm",247,250,0.988
"E3","V3FLO",5102,"2-4 cm",0,250,0
"E3","V3FLO",5102,"4-6 cm",0,250,0
"E3","V3FLO",5102,"6-8 cm",0,250,0
"E3","V3FLO",5102,">8 cm",3,250,0.012
"E3","V3FLO",5103,"<2 cm",245,250,0.98
"E3","V3FLO",5103,"2-4 cm",2,250,0.008
"E3","V3FLO",5103,"4-6 cm",0,250,0
"E3","V3FLO",5103,"6-8 cm",0,250,0
"E3","V3FLO",5103,">8 cm",3,250,0.012
"E3","V3FLO",5104,"<2 cm",0,0,NA
"E3","V3FLO",5104,"2-4 cm",0,0,NA
"E3","V3FLO",5104,"4-6 cm",0,0,NA
"E3","V3FLO",5104,"6-8 cm",0,0,NA
"E3","V3FLO",5104,">8 cm",0,0,NA
"E3","V3FLO",5105,"<2 cm",0,0,NA
"E3","V3FLO",5105,"2-4 cm",0,0,NA
"E3","V3FLO",5105,"4-6 cm",0,0,NA
"E3","V3FLO",5105,"6-8 cm",0,0,NA
"E3","V3FLO",5105,">8 cm",0,0,NA
"E3","V3FLO",5106,"<2 cm",0,0,NA
"E3","V3FLO",5106,"2-4 cm",0,0,NA
"E3","V3FLO",5106,"4-6 cm",0,0,NA
"E3","V3FLO",5106,"6-8 cm",0,0,NA
"E3","V3FLO",5106,">8 cm",0,0,NA
"E3","V3FLO",5107,"<2 cm",0,0,NA
"E3","V3FLO",5107,"2-4 cm",0,0,NA
"E3","V3FLO",5107,"4-6 cm",0,0,NA
"E3","V3FLO",5107,"6-8 cm",0,0,NA
"E3","V3FLO",5107,">8 cm",0,0,NA
"E3","V3FLO",5108,"<2 cm",0,0,NA
"E3","V3FLO",5108,"2-4 cm",0,0,NA
"E3","V3FLO",5108,"4-6 cm",0,0,NA
"E3","V3FLO",5108,"6-8 cm",0,0,NA
"E3","V3FLO",5108,">8 cm",0,0,NA
"E3","V3FLO",5109,"<2 cm",0,0,NA
"E3","V3FLO",5109,"2-4 cm",0,0,NA
"E3","V3FLO",5109,"4-6 cm",0,0,NA
"E3","V3FLO",5109,"6-8 cm",0,0,NA
"E3","V3FLO",5109,">8 cm",0,0,NA
"E3","V3FLO",5110,"<2 cm",0,0,NA
"E3","V3FLO",5110,"2-4 cm",0,0,NA
"E3","V3FLO",5110,"4-6 cm",0,0,NA
"E3","V3FLO",5110,"6-8 cm",0,0,NA
"E3","V3FLO",5110,">8 cm",0,0,NA
"E3","V3FLO",6101,"<2 cm",227,250,0.908
"E3","V3FLO",6101,"2-4 cm",2,250,0.008
"E3","V3FLO",6101,"4-6 cm",1,250,0.004
"E3","V3FLO",6101,"6-8 cm",1,250,0.004
"E3","V3FLO",6101,">8 cm",19,250,0.076
"E3","V3FLO",6102,"<2 cm",229,250,0.916
"E3","V3FLO",6102,"2-4 cm",1,250,0.004
"E3","V3FLO",6102,"4-6 cm",0,250,0
"E3","V3FLO",6102,"6-8 cm",1,250,0.004
"E3","V3FLO",6102,">8 cm",19,250,0.076
"E3","V3FLO",6103,"<2 cm",229,250,0.916
"E3","V3FLO",6103,"2-4 cm",1,250,0.004
"E3","V3FLO",6103,"4-6 cm",0,250,0
"E3","V3FLO",6103,"6-8 cm",1,250,0.004
"E3","V3FLO",6103,">8 cm",19,250,0.076
"E3","V3FLO",6104,"<2 cm",0,0,NA
"E3","V3FLO",6104,"2-4 cm",0,0,NA
"E3","V3FLO",6104,"4-6 cm",0,0,NA
"E3","V3FLO",6104,"6-8 cm",0,0,NA
"E3","V3FLO",6104,">8 cm",0,0,NA
"E3","V3FLO",6105,"<2 cm",0,0,NA
"E3","V3FLO",6105,"2-4 cm",0,0,NA
"E3","V3FLO",6105,"4-6 cm",0,0,NA
"E3","V3FLO",6105,"6-8 cm",0,0,NA
"E3","V3FLO",6105,">8 cm",0,0,NA
"E3","V3FLO",6106,"<2 cm",0,0,NA
"E3","V3FLO",6106,"2-4 cm",0,0,NA
"E3","V3FLO",6106,"4-6 cm",0,0,NA
"E3","V3FLO",6106,"6-8 cm",0,0,NA
"E3","V3FLO",6106,">8 cm",0,0,NA
"E3","V3FLO",6107,"<2 cm",0,0,NA
"E3","V3FLO",6107,"2-4 cm",0,0,NA
"E3","V3FLO",6107,"4-6 cm",0,0,NA
"E3","V3FLO",6107,"6-8 cm",0,0,NA
"E3","V3FLO",6107,">8 cm",0,0,NA
"E3","V3FLO",6108,"<2 cm",0,0,NA
"E3","V3FLO",6108,"2-4 cm",0,0,NA
"E3","V3FLO",6108,"4-6 cm",0,0,NA
"E3","V3FLO",6108,"6-8 cm",0,0,NA
"E3","V3FLO",6108,">8 cm",0,0,NA
"E3","V3FLO",6109,"<2 cm",0,0,NA
"E3","V3FLO",6109,"2-4 cm",0,0,NA
"E3","V3FLO",6109,"4-6 cm",0,0,NA
"E3","V3FLO",6109,"6-8 cm",0,0,NA
"E3","V3FLO",6109,">8 cm",0,0,NA
"E3","V3FLO",6110,"<2 cm",0,0,NA
"E3","V3FLO",6110,"2-4 cm",0,0,NA
"E3","V3FLO",6110,"4-6 cm",0,0,NA
"E3","V3FLO",6110,"6-8 cm",0,0,NA
"E3","V3FLO",6110,">8 cm",0,0,NA
"E3","V3FLO",7101,"<2 cm",249,250,0.996
"E3","V3FLO",7101,"2-4 cm",0,250,0
"E3","V3FLO",7101,"4-6 cm",0,250,0
"E3","V3FLO",7101,"6-8 cm",0,250,0
"E3","V3FLO",7101,">8 cm",1,250,0.004
"E3","V3FLO",7102,"<2 cm",249,250,0.996
"E3","V3FLO",7102,"2-4 cm",1,250,0.004
"E3","V3FLO",7102,"4-6 cm",0,250,0
"E3","V3FLO",7102,"6-8 cm",0,250,0
"E3","V3FLO",7102,">8 cm",0,250,0
"E3","V3FLO",7103,"<2 cm",249,250,0.996
"E3","V3FLO",7103,"2-4 cm",0,250,0
"E3","V3FLO",7103,"4-6 cm",0,250,0
"E3","V3FLO",7103,"6-8 cm",0,250,0
"E3","V3FLO",7103,">8 cm",1,250,0.004
"E3","V3FLO",7104,"<2 cm",0,0,NA
"E3","V3FLO",7104,"2-4 cm",0,0,NA
"E3","V3FLO",7104,"4-6 cm",0,0,NA
"E3","V3FLO",7104,"6-8 cm",0,0,NA
"E3","V3FLO",7104,">8 cm",0,0,NA
"E3","V3FLO",7105,"<2 cm",0,0,NA
"E3","V3FLO",7105,"2-4 cm",0,0,NA
"E3","V3FLO",7105,"4-6 cm",0,0,NA
"E3","V3FLO",7105,"6-8 cm",0,0,NA
"E3","V3FLO",7105,">8 cm",0,0,NA
"E3","V3FLO",7106,"<2 cm",0,0,NA
"E3","V3FLO",7106,"2-4 cm",0,0,NA
"E3","V3FLO",7106,"4-6 cm",0,0,NA
"E3","V3FLO",7106,"6-8 cm",0,0,NA
"E3","V3FLO",7106,">8 cm",0,0,NA
"E3","V3FLO",7107,"<2 cm",0,0,NA
"E3","V3FLO",7107,"2-4 cm",0,0,NA
"E3","V3FLO",7107,"4-6 cm",0,0,NA
"E3","V3FLO",7107,"6-8 cm",0,0,NA
"E3","V3FLO",7107,">8 cm",0,0,NA
"E3","V3FLO",7108,"<2 cm",0,0,NA
"E3","V3FLO",7108,"2-4 cm",0,0,NA
"E3","V3FLO",7108,"4-6 cm",0,0,NA
"E3","V3FLO",7108,"6-8 cm",0,0,NA
"E3","V3FLO",7108,">8 cm",0,0,NA
"E3","V3FLO",7109,"<2 cm",0,0,NA
"E3","V3FLO",7109,"2-4 cm",0,0,NA
"E3","V3FLO",7109,"4-6 cm",0,0,NA
"E3","V3FLO",7109,"6-8 cm",0,0,NA
"E3","V3FLO",7109,">8 cm",0,0,NA
"E3","V3FLO",7110,"<2 cm",0,0,NA
"E3","V3FLO",7110,"2-4 cm",0,0,NA
"E3","V3FLO",7110,"4-6 cm",0,0,NA
"E3","V3FLO",7110,"6-8 cm",0,0,NA
"E3","V3FLO",7110,">8 cm",0,0,NA
"E3","V3FLO",8101,"<2 cm",244,250,0.976
"E3","V3FLO",8101,"2-4 cm",3,250,0.012
"E3","V3FLO",8101,"4-6 cm",0,250,0
"E3","V3FLO",8101,"6-8 cm",0,250,0
"E3","V3FLO",8101,">8 cm",3,250,0.012
"E3","V3FLO",8102,"<2 cm",240,250,0.96
"E3","V3FLO",8102,"2-4 cm",3,250,0.012
"E3","V3FLO",8102,"4-6 cm",2,250,0.008
"E3","V3FLO",8102,"6-8 cm",0,250,0
"E3","V3FLO",8102,">8 cm",5,250,0.02
"E3","V3FLO",8103,"<2 cm",242,250,0.968
"E3","V3FLO",8103,"2-4 cm",1,250,0.004
"E3","V3FLO",8103,"4-6 cm",2,250,0.008
"E3","V3FLO",8103,"6-8 cm",2,250,0.008
"E3","V3FLO",8103,">8 cm",3,250,0.012
"E3","V3FLO",8104,"<2 cm",0,0,NA
"E3","V3FLO",8104,"2-4 cm",0,0,NA
"E3","V3FLO",8104,"4-6 cm",0,0,NA
"E3","V3FLO",8104,"6-8 cm",0,0,NA
"E3","V3FLO",8104,">8 cm",0,0,NA
"E3","V3FLO",8105,"<2 cm",0,0,NA
"E3","V3FLO",8105,"2-4 cm",0,0,NA
"E3","V3FLO",8105,"4-6 cm",0,0,NA
"E3","V3FLO",8105,"6-8 cm",0,0,NA
"E3","V3FLO",8105,">8 cm",0,0,NA
"E3","V3FLO",8106,"<2 cm",0,0,NA
"E3","V3FLO",8106,"2-4 cm",0,0,NA
"E3","V3FLO",8106,"4-6 cm",0,0,NA
"E3","V3FLO",8106,"6-8 cm",0,0,NA
"E3","V3FLO",8106,">8 cm",0,0,NA
"E3","V3FLO",8107,"<2 cm",0,0,NA
"E3","V3FLO",8107,"2-4 cm",0,0,NA
"E3","V3FLO",8107,"4-6 cm",0,0,NA
"E3","V3FLO",8107,"6-8 cm",0,0,NA
"E3","V3FLO",8107,">8 cm",0,0,NA
"E3","V3FLO",8108,"<2 cm",0,0,NA
"E3","V3FLO",8108,"2-4 cm",0,0,NA
"E3","V3FLO",8108,"4-6 cm",0,0,NA
"E3","V3FLO",8108,"6-8 cm",0,0,NA
"E3","V3FLO",8108,">8 cm",0,0,NA
"E3","V3FLO",8109,"<2 cm",0,0,NA
"E3","V3FLO",8109,"2-4 cm",0,0,NA
"E3","V3FLO",8109,"4-6 cm",0,0,NA
"E3","V3FLO",8109,"6-8 cm",0,0,NA
"E3","V3FLO",8109,">8 cm",0,0,NA
"E3","V3FLO",8110,"<2 cm",0,0,NA
"E3","V3FLO",8110,"2-4 cm",0,0,NA
"E3","V3FLO",8110,"4-6 cm",0,0,NA
"E3","V3FLO",8110,"6-8 cm",0,0,NA
"E3","V3FLO",8110,">8 cm",0,0,NA
"E3","V3FLO",9101,"<2 cm",237,250,0.948
"E3","V3FLO",9101,"2-4 cm",0,250,0
"E3","V3FLO",9101,"4-6 cm",2,250,0.008
"E3","V3FLO",9101,"6-8 cm",0,250,0
"E3","V3FLO",9101,">8 cm",11,250,0.044
"E3","V3FLO",9102,"<2 cm",235,250,0.94
"E3","V3FLO",9102,"2-4 cm",1,250,0.004
"E3","V3FLO",9102,"4-6 cm",3,250,0.012
"E3","V3FLO",9102,"6-8 cm",0,250,0
"E3","V3FLO",9102,">8 cm",11,250,0.044
"E3","V3FLO",9103,"<2 cm",237,250,0.948
"E3","V3FLO",9103,"2-4 cm",1,250,0.004
"E3","V3FLO",9103,"4-6 cm",1,250,0.004
"E3","V3FLO",9103,"6-8 cm",0,250,0
"E3","V3FLO",9103,">8 cm",11,250,0.044
"E3","V3FLO",9104,"<2 cm",0,0,NA
"E3","V3FLO",9104,"2-4 cm",0,0,NA
"E3","V3FLO",9104,"4-6 cm",0,0,NA
"E3","V3FLO",9104,"6-8 cm",0,0,NA
"E3","V3FLO",9104,">8 cm",0,0,NA
"E3","V3FLO",9105,"<2 cm",0,0,NA
"E3","V3FLO",9105,"2-4 cm",0,0,NA
"E3","V3FLO",9105,"4-6 cm",0,0,NA
"E3","V3FLO",9105,"6-8 cm",0,0,NA
"E3","V3FLO",9105,">8 cm",0,0,NA
"E3","V3FLO",9106,"<2 cm",0,0,NA
"E3","V3FLO",9106,"2-4 cm",0,0,NA
"E3","V3FLO",9106,"4-6 cm",0,0,NA
"E3","V3FLO",9106,"6-8 cm",0,0,NA
"E3","V3FLO",9106,">8 cm",0,0,NA
"E3","V3FLO",9107,"<2 cm",0,0,NA
"E3","V3FLO",9107,"2-4 cm",0,0,NA
"E3","V3FLO",9107,"4-6 cm",0,0,NA
"E3","V3FLO",9107,"6-8 cm",0,0,NA
"E3","V3FLO",9107,">8 cm",0,0,NA
"E3","V3FLO",9108,"<2 cm",0,0,NA
"E3","V3FLO",9108,"2-4 cm",0,0,NA
"E3","V3FLO",9108,"4-6 cm",0,0,NA
"E3","V3FLO",9108,"6-8 cm",0,0,NA
"E3","V3FLO",9108,">8 cm",0,0,NA
"E3","V3FLO",9109,"<2 cm",0,0,NA
"E3","V3FLO",9109,"2-4 cm",0,0,NA
"E3","V3FLO",9109,"4-6 cm",0,0,NA
"E3","V3FLO",9109,"6-8 cm",0,0,NA
"E3","V3FLO",9109,">8 cm",0,0,NA
"E3","V3FLO",9110,"<2 cm",0,0,NA
"E3","V3FLO",9110,"2-4 cm",0,0,NA
"E3","V3FLO",9110,"4-6 cm",0,0,NA
"E3","V3FLO",9110,"6-8 cm",0,0,NA
"E3","V3FLO",9110,">8 cm",0,0,NA
"E3","V3FLO",10101,"<2 cm",6,250,0.024
"E3","V3FLO",10101,"2-4 cm",0,250,0
"E3","V3FLO",10101,"4-6 cm",0,250,0
"E3","V3FLO",10101,"6-8 cm",0,250,0
"E3","V3FLO",10101,">8 cm",244,250,0.976
"E3","V3FLO",10102,"<2 cm",5,250,0.02
"E3","V3FLO",10102,"2-4 cm",1,250,0.004
"E3","V3FLO",10102,"4-6 cm",0,250,0
"E3","V3FLO",10102,"6-8 cm",0,250,0
"E3","V3FLO",10102,">8 cm",244,250,0.976
"E3","V3FLO",10103,"<2 cm",6,250,0.024
"E3","V3FLO",10103,"2-4 cm",0,250,0
"E3","V3FLO",10103,"4-6 cm",0,250,0
"E3","V3FLO",10103,"6-8 cm",0,250,0
"E3","V3FLO",10103,">8 cm",244,250,0.976
"E3","V3FLO",10104,"<2 cm",0,0,NA
"E3","V3FLO",10104,"2-4 cm",0,0,NA
"E3","V3FLO",10104,"4-6 cm",0,0,NA
"E3","V3FLO",10104,"6-8 cm",0,0,NA
"E3","V3FLO",10104,">8 cm",0,0,NA
"E3","V3FLO",10105,"<2 cm",0,0,NA
"E3","V3FLO",10105,"2-4 cm",0,0,NA
"E3","V3FLO",10105,"4-6 cm",0,0,NA
"E3","V3FLO",10105,"6-8 cm",0,0,NA
"E3","V3FLO",10105,">8 cm",0,0,NA
"E3","V3FLO",10106,"<2 cm",0,0,NA
"E3","V3FLO",10106,"2-4 cm",0,0,NA
"E3","V3FLO",10106,"4-6 cm",0,0,NA
"E3","V3FLO",10106,"6-8 cm",0,0,NA
"E3","V3FLO",10106,">8 cm",0,0,NA
"E3","V3FLO",10107,"<2 cm",0,0,NA
"E3","V3FLO",10107,"2-4 cm",0,0,NA
"E3","V3FLO",10107,"4-6 cm",0,0,NA
"E3","V3FLO",10107,"6-8 cm",0,0,NA
"E3","V3FLO",10107,">8 cm",0,0,NA
"E3","V3FLO",10108,"<2 cm",0,0,NA
"E3","V3FLO",10108,"2-4 cm",0,0,NA
"E3","V3FLO",10108,"4-6 cm",0,0,NA
"E3","V3FLO",10108,"6-8 cm",0,0,NA
"E3","V3FLO",10108,">8 cm",0,0,NA
"E3","V3FLO",10109,"<2 cm",0,0,NA
"E3","V3FLO",10109,"2-4 cm",0,0,NA
"E3","V3FLO",10109,"4-6 cm",0,0,NA
"E3","V3FLO",10109,"6-8 cm",0,0,NA
"E3","V3FLO",10109,">8 cm",0,0,NA
"E3","V3FLO",10110,"<2 cm",0,0,NA
"E3","V3FLO",10110,"2-4 cm",0,0,NA
"E3","V3FLO",10110,"4-6 cm",0,0,NA
"E3","V3FLO",10110,"6-8 cm",0,0,NA
"E3","V3FLO",10110,">8 cm",0,0,NA
"E3","V3FLO",11101,"<2 cm",0,0,NA
"E3","V3FLO",11101,"2-4 cm",0,0,NA
"E3","V3FLO",11101,"4-6 cm",0,0,NA
"E3","V3FLO",11101,"6-8 cm",0,0,NA
"E3","V3FLO",11101,">8 cm",0,0,NA
"E3","V3FLO",11102,"<2 cm",0,0,NA
"E3","V3FLO",11102,"2-4 cm",0,0,NA
"E3","V3FLO",11102,"4-6 cm",0,0,NA
"E3","V3FLO",11102,"6-8 cm",0,0,NA
"E3","V3FLO",11102,">8 cm",0,0,NA
"E3","V3FLO",11103,"<2 cm",0,0,NA
"E3","V3FLO",11103,"2-4 cm",0,0,NA
"E3","V3FLO",11103,"4-6 cm",0,0,NA
"E3","V3FLO",11103,"6-8 cm",0,0,NA
"E3","V3FLO",11103,">8 cm",0,0,NA
"E3","V3FLO",11104,"<2 cm",0,0,NA
"E3","V3FLO",11104,"2-4 cm",0,0,NA
"E3","V3FLO",11104,"4-6 cm",0,0,NA
"E3","V3FLO",11104,"6-8 cm",0,0,NA
"E3","V3FLO",11104,">8 cm",0,0,NA
"E3","V3FLO",11105,"<2 cm",0,0,NA
"E3","V3FLO",11105,"2-4 cm",0,0,NA
"E3","V3FLO",11105,"4-6 cm",0,0,NA
"E3","V3FLO",11105,"6-8 cm",0,0,NA
"E3","V3FLO",11105,">8 cm",0,0,NA
"E3","V3FLO",11106,"<2 cm",0,0,NA
"E3","V3FLO",11106,"2-4 cm",0,0,NA
"E3","V3FLO",11106,"4-6 cm",0,0,NA
"E3","V3FLO",11106,"6-8 cm",0,0,NA
"E3","V3FLO",11106,">8 cm",0,0,NA
"E3","V3FLO",11107,"<2 cm",0,0,NA
"E3","V3FLO",11107,"2-4 cm",0,0,NA
"E3","V3FLO",11107,"4-6 cm",0,0,NA
"E3","V3FLO",11107,"6-8 cm",0,0,NA
"E3","V3FLO",11107,">8 cm",0,0,NA
"E3","V3FLO",11108,"<2 cm",0,0,NA
"E3","V3FLO",11108,"2-4 cm",0,0,NA
"E3","V3FLO",11108,"4-6 cm",0,0,NA
"E3","V3FLO",11108,"6-8 cm",0,0,NA
"E3","V3FLO",11108,">8 cm",0,0,NA
"E3","V3FLO",11109,"<2 cm",0,0,NA
"E3","V3FLO",11109,"2-4 cm",0,0,NA
"E3","V3FLO",11109,"4-6 cm",0,0,NA
"E3","V3FLO",11109,"6-8 cm",0,0,NA
"E3","V3FLO",11109,">8 cm",0,0,NA
"E3","V3FLO",11110,"<2 cm",0,0,NA
"E3","V3FLO",11110,"2-4 cm",0,0,NA
"E3","V3FLO",11110,"4-6 cm",0,0,NA
"E3","V3FLO",11110,"6-8 cm",0,0,NA
"E3","V3FLO",11110,">8 cm",0,0,NA
"E3","V3FLO",12101,"<2 cm",0,0,NA
"E3","V3FLO",12101,"2-4 cm",0,0,NA
"E3","V3FLO",12101,"4-6 cm",0,0,NA
"E3","V3FLO",12101,"6-8 cm",0,0,NA
"E3","V3FLO",12101,">8 cm",0,0,NA
"E3","V3FLO",12102,"<2 cm",0,0,NA
"E3","V3FLO",12102,"2-4 cm",0,0,NA
"E3","V3FLO",12102,"4-6 cm",0,0,NA
"E3","V3FLO",12102,"6-8 cm",0,0,NA
"E3","V3FLO",12102,">8 cm",0,0,NA
"E3","V3FLO",12103,"<2 cm",0,0,NA
"E3","V3FLO",12103,"2-4 cm",0,0,NA
"E3","V3FLO",12103,"4-6 cm",0,0,NA
"E3","V3FLO",12103,"6-8 cm",0,0,NA
"E3","V3FLO",12103,">8 cm",0,0,NA
"E3","V3FLO",12104,"<2 cm",0,0,NA
"E3","V3FLO",12104,"2-4 cm",0,0,NA
"E3","V3FLO",12104,"4-6 cm",0,0,NA
"E3","V3FLO",12104,"6-8 cm",0,0,NA
"E3","V3FLO",12104,">8 cm",0,0,NA
"E3","V3FLO",12105,"<2 cm",0,0,NA
"E3","V3FLO",12105,"2-4 cm",0,0,NA
"E3","V3FLO",12105,"4-6 cm",0,0,NA
"E3","V3FLO",12105,"6-8 cm",0,0,NA
"E3","V3FLO",12105,">8 cm",0,0,NA
"E3","V3FLO",12106,"<2 cm",0,0,NA
"E3","V3FLO",12106,"2-4 cm",0,0,NA
"E3","V3FLO",12106,"4-6 cm",0,0,NA
"E3","V3FLO",12106,"6-8 cm",0,0,NA
"E3","V3FLO",12106,">8 cm",0,0,NA
"E3","V3FLO",12107,"<2 cm",0,0,NA
"E3","V3FLO",12107,"2-4 cm",0,0,NA
"E3","V3FLO",12107,"4-6 cm",0,0,NA
"E3","V3FLO",12107,"6-8 cm",0,0,NA
"E3","V3FLO",12107,">8 cm",0,0,NA
"E3","V3FLO",12108,"<2 cm",0,0,NA
"E3","V3FLO",12108,"2-4 cm",0,0,NA
"E3","V3FLO",12108,"4-6 cm",0,0,NA
"E3","V3FLO",12108,"6-8 cm",0,0,NA
"E3","V3FLO",12108,">8 cm",0,0,NA
"E3","V3FLO",12109,"<2 cm",0,0,NA
"E3","V3FLO",12109,"2-4 cm",0,0,NA
"E3","V3FLO",12109,"4-6 cm",0,0,NA
"E3","V3FLO",12109,"6-8 cm",0,0,NA
"E3","V3FLO",12109,">8 cm",0,0,NA
"E3","V3FLO",12110,"<2 cm",0,0,NA
"E3","V3FLO",12110,"2-4 cm",0,0,NA
"E3","V3FLO",12110,"4-6 cm",0,0,NA
"E3","V3FLO",12110,"6-8 cm",0,0,NA
"E3","V3FLO",12110,">8 cm",0,0,NA
"E3","V3FLO",13101,"<2 cm",0,0,NA
"E3","V3FLO",13101,"2-4 cm",0,0,NA
"E3","V3FLO",13101,"4-6 cm",0,0,NA
"E3","V3FLO",13101,"6-8 cm",0,0,NA
"E3","V3FLO",13101,">8 cm",0,0,NA
"E3","V3FLO",13102,"<2 cm",0,0,NA
"E3","V3FLO",13102,"2-4 cm",0,0,NA
"E3","V3FLO",13102,"4-6 cm",0,0,NA
"E3","V3FLO",13102,"6-8 cm",0,0,NA
"E3","V3FLO",13102,">8 cm",0,0,NA
"E3","V3FLO",13103,"<2 cm",0,0,NA
"E3","V3FLO",13103,"2-4 cm",0,0,NA
"E3","V3FLO",13103,"4-6 cm",0,0,NA
"E3","V3FLO",13103,"6-8 cm",0,0,NA
"E3","V3FLO",13103,">8 cm",0,0,NA
"E3","V3FLO",13104,"<2 cm",0,0,NA
"E3","V3FLO",13104,"2-4 cm",0,0,NA
"E3","V3FLO",13104,"4-6 cm",0,0,NA
"E3","V3FLO",13104,"6-8 cm",0,0,NA
"E3","V3FLO",13104,">8 cm",0,0,NA
"E3","V3FLO",13105,"<2 cm",0,0,NA
"E3","V3FLO",13105,"2-4 cm",0,0,NA
"E3","V3FLO",13105,"4-6 cm",0,0,NA
"E3","V3FLO",13105,"6-8 cm",0,0,NA
"E3","V3FLO",13105,">8 cm",0,0,NA
"E3","V3FLO",13106,"<2 cm",0,0,NA
"E3","V3FLO",13106,"2-4 cm",0,0,NA
"E3","V3FLO",13106,"4-6 cm",0,0,NA
"E3","V3FLO",13106,"6-8 cm",0,0,NA
"E3","V3FLO",13106,">8 cm",0,0,NA
"E3","V3FLO",13107,"<2 cm",0,0,NA
"E3","V3FLO",13107,"2-4 cm",0,0,NA
"E3","V3FLO",13107,"4-6 cm",0,0,NA
"E3","V3FLO",13107,"6-8 cm",0,0,NA
"E3","V3FLO",13107,">8 cm",0,0,NA
"E3","V3FLO",13108,"<2 cm",0,0,NA
"E3","V3FLO",13108,"2-4 cm",0,0,NA
"E3","V3FLO",13108,"4-6 cm",0,0,NA
"E3","V3FLO",13108,"6-8 cm",0,0,NA
"E3","V3FLO",13108,">8 cm",0,0,NA
"E3","V3FLO",13109,"<2 cm",0,0,NA
"E3","V3FLO",13109,"2-4 cm",0,0,NA
"E3","V3FLO",13109,"4-6 cm",0,0,NA
"E3","V3FLO",13109,"6-8 cm",0,0,NA
"E3","V3FLO",13109,">8 cm",0,0,NA
"E3","V3FLO",13110,"<2 cm",0,0,NA
"E3","V3FLO",13110,"2-4 cm",0,0,NA
"E3","V3FLO",13110,"4-6 cm",0,0,NA
"E3","V3FLO",13110,"6-8 cm",0,0,NA
"E3","V3FLO",13110,">8 cm",0,0,NA
"E3","V3FLO",14101,"<2 cm",0,0,NA
"E3","V3FLO",14101,"2-4 cm",0,0,NA
"E3","V3FLO",14101,"4-6 cm",0,0,NA
"E3","V3FLO",14101,"6-8 cm",0,0,NA
"E3","V3FLO",14101,">8 cm",0,0,NA
"E3","V3FLO",14102,"<2 cm",0,0,NA
"E3","V3FLO",14102,"2-4 cm",0,0,NA
"E3","V3FLO",14102,"4-6 cm",0,0,NA
"E3","V3FLO",14102,"6-8 cm",0,0,NA
"E3","V3FLO",14102,">8 cm",0,0,NA
"E3","V3FLO",14103,"<2 cm",0,0,NA
"E3","V3FLO",14103,"2-4 cm",0,0,NA
"E3","V3FLO",14103,"4-6 cm",0,0,NA
"E3","V3FLO",14103,"6-8 cm",0,0,NA
"E3","V3FLO",14103,">8 cm",0,0,NA
"E3","V3FLO",14104,"<2 cm",0,0,NA
"E3","V3FLO",14104,"2-4 cm",0,0,NA
"E3","V3FLO",14104,"4-6 cm",0,0,NA
"E3","V3FLO",14104,"6-8 cm",0,0,NA
"E3","V3FLO",14104,">8 cm",0,0,NA
"E3","V3FLO",14105,"<2 cm",0,0,NA
"E3","V3FLO",14105,"2-4 cm",0,0,NA
"E3","V3FLO",14105,"4-6 cm",0,0,NA
"E3","V3FLO",14105,"6-8 cm",0,0,NA
"E3","V3FLO",14105,">8 cm",0,0,NA
"E3","V3FLO",14106,"<2 cm",0,0,NA
"E3","V3FLO",14106,"2-4 cm",0,0,NA
"E3","V3FLO",14106,"4-6 cm",0,0,NA
"E3","V3FLO",14106,"6-8 cm",0,0,NA
"E3","V3FLO",14106,">8 cm",0,0,NA
"E3","V3FLO",14107,"<2 cm",0,0,NA
"E3","V3FLO",14107,"2-4 cm",0,0,NA
"E3","V3FLO",14107,"4-6 cm",0,0,NA
"E3","V3FLO",14107,"6-8 cm",0,0,NA
"E3","V3FLO",14107,">8 cm",0,0,NA
"E3","V3FLO",14108,"<2 cm",0,0,NA
"E3","V3FLO",14108,"2-4 cm",0,0,NA
"E3","V3FLO",14108,"4-6 cm",0,0,NA
"E3","V3FLO",14108,"6-8 cm",0,0,NA
"E3","V3FLO",14108,">8 cm",0,0,NA
"E3","V3FLO",14109,"<2 cm",0,0,NA
"E3","V3FLO",14109,"2-4 cm",0,0,NA
"E3","V3FLO",14109,"4-6 cm",0,0,NA
"E3","V3FLO",14109,"6-8 cm",0,0,NA
"E3","V3FLO",14109,">8 cm",0,0,NA
"E3","V3FLO",14110,"<2 cm",0,0,NA
"E3","V3FLO",14110,"2-4 cm",0,0,NA
"E3","V3FLO",14110,"4-6 cm",0,0,NA
"E3","V3FLO",14110,"6-8 cm",0,0,NA
"E3","V3FLO",14110,">8 cm",0,0,NA
"E3","V3FLO",15101,"<2 cm",0,0,NA
"E3","V3FLO",15101,"2-4 cm",0,0,NA
"E3","V3FLO",15101,"4-6 cm",0,0,NA
"E3","V3FLO",15101,"6-8 cm",0,0,NA
"E3","V3FLO",15101,">8 cm",0,0,NA
"E3","V3FLO",15102,"<2 cm",0,0,NA
"E3","V3FLO",15102,"2-4 cm",0,0,NA
"E3","V3FLO",15102,"4-6 cm",0,0,NA
"E3","V3FLO",15102,"6-8 cm",0,0,NA
"E3","V3FLO",15102,">8 cm",0,0,NA
"E3","V3FLO",15103,"<2 cm",0,0,NA
"E3","V3FLO",15103,"2-4 cm",0,0,NA
"E3","V3FLO",15103,"4-6 cm",0,0,NA
"E3","V3FLO",15103,"6-8 cm",0,0,NA
"E3","V3FLO",15103,">8 cm",0,0,NA
"E3","V3FLO",15104,"<2 cm",0,0,NA
"E3","V3FLO",15104,"2-4 cm",0,0,NA
"E3","V3FLO",15104,"4-6 cm",0,0,NA
"E3","V3FLO",15104,"6-8 cm",0,0,NA
"E3","V3FLO",15104,">8 cm",0,0,NA
"E3","V3FLO",15105,"<2 cm",0,0,NA
"E3","V3FLO",15105,"2-4 cm",0,0,NA
"E3","V3FLO",15105,"4-6 cm",0,0,NA
"E3","V3FLO",15105,"6-8 cm",0,0,NA
"E3","V3FLO",15105,">8 cm",0,0,NA
"E3","V3FLO",15106,"<2 cm",0,0,NA
"E3","V3FLO",15106,"2-4 cm",0,0,NA
"E3","V3FLO",15106,"4-6 cm",0,0,NA
"E3","V3FLO",15106,"6-8 cm",0,0,NA
"E3","V3FLO",15106,">8 cm",0,0,NA
"E3","V3FLO",15107,"<2 cm",0,0,NA
"E3","V3FLO",15107,"2-4 cm",0,0,NA
"E3","V3FLO",15107,"4-6 cm",0,0,NA
"E3","V3FLO",15107,"6-8 cm",0,0,NA
"E3","V3FLO",15107,">8 cm",0,0,NA
"E3","V3FLO",15108,"<2 cm",0,0,NA
"E3","V3FLO",15108,"2-4 cm",0,0,NA
"E3","V3FLO",15108,"4-6 cm",0,0,NA
"E3","V3FLO",15108,"6-8 cm",0,0,NA
"E3","V3FLO",15108,">8 cm",0,0,NA
"E3","V3FLO",15109,"<2 cm",0,0,NA
"E3","V3FLO",15109,"2-4 cm",0,0,NA
"E3","V3FLO",15109,"4-6 cm",0,0,NA
"E3","V3FLO",15109,"6-8 cm",0,0,NA
"E3","V3FLO",15109,">8 cm",0,0,NA
"E3","V3FLO",15110,"<2 cm",0,0,NA
"E3","V3FLO",15110,"2-4 cm",0,0,NA
"E3","V3FLO",15110,"4-6 cm",0,0,NA
"E3","V3FLO",15110,"6-8 cm",0,0,NA
"E3","V3FLO",15110,">8 cm",0,0,NA
"E3","V3FLO",16101,"<2 cm",0,0,NA
"E3","V3FLO",16101,"2-4 cm",0,0,NA
"E3","V3FLO",16101,"4-6 cm",0,0,NA
"E3","V3FLO",16101,"6-8 cm",0,0,NA
"E3","V3FLO",16101,">8 cm",0,0,NA
"E3","V3FLO",16102,"<2 cm",0,0,NA
"E3","V3FLO",16102,"2-4 cm",0,0,NA
"E3","V3FLO",16102,"4-6 cm",0,0,NA
"E3","V3FLO",16102,"6-8 cm",0,0,NA
"E3","V3FLO",16102,">8 cm",0,0,NA
"E3","V3FLO",16103,"<2 cm",0,0,NA
"E3","V3FLO",16103,"2-4 cm",0,0,NA
"E3","V3FLO",16103,"4-6 cm",0,0,NA
"E3","V3FLO",16103,"6-8 cm",0,0,NA
"E3","V3FLO",16103,">8 cm",0,0,NA
"E3","V3FLO",16104,"<2 cm",0,0,NA
"E3","V3FLO",16104,"2-4 cm",0,0,NA
"E3","V3FLO",16104,"4-6 cm",0,0,NA
"E3","V3FLO",16104,"6-8 cm",0,0,NA
"E3","V3FLO",16104,">8 cm",0,0,NA
"E3","V3FLO",16105,"<2 cm",0,0,NA
"E3","V3FLO",16105,"2-4 cm",0,0,NA
"E3","V3FLO",16105,"4-6 cm",0,0,NA
"E3","V3FLO",16105,"6-8 cm",0,0,NA
"E3","V3FLO",16105,">8 cm",0,0,NA
"E3","V3FLO",16106,"<2 cm",0,0,NA
"E3","V3FLO",16106,"2-4 cm",0,0,NA
"E3","V3FLO",16106,"4-6 cm",0,0,NA
"E3","V3FLO",16106,"6-8 cm",0,0,NA
"E3","V3FLO",16106,">8 cm",0,0,NA
"E3","V3FLO",16107,"<2 cm",0,0,NA
"E3","V3FLO",16107,"2-4 cm",0,0,NA
"E3","V3FLO",16107,"4-6 cm",0,0,NA
"E3","V3FLO",16107,"6-8 cm",0,0,NA
"E3","V3FLO",16107,">8 cm",0,0,NA
"E3","V3FLO",16108,"<2 cm",0,0,NA
"E3","V3FLO",16108,"2-4 cm",0,0,NA
"E3","V3FLO",16108,"4-6 cm",0,0,NA
"E3","V3FLO",16108,"6-8 cm",0,0,NA
"E3","V3FLO",16108,">8 cm",0,0,NA
"E3","V3FLO",16109,"<2 cm",0,0,NA
"E3","V3FLO",16109,"2-4 cm",0,0,NA
"E3","V3FLO",16109,"4-6 cm",0,0,NA
"E3","V3FLO",16109,"6-8 cm",0,0,NA
"E3","V3FLO",16109,">8 cm",0,0,NA
"E3","V3FLO",16110,"<2 cm",0,0,NA
"E3","V3FLO",16110,"2-4 cm",0,0,NA
"E3","V3FLO",16110,"4-6 cm",0,0,NA
"E3","V3FLO",16110,"6-8 cm",0,0,NA
"E3","V3FLO",16110,">8 cm",0,0,NA
"E3","V3FLO",17101,"<2 cm",0,0,NA
"E3","V3FLO",17101,"2-4 cm",0,0,NA
"E3","V3FLO",17101,"4-6 cm",0,0,NA
"E3","V3FLO",17101,"6-8 cm",0,0,NA
"E3","V3FLO",17101,">8 cm",0,0,NA
"E3","V3FLO",17102,"<2 cm",0,0,NA
"E3","V3FLO",17102,"2-4 cm",0,0,NA
"E3","V3FLO",17102,"4-6 cm",0,0,NA
"E3","V3FLO",17102,"6-8 cm",0,0,NA
"E3","V3FLO",17102,">8 cm",0,0,NA
"E3","V3FLO",17103,"<2 cm",0,0,NA
"E3","V3FLO",17103,"2-4 cm",0,0,NA
"E3","V3FLO",17103,"4-6 cm",0,0,NA
"E3","V3FLO",17103,"6-8 cm",0,0,NA
"E3","V3FLO",17103,">8 cm",0,0,NA
"E3","V3FLO",17104,"<2 cm",0,0,NA
"E3","V3FLO",17104,"2-4 cm",0,0,NA
"E3","V3FLO",17104,"4-6 cm",0,0,NA
"E3","V3FLO",17104,"6-8 cm",0,0,NA
"E3","V3FLO",17104,">8 cm",0,0,NA
"E3","V3FLO",17105,"<2 cm",0,0,NA
"E3","V3FLO",17105,"2-4 cm",0,0,NA
"E3","V3FLO",17105,"4-6 cm",0,0,NA
"E3","V3FLO",17105,"6-8 cm",0,0,NA
"E3","V3FLO",17105,">8 cm",0,0,NA
"E3","V3FLO",17106,"<2 cm",0,0,NA
"E3","V3FLO",17106,"2-4 cm",0,0,NA
"E3","V3FLO",17106,"4-6 cm",0,0,NA
"E3","V3FLO",17106,"6-8 cm",0,0,NA
"E3","V3FLO",17106,">8 cm",0,0,NA
"E3","V3FLO",17107,"<2 cm",0,0,NA
"E3","V3FLO",17107,"2-4 cm",0,0,NA
"E3","V3FLO",17107,"4-6 cm",0,0,NA
"E3","V3FLO",17107,"6-8 cm",0,0,NA
"E3","V3FLO",17107,">8 cm",0,0,NA
"E3","V3FLO",17108,"<2 cm",0,0,NA
"E3","V3FLO",17108,"2-4 cm",0,0,NA
"E3","V3FLO",17108,"4-6 cm",0,0,NA
"E3","V3FLO",17108,"6-8 cm",0,0,NA
"E3","V3FLO",17108,">8 cm",0,0,NA
"E3","V3FLO",17109,"<2 cm",0,0,NA
"E3","V3FLO",17109,"2-4 cm",0,0,NA
"E3","V3FLO",17109,"4-6 cm",0,0,NA
"E3","V3FLO",17109,"6-8 cm",0,0,NA
"E3","V3FLO",17109,">8 cm",0,0,NA
"E3","V3FLO",17110,"<2 cm",0,0,NA
"E3","V3FLO",17110,"2-4 cm",0,0,NA
"E3","V3FLO",17110,"4-6 cm",0,0,NA
"E3","V3FLO",17110,"6-8 cm",0,0,NA
"E3","V3FLO",17110,">8 cm",0,0,NA
"E3","V3FLO",18101,"<2 cm",0,0,NA
"E3","V3FLO",18101,"2-4 cm",0,0,NA
"E3","V3FLO",18101,"4-6 cm",0,0,NA
"E3","V3FLO",18101,"6-8 cm",0,0,NA
"E3","V3FLO",18101,">8 cm",0,0,NA
"E3","V3FLO",18102,"<2 cm",0,0,NA
"E3","V3FLO",18102,"2-4 cm",0,0,NA
"E3","V3FLO",18102,"4-6 cm",0,0,NA
"E3","V3FLO",18102,"6-8 cm",0,0,NA
"E3","V3FLO",18102,">8 cm",0,0,NA
"E3","V3FLO",18103,"<2 cm",0,0,NA
"E3","V3FLO",18103,"2-4 cm",0,0,NA
"E3","V3FLO",18103,"4-6 cm",0,0,NA
"E3","V3FLO",18103,"6-8 cm",0,0,NA
"E3","V3FLO",18103,">8 cm",0,0,NA
"E3","V3FLO",18104,"<2 cm",0,0,NA
"E3","V3FLO",18104,"2-4 cm",0,0,NA
"E3","V3FLO",18104,"4-6 cm",0,0,NA
"E3","V3FLO",18104,"6-8 cm",0,0,NA
"E3","V3FLO",18104,">8 cm",0,0,NA
"E3","V3FLO",18105,"<2 cm",0,0,NA
"E3","V3FLO",18105,"2-4 cm",0,0,NA
"E3","V3FLO",18105,"4-6 cm",0,0,NA
"E3","V3FLO",18105,"6-8 cm",0,0,NA
"E3","V3FLO",18105,">8 cm",0,0,NA
"E3","V3FLO",18106,"<2 cm",0,0,NA
"E3","V3FLO",18106,"2-4 cm",0,0,NA
"E3","V3FLO",18106,"4-6 cm",0,0,NA
"E3","V3FLO",18106,"6-8 cm",0,0,NA
"E3","V3FLO",18106,">8 cm",0,0,NA
"E3","V3FLO",18107,"<2 cm",0,0,NA
"E3","V3FLO",18107,"2-4 cm",0,0,NA
"E3","V3FLO",18107,"4-6 cm",0,0,NA
"E3","V3FLO",18107,"6-8 cm",0,0,NA
"E3","V3FLO",18107,">8 cm",0,0,NA
"E3","V3FLO",18108,"<2 cm",0,0,NA
"E3","V3FLO",18108,"2-4 cm",0,0,NA
"E3","V3FLO",18108,"4-6 cm",0,0,NA
"E3","V3FLO",18108,"6-8 cm",0,0,NA
"E3","V3FLO",18108,">8 cm",0,0,NA
"E3","V3FLO",18109,"<2 cm",0,0,NA
"E3","V3FLO",18109,"2-4 cm",0,0,NA
"E3","V3FLO",18109,"4-6 cm",0,0,NA
"E3","V3FLO",18109,"6-8 cm",0,0,NA
"E3","V3FLO",18109,">8 cm",0,0,NA
"E3","V3FLO",18110,"<2 cm",0,0,NA
"E3","V3FLO",18110,"2-4 cm",0,0,NA
"E3","V3FLO",18110,"4-6 cm",0,0,NA
"E3","V3FLO",18110,"6-8 cm",0,0,NA
"E3","V3FLO",18110,">8 cm",0,0,NA
"E3","V3FLO",19101,"<2 cm",0,0,NA
"E3","V3FLO",19101,"2-4 cm",0,0,NA
"E3","V3FLO",19101,"4-6 cm",0,0,NA
"E3","V3FLO",19101,"6-8 cm",0,0,NA
"E3","V3FLO",19101,">8 cm",0,0,NA
"E3","V3FLO",19102,"<2 cm",0,0,NA
"E3","V3FLO",19102,"2-4 cm",0,0,NA
"E3","V3FLO",19102,"4-6 cm",0,0,NA
"E3","V3FLO",19102,"6-8 cm",0,0,NA
"E3","V3FLO",19102,">8 cm",0,0,NA
"E3","V3FLO",19103,"<2 cm",0,0,NA
"E3","V3FLO",19103,"2-4 cm",0,0,NA
"E3","V3FLO",19103,"4-6 cm",0,0,NA
"E3","V3FLO",19103,"6-8 cm",0,0,NA
"E3","V3FLO",19103,">8 cm",0,0,NA
"E3","V3FLO",19104,"<2 cm",0,0,NA
"E3","V3FLO",19104,"2-4 cm",0,0,NA
"E3","V3FLO",19104,"4-6 cm",0,0,NA
"E3","V3FLO",19104,"6-8 cm",0,0,NA
"E3","V3FLO",19104,">8 cm",0,0,NA
"E3","V3FLO",19105,"<2 cm",0,0,NA
"E3","V3FLO",19105,"2-4 cm",0,0,NA
"E3","V3FLO",19105,"4-6 cm",0,0,NA
"E3","V3FLO",19105,"6-8 cm",0,0,NA
"E3","V3FLO",19105,">8 cm",0,0,NA
"E3","V3FLO",19106,"<2 cm",0,0,NA
"E3","V3FLO",19106,"2-4 cm",0,0,NA
"E3","V3FLO",19106,"4-6 cm",0,0,NA
"E3","V3FLO",19106,"6-8 cm",0,0,NA
"E3","V3FLO",19106,">8 cm",0,0,NA
"E3","V3FLO",19107,"<2 cm",0,0,NA
"E3","V3FLO",19107,"2-4 cm",0,0,NA
"E3","V3FLO",19107,"4-6 cm",0,0,NA
"E3","V3FLO",19107,"6-8 cm",0,0,NA
"E3","V3FLO",19107,">8 cm",0,0,NA
"E3","V3FLO",19108,"<2 cm",0,0,NA
"E3","V3FLO",19108,"2-4 cm",0,0,NA
"E3","V3FLO",19108,"4-6 cm",0,0,NA
"E3","V3FLO",19108,"6-8 cm",0,0,NA
"E3","V3FLO",19108,">8 cm",0,0,NA
"E3","V3FLO",19109,"<2 cm",0,0,NA
"E3","V3FLO",19109,"2-4 cm",0,0,NA
"E3","V3FLO",19109,"4-6 cm",0,0,NA
"E3","V3FLO",19109,"6-8 cm",0,0,NA
"E3","V3FLO",19109,">8 cm",0,0,NA
"E3","V3FLO",19110,"<2 cm",0,0,NA
"E3","V3FLO",19110,"2-4 cm",0,0,NA
"E3","V3FLO",19110,"4-6 cm",0,0,NA
"E3","V3FLO",19110,"6-8 cm",0,0,NA
"E3","V3FLO",19110,">8 cm",0,0,NA
"E3","V3FLO",20101,"<2 cm",0,0,NA
"E3","V3FLO",20101,"2-4 cm",0,0,NA
"E3","V3FLO",20101,"4-6 cm",0,0,NA
"E3","V3FLO",20101,"6-8 cm",0,0,NA
"E3","V3FLO",20101,">8 cm",0,0,NA
"E3","V3FLO",20102,"<2 cm",0,0,NA
"E3","V3FLO",20102,"2-4 cm",0,0,NA
"E3","V3FLO",20102,"4-6 cm",0,0,NA
"E3","V3FLO",20102,"6-8 cm",0,0,NA
"E3","V3FLO",20102,">8 cm",0,0,NA
"E3","V3FLO",20103,"<2 cm",0,0,NA
"E3","V3FLO",20103,"2-4 cm",0,0,NA
"E3","V3FLO",20103,"4-6 cm",0,0,NA
"E3","V3FLO",20103,"6-8 cm",0,0,NA
"E3","V3FLO",20103,">8 cm",0,0,NA
"E3","V3FLO",20104,"<2 cm",0,0,NA
"E3","V3FLO",20104,"2-4 cm",0,0,NA
"E3","V3FLO",20104,"4-6 cm",0,0,NA
"E3","V3FLO",20104,"6-8 cm",0,0,NA
"E3","V3FLO",20104,">8 cm",0,0,NA
"E3","V3FLO",20105,"<2 cm",0,0,NA
"E3","V3FLO",20105,"2-4 cm",0,0,NA
"E3","V3FLO",20105,"4-6 cm",0,0,NA
"E3","V3FLO",20105,"6-8 cm",0,0,NA
"E3","V3FLO",20105,">8 cm",0,0,NA
"E3","V3FLO",20106,"<2 cm",0,0,NA
"E3","V3FLO",20106,"2-4 cm",0,0,NA
"E3","V3FLO",20106,"4-6 cm",0,0,NA
"E3","V3FLO",20106,"6-8 cm",0,0,NA
"E3","V3FLO",20106,">8 cm",0,0,NA
"E3","V3FLO",20107,"<2 cm",0,0,NA
"E3","V3FLO",20107,"2-4 cm",0,0,NA
"E3","V3FLO",20107,"4-6 cm",0,0,NA
"E3","V3FLO",20107,"6-8 cm",0,0,NA
"E3","V3FLO",20107,">8 cm",0,0,NA
"E3","V3FLO",20108,"<2 cm",0,0,NA
"E3","V3FLO",20108,"2-4 cm",0,0,NA
"E3","V3FLO",20108,"4-6 cm",0,0,NA
"E3","V3FLO",20108,"6-8 cm",0,0,NA
"E3","V3FLO",20108,">8 cm",0,0,NA
"E3","V3FLO",20109,"<2 cm",0,0,NA
"E3","V3FLO",20109,"2-4 cm",0,0,NA
"E3","V3FLO",20109,"4-6 cm",0,0,NA
"E3","V3FLO",20109,"6-8 cm",0,0,NA
"E3","V3FLO",20109,">8 cm",0,0,NA
"E3","V3FLO",20110,"<2 cm",0,0,NA
"E3","V3FLO",20110,"2-4 cm",0,0,NA
"E3","V3FLO",20110,"4-6 cm",0,0,NA
"E3","V3FLO",20110,"6-8 cm",0,0,NA
"E3","V3FLO",20110,">8 cm",0,0,NA
"E3","V3FLO",21101,"<2 cm",0,0,NA
"E3","V3FLO",21101,"2-4 cm",0,0,NA
"E3","V3FLO",21101,"4-6 cm",0,0,NA
"E3","V3FLO",21101,"6-8 cm",0,0,NA
"E3","V3FLO",21101,">8 cm",0,0,NA
"E3","V3FLO",21102,"<2 cm",0,0,NA
"E3","V3FLO",21102,"2-4 cm",0,0,NA
"E3","V3FLO",21102,"4-6 cm",0,0,NA
"E3","V3FLO",21102,"6-8 cm",0,0,NA
"E3","V3FLO",21102,">8 cm",0,0,NA
"E3","V3FLO",21103,"<2 cm",0,0,NA
"E3","V3FLO",21103,"2-4 cm",0,0,NA
"E3","V3FLO",21103,"4-6 cm",0,0,NA
"E3","V3FLO",21103,"6-8 cm",0,0,NA
"E3","V3FLO",21103,">8 cm",0,0,NA
"E3","V3FLO",21104,"<2 cm",0,0,NA
"E3","V3FLO",21104,"2-4 cm",0,0,NA
"E3","V3FLO",21104,"4-6 cm",0,0,NA
"E3","V3FLO",21104,"6-8 cm",0,0,NA
"E3","V3FLO",21104,">8 cm",0,0,NA
"E3","V3FLO",21105,"<2 cm",0,0,NA
"E3","V3FLO",21105,"2-4 cm",0,0,NA
"E3","V3FLO",21105,"4-6 cm",0,0,NA
"E3","V3FLO",21105,"6-8 cm",0,0,NA
"E3","V3FLO",21105,">8 cm",0,0,NA
"E3","V3FLO",21106,"<2 cm",0,0,NA
"E3","V3FLO",21106,"2-4 cm",0,0,NA
"E3","V3FLO",21106,"4-6 cm",0,0,NA
"E3","V3FLO",21106,"6-8 cm",0,0,NA
"E3","V3FLO",21106,">8 cm",0,0,NA
"E3","V3FLO",21107,"<2 cm",0,0,NA
"E3","V3FLO",21107,"2-4 cm",0,0,NA
"E3","V3FLO",21107,"4-6 cm",0,0,NA
"E3","V3FLO",21107,"6-8 cm",0,0,NA
"E3","V3FLO",21107,">8 cm",0,0,NA
"E3","V3FLO",21108,"<2 cm",0,0,NA
"E3","V3FLO",21108,"2-4 cm",0,0,NA
"E3","V3FLO",21108,"4-6 cm",0,0,NA
"E3","V3FLO",21108,"6-8 cm",0,0,NA
"E3","V3FLO",21108,">8 cm",0,0,NA
"E3","V3FLO",21109,"<2 cm",0,0,NA
"E3","V3FLO",21109,"2-4 cm",0,0,NA
"E3","V3FLO",21109,"4-6 cm",0,0,NA
"E3","V3FLO",21109,"6-8 cm",0,0,NA
"E3","V3FLO",21109,">8 cm",0,0,NA
"E3","V3FLO",21110,"<2 cm",0,0,NA
"E3","V3FLO",21110,"2-4 cm",0,0,NA
"E3","V3FLO",21110,"4-6 cm",0,0,NA
"E3","V3FLO",21110,"6-8 cm",0,0,NA
"E3","V3FLO",21110,">8 cm",0,0,NA
"E3","V3FLO",22101,"<2 cm",0,0,NA
"E3","V3FLO",22101,"2-4 cm",0,0,NA
"E3","V3FLO",22101,"4-6 cm",0,0,NA
"E3","V3FLO",22101,"6-8 cm",0,0,NA
"E3","V3FLO",22101,">8 cm",0,0,NA
"E3","V3FLO",22102,"<2 cm",0,0,NA
"E3","V3FLO",22102,"2-4 cm",0,0,NA
"E3","V3FLO",22102,"4-6 cm",0,0,NA
"E3","V3FLO",22102,"6-8 cm",0,0,NA
"E3","V3FLO",22102,">8 cm",0,0,NA
"E3","V3FLO",22103,"<2 cm",0,0,NA
"E3","V3FLO",22103,"2-4 cm",0,0,NA
"E3","V3FLO",22103,"4-6 cm",0,0,NA
"E3","V3FLO",22103,"6-8 cm",0,0,NA
"E3","V3FLO",22103,">8 cm",0,0,NA
"E3","V3FLO",22104,"<2 cm",0,0,NA
"E3","V3FLO",22104,"2-4 cm",0,0,NA
"E3","V3FLO",22104,"4-6 cm",0,0,NA
"E3","V3FLO",22104,"6-8 cm",0,0,NA
"E3","V3FLO",22104,">8 cm",0,0,NA
"E3","V3FLO",22105,"<2 cm",0,0,NA
"E3","V3FLO",22105,"2-4 cm",0,0,NA
"E3","V3FLO",22105,"4-6 cm",0,0,NA
"E3","V3FLO",22105,"6-8 cm",0,0,NA
"E3","V3FLO",22105,">8 cm",0,0,NA
"E3","V3FLO",22106,"<2 cm",0,0,NA
"E3","V3FLO",22106,"2-4 cm",0,0,NA
"E3","V3FLO",22106,"4-6 cm",0,0,NA
"E3","V3FLO",22106,"6-8 cm",0,0,NA
"E3","V3FLO",22106,">8 cm",0,0,NA
"E3","V3FLO",22107,"<2 cm",0,0,NA
"E3","V3FLO",22107,"2-4 cm",0,0,NA
"E3","V3FLO",22107,"4-6 cm",0,0,NA
"E3","V3FLO",22107,"6-8 cm",0,0,NA
"E3","V3FLO",22107,">8 cm",0,0,NA
"E3","V3FLO",22108,"<2 cm",0,0,NA
"E3","V3FLO",22108,"2-4 cm",0,0,NA
"E3","V3FLO",22108,"4-6 cm",0,0,NA
"E3","V3FLO",22108,"6-8 cm",0,0,NA
"E3","V3FLO",22108,">8 cm",0,0,NA
"E3","V3FLO",22109,"<2 cm",0,0,NA
"E3","V3FLO",22109,"2-4 cm",0,0,NA
"E3","V3FLO",22109,"4-6 cm",0,0,NA
"E3","V3FLO",22109,"6-8 cm",0,0,NA
"E3","V3FLO",22109,">8 cm",0,0,NA
"E3","V3FLO",22110,"<2 cm",0,0,NA
"E3","V3FLO",22110,"2-4 cm",0,0,NA
"E3","V3FLO",22110,"4-6 cm",0,0,NA
"E3","V3FLO",22110,"6-8 cm",0,0,NA
"E3","V3FLO",22110,">8 cm",0,0,NA
"E3","V3FLO",23101,"<2 cm",0,0,NA
"E3","V3FLO",23101,"2-4 cm",0,0,NA
"E3","V3FLO",23101,"4-6 cm",0,0,NA
"E3","V3FLO",23101,"6-8 cm",0,0,NA
"E3","V3FLO",23101,">8 cm",0,0,NA
"E3","V3FLO",23102,"<2 cm",0,0,NA
"E3","V3FLO",23102,"2-4 cm",0,0,NA
"E3","V3FLO",23102,"4-6 cm",0,0,NA
"E3","V3FLO",23102,"6-8 cm",0,0,NA
"E3","V3FLO",23102,">8 cm",0,0,NA
"E3","V3FLO",23103,"<2 cm",0,0,NA
"E3","V3FLO",23103,"2-4 cm",0,0,NA
"E3","V3FLO",23103,"4-6 cm",0,0,NA
"E3","V3FLO",23103,"6-8 cm",0,0,NA
"E3","V3FLO",23103,">8 cm",0,0,NA
"E3","V3FLO",23104,"<2 cm",0,0,NA
"E3","V3FLO",23104,"2-4 cm",0,0,NA
"E3","V3FLO",23104,"4-6 cm",0,0,NA
"E3","V3FLO",23104,"6-8 cm",0,0,NA
"E3","V3FLO",23104,">8 cm",0,0,NA
"E3","V3FLO",23105,"<2 cm",0,0,NA
"E3","V3FLO",23105,"2-4 cm",0,0,NA
"E3","V3FLO",23105,"4-6 cm",0,0,NA
"E3","V3FLO",23105,"6-8 cm",0,0,NA
"E3","V3FLO",23105,">8 cm",0,0,NA
"E3","V3FLO",23106,"<2 cm",0,0,NA
"E3","V3FLO",23106,"2-4 cm",0,0,NA
"E3","V3FLO",23106,"4-6 cm",0,0,NA
"E3","V3FLO",23106,"6-8 cm",0,0,NA
"E3","V3FLO",23106,">8 cm",0,0,NA
"E3","V3FLO",23107,"<2 cm",0,0,NA
"E3","V3FLO",23107,"2-4 cm",0,0,NA
"E3","V3FLO",23107,"4-6 cm",0,0,NA
"E3","V3FLO",23107,"6-8 cm",0,0,NA
"E3","V3FLO",23107,">8 cm",0,0,NA
"E3","V3FLO",23108,"<2 cm",0,0,NA
"E3","V3FLO",23108,"2-4 cm",0,0,NA
"E3","V3FLO",23108,"4-6 cm",0,0,NA
"E3","V3FLO",23108,"6-8 cm",0,0,NA
"E3","V3FLO",23108,">8 cm",0,0,NA
"E3","V3FLO",23109,"<2 cm",0,0,NA
"E3","V3FLO",23109,"2-4 cm",0,0,NA
"E3","V3FLO",23109,"4-6 cm",0,0,NA
"E3","V3FLO",23109,"6-8 cm",0,0,NA
"E3","V3FLO",23109,">8 cm",0,0,NA
"E3","V3FLO",23110,"<2 cm",0,0,NA
"E3","V3FLO",23110,"2-4 cm",0,0,NA
"E3","V3FLO",23110,"4-6 cm",0,0,NA
"E3","V3FLO",23110,"6-8 cm",0,0,NA
"E3","V3FLO",23110,">8 cm",0,0,NA
"E3","V3FLO",24101,"<2 cm",0,0,NA
"E3","V3FLO",24101,"2-4 cm",0,0,NA
"E3","V3FLO",24101,"4-6 cm",0,0,NA
"E3","V3FLO",24101,"6-8 cm",0,0,NA
"E3","V3FLO",24101,">8 cm",0,0,NA
"E3","V3FLO",24102,"<2 cm",0,0,NA
"E3","V3FLO",24102,"2-4 cm",0,0,NA
"E3","V3FLO",24102,"4-6 cm",0,0,NA
"E3","V3FLO",24102,"6-8 cm",0,0,NA
"E3","V3FLO",24102,">8 cm",0,0,NA
"E3","V3FLO",24103,"<2 cm",0,0,NA
"E3","V3FLO",24103,"2-4 cm",0,0,NA
"E3","V3FLO",24103,"4-6 cm",0,0,NA
"E3","V3FLO",24103,"6-8 cm",0,0,NA
"E3","V3FLO",24103,">8 cm",0,0,NA
"E3","V3FLO",24104,"<2 cm",0,0,NA
"E3","V3FLO",24104,"2-4 cm",0,0,NA
"E3","V3FLO",24104,"4-6 cm",0,0,NA
"E3","V3FLO",24104,"6-8 cm",0,0,NA
"E3","V3FLO",24104,">8 cm",0,0,NA
"E3","V3FLO",24105,"<2 cm",0,0,NA
"E3","V3FLO",24105,"2-4 cm",0,0,NA
"E3","V3FLO",24105,"4-6 cm",0,0,NA
"E3","V3FLO",24105,"6-8 cm",0,0,NA
"E3","V3FLO",24105,">8 cm",0,0,NA
"E3","V3FLO",24106,"<2 cm",0,0,NA
"E3","V3FLO",24106,"2-4 cm",0,0,NA
"E3","V3FLO",24106,"4-6 cm",0,0,NA
"E3","V3FLO",24106,"6-8 cm",0,0,NA
"E3","V3FLO",24106,">8 cm",0,0,NA
"E3","V3FLO",24107,"<2 cm",0,0,NA
"E3","V3FLO",24107,"2-4 cm",0,0,NA
"E3","V3FLO",24107,"4-6 cm",0,0,NA
"E3","V3FLO",24107,"6-8 cm",0,0,NA
"E3","V3FLO",24107,">8 cm",0,0,NA
"E3","V3FLO",24108,"<2 cm",0,0,NA
"E3","V3FLO",24108,"2-4 cm",0,0,NA
"E3","V3FLO",24108,"4-6 cm",0,0,NA
"E3","V3FLO",24108,"6-8 cm",0,0,NA
"E3","V3FLO",24108,">8 cm",0,0,NA
"E3","V3FLO",24109,"<2 cm",0,0,NA
"E3","V3FLO",24109,"2-4 cm",0,0,NA
"E3","V3FLO",24109,"4-6 cm",0,0,NA
"E3","V3FLO",24109,"6-8 cm",0,0,NA
"E3","V3FLO",24109,">8 cm",0,0,NA
"E3","V3FLO",24110,"<2 cm",0,0,NA
"E3","V3FLO",24110,"2-4 cm",0,0,NA
"E3","V3FLO",24110,"4-6 cm",0,0,NA
"E3","V3FLO",24110,"6-8 cm",0,0,NA
"E3","V3FLO",24110,">8 cm",0,0,NA
"E3","V3FLO",25101,"<2 cm",0,0,NA
"E3","V3FLO",25101,"2-4 cm",0,0,NA
"E3","V3FLO",25101,"4-6 cm",0,0,NA
"E3","V3FLO",25101,"6-8 cm",0,0,NA
"E3","V3FLO",25101,">8 cm",0,0,NA
"E3","V3FLO",25102,"<2 cm",0,0,NA
"E3","V3FLO",25102,"2-4 cm",0,0,NA
"E3","V3FLO",25102,"4-6 cm",0,0,NA
"E3","V3FLO",25102,"6-8 cm",0,0,NA
"E3","V3FLO",25102,">8 cm",0,0,NA
"E3","V3FLO",25103,"<2 cm",0,0,NA
"E3","V3FLO",25103,"2-4 cm",0,0,NA
"E3","V3FLO",25103,"4-6 cm",0,0,NA
"E3","V3FLO",25103,"6-8 cm",0,0,NA
"E3","V3FLO",25103,">8 cm",0,0,NA
"E3","V3FLO",25104,"<2 cm",0,0,NA
"E3","V3FLO",25104,"2-4 cm",0,0,NA
"E3","V3FLO",25104,"4-6 cm",0,0,NA
"E3","V3FLO",25104,"6-8 cm",0,0,NA
"E3","V3FLO",25104,">8 cm",0,0,NA
"E3","V3FLO",25105,"<2 cm",0,0,NA
"E3","V3FLO",25105,"2-4 cm",0,0,NA
"E3","V3FLO",25105,"4-6 cm",0,0,NA
"E3","V3FLO",25105,"6-8 cm",0,0,NA
"E3","V3FLO",25105,">8 cm",0,0,NA
"E3","V3FLO",25106,"<2 cm",0,0,NA
"E3","V3FLO",25106,"2-4 cm",0,0,NA
"E3","V3FLO",25106,"4-6 cm",0,0,NA
"E3","V3FLO",25106,"6-8 cm",0,0,NA
"E3","V3FLO",25106,">8 cm",0,0,NA
"E3","V3FLO",25107,"<2 cm",0,0,NA
"E3","V3FLO",25107,"2-4 cm",0,0,NA
"E3","V3FLO",25107,"4-6 cm",0,0,NA
"E3","V3FLO",25107,"6-8 cm",0,0,NA
"E3","V3FLO",25107,">8 cm",0,0,NA
"E3","V3FLO",25108,"<2 cm",0,0,NA
"E3","V3FLO",25108,"2-4 cm",0,0,NA
"E3","V3FLO",25108,"4-6 cm",0,0,NA
"E3","V3FLO",25108,"6-8 cm",0,0,NA
"E3","V3FLO",25108,">8 cm",0,0,NA
"E3","V3FLO",25109,"<2 cm",0,0,NA
"E3","V3FLO",25109,"2-4 cm",0,0,NA
"E3","V3FLO",25109,"4-6 cm",0,0,NA
"E3","V3FLO",25109,"6-8 cm",0,0,NA
"E3","V3FLO",25109,">8 cm",0,0,NA
"E3","V3FLO",25110,"<2 cm",0,0,NA
"E3","V3FLO",25110,"2-4 cm",0,0,NA
"E3","V3FLO",25110,"4-6 cm",0,0,NA
"E3","V3FLO",25110,"6-8 cm",0,0,NA
"E3","V3FLO",25110,">8 cm",0,0,NA
"E3","V3FLO",26101,"<2 cm",0,0,NA
"E3","V3FLO",26101,"2-4 cm",0,0,NA
"E3","V3FLO",26101,"4-6 cm",0,0,NA
"E3","V3FLO",26101,"6-8 cm",0,0,NA
"E3","V3FLO",26101,">8 cm",0,0,NA
"E3","V3FLO",26102,"<2 cm",0,0,NA
"E3","V3FLO",26102,"2-4 cm",0,0,NA
"E3","V3FLO",26102,"4-6 cm",0,0,NA
"E3","V3FLO",26102,"6-8 cm",0,0,NA
"E3","V3FLO",26102,">8 cm",0,0,NA
"E3","V3FLO",26103,"<2 cm",0,0,NA
"E3","V3FLO",26103,"2-4 cm",0,0,NA
"E3","V3FLO",26103,"4-6 cm",0,0,NA
"E3","V3FLO",26103,"6-8 cm",0,0,NA
"E3","V3FLO",26103,">8 cm",0,0,NA
"E3","V3FLO",26104,"<2 cm",0,0,NA
"E3","V3FLO",26104,"2-4 cm",0,0,NA
"E3","V3FLO",26104,"4-6 cm",0,0,NA
"E3","V3FLO",26104,"6-8 cm",0,0,NA
"E3","V3FLO",26104,">8 cm",0,0,NA
"E3","V3FLO",26105,"<2 cm",0,0,NA
"E3","V3FLO",26105,"2-4 cm",0,0,NA
"E3","V3FLO",26105,"4-6 cm",0,0,NA
"E3","V3FLO",26105,"6-8 cm",0,0,NA
"E3","V3FLO",26105,">8 cm",0,0,NA
"E3","V3FLO",26106,"<2 cm",0,0,NA
"E3","V3FLO",26106,"2-4 cm",0,0,NA
"E3","V3FLO",26106,"4-6 cm",0,0,NA
"E3","V3FLO",26106,"6-8 cm",0,0,NA
"E3","V3FLO",26106,">8 cm",0,0,NA
"E3","V3FLO",26107,"<2 cm",0,0,NA
"E3","V3FLO",26107,"2-4 cm",0,0,NA
"E3","V3FLO",26107,"4-6 cm",0,0,NA
"E3","V3FLO",26107,"6-8 cm",0,0,NA
"E3","V3FLO",26107,">8 cm",0,0,NA
"E3","V3FLO",26108,"<2 cm",0,0,NA
"E3","V3FLO",26108,"2-4 cm",0,0,NA
"E3","V3FLO",26108,"4-6 cm",0,0,NA
"E3","V3FLO",26108,"6-8 cm",0,0,NA
"E3","V3FLO",26108,">8 cm",0,0,NA
"E3","V3FLO",26109,"<2 cm",0,0,NA
"E3","V3FLO",26109,"2-4 cm",0,0,NA
"E3","V3FLO",26109,"4-6 cm",0,0,NA
"E3","V3FLO",26109,"6-8 cm",0,0,NA
"E3","V3FLO",26109,">8 cm",0,0,NA
"E3","V3FLO",26110,"<2 cm",0,0,NA
"E3","V3FLO",26110,"2-4 cm",0,0,NA
"E3","V3FLO",26110,"4-6 cm",0,0,NA
"E3","V3FLO",26110,"6-8 cm",0,0,NA
"E3","V3FLO",26110,">8 cm",0,0,NA
"E3","V3FLO",27101,"<2 cm",0,0,NA
"E3","V3FLO",27101,"2-4 cm",0,0,NA
"E3","V3FLO",27101,"4-6 cm",0,0,NA
"E3","V3FLO",27101,"6-8 cm",0,0,NA
"E3","V3FLO",27101,">8 cm",0,0,NA
"E3","V3FLO",27102,"<2 cm",0,0,NA
"E3","V3FLO",27102,"2-4 cm",0,0,NA
"E3","V3FLO",27102,"4-6 cm",0,0,NA
"E3","V3FLO",27102,"6-8 cm",0,0,NA
"E3","V3FLO",27102,">8 cm",0,0,NA
"E3","V3FLO",27103,"<2 cm",0,0,NA
"E3","V3FLO",27103,"2-4 cm",0,0,NA
"E3","V3FLO",27103,"4-6 cm",0,0,NA
"E3","V3FLO",27103,"6-8 cm",0,0,NA
"E3","V3FLO",27103,">8 cm",0,0,NA
"E3","V3FLO",27104,"<2 cm",0,0,NA
"E3","V3FLO",27104,"2-4 cm",0,0,NA
"E3","V3FLO",27104,"4-6 cm",0,0,NA
"E3","V3FLO",27104,"6-8 cm",0,0,NA
"E3","V3FLO",27104,">8 cm",0,0,NA
"E3","V3FLO",27105,"<2 cm",0,0,NA
"E3","V3FLO",27105,"2-4 cm",0,0,NA
"E3","V3FLO",27105,"4-6 cm",0,0,NA
"E3","V3FLO",27105,"6-8 cm",0,0,NA
"E3","V3FLO",27105,">8 cm",0,0,NA
"E3","V3FLO",27106,"<2 cm",0,0,NA
"E3","V3FLO",27106,"2-4 cm",0,0,NA
"E3","V3FLO",27106,"4-6 cm",0,0,NA
"E3","V3FLO",27106,"6-8 cm",0,0,NA
"E3","V3FLO",27106,">8 cm",0,0,NA
"E3","V3FLO",27107,"<2 cm",0,0,NA
"E3","V3FLO",27107,"2-4 cm",0,0,NA
"E3","V3FLO",27107,"4-6 cm",0,0,NA
"E3","V3FLO",27107,"6-8 cm",0,0,NA
"E3","V3FLO",27107,">8 cm",0,0,NA
"E3","V3FLO",27108,"<2 cm",0,0,NA
"E3","V3FLO",27108,"2-4 cm",0,0,NA
"E3","V3FLO",27108,"4-6 cm",0,0,NA
"E3","V3FLO",27108,"6-8 cm",0,0,NA
"E3","V3FLO",27108,">8 cm",0,0,NA
"E3","V3FLO",27109,"<2 cm",0,0,NA
"E3","V3FLO",27109,"2-4 cm",0,0,NA
"E3","V3FLO",27109,"4-6 cm",0,0,NA
"E3","V3FLO",27109,"6-8 cm",0,0,NA
"E3","V3FLO",27109,">8 cm",0,0,NA
"E3","V3FLO",27110,"<2 cm",0,0,NA
"E3","V3FLO",27110,"2-4 cm",0,0,NA
"E3","V3FLO",27110,"4-6 cm",0,0,NA
"E3","V3FLO",27110,"6-8 cm",0,0,NA
"E3","V3FLO",27110,">8 cm",0,0,NA
"E3","V3FLO",28101,"<2 cm",0,0,NA
"E3","V3FLO",28101,"2-4 cm",0,0,NA
"E3","V3FLO",28101,"4-6 cm",0,0,NA
"E3","V3FLO",28101,"6-8 cm",0,0,NA
"E3","V3FLO",28101,">8 cm",0,0,NA
"E3","V3FLO",28102,"<2 cm",0,0,NA
"E3","V3FLO",28102,"2-4 cm",0,0,NA
"E3","V3FLO",28102,"4-6 cm",0,0,NA
"E3","V3FLO",28102,"6-8 cm",0,0,NA
"E3","V3FLO",28102,">8 cm",0,0,NA
"E3","V3FLO",28103,"<2 cm",0,0,NA
"E3","V3FLO",28103,"2-4 cm",0,0,NA
"E3","V3FLO",28103,"4-6 cm",0,0,NA
"E3","V3FLO",28103,"6-8 cm",0,0,NA
"E3","V3FLO",28103,">8 cm",0,0,NA
"E3","V3FLO",28104,"<2 cm",0,0,NA
"E3","V3FLO",28104,"2-4 cm",0,0,NA
"E3","V3FLO",28104,"4-6 cm",0,0,NA
"E3","V3FLO",28104,"6-8 cm",0,0,NA
"E3","V3FLO",28104,">8 cm",0,0,NA
"E3","V3FLO",28105,"<2 cm",0,0,NA
"E3","V3FLO",28105,"2-4 cm",0,0,NA
"E3","V3FLO",28105,"4-6 cm",0,0,NA
"E3","V3FLO",28105,"6-8 cm",0,0,NA
"E3","V3FLO",28105,">8 cm",0,0,NA
"E3","V3FLO",28106,"<2 cm",0,0,NA
"E3","V3FLO",28106,"2-4 cm",0,0,NA
"E3","V3FLO",28106,"4-6 cm",0,0,NA
"E3","V3FLO",28106,"6-8 cm",0,0,NA
"E3","V3FLO",28106,">8 cm",0,0,NA
"E3","V3FLO",28107,"<2 cm",0,0,NA
"E3","V3FLO",28107,"2-4 cm",0,0,NA
"E3","V3FLO",28107,"4-6 cm",0,0,NA
"E3","V3FLO",28107,"6-8 cm",0,0,NA
"E3","V3FLO",28107,">8 cm",0,0,NA
"E3","V3FLO",28108,"<2 cm",0,0,NA
"E3","V3FLO",28108,"2-4 cm",0,0,NA
"E3","V3FLO",28108,"4-6 cm",0,0,NA
"E3","V3FLO",28108,"6-8 cm",0,0,NA
"E3","V3FLO",28108,">8 cm",0,0,NA
"E3","V3FLO",28109,"<2 cm",0,0,NA
"E3","V3FLO",28109,"2-4 cm",0,0,NA
"E3","V3FLO",28109,"4-6 cm",0,0,NA
"E3","V3FLO",28109,"6-8 cm",0,0,NA
"E3","V3FLO",28109,">8 cm",0,0,NA
"E3","V3FLO",28110,"<2 cm",0,0,NA
"E3","V3FLO",28110,"2-4 cm",0,0,NA
"E3","V3FLO",28110,"4-6 cm",0,0,NA
"E3","V3FLO",28110,"6-8 cm",0,0,NA
"E3","V3FLO",28110,">8 cm",0,0,NA
"E3","V3FLO",29101,"<2 cm",0,0,NA
"E3","V3FLO",29101,"2-4 cm",0,0,NA
"E3","V3FLO",29101,"4-6 cm",0,0,NA
"E3","V3FLO",29101,"6-8 cm",0,0,NA
"E3","V3FLO",29101,">8 cm",0,0,NA
"E3","V3FLO",29102,"<2 cm",0,0,NA
"E3","V3FLO",29102,"2-4 cm",0,0,NA
"E3","V3FLO",29102,"4-6 cm",0,0,NA
"E3","V3FLO",29102,"6-8 cm",0,0,NA
"E3","V3FLO",29102,">8 cm",0,0,NA
"E3","V3FLO",29103,"<2 cm",0,0,NA
"E3","V3FLO",29103,"2-4 cm",0,0,NA
"E3","V3FLO",29103,"4-6 cm",0,0,NA
"E3","V3FLO",29103,"6-8 cm",0,0,NA
"E3","V3FLO",29103,">8 cm",0,0,NA
"E3","V3FLO",29104,"<2 cm",0,0,NA
"E3","V3FLO",29104,"2-4 cm",0,0,NA
"E3","V3FLO",29104,"4-6 cm",0,0,NA
"E3","V3FLO",29104,"6-8 cm",0,0,NA
"E3","V3FLO",29104,">8 cm",0,0,NA
"E3","V3FLO",29105,"<2 cm",0,0,NA
"E3","V3FLO",29105,"2-4 cm",0,0,NA
"E3","V3FLO",29105,"4-6 cm",0,0,NA
"E3","V3FLO",29105,"6-8 cm",0,0,NA
"E3","V3FLO",29105,">8 cm",0,0,NA
"E3","V3FLO",29106,"<2 cm",0,0,NA
"E3","V3FLO",29106,"2-4 cm",0,0,NA
"E3","V3FLO",29106,"4-6 cm",0,0,NA
"E3","V3FLO",29106,"6-8 cm",0,0,NA
"E3","V3FLO",29106,">8 cm",0,0,NA
"E3","V3FLO",29107,"<2 cm",0,0,NA
"E3","V3FLO",29107,"2-4 cm",0,0,NA
"E3","V3FLO",29107,"4-6 cm",0,0,NA
"E3","V3FLO",29107,"6-8 cm",0,0,NA
"E3","V3FLO",29107,">8 cm",0,0,NA
"E3","V3FLO",29108,"<2 cm",0,0,NA
"E3","V3FLO",29108,"2-4 cm",0,0,NA
"E3","V3FLO",29108,"4-6 cm",0,0,NA
"E3","V3FLO",29108,"6-8 cm",0,0,NA
"E3","V3FLO",29108,">8 cm",0,0,NA
"E3","V3FLO",29109,"<2 cm",0,0,NA
"E3","V3FLO",29109,"2-4 cm",0,0,NA
"E3","V3FLO",29109,"4-6 cm",0,0,NA
"E3","V3FLO",29109,"6-8 cm",0,0,NA
"E3","V3FLO",29109,">8 cm",0,0,NA
"E3","V3FLO",29110,"<2 cm",0,0,NA
"E3","V3FLO",29110,"2-4 cm",0,0,NA
"E3","V3FLO",29110,"4-6 cm",0,0,NA
"E3","V3FLO",29110,"6-8 cm",0,0,NA
"E3","V3FLO",29110,">8 cm",0,0,NA
"E3","V3FLO",30101,"<2 cm",0,0,NA
"E3","V3FLO",30101,"2-4 cm",0,0,NA
"E3","V3FLO",30101,"4-6 cm",0,0,NA
"E3","V3FLO",30101,"6-8 cm",0,0,NA
"E3","V3FLO",30101,">8 cm",0,0,NA
"E3","V3FLO",30102,"<2 cm",0,0,NA
"E3","V3FLO",30102,"2-4 cm",0,0,NA
"E3","V3FLO",30102,"4-6 cm",0,0,NA
"E3","V3FLO",30102,"6-8 cm",0,0,NA
"E3","V3FLO",30102,">8 cm",0,0,NA
"E3","V3FLO",30103,"<2 cm",0,0,NA
"E3","V3FLO",30103,"2-4 cm",0,0,NA
"E3","V3FLO",30103,"4-6 cm",0,0,NA
"E3","V3FLO",30103,"6-8 cm",0,0,NA
"E3","V3FLO",30103,">8 cm",0,0,NA
"E3","V3FLO",30104,"<2 cm",0,0,NA
"E3","V3FLO",30104,"2-4 cm",0,0,NA
"E3","V3FLO",30104,"4-6 cm",0,0,NA
"E3","V3FLO",30104,"6-8 cm",0,0,NA
"E3","V3FLO",30104,">8 cm",0,0,NA
"E3","V3FLO",30105,"<2 cm",0,0,NA
"E3","V3FLO",30105,"2-4 cm",0,0,NA
"E3","V3FLO",30105,"4-6 cm",0,0,NA
"E3","V3FLO",30105,"6-8 cm",0,0,NA
"E3","V3FLO",30105,">8 cm",0,0,NA
"E3","V3FLO",30106,"<2 cm",0,0,NA
"E3","V3FLO",30106,"2-4 cm",0,0,NA
"E3","V3FLO",30106,"4-6 cm",0,0,NA
"E3","V3FLO",30106,"6-8 cm",0,0,NA
"E3","V3FLO",30106,">8 cm",0,0,NA
"E3","V3FLO",30107,"<2 cm",0,0,NA
"E3","V3FLO",30107,"2-4 cm",0,0,NA
"E3","V3FLO",30107,"4-6 cm",0,0,NA
"E3","V3FLO",30107,"6-8 cm",0,0,NA
"E3","V3FLO",30107,">8 cm",0,0,NA
"E3","V3FLO",30108,"<2 cm",0,0,NA
"E3","V3FLO",30108,"2-4 cm",0,0,NA
"E3","V3FLO",30108,"4-6 cm",0,0,NA
"E3","V3FLO",30108,"6-8 cm",0,0,NA
"E3","V3FLO",30108,">8 cm",0,0,NA
"E3","V3FLO",30109,"<2 cm",0,0,NA
"E3","V3FLO",30109,"2-4 cm",0,0,NA
"E3","V3FLO",30109,"4-6 cm",0,0,NA
"E3","V3FLO",30109,"6-8 cm",0,0,NA
"E3","V3FLO",30109,">8 cm",0,0,NA
"E3","V3FLO",30110,"<2 cm",0,0,NA
"E3","V3FLO",30110,"2-4 cm",0,0,NA
"E3","V3FLO",30110,"4-6 cm",0,0,NA
"E3","V3FLO",30110,"6-8 cm",0,0,NA
"E3","V3FLO",30110,">8 cm",0,0,NA
"E3","V3SPL140",1101,"<2 cm",248,250,0.992
"E3","V3SPL140",1101,"2-4 cm",1,250,0.004
"E3","V3SPL140",1101,"4-6 cm",0,250,0
"E3","V3SPL140",1101,"6-8 cm",1,250,0.004
"E3","V3SPL140",1101,">8 cm",0,250,0
"E3","V3SPL140",1102,"<2 cm",248,250,0.992
"E3","V3SPL140",1102,"2-4 cm",0,250,0
"E3","V3SPL140",1102,"4-6 cm",1,250,0.004
"E3","V3SPL140",1102,"6-8 cm",0,250,0
"E3","V3SPL140",1102,">8 cm",1,250,0.004
"E3","V3SPL140",1103,"<2 cm",248,250,0.992
"E3","V3SPL140",1103,"2-4 cm",0,250,0
"E3","V3SPL140",1103,"4-6 cm",0,250,0
"E3","V3SPL140",1103,"6-8 cm",0,250,0
"E3","V3SPL140",1103,">8 cm",2,250,0.008
"E3","V3SPL140",1104,"<2 cm",0,0,NA
"E3","V3SPL140",1104,"2-4 cm",0,0,NA
"E3","V3SPL140",1104,"4-6 cm",0,0,NA
"E3","V3SPL140",1104,"6-8 cm",0,0,NA
"E3","V3SPL140",1104,">8 cm",0,0,NA
"E3","V3SPL140",1105,"<2 cm",0,0,NA
"E3","V3SPL140",1105,"2-4 cm",0,0,NA
"E3","V3SPL140",1105,"4-6 cm",0,0,NA
"E3","V3SPL140",1105,"6-8 cm",0,0,NA
"E3","V3SPL140",1105,">8 cm",0,0,NA
"E3","V3SPL140",1106,"<2 cm",0,0,NA
"E3","V3SPL140",1106,"2-4 cm",0,0,NA
"E3","V3SPL140",1106,"4-6 cm",0,0,NA
"E3","V3SPL140",1106,"6-8 cm",0,0,NA
"E3","V3SPL140",1106,">8 cm",0,0,NA
"E3","V3SPL140",1107,"<2 cm",0,0,NA
"E3","V3SPL140",1107,"2-4 cm",0,0,NA
"E3","V3SPL140",1107,"4-6 cm",0,0,NA
"E3","V3SPL140",1107,"6-8 cm",0,0,NA
"E3","V3SPL140",1107,">8 cm",0,0,NA
"E3","V3SPL140",1108,"<2 cm",0,0,NA
"E3","V3SPL140",1108,"2-4 cm",0,0,NA
"E3","V3SPL140",1108,"4-6 cm",0,0,NA
"E3","V3SPL140",1108,"6-8 cm",0,0,NA
"E3","V3SPL140",1108,">8 cm",0,0,NA
"E3","V3SPL140",1109,"<2 cm",0,0,NA
"E3","V3SPL140",1109,"2-4 cm",0,0,NA
"E3","V3SPL140",1109,"4-6 cm",0,0,NA
"E3","V3SPL140",1109,"6-8 cm",0,0,NA
"E3","V3SPL140",1109,">8 cm",0,0,NA
"E3","V3SPL140",1110,"<2 cm",0,0,NA
"E3","V3SPL140",1110,"2-4 cm",0,0,NA
"E3","V3SPL140",1110,"4-6 cm",0,0,NA
"E3","V3SPL140",1110,"6-8 cm",0,0,NA
"E3","V3SPL140",1110,">8 cm",0,0,NA
"E3","V3SPL140",2101,"<2 cm",4,250,0.016
"E3","V3SPL140",2101,"2-4 cm",0,250,0
"E3","V3SPL140",2101,"4-6 cm",0,250,0
"E3","V3SPL140",2101,"6-8 cm",2,250,0.008
"E3","V3SPL140",2101,">8 cm",244,250,0.976
"E3","V3SPL140",2102,"<2 cm",6,250,0.024
"E3","V3SPL140",2102,"2-4 cm",0,250,0
"E3","V3SPL140",2102,"4-6 cm",4,250,0.016
"E3","V3SPL140",2102,"6-8 cm",1,250,0.004
"E3","V3SPL140",2102,">8 cm",239,250,0.956
"E3","V3SPL140",2103,"<2 cm",4,250,0.016
"E3","V3SPL140",2103,"2-4 cm",0,250,0
"E3","V3SPL140",2103,"4-6 cm",2,250,0.008
"E3","V3SPL140",2103,"6-8 cm",2,250,0.008
"E3","V3SPL140",2103,">8 cm",242,250,0.968
"E3","V3SPL140",2104,"<2 cm",0,0,NA
"E3","V3SPL140",2104,"2-4 cm",0,0,NA
"E3","V3SPL140",2104,"4-6 cm",0,0,NA
"E3","V3SPL140",2104,"6-8 cm",0,0,NA
"E3","V3SPL140",2104,">8 cm",0,0,NA
"E3","V3SPL140",2105,"<2 cm",0,0,NA
"E3","V3SPL140",2105,"2-4 cm",0,0,NA
"E3","V3SPL140",2105,"4-6 cm",0,0,NA
"E3","V3SPL140",2105,"6-8 cm",0,0,NA
"E3","V3SPL140",2105,">8 cm",0,0,NA
"E3","V3SPL140",2106,"<2 cm",0,0,NA
"E3","V3SPL140",2106,"2-4 cm",0,0,NA
"E3","V3SPL140",2106,"4-6 cm",0,0,NA
"E3","V3SPL140",2106,"6-8 cm",0,0,NA
"E3","V3SPL140",2106,">8 cm",0,0,NA
"E3","V3SPL140",2107,"<2 cm",0,0,NA
"E3","V3SPL140",2107,"2-4 cm",0,0,NA
"E3","V3SPL140",2107,"4-6 cm",0,0,NA
"E3","V3SPL140",2107,"6-8 cm",0,0,NA
"E3","V3SPL140",2107,">8 cm",0,0,NA
"E3","V3SPL140",2108,"<2 cm",0,0,NA
"E3","V3SPL140",2108,"2-4 cm",0,0,NA
"E3","V3SPL140",2108,"4-6 cm",0,0,NA
"E3","V3SPL140",2108,"6-8 cm",0,0,NA
"E3","V3SPL140",2108,">8 cm",0,0,NA
"E3","V3SPL140",2109,"<2 cm",0,0,NA
"E3","V3SPL140",2109,"2-4 cm",0,0,NA
"E3","V3SPL140",2109,"4-6 cm",0,0,NA
"E3","V3SPL140",2109,"6-8 cm",0,0,NA
"E3","V3SPL140",2109,">8 cm",0,0,NA
"E3","V3SPL140",2110,"<2 cm",0,0,NA
"E3","V3SPL140",2110,"2-4 cm",0,0,NA
"E3","V3SPL140",2110,"4-6 cm",0,0,NA
"E3","V3SPL140",2110,"6-8 cm",0,0,NA
"E3","V3SPL140",2110,">8 cm",0,0,NA
"E3","V3SPL140",3101,"<2 cm",159,250,0.636
"E3","V3SPL140",3101,"2-4 cm",0,250,0
"E3","V3SPL140",3101,"4-6 cm",0,250,0
"E3","V3SPL140",3101,"6-8 cm",3,250,0.012
"E3","V3SPL140",3101,">8 cm",88,250,0.352
"E3","V3SPL140",3102,"<2 cm",163,250,0.652
"E3","V3SPL140",3102,"2-4 cm",2,250,0.008
"E3","V3SPL140",3102,"4-6 cm",2,250,0.008
"E3","V3SPL140",3102,"6-8 cm",0,250,0
"E3","V3SPL140",3102,">8 cm",83,250,0.332
"E3","V3SPL140",3103,"<2 cm",157,250,0.628
"E3","V3SPL140",3103,"2-4 cm",1,250,0.004
"E3","V3SPL140",3103,"4-6 cm",0,250,0
"E3","V3SPL140",3103,"6-8 cm",2,250,0.008
"E3","V3SPL140",3103,">8 cm",90,250,0.36
"E3","V3SPL140",3104,"<2 cm",0,0,NA
"E3","V3SPL140",3104,"2-4 cm",0,0,NA
"E3","V3SPL140",3104,"4-6 cm",0,0,NA
"E3","V3SPL140",3104,"6-8 cm",0,0,NA
"E3","V3SPL140",3104,">8 cm",0,0,NA
"E3","V3SPL140",3105,"<2 cm",0,0,NA
"E3","V3SPL140",3105,"2-4 cm",0,0,NA
"E3","V3SPL140",3105,"4-6 cm",0,0,NA
"E3","V3SPL140",3105,"6-8 cm",0,0,NA
"E3","V3SPL140",3105,">8 cm",0,0,NA
"E3","V3SPL140",3106,"<2 cm",0,0,NA
"E3","V3SPL140",3106,"2-4 cm",0,0,NA
"E3","V3SPL140",3106,"4-6 cm",0,0,NA
"E3","V3SPL140",3106,"6-8 cm",0,0,NA
"E3","V3SPL140",3106,">8 cm",0,0,NA
"E3","V3SPL140",3107,"<2 cm",0,0,NA
"E3","V3SPL140",3107,"2-4 cm",0,0,NA
"E3","V3SPL140",3107,"4-6 cm",0,0,NA
"E3","V3SPL140",3107,"6-8 cm",0,0,NA
"E3","V3SPL140",3107,">8 cm",0,0,NA
"E3","V3SPL140",3108,"<2 cm",0,0,NA
"E3","V3SPL140",3108,"2-4 cm",0,0,NA
"E3","V3SPL140",3108,"4-6 cm",0,0,NA
"E3","V3SPL140",3108,"6-8 cm",0,0,NA
"E3","V3SPL140",3108,">8 cm",0,0,NA
"E3","V3SPL140",3109,"<2 cm",0,0,NA
"E3","V3SPL140",3109,"2-4 cm",0,0,NA
"E3","V3SPL140",3109,"4-6 cm",0,0,NA
"E3","V3SPL140",3109,"6-8 cm",0,0,NA
"E3","V3SPL140",3109,">8 cm",0,0,NA
"E3","V3SPL140",3110,"<2 cm",0,0,NA
"E3","V3SPL140",3110,"2-4 cm",0,0,NA
"E3","V3SPL140",3110,"4-6 cm",0,0,NA
"E3","V3SPL140",3110,"6-8 cm",0,0,NA
"E3","V3SPL140",3110,">8 cm",0,0,NA
"E3","V3SPL140",4101,"<2 cm",246,250,0.984
"E3","V3SPL140",4101,"2-4 cm",0,250,0
"E3","V3SPL140",4101,"4-6 cm",0,250,0
"E3","V3SPL140",4101,"6-8 cm",0,250,0
"E3","V3SPL140",4101,">8 cm",4,250,0.016
"E3","V3SPL140",4102,"<2 cm",246,250,0.984
"E3","V3SPL140",4102,"2-4 cm",0,250,0
"E3","V3SPL140",4102,"4-6 cm",0,250,0
"E3","V3SPL140",4102,"6-8 cm",0,250,0
"E3","V3SPL140",4102,">8 cm",4,250,0.016
"E3","V3SPL140",4103,"<2 cm",247,250,0.988
"E3","V3SPL140",4103,"2-4 cm",0,250,0
"E3","V3SPL140",4103,"4-6 cm",0,250,0
"E3","V3SPL140",4103,"6-8 cm",0,250,0
"E3","V3SPL140",4103,">8 cm",3,250,0.012
"E3","V3SPL140",4104,"<2 cm",0,0,NA
"E3","V3SPL140",4104,"2-4 cm",0,0,NA
"E3","V3SPL140",4104,"4-6 cm",0,0,NA
"E3","V3SPL140",4104,"6-8 cm",0,0,NA
"E3","V3SPL140",4104,">8 cm",0,0,NA
"E3","V3SPL140",4105,"<2 cm",0,0,NA
"E3","V3SPL140",4105,"2-4 cm",0,0,NA
"E3","V3SPL140",4105,"4-6 cm",0,0,NA
"E3","V3SPL140",4105,"6-8 cm",0,0,NA
"E3","V3SPL140",4105,">8 cm",0,0,NA
"E3","V3SPL140",4106,"<2 cm",0,0,NA
"E3","V3SPL140",4106,"2-4 cm",0,0,NA
"E3","V3SPL140",4106,"4-6 cm",0,0,NA
"E3","V3SPL140",4106,"6-8 cm",0,0,NA
"E3","V3SPL140",4106,">8 cm",0,0,NA
"E3","V3SPL140",4107,"<2 cm",0,0,NA
"E3","V3SPL140",4107,"2-4 cm",0,0,NA
"E3","V3SPL140",4107,"4-6 cm",0,0,NA
"E3","V3SPL140",4107,"6-8 cm",0,0,NA
"E3","V3SPL140",4107,">8 cm",0,0,NA
"E3","V3SPL140",4108,"<2 cm",0,0,NA
"E3","V3SPL140",4108,"2-4 cm",0,0,NA
"E3","V3SPL140",4108,"4-6 cm",0,0,NA
"E3","V3SPL140",4108,"6-8 cm",0,0,NA
"E3","V3SPL140",4108,">8 cm",0,0,NA
"E3","V3SPL140",4109,"<2 cm",0,0,NA
"E3","V3SPL140",4109,"2-4 cm",0,0,NA
"E3","V3SPL140",4109,"4-6 cm",0,0,NA
"E3","V3SPL140",4109,"6-8 cm",0,0,NA
"E3","V3SPL140",4109,">8 cm",0,0,NA
"E3","V3SPL140",4110,"<2 cm",0,0,NA
"E3","V3SPL140",4110,"2-4 cm",0,0,NA
"E3","V3SPL140",4110,"4-6 cm",0,0,NA
"E3","V3SPL140",4110,"6-8 cm",0,0,NA
"E3","V3SPL140",4110,">8 cm",0,0,NA
"E3","V3SPL140",5101,"<2 cm",243,250,0.972
"E3","V3SPL140",5101,"2-4 cm",2,250,0.008
"E3","V3SPL140",5101,"4-6 cm",0,250,0
"E3","V3SPL140",5101,"6-8 cm",0,250,0
"E3","V3SPL140",5101,">8 cm",5,250,0.02
"E3","V3SPL140",5102,"<2 cm",247,250,0.988
"E3","V3SPL140",5102,"2-4 cm",0,250,0
"E3","V3SPL140",5102,"4-6 cm",0,250,0
"E3","V3SPL140",5102,"6-8 cm",0,250,0
"E3","V3SPL140",5102,">8 cm",3,250,0.012
"E3","V3SPL140",5103,"<2 cm",245,250,0.98
"E3","V3SPL140",5103,"2-4 cm",2,250,0.008
"E3","V3SPL140",5103,"4-6 cm",0,250,0
"E3","V3SPL140",5103,"6-8 cm",0,250,0
"E3","V3SPL140",5103,">8 cm",3,250,0.012
"E3","V3SPL140",5104,"<2 cm",0,0,NA
"E3","V3SPL140",5104,"2-4 cm",0,0,NA
"E3","V3SPL140",5104,"4-6 cm",0,0,NA
"E3","V3SPL140",5104,"6-8 cm",0,0,NA
"E3","V3SPL140",5104,">8 cm",0,0,NA
"E3","V3SPL140",5105,"<2 cm",0,0,NA
"E3","V3SPL140",5105,"2-4 cm",0,0,NA
"E3","V3SPL140",5105,"4-6 cm",0,0,NA
"E3","V3SPL140",5105,"6-8 cm",0,0,NA
"E3","V3SPL140",5105,">8 cm",0,0,NA
"E3","V3SPL140",5106,"<2 cm",0,0,NA
"E3","V3SPL140",5106,"2-4 cm",0,0,NA
"E3","V3SPL140",5106,"4-6 cm",0,0,NA
"E3","V3SPL140",5106,"6-8 cm",0,0,NA
"E3","V3SPL140",5106,">8 cm",0,0,NA
"E3","V3SPL140",5107,"<2 cm",0,0,NA
"E3","V3SPL140",5107,"2-4 cm",0,0,NA
"E3","V3SPL140",5107,"4-6 cm",0,0,NA
"E3","V3SPL140",5107,"6-8 cm",0,0,NA
"E3","V3SPL140",5107,">8 cm",0,0,NA
"E3","V3SPL140",5108,"<2 cm",0,0,NA
"E3","V3SPL140",5108,"2-4 cm",0,0,NA
"E3","V3SPL140",5108,"4-6 cm",0,0,NA
"E3","V3SPL140",5108,"6-8 cm",0,0,NA
"E3","V3SPL140",5108,">8 cm",0,0,NA
"E3","V3SPL140",5109,"<2 cm",0,0,NA
"E3","V3SPL140",5109,"2-4 cm",0,0,NA
"E3","V3SPL140",5109,"4-6 cm",0,0,NA
"E3","V3SPL140",5109,"6-8 cm",0,0,NA
"E3","V3SPL140",5109,">8 cm",0,0,NA
"E3","V3SPL140",5110,"<2 cm",0,0,NA
"E3","V3SPL140",5110,"2-4 cm",0,0,NA
"E3","V3SPL140",5110,"4-6 cm",0,0,NA
"E3","V3SPL140",5110,"6-8 cm",0,0,NA
"E3","V3SPL140",5110,">8 cm",0,0,NA
"E3","V3SPL140",6101,"<2 cm",227,250,0.908
"E3","V3SPL140",6101,"2-4 cm",2,250,0.008
"E3","V3SPL140",6101,"4-6 cm",1,250,0.004
"E3","V3SPL140",6101,"6-8 cm",1,250,0.004
"E3","V3SPL140",6101,">8 cm",19,250,0.076
"E3","V3SPL140",6102,"<2 cm",229,250,0.916
"E3","V3SPL140",6102,"2-4 cm",1,250,0.004
"E3","V3SPL140",6102,"4-6 cm",0,250,0
"E3","V3SPL140",6102,"6-8 cm",1,250,0.004
"E3","V3SPL140",6102,">8 cm",19,250,0.076
"E3","V3SPL140",6103,"<2 cm",229,250,0.916
"E3","V3SPL140",6103,"2-4 cm",1,250,0.004
"E3","V3SPL140",6103,"4-6 cm",0,250,0
"E3","V3SPL140",6103,"6-8 cm",1,250,0.004
"E3","V3SPL140",6103,">8 cm",19,250,0.076
"E3","V3SPL140",6104,"<2 cm",0,0,NA
"E3","V3SPL140",6104,"2-4 cm",0,0,NA
"E3","V3SPL140",6104,"4-6 cm",0,0,NA
"E3","V3SPL140",6104,"6-8 cm",0,0,NA
"E3","V3SPL140",6104,">8 cm",0,0,NA
"E3","V3SPL140",6105,"<2 cm",0,0,NA
"E3","V3SPL140",6105,"2-4 cm",0,0,NA
"E3","V3SPL140",6105,"4-6 cm",0,0,NA
"E3","V3SPL140",6105,"6-8 cm",0,0,NA
"E3","V3SPL140",6105,">8 cm",0,0,NA
"E3","V3SPL140",6106,"<2 cm",0,0,NA
"E3","V3SPL140",6106,"2-4 cm",0,0,NA
"E3","V3SPL140",6106,"4-6 cm",0,0,NA
"E3","V3SPL140",6106,"6-8 cm",0,0,NA
"E3","V3SPL140",6106,">8 cm",0,0,NA
"E3","V3SPL140",6107,"<2 cm",0,0,NA
"E3","V3SPL140",6107,"2-4 cm",0,0,NA
"E3","V3SPL140",6107,"4-6 cm",0,0,NA
"E3","V3SPL140",6107,"6-8 cm",0,0,NA
"E3","V3SPL140",6107,">8 cm",0,0,NA
"E3","V3SPL140",6108,"<2 cm",0,0,NA
"E3","V3SPL140",6108,"2-4 cm",0,0,NA
"E3","V3SPL140",6108,"4-6 cm",0,0,NA
"E3","V3SPL140",6108,"6-8 cm",0,0,NA
"E3","V3SPL140",6108,">8 cm",0,0,NA
"E3","V3SPL140",6109,"<2 cm",0,0,NA
"E3","V3SPL140",6109,"2-4 cm",0,0,NA
"E3","V3SPL140",6109,"4-6 cm",0,0,NA
"E3","V3SPL140",6109,"6-8 cm",0,0,NA
"E3","V3SPL140",6109,">8 cm",0,0,NA
"E3","V3SPL140",6110,"<2 cm",0,0,NA
"E3","V3SPL140",6110,"2-4 cm",0,0,NA
"E3","V3SPL140",6110,"4-6 cm",0,0,NA
"E3","V3SPL140",6110,"6-8 cm",0,0,NA
"E3","V3SPL140",6110,">8 cm",0,0,NA
"E3","V3SPL140",7101,"<2 cm",249,250,0.996
"E3","V3SPL140",7101,"2-4 cm",0,250,0
"E3","V3SPL140",7101,"4-6 cm",0,250,0
"E3","V3SPL140",7101,"6-8 cm",0,250,0
"E3","V3SPL140",7101,">8 cm",1,250,0.004
"E3","V3SPL140",7102,"<2 cm",249,250,0.996
"E3","V3SPL140",7102,"2-4 cm",1,250,0.004
"E3","V3SPL140",7102,"4-6 cm",0,250,0
"E3","V3SPL140",7102,"6-8 cm",0,250,0
"E3","V3SPL140",7102,">8 cm",0,250,0
"E3","V3SPL140",7103,"<2 cm",249,250,0.996
"E3","V3SPL140",7103,"2-4 cm",0,250,0
"E3","V3SPL140",7103,"4-6 cm",0,250,0
"E3","V3SPL140",7103,"6-8 cm",0,250,0
"E3","V3SPL140",7103,">8 cm",1,250,0.004
"E3","V3SPL140",7104,"<2 cm",0,0,NA
"E3","V3SPL140",7104,"2-4 cm",0,0,NA
"E3","V3SPL140",7104,"4-6 cm",0,0,NA
"E3","V3SPL140",7104,"6-8 cm",0,0,NA
"E3","V3SPL140",7104,">8 cm",0,0,NA
"E3","V3SPL140",7105,"<2 cm",0,0,NA
"E3","V3SPL140",7105,"2-4 cm",0,0,NA
"E3","V3SPL140",7105,"4-6 cm",0,0,NA
"E3","V3SPL140",7105,"6-8 cm",0,0,NA
"E3","V3SPL140",7105,">8 cm",0,0,NA
"E3","V3SPL140",7106,"<2 cm",0,0,NA
"E3","V3SPL140",7106,"2-4 cm",0,0,NA
"E3","V3SPL140",7106,"4-6 cm",0,0,NA
"E3","V3SPL140",7106,"6-8 cm",0,0,NA
"E3","V3SPL140",7106,">8 cm",0,0,NA
"E3","V3SPL140",7107,"<2 cm",0,0,NA
"E3","V3SPL140",7107,"2-4 cm",0,0,NA
"E3","V3SPL140",7107,"4-6 cm",0,0,NA
"E3","V3SPL140",7107,"6-8 cm",0,0,NA
"E3","V3SPL140",7107,">8 cm",0,0,NA
"E3","V3SPL140",7108,"<2 cm",0,0,NA
"E3","V3SPL140",7108,"2-4 cm",0,0,NA
"E3","V3SPL140",7108,"4-6 cm",0,0,NA
"E3","V3SPL140",7108,"6-8 cm",0,0,NA
"E3","V3SPL140",7108,">8 cm",0,0,NA
"E3","V3SPL140",7109,"<2 cm",0,0,NA
"E3","V3SPL140",7109,"2-4 cm",0,0,NA
"E3","V3SPL140",7109,"4-6 cm",0,0,NA
"E3","V3SPL140",7109,"6-8 cm",0,0,NA
"E3","V3SPL140",7109,">8 cm",0,0,NA
"E3","V3SPL140",7110,"<2 cm",0,0,NA
"E3","V3SPL140",7110,"2-4 cm",0,0,NA
"E3","V3SPL140",7110,"4-6 cm",0,0,NA
"E3","V3SPL140",7110,"6-8 cm",0,0,NA
"E3","V3SPL140",7110,">8 cm",0,0,NA
"E3","V3SPL140",8101,"<2 cm",239,250,0.956
"E3","V3SPL140",8101,"2-4 cm",7,250,0.028
"E3","V3SPL140",8101,"4-6 cm",1,250,0.004
"E3","V3SPL140",8101,"6-8 cm",0,250,0
"E3","V3SPL140",8101,">8 cm",3,250,0.012
"E3","V3SPL140",8102,"<2 cm",240,250,0.96
"E3","V3SPL140",8102,"2-4 cm",4,250,0.016
"E3","V3SPL140",8102,"4-6 cm",1,250,0.004
"E3","V3SPL140",8102,"6-8 cm",0,250,0
"E3","V3SPL140",8102,">8 cm",5,250,0.02
"E3","V3SPL140",8103,"<2 cm",240,250,0.96
"E3","V3SPL140",8103,"2-4 cm",4,250,0.016
"E3","V3SPL140",8103,"4-6 cm",1,250,0.004
"E3","V3SPL140",8103,"6-8 cm",2,250,0.008
"E3","V3SPL140",8103,">8 cm",3,250,0.012
"E3","V3SPL140",8104,"<2 cm",0,0,NA
"E3","V3SPL140",8104,"2-4 cm",0,0,NA
"E3","V3SPL140",8104,"4-6 cm",0,0,NA
"E3","V3SPL140",8104,"6-8 cm",0,0,NA
"E3","V3SPL140",8104,">8 cm",0,0,NA
"E3","V3SPL140",8105,"<2 cm",0,0,NA
"E3","V3SPL140",8105,"2-4 cm",0,0,NA
"E3","V3SPL140",8105,"4-6 cm",0,0,NA
"E3","V3SPL140",8105,"6-8 cm",0,0,NA
"E3","V3SPL140",8105,">8 cm",0,0,NA
"E3","V3SPL140",8106,"<2 cm",0,0,NA
"E3","V3SPL140",8106,"2-4 cm",0,0,NA
"E3","V3SPL140",8106,"4-6 cm",0,0,NA
"E3","V3SPL140",8106,"6-8 cm",0,0,NA
"E3","V3SPL140",8106,">8 cm",0,0,NA
"E3","V3SPL140",8107,"<2 cm",0,0,NA
"E3","V3SPL140",8107,"2-4 cm",0,0,NA
"E3","V3SPL140",8107,"4-6 cm",0,0,NA
"E3","V3SPL140",8107,"6-8 cm",0,0,NA
"E3","V3SPL140",8107,">8 cm",0,0,NA
"E3","V3SPL140",8108,"<2 cm",0,0,NA
"E3","V3SPL140",8108,"2-4 cm",0,0,NA
"E3","V3SPL140",8108,"4-6 cm",0,0,NA
"E3","V3SPL140",8108,"6-8 cm",0,0,NA
"E3","V3SPL140",8108,">8 cm",0,0,NA
"E3","V3SPL140",8109,"<2 cm",0,0,NA
"E3","V3SPL140",8109,"2-4 cm",0,0,NA
"E3","V3SPL140",8109,"4-6 cm",0,0,NA
"E3","V3SPL140",8109,"6-8 cm",0,0,NA
"E3","V3SPL140",8109,">8 cm",0,0,NA
"E3","V3SPL140",8110,"<2 cm",0,0,NA
"E3","V3SPL140",8110,"2-4 cm",0,0,NA
"E3","V3SPL140",8110,"4-6 cm",0,0,NA
"E3","V3SPL140",8110,"6-8 cm",0,0,NA
"E3","V3SPL140",8110,">8 cm",0,0,NA
"E3","V3SPL140",9101,"<2 cm",237,250,0.948
"E3","V3SPL140",9101,"2-4 cm",0,250,0
"E3","V3SPL140",9101,"4-6 cm",2,250,0.008
"E3","V3SPL140",9101,"6-8 cm",0,250,0
"E3","V3SPL140",9101,">8 cm",11,250,0.044
"E3","V3SPL140",9102,"<2 cm",235,250,0.94
"E3","V3SPL140",9102,"2-4 cm",1,250,0.004
"E3","V3SPL140",9102,"4-6 cm",3,250,0.012
"E3","V3SPL140",9102,"6-8 cm",0,250,0
"E3","V3SPL140",9102,">8 cm",11,250,0.044
"E3","V3SPL140",9103,"<2 cm",237,250,0.948
"E3","V3SPL140",9103,"2-4 cm",1,250,0.004
"E3","V3SPL140",9103,"4-6 cm",1,250,0.004
"E3","V3SPL140",9103,"6-8 cm",0,250,0
"E3","V3SPL140",9103,">8 cm",11,250,0.044
"E3","V3SPL140",9104,"<2 cm",0,0,NA
"E3","V3SPL140",9104,"2-4 cm",0,0,NA
"E3","V3SPL140",9104,"4-6 cm",0,0,NA
"E3","V3SPL140",9104,"6-8 cm",0,0,NA
"E3","V3SPL140",9104,">8 cm",0,0,NA
"E3","V3SPL140",9105,"<2 cm",0,0,NA
"E3","V3SPL140",9105,"2-4 cm",0,0,NA
"E3","V3SPL140",9105,"4-6 cm",0,0,NA
"E3","V3SPL140",9105,"6-8 cm",0,0,NA
"E3","V3SPL140",9105,">8 cm",0,0,NA
"E3","V3SPL140",9106,"<2 cm",0,0,NA
"E3","V3SPL140",9106,"2-4 cm",0,0,NA
"E3","V3SPL140",9106,"4-6 cm",0,0,NA
"E3","V3SPL140",9106,"6-8 cm",0,0,NA
"E3","V3SPL140",9106,">8 cm",0,0,NA
"E3","V3SPL140",9107,"<2 cm",0,0,NA
"E3","V3SPL140",9107,"2-4 cm",0,0,NA
"E3","V3SPL140",9107,"4-6 cm",0,0,NA
"E3","V3SPL140",9107,"6-8 cm",0,0,NA
"E3","V3SPL140",9107,">8 cm",0,0,NA
"E3","V3SPL140",9108,"<2 cm",0,0,NA
"E3","V3SPL140",9108,"2-4 cm",0,0,NA
"E3","V3SPL140",9108,"4-6 cm",0,0,NA
"E3","V3SPL140",9108,"6-8 cm",0,0,NA
"E3","V3SPL140",9108,">8 cm",0,0,NA
"E3","V3SPL140",9109,"<2 cm",0,0,NA
"E3","V3SPL140",9109,"2-4 cm",0,0,NA
"E3","V3SPL140",9109,"4-6 cm",0,0,NA
"E3","V3SPL140",9109,"6-8 cm",0,0,NA
"E3","V3SPL140",9109,">8 cm",0,0,NA
"E3","V3SPL140",9110,"<2 cm",0,0,NA
"E3","V3SPL140",9110,"2-4 cm",0,0,NA
"E3","V3SPL140",9110,"4-6 cm",0,0,NA
"E3","V3SPL140",9110,"6-8 cm",0,0,NA
"E3","V3SPL140",9110,">8 cm",0,0,NA
"E3","V3SPL140",10101,"<2 cm",6,250,0.024
"E3","V3SPL140",10101,"2-4 cm",0,250,0
"E3","V3SPL140",10101,"4-6 cm",0,250,0
"E3","V3SPL140",10101,"6-8 cm",0,250,0
"E3","V3SPL140",10101,">8 cm",244,250,0.976
"E3","V3SPL140",10102,"<2 cm",5,250,0.02
"E3","V3SPL140",10102,"2-4 cm",1,250,0.004
"E3","V3SPL140",10102,"4-6 cm",0,250,0
"E3","V3SPL140",10102,"6-8 cm",0,250,0
"E3","V3SPL140",10102,">8 cm",244,250,0.976
"E3","V3SPL140",10103,"<2 cm",6,250,0.024
"E3","V3SPL140",10103,"2-4 cm",0,250,0
"E3","V3SPL140",10103,"4-6 cm",0,250,0
"E3","V3SPL140",10103,"6-8 cm",0,250,0
"E3","V3SPL140",10103,">8 cm",244,250,0.976
"E3","V3SPL140",10104,"<2 cm",0,0,NA
"E3","V3SPL140",10104,"2-4 cm",0,0,NA
"E3","V3SPL140",10104,"4-6 cm",0,0,NA
"E3","V3SPL140",10104,"6-8 cm",0,0,NA
"E3","V3SPL140",10104,">8 cm",0,0,NA
"E3","V3SPL140",10105,"<2 cm",0,0,NA
"E3","V3SPL140",10105,"2-4 cm",0,0,NA
"E3","V3SPL140",10105,"4-6 cm",0,0,NA
"E3","V3SPL140",10105,"6-8 cm",0,0,NA
"E3","V3SPL140",10105,">8 cm",0,0,NA
"E3","V3SPL140",10106,"<2 cm",0,0,NA
"E3","V3SPL140",10106,"2-4 cm",0,0,NA
"E3","V3SPL140",10106,"4-6 cm",0,0,NA
"E3","V3SPL140",10106,"6-8 cm",0,0,NA
"E3","V3SPL140",10106,">8 cm",0,0,NA
"E3","V3SPL140",10107,"<2 cm",0,0,NA
"E3","V3SPL140",10107,"2-4 cm",0,0,NA
"E3","V3SPL140",10107,"4-6 cm",0,0,NA
"E3","V3SPL140",10107,"6-8 cm",0,0,NA
"E3","V3SPL140",10107,">8 cm",0,0,NA
"E3","V3SPL140",10108,"<2 cm",0,0,NA
"E3","V3SPL140",10108,"2-4 cm",0,0,NA
"E3","V3SPL140",10108,"4-6 cm",0,0,NA
"E3","V3SPL140",10108,"6-8 cm",0,0,NA
"E3","V3SPL140",10108,">8 cm",0,0,NA
"E3","V3SPL140",10109,"<2 cm",0,0,NA
"E3","V3SPL140",10109,"2-4 cm",0,0,NA
"E3","V3SPL140",10109,"4-6 cm",0,0,NA
"E3","V3SPL140",10109,"6-8 cm",0,0,NA
"E3","V3SPL140",10109,">8 cm",0,0,NA
"E3","V3SPL140",10110,"<2 cm",0,0,NA
"E3","V3SPL140",10110,"2-4 cm",0,0,NA
"E3","V3SPL140",10110,"4-6 cm",0,0,NA
"E3","V3SPL140",10110,"6-8 cm",0,0,NA
"E3","V3SPL140",10110,">8 cm",0,0,NA
"E3","V3SPL140",11101,"<2 cm",0,0,NA
"E3","V3SPL140",11101,"2-4 cm",0,0,NA
"E3","V3SPL140",11101,"4-6 cm",0,0,NA
"E3","V3SPL140",11101,"6-8 cm",0,0,NA
"E3","V3SPL140",11101,">8 cm",0,0,NA
"E3","V3SPL140",11102,"<2 cm",0,0,NA
"E3","V3SPL140",11102,"2-4 cm",0,0,NA
"E3","V3SPL140",11102,"4-6 cm",0,0,NA
"E3","V3SPL140",11102,"6-8 cm",0,0,NA
"E3","V3SPL140",11102,">8 cm",0,0,NA
"E3","V3SPL140",11103,"<2 cm",0,0,NA
"E3","V3SPL140",11103,"2-4 cm",0,0,NA
"E3","V3SPL140",11103,"4-6 cm",0,0,NA
"E3","V3SPL140",11103,"6-8 cm",0,0,NA
"E3","V3SPL140",11103,">8 cm",0,0,NA
"E3","V3SPL140",11104,"<2 cm",0,0,NA
"E3","V3SPL140",11104,"2-4 cm",0,0,NA
"E3","V3SPL140",11104,"4-6 cm",0,0,NA
"E3","V3SPL140",11104,"6-8 cm",0,0,NA
"E3","V3SPL140",11104,">8 cm",0,0,NA
"E3","V3SPL140",11105,"<2 cm",0,0,NA
"E3","V3SPL140",11105,"2-4 cm",0,0,NA
"E3","V3SPL140",11105,"4-6 cm",0,0,NA
"E3","V3SPL140",11105,"6-8 cm",0,0,NA
"E3","V3SPL140",11105,">8 cm",0,0,NA
"E3","V3SPL140",11106,"<2 cm",0,0,NA
"E3","V3SPL140",11106,"2-4 cm",0,0,NA
"E3","V3SPL140",11106,"4-6 cm",0,0,NA
"E3","V3SPL140",11106,"6-8 cm",0,0,NA
"E3","V3SPL140",11106,">8 cm",0,0,NA
"E3","V3SPL140",11107,"<2 cm",0,0,NA
"E3","V3SPL140",11107,"2-4 cm",0,0,NA
"E3","V3SPL140",11107,"4-6 cm",0,0,NA
"E3","V3SPL140",11107,"6-8 cm",0,0,NA
"E3","V3SPL140",11107,">8 cm",0,0,NA
"E3","V3SPL140",11108,"<2 cm",0,0,NA
"E3","V3SPL140",11108,"2-4 cm",0,0,NA
"E3","V3SPL140",11108,"4-6 cm",0,0,NA
"E3","V3SPL140",11108,"6-8 cm",0,0,NA
"E3","V3SPL140",11108,">8 cm",0,0,NA
"E3","V3SPL140",11109,"<2 cm",0,0,NA
"E3","V3SPL140",11109,"2-4 cm",0,0,NA
"E3","V3SPL140",11109,"4-6 cm",0,0,NA
"E3","V3SPL140",11109,"6-8 cm",0,0,NA
"E3","V3SPL140",11109,">8 cm",0,0,NA
"E3","V3SPL140",11110,"<2 cm",0,0,NA
"E3","V3SPL140",11110,"2-4 cm",0,0,NA
"E3","V3SPL140",11110,"4-6 cm",0,0,NA
"E3","V3SPL140",11110,"6-8 cm",0,0,NA
"E3","V3SPL140",11110,">8 cm",0,0,NA
"E3","V3SPL140",12101,"<2 cm",0,0,NA
"E3","V3SPL140",12101,"2-4 cm",0,0,NA
"E3","V3SPL140",12101,"4-6 cm",0,0,NA
"E3","V3SPL140",12101,"6-8 cm",0,0,NA
"E3","V3SPL140",12101,">8 cm",0,0,NA
"E3","V3SPL140",12102,"<2 cm",0,0,NA
"E3","V3SPL140",12102,"2-4 cm",0,0,NA
"E3","V3SPL140",12102,"4-6 cm",0,0,NA
"E3","V3SPL140",12102,"6-8 cm",0,0,NA
"E3","V3SPL140",12102,">8 cm",0,0,NA
"E3","V3SPL140",12103,"<2 cm",0,0,NA
"E3","V3SPL140",12103,"2-4 cm",0,0,NA
"E3","V3SPL140",12103,"4-6 cm",0,0,NA
"E3","V3SPL140",12103,"6-8 cm",0,0,NA
"E3","V3SPL140",12103,">8 cm",0,0,NA
"E3","V3SPL140",12104,"<2 cm",0,0,NA
"E3","V3SPL140",12104,"2-4 cm",0,0,NA
"E3","V3SPL140",12104,"4-6 cm",0,0,NA
"E3","V3SPL140",12104,"6-8 cm",0,0,NA
"E3","V3SPL140",12104,">8 cm",0,0,NA
"E3","V3SPL140",12105,"<2 cm",0,0,NA
"E3","V3SPL140",12105,"2-4 cm",0,0,NA
"E3","V3SPL140",12105,"4-6 cm",0,0,NA
"E3","V3SPL140",12105,"6-8 cm",0,0,NA
"E3","V3SPL140",12105,">8 cm",0,0,NA
"E3","V3SPL140",12106,"<2 cm",0,0,NA
"E3","V3SPL140",12106,"2-4 cm",0,0,NA
"E3","V3SPL140",12106,"4-6 cm",0,0,NA
"E3","V3SPL140",12106,"6-8 cm",0,0,NA
"E3","V3SPL140",12106,">8 cm",0,0,NA
"E3","V3SPL140",12107,"<2 cm",0,0,NA
"E3","V3SPL140",12107,"2-4 cm",0,0,NA
"E3","V3SPL140",12107,"4-6 cm",0,0,NA
"E3","V3SPL140",12107,"6-8 cm",0,0,NA
"E3","V3SPL140",12107,">8 cm",0,0,NA
"E3","V3SPL140",12108,"<2 cm",0,0,NA
"E3","V3SPL140",12108,"2-4 cm",0,0,NA
"E3","V3SPL140",12108,"4-6 cm",0,0,NA
"E3","V3SPL140",12108,"6-8 cm",0,0,NA
"E3","V3SPL140",12108,">8 cm",0,0,NA
"E3","V3SPL140",12109,"<2 cm",0,0,NA
"E3","V3SPL140",12109,"2-4 cm",0,0,NA
"E3","V3SPL140",12109,"4-6 cm",0,0,NA
"E3","V3SPL140",12109,"6-8 cm",0,0,NA
"E3","V3SPL140",12109,">8 cm",0,0,NA
"E3","V3SPL140",12110,"<2 cm",0,0,NA
"E3","V3SPL140",12110,"2-4 cm",0,0,NA
"E3","V3SPL140",12110,"4-6 cm",0,0,NA
"E3","V3SPL140",12110,"6-8 cm",0,0,NA
"E3","V3SPL140",12110,">8 cm",0,0,NA
"E3","V3SPL140",13101,"<2 cm",0,0,NA
"E3","V3SPL140",13101,"2-4 cm",0,0,NA
"E3","V3SPL140",13101,"4-6 cm",0,0,NA
"E3","V3SPL140",13101,"6-8 cm",0,0,NA
"E3","V3SPL140",13101,">8 cm",0,0,NA
"E3","V3SPL140",13102,"<2 cm",0,0,NA
"E3","V3SPL140",13102,"2-4 cm",0,0,NA
"E3","V3SPL140",13102,"4-6 cm",0,0,NA
"E3","V3SPL140",13102,"6-8 cm",0,0,NA
"E3","V3SPL140",13102,">8 cm",0,0,NA
"E3","V3SPL140",13103,"<2 cm",0,0,NA
"E3","V3SPL140",13103,"2-4 cm",0,0,NA
"E3","V3SPL140",13103,"4-6 cm",0,0,NA
"E3","V3SPL140",13103,"6-8 cm",0,0,NA
"E3","V3SPL140",13103,">8 cm",0,0,NA
"E3","V3SPL140",13104,"<2 cm",0,0,NA
"E3","V3SPL140",13104,"2-4 cm",0,0,NA
"E3","V3SPL140",13104,"4-6 cm",0,0,NA
"E3","V3SPL140",13104,"6-8 cm",0,0,NA
"E3","V3SPL140",13104,">8 cm",0,0,NA
"E3","V3SPL140",13105,"<2 cm",0,0,NA
"E3","V3SPL140",13105,"2-4 cm",0,0,NA
"E3","V3SPL140",13105,"4-6 cm",0,0,NA
"E3","V3SPL140",13105,"6-8 cm",0,0,NA
"E3","V3SPL140",13105,">8 cm",0,0,NA
"E3","V3SPL140",13106,"<2 cm",0,0,NA
"E3","V3SPL140",13106,"2-4 cm",0,0,NA
"E3","V3SPL140",13106,"4-6 cm",0,0,NA
"E3","V3SPL140",13106,"6-8 cm",0,0,NA
"E3","V3SPL140",13106,">8 cm",0,0,NA
"E3","V3SPL140",13107,"<2 cm",0,0,NA
"E3","V3SPL140",13107,"2-4 cm",0,0,NA
"E3","V3SPL140",13107,"4-6 cm",0,0,NA
"E3","V3SPL140",13107,"6-8 cm",0,0,NA
"E3","V3SPL140",13107,">8 cm",0,0,NA
"E3","V3SPL140",13108,"<2 cm",0,0,NA
"E3","V3SPL140",13108,"2-4 cm",0,0,NA
"E3","V3SPL140",13108,"4-6 cm",0,0,NA
"E3","V3SPL140",13108,"6-8 cm",0,0,NA
"E3","V3SPL140",13108,">8 cm",0,0,NA
"E3","V3SPL140",13109,"<2 cm",0,0,NA
"E3","V3SPL140",13109,"2-4 cm",0,0,NA
"E3","V3SPL140",13109,"4-6 cm",0,0,NA
"E3","V3SPL140",13109,"6-8 cm",0,0,NA
"E3","V3SPL140",13109,">8 cm",0,0,NA
"E3","V3SPL140",13110,"<2 cm",0,0,NA
"E3","V3SPL140",13110,"2-4 cm",0,0,NA
"E3","V3SPL140",13110,"4-6 cm",0,0,NA
"E3","V3SPL140",13110,"6-8 cm",0,0,NA
"E3","V3SPL140",13110,">8 cm",0,0,NA
"E3","V3SPL140",14101,"<2 cm",0,0,NA
"E3","V3SPL140",14101,"2-4 cm",0,0,NA
"E3","V3SPL140",14101,"4-6 cm",0,0,NA
"E3","V3SPL140",14101,"6-8 cm",0,0,NA
"E3","V3SPL140",14101,">8 cm",0,0,NA
"E3","V3SPL140",14102,"<2 cm",0,0,NA
"E3","V3SPL140",14102,"2-4 cm",0,0,NA
"E3","V3SPL140",14102,"4-6 cm",0,0,NA
"E3","V3SPL140",14102,"6-8 cm",0,0,NA
"E3","V3SPL140",14102,">8 cm",0,0,NA
"E3","V3SPL140",14103,"<2 cm",0,0,NA
"E3","V3SPL140",14103,"2-4 cm",0,0,NA
"E3","V3SPL140",14103,"4-6 cm",0,0,NA
"E3","V3SPL140",14103,"6-8 cm",0,0,NA
"E3","V3SPL140",14103,">8 cm",0,0,NA
"E3","V3SPL140",14104,"<2 cm",0,0,NA
"E3","V3SPL140",14104,"2-4 cm",0,0,NA
"E3","V3SPL140",14104,"4-6 cm",0,0,NA
"E3","V3SPL140",14104,"6-8 cm",0,0,NA
"E3","V3SPL140",14104,">8 cm",0,0,NA
"E3","V3SPL140",14105,"<2 cm",0,0,NA
"E3","V3SPL140",14105,"2-4 cm",0,0,NA
"E3","V3SPL140",14105,"4-6 cm",0,0,NA
"E3","V3SPL140",14105,"6-8 cm",0,0,NA
"E3","V3SPL140",14105,">8 cm",0,0,NA
"E3","V3SPL140",14106,"<2 cm",0,0,NA
"E3","V3SPL140",14106,"2-4 cm",0,0,NA
"E3","V3SPL140",14106,"4-6 cm",0,0,NA
"E3","V3SPL140",14106,"6-8 cm",0,0,NA
"E3","V3SPL140",14106,">8 cm",0,0,NA
"E3","V3SPL140",14107,"<2 cm",0,0,NA
"E3","V3SPL140",14107,"2-4 cm",0,0,NA
"E3","V3SPL140",14107,"4-6 cm",0,0,NA
"E3","V3SPL140",14107,"6-8 cm",0,0,NA
"E3","V3SPL140",14107,">8 cm",0,0,NA
"E3","V3SPL140",14108,"<2 cm",0,0,NA
"E3","V3SPL140",14108,"2-4 cm",0,0,NA
"E3","V3SPL140",14108,"4-6 cm",0,0,NA
"E3","V3SPL140",14108,"6-8 cm",0,0,NA
"E3","V3SPL140",14108,">8 cm",0,0,NA
"E3","V3SPL140",14109,"<2 cm",0,0,NA
"E3","V3SPL140",14109,"2-4 cm",0,0,NA
"E3","V3SPL140",14109,"4-6 cm",0,0,NA
"E3","V3SPL140",14109,"6-8 cm",0,0,NA
"E3","V3SPL140",14109,">8 cm",0,0,NA
"E3","V3SPL140",14110,"<2 cm",0,0,NA
"E3","V3SPL140",14110,"2-4 cm",0,0,NA
"E3","V3SPL140",14110,"4-6 cm",0,0,NA
"E3","V3SPL140",14110,"6-8 cm",0,0,NA
"E3","V3SPL140",14110,">8 cm",0,0,NA
"E3","V3SPL140",15101,"<2 cm",0,0,NA
"E3","V3SPL140",15101,"2-4 cm",0,0,NA
"E3","V3SPL140",15101,"4-6 cm",0,0,NA
"E3","V3SPL140",15101,"6-8 cm",0,0,NA
"E3","V3SPL140",15101,">8 cm",0,0,NA
"E3","V3SPL140",15102,"<2 cm",0,0,NA
"E3","V3SPL140",15102,"2-4 cm",0,0,NA
"E3","V3SPL140",15102,"4-6 cm",0,0,NA
"E3","V3SPL140",15102,"6-8 cm",0,0,NA
"E3","V3SPL140",15102,">8 cm",0,0,NA
"E3","V3SPL140",15103,"<2 cm",0,0,NA
"E3","V3SPL140",15103,"2-4 cm",0,0,NA
"E3","V3SPL140",15103,"4-6 cm",0,0,NA
"E3","V3SPL140",15103,"6-8 cm",0,0,NA
"E3","V3SPL140",15103,">8 cm",0,0,NA
"E3","V3SPL140",15104,"<2 cm",0,0,NA
"E3","V3SPL140",15104,"2-4 cm",0,0,NA
"E3","V3SPL140",15104,"4-6 cm",0,0,NA
"E3","V3SPL140",15104,"6-8 cm",0,0,NA
"E3","V3SPL140",15104,">8 cm",0,0,NA
"E3","V3SPL140",15105,"<2 cm",0,0,NA
"E3","V3SPL140",15105,"2-4 cm",0,0,NA
"E3","V3SPL140",15105,"4-6 cm",0,0,NA
"E3","V3SPL140",15105,"6-8 cm",0,0,NA
"E3","V3SPL140",15105,">8 cm",0,0,NA
"E3","V3SPL140",15106,"<2 cm",0,0,NA
"E3","V3SPL140",15106,"2-4 cm",0,0,NA
"E3","V3SPL140",15106,"4-6 cm",0,0,NA
"E3","V3SPL140",15106,"6-8 cm",0,0,NA
"E3","V3SPL140",15106,">8 cm",0,0,NA
"E3","V3SPL140",15107,"<2 cm",0,0,NA
"E3","V3SPL140",15107,"2-4 cm",0,0,NA
"E3","V3SPL140",15107,"4-6 cm",0,0,NA
"E3","V3SPL140",15107,"6-8 cm",0,0,NA
"E3","V3SPL140",15107,">8 cm",0,0,NA
"E3","V3SPL140",15108,"<2 cm",0,0,NA
"E3","V3SPL140",15108,"2-4 cm",0,0,NA
"E3","V3SPL140",15108,"4-6 cm",0,0,NA
"E3","V3SPL140",15108,"6-8 cm",0,0,NA
"E3","V3SPL140",15108,">8 cm",0,0,NA
"E3","V3SPL140",15109,"<2 cm",0,0,NA
"E3","V3SPL140",15109,"2-4 cm",0,0,NA
"E3","V3SPL140",15109,"4-6 cm",0,0,NA
"E3","V3SPL140",15109,"6-8 cm",0,0,NA
"E3","V3SPL140",15109,">8 cm",0,0,NA
"E3","V3SPL140",15110,"<2 cm",0,0,NA
"E3","V3SPL140",15110,"2-4 cm",0,0,NA
"E3","V3SPL140",15110,"4-6 cm",0,0,NA
"E3","V3SPL140",15110,"6-8 cm",0,0,NA
"E3","V3SPL140",15110,">8 cm",0,0,NA
"E3","V3SPL140",16101,"<2 cm",0,0,NA
"E3","V3SPL140",16101,"2-4 cm",0,0,NA
"E3","V3SPL140",16101,"4-6 cm",0,0,NA
"E3","V3SPL140",16101,"6-8 cm",0,0,NA
"E3","V3SPL140",16101,">8 cm",0,0,NA
"E3","V3SPL140",16102,"<2 cm",0,0,NA
"E3","V3SPL140",16102,"2-4 cm",0,0,NA
"E3","V3SPL140",16102,"4-6 cm",0,0,NA
"E3","V3SPL140",16102,"6-8 cm",0,0,NA
"E3","V3SPL140",16102,">8 cm",0,0,NA
"E3","V3SPL140",16103,"<2 cm",0,0,NA
"E3","V3SPL140",16103,"2-4 cm",0,0,NA
"E3","V3SPL140",16103,"4-6 cm",0,0,NA
"E3","V3SPL140",16103,"6-8 cm",0,0,NA
"E3","V3SPL140",16103,">8 cm",0,0,NA
"E3","V3SPL140",16104,"<2 cm",0,0,NA
"E3","V3SPL140",16104,"2-4 cm",0,0,NA
"E3","V3SPL140",16104,"4-6 cm",0,0,NA
"E3","V3SPL140",16104,"6-8 cm",0,0,NA
"E3","V3SPL140",16104,">8 cm",0,0,NA
"E3","V3SPL140",16105,"<2 cm",0,0,NA
"E3","V3SPL140",16105,"2-4 cm",0,0,NA
"E3","V3SPL140",16105,"4-6 cm",0,0,NA
"E3","V3SPL140",16105,"6-8 cm",0,0,NA
"E3","V3SPL140",16105,">8 cm",0,0,NA
"E3","V3SPL140",16106,"<2 cm",0,0,NA
"E3","V3SPL140",16106,"2-4 cm",0,0,NA
"E3","V3SPL140",16106,"4-6 cm",0,0,NA
"E3","V3SPL140",16106,"6-8 cm",0,0,NA
"E3","V3SPL140",16106,">8 cm",0,0,NA
"E3","V3SPL140",16107,"<2 cm",0,0,NA
"E3","V3SPL140",16107,"2-4 cm",0,0,NA
"E3","V3SPL140",16107,"4-6 cm",0,0,NA
"E3","V3SPL140",16107,"6-8 cm",0,0,NA
"E3","V3SPL140",16107,">8 cm",0,0,NA
"E3","V3SPL140",16108,"<2 cm",0,0,NA
"E3","V3SPL140",16108,"2-4 cm",0,0,NA
"E3","V3SPL140",16108,"4-6 cm",0,0,NA
"E3","V3SPL140",16108,"6-8 cm",0,0,NA
"E3","V3SPL140",16108,">8 cm",0,0,NA
"E3","V3SPL140",16109,"<2 cm",0,0,NA
"E3","V3SPL140",16109,"2-4 cm",0,0,NA
"E3","V3SPL140",16109,"4-6 cm",0,0,NA
"E3","V3SPL140",16109,"6-8 cm",0,0,NA
"E3","V3SPL140",16109,">8 cm",0,0,NA
"E3","V3SPL140",16110,"<2 cm",0,0,NA
"E3","V3SPL140",16110,"2-4 cm",0,0,NA
"E3","V3SPL140",16110,"4-6 cm",0,0,NA
"E3","V3SPL140",16110,"6-8 cm",0,0,NA
"E3","V3SPL140",16110,">8 cm",0,0,NA
"E3","V3SPL140",17101,"<2 cm",0,0,NA
"E3","V3SPL140",17101,"2-4 cm",0,0,NA
"E3","V3SPL140",17101,"4-6 cm",0,0,NA
"E3","V3SPL140",17101,"6-8 cm",0,0,NA
"E3","V3SPL140",17101,">8 cm",0,0,NA
"E3","V3SPL140",17102,"<2 cm",0,0,NA
"E3","V3SPL140",17102,"2-4 cm",0,0,NA
"E3","V3SPL140",17102,"4-6 cm",0,0,NA
"E3","V3SPL140",17102,"6-8 cm",0,0,NA
"E3","V3SPL140",17102,">8 cm",0,0,NA
"E3","V3SPL140",17103,"<2 cm",0,0,NA
"E3","V3SPL140",17103,"2-4 cm",0,0,NA
"E3","V3SPL140",17103,"4-6 cm",0,0,NA
"E3","V3SPL140",17103,"6-8 cm",0,0,NA
"E3","V3SPL140",17103,">8 cm",0,0,NA
"E3","V3SPL140",17104,"<2 cm",0,0,NA
"E3","V3SPL140",17104,"2-4 cm",0,0,NA
"E3","V3SPL140",17104,"4-6 cm",0,0,NA
"E3","V3SPL140",17104,"6-8 cm",0,0,NA
"E3","V3SPL140",17104,">8 cm",0,0,NA
"E3","V3SPL140",17105,"<2 cm",0,0,NA
"E3","V3SPL140",17105,"2-4 cm",0,0,NA
"E3","V3SPL140",17105,"4-6 cm",0,0,NA
"E3","V3SPL140",17105,"6-8 cm",0,0,NA
"E3","V3SPL140",17105,">8 cm",0,0,NA
"E3","V3SPL140",17106,"<2 cm",0,0,NA
"E3","V3SPL140",17106,"2-4 cm",0,0,NA
"E3","V3SPL140",17106,"4-6 cm",0,0,NA
"E3","V3SPL140",17106,"6-8 cm",0,0,NA
"E3","V3SPL140",17106,">8 cm",0,0,NA
"E3","V3SPL140",17107,"<2 cm",0,0,NA
"E3","V3SPL140",17107,"2-4 cm",0,0,NA
"E3","V3SPL140",17107,"4-6 cm",0,0,NA
"E3","V3SPL140",17107,"6-8 cm",0,0,NA
"E3","V3SPL140",17107,">8 cm",0,0,NA
"E3","V3SPL140",17108,"<2 cm",0,0,NA
"E3","V3SPL140",17108,"2-4 cm",0,0,NA
"E3","V3SPL140",17108,"4-6 cm",0,0,NA
"E3","V3SPL140",17108,"6-8 cm",0,0,NA
"E3","V3SPL140",17108,">8 cm",0,0,NA
"E3","V3SPL140",17109,"<2 cm",0,0,NA
"E3","V3SPL140",17109,"2-4 cm",0,0,NA
"E3","V3SPL140",17109,"4-6 cm",0,0,NA
"E3","V3SPL140",17109,"6-8 cm",0,0,NA
"E3","V3SPL140",17109,">8 cm",0,0,NA
"E3","V3SPL140",17110,"<2 cm",0,0,NA
"E3","V3SPL140",17110,"2-4 cm",0,0,NA
"E3","V3SPL140",17110,"4-6 cm",0,0,NA
"E3","V3SPL140",17110,"6-8 cm",0,0,NA
"E3","V3SPL140",17110,">8 cm",0,0,NA
"E3","V3SPL140",18101,"<2 cm",0,0,NA
"E3","V3SPL140",18101,"2-4 cm",0,0,NA
"E3","V3SPL140",18101,"4-6 cm",0,0,NA
"E3","V3SPL140",18101,"6-8 cm",0,0,NA
"E3","V3SPL140",18101,">8 cm",0,0,NA
"E3","V3SPL140",18102,"<2 cm",0,0,NA
"E3","V3SPL140",18102,"2-4 cm",0,0,NA
"E3","V3SPL140",18102,"4-6 cm",0,0,NA
"E3","V3SPL140",18102,"6-8 cm",0,0,NA
"E3","V3SPL140",18102,">8 cm",0,0,NA
"E3","V3SPL140",18103,"<2 cm",0,0,NA
"E3","V3SPL140",18103,"2-4 cm",0,0,NA
"E3","V3SPL140",18103,"4-6 cm",0,0,NA
"E3","V3SPL140",18103,"6-8 cm",0,0,NA
"E3","V3SPL140",18103,">8 cm",0,0,NA
"E3","V3SPL140",18104,"<2 cm",0,0,NA
"E3","V3SPL140",18104,"2-4 cm",0,0,NA
"E3","V3SPL140",18104,"4-6 cm",0,0,NA
"E3","V3SPL140",18104,"6-8 cm",0,0,NA
"E3","V3SPL140",18104,">8 cm",0,0,NA
"E3","V3SPL140",18105,"<2 cm",0,0,NA
"E3","V3SPL140",18105,"2-4 cm",0,0,NA
"E3","V3SPL140",18105,"4-6 cm",0,0,NA
"E3","V3SPL140",18105,"6-8 cm",0,0,NA
"E3","V3SPL140",18105,">8 cm",0,0,NA
"E3","V3SPL140",18106,"<2 cm",0,0,NA
"E3","V3SPL140",18106,"2-4 cm",0,0,NA
"E3","V3SPL140",18106,"4-6 cm",0,0,NA
"E3","V3SPL140",18106,"6-8 cm",0,0,NA
"E3","V3SPL140",18106,">8 cm",0,0,NA
"E3","V3SPL140",18107,"<2 cm",0,0,NA
"E3","V3SPL140",18107,"2-4 cm",0,0,NA
"E3","V3SPL140",18107,"4-6 cm",0,0,NA
"E3","V3SPL140",18107,"6-8 cm",0,0,NA
"E3","V3SPL140",18107,">8 cm",0,0,NA
"E3","V3SPL140",18108,"<2 cm",0,0,NA
"E3","V3SPL140",18108,"2-4 cm",0,0,NA
"E3","V3SPL140",18108,"4-6 cm",0,0,NA
"E3","V3SPL140",18108,"6-8 cm",0,0,NA
"E3","V3SPL140",18108,">8 cm",0,0,NA
"E3","V3SPL140",18109,"<2 cm",0,0,NA
"E3","V3SPL140",18109,"2-4 cm",0,0,NA
"E3","V3SPL140",18109,"4-6 cm",0,0,NA
"E3","V3SPL140",18109,"6-8 cm",0,0,NA
"E3","V3SPL140",18109,">8 cm",0,0,NA
"E3","V3SPL140",18110,"<2 cm",0,0,NA
"E3","V3SPL140",18110,"2-4 cm",0,0,NA
"E3","V3SPL140",18110,"4-6 cm",0,0,NA
"E3","V3SPL140",18110,"6-8 cm",0,0,NA
"E3","V3SPL140",18110,">8 cm",0,0,NA
"E3","V3SPL140",19101,"<2 cm",0,0,NA
"E3","V3SPL140",19101,"2-4 cm",0,0,NA
"E3","V3SPL140",19101,"4-6 cm",0,0,NA
"E3","V3SPL140",19101,"6-8 cm",0,0,NA
"E3","V3SPL140",19101,">8 cm",0,0,NA
"E3","V3SPL140",19102,"<2 cm",0,0,NA
"E3","V3SPL140",19102,"2-4 cm",0,0,NA
"E3","V3SPL140",19102,"4-6 cm",0,0,NA
"E3","V3SPL140",19102,"6-8 cm",0,0,NA
"E3","V3SPL140",19102,">8 cm",0,0,NA
"E3","V3SPL140",19103,"<2 cm",0,0,NA
"E3","V3SPL140",19103,"2-4 cm",0,0,NA
"E3","V3SPL140",19103,"4-6 cm",0,0,NA
"E3","V3SPL140",19103,"6-8 cm",0,0,NA
"E3","V3SPL140",19103,">8 cm",0,0,NA
"E3","V3SPL140",19104,"<2 cm",0,0,NA
"E3","V3SPL140",19104,"2-4 cm",0,0,NA
"E3","V3SPL140",19104,"4-6 cm",0,0,NA
"E3","V3SPL140",19104,"6-8 cm",0,0,NA
"E3","V3SPL140",19104,">8 cm",0,0,NA
"E3","V3SPL140",19105,"<2 cm",0,0,NA
"E3","V3SPL140",19105,"2-4 cm",0,0,NA
"E3","V3SPL140",19105,"4-6 cm",0,0,NA
"E3","V3SPL140",19105,"6-8 cm",0,0,NA
"E3","V3SPL140",19105,">8 cm",0,0,NA
"E3","V3SPL140",19106,"<2 cm",0,0,NA
"E3","V3SPL140",19106,"2-4 cm",0,0,NA
"E3","V3SPL140",19106,"4-6 cm",0,0,NA
"E3","V3SPL140",19106,"6-8 cm",0,0,NA
"E3","V3SPL140",19106,">8 cm",0,0,NA
"E3","V3SPL140",19107,"<2 cm",0,0,NA
"E3","V3SPL140",19107,"2-4 cm",0,0,NA
"E3","V3SPL140",19107,"4-6 cm",0,0,NA
"E3","V3SPL140",19107,"6-8 cm",0,0,NA
"E3","V3SPL140",19107,">8 cm",0,0,NA
"E3","V3SPL140",19108,"<2 cm",0,0,NA
"E3","V3SPL140",19108,"2-4 cm",0,0,NA
"E3","V3SPL140",19108,"4-6 cm",0,0,NA
"E3","V3SPL140",19108,"6-8 cm",0,0,NA
"E3","V3SPL140",19108,">8 cm",0,0,NA
"E3","V3SPL140",19109,"<2 cm",0,0,NA
"E3","V3SPL140",19109,"2-4 cm",0,0,NA
"E3","V3SPL140",19109,"4-6 cm",0,0,NA
"E3","V3SPL140",19109,"6-8 cm",0,0,NA
"E3","V3SPL140",19109,">8 cm",0,0,NA
"E3","V3SPL140",19110,"<2 cm",0,0,NA
"E3","V3SPL140",19110,"2-4 cm",0,0,NA
"E3","V3SPL140",19110,"4-6 cm",0,0,NA
"E3","V3SPL140",19110,"6-8 cm",0,0,NA
"E3","V3SPL140",19110,">8 cm",0,0,NA
"E3","V3SPL140",20101,"<2 cm",0,0,NA
"E3","V3SPL140",20101,"2-4 cm",0,0,NA
"E3","V3SPL140",20101,"4-6 cm",0,0,NA
"E3","V3SPL140",20101,"6-8 cm",0,0,NA
"E3","V3SPL140",20101,">8 cm",0,0,NA
"E3","V3SPL140",20102,"<2 cm",0,0,NA
"E3","V3SPL140",20102,"2-4 cm",0,0,NA
"E3","V3SPL140",20102,"4-6 cm",0,0,NA
"E3","V3SPL140",20102,"6-8 cm",0,0,NA
"E3","V3SPL140",20102,">8 cm",0,0,NA
"E3","V3SPL140",20103,"<2 cm",0,0,NA
"E3","V3SPL140",20103,"2-4 cm",0,0,NA
"E3","V3SPL140",20103,"4-6 cm",0,0,NA
"E3","V3SPL140",20103,"6-8 cm",0,0,NA
"E3","V3SPL140",20103,">8 cm",0,0,NA
"E3","V3SPL140",20104,"<2 cm",0,0,NA
"E3","V3SPL140",20104,"2-4 cm",0,0,NA
"E3","V3SPL140",20104,"4-6 cm",0,0,NA
"E3","V3SPL140",20104,"6-8 cm",0,0,NA
"E3","V3SPL140",20104,">8 cm",0,0,NA
"E3","V3SPL140",20105,"<2 cm",0,0,NA
"E3","V3SPL140",20105,"2-4 cm",0,0,NA
"E3","V3SPL140",20105,"4-6 cm",0,0,NA
"E3","V3SPL140",20105,"6-8 cm",0,0,NA
"E3","V3SPL140",20105,">8 cm",0,0,NA
"E3","V3SPL140",20106,"<2 cm",0,0,NA
"E3","V3SPL140",20106,"2-4 cm",0,0,NA
"E3","V3SPL140",20106,"4-6 cm",0,0,NA
"E3","V3SPL140",20106,"6-8 cm",0,0,NA
"E3","V3SPL140",20106,">8 cm",0,0,NA
"E3","V3SPL140",20107,"<2 cm",0,0,NA
"E3","V3SPL140",20107,"2-4 cm",0,0,NA
"E3","V3SPL140",20107,"4-6 cm",0,0,NA
"E3","V3SPL140",20107,"6-8 cm",0,0,NA
"E3","V3SPL140",20107,">8 cm",0,0,NA
"E3","V3SPL140",20108,"<2 cm",0,0,NA
"E3","V3SPL140",20108,"2-4 cm",0,0,NA
"E3","V3SPL140",20108,"4-6 cm",0,0,NA
"E3","V3SPL140",20108,"6-8 cm",0,0,NA
"E3","V3SPL140",20108,">8 cm",0,0,NA
"E3","V3SPL140",20109,"<2 cm",0,0,NA
"E3","V3SPL140",20109,"2-4 cm",0,0,NA
"E3","V3SPL140",20109,"4-6 cm",0,0,NA
"E3","V3SPL140",20109,"6-8 cm",0,0,NA
"E3","V3SPL140",20109,">8 cm",0,0,NA
"E3","V3SPL140",20110,"<2 cm",0,0,NA
"E3","V3SPL140",20110,"2-4 cm",0,0,NA
"E3","V3SPL140",20110,"4-6 cm",0,0,NA
"E3","V3SPL140",20110,"6-8 cm",0,0,NA
"E3","V3SPL140",20110,">8 cm",0,0,NA
"E3","V3SPL140",21101,"<2 cm",0,0,NA
"E3","V3SPL140",21101,"2-4 cm",0,0,NA
"E3","V3SPL140",21101,"4-6 cm",0,0,NA
"E3","V3SPL140",21101,"6-8 cm",0,0,NA
"E3","V3SPL140",21101,">8 cm",0,0,NA
"E3","V3SPL140",21102,"<2 cm",0,0,NA
"E3","V3SPL140",21102,"2-4 cm",0,0,NA
"E3","V3SPL140",21102,"4-6 cm",0,0,NA
"E3","V3SPL140",21102,"6-8 cm",0,0,NA
"E3","V3SPL140",21102,">8 cm",0,0,NA
"E3","V3SPL140",21103,"<2 cm",0,0,NA
"E3","V3SPL140",21103,"2-4 cm",0,0,NA
"E3","V3SPL140",21103,"4-6 cm",0,0,NA
"E3","V3SPL140",21103,"6-8 cm",0,0,NA
"E3","V3SPL140",21103,">8 cm",0,0,NA
"E3","V3SPL140",21104,"<2 cm",0,0,NA
"E3","V3SPL140",21104,"2-4 cm",0,0,NA
"E3","V3SPL140",21104,"4-6 cm",0,0,NA
"E3","V3SPL140",21104,"6-8 cm",0,0,NA
"E3","V3SPL140",21104,">8 cm",0,0,NA
"E3","V3SPL140",21105,"<2 cm",0,0,NA
"E3","V3SPL140",21105,"2-4 cm",0,0,NA
"E3","V3SPL140",21105,"4-6 cm",0,0,NA
"E3","V3SPL140",21105,"6-8 cm",0,0,NA
"E3","V3SPL140",21105,">8 cm",0,0,NA
"E3","V3SPL140",21106,"<2 cm",0,0,NA
"E3","V3SPL140",21106,"2-4 cm",0,0,NA
"E3","V3SPL140",21106,"4-6 cm",0,0,NA
"E3","V3SPL140",21106,"6-8 cm",0,0,NA
"E3","V3SPL140",21106,">8 cm",0,0,NA
"E3","V3SPL140",21107,"<2 cm",0,0,NA
"E3","V3SPL140",21107,"2-4 cm",0,0,NA
"E3","V3SPL140",21107,"4-6 cm",0,0,NA
"E3","V3SPL140",21107,"6-8 cm",0,0,NA
"E3","V3SPL140",21107,">8 cm",0,0,NA
"E3","V3SPL140",21108,"<2 cm",0,0,NA
"E3","V3SPL140",21108,"2-4 cm",0,0,NA
"E3","V3SPL140",21108,"4-6 cm",0,0,NA
"E3","V3SPL140",21108,"6-8 cm",0,0,NA
"E3","V3SPL140",21108,">8 cm",0,0,NA
"E3","V3SPL140",21109,"<2 cm",0,0,NA
"E3","V3SPL140",21109,"2-4 cm",0,0,NA
"E3","V3SPL140",21109,"4-6 cm",0,0,NA
"E3","V3SPL140",21109,"6-8 cm",0,0,NA
"E3","V3SPL140",21109,">8 cm",0,0,NA
"E3","V3SPL140",21110,"<2 cm",0,0,NA
"E3","V3SPL140",21110,"2-4 cm",0,0,NA
"E3","V3SPL140",21110,"4-6 cm",0,0,NA
"E3","V3SPL140",21110,"6-8 cm",0,0,NA
"E3","V3SPL140",21110,">8 cm",0,0,NA
"E3","V3SPL140",22101,"<2 cm",0,0,NA
"E3","V3SPL140",22101,"2-4 cm",0,0,NA
"E3","V3SPL140",22101,"4-6 cm",0,0,NA
"E3","V3SPL140",22101,"6-8 cm",0,0,NA
"E3","V3SPL140",22101,">8 cm",0,0,NA
"E3","V3SPL140",22102,"<2 cm",0,0,NA
"E3","V3SPL140",22102,"2-4 cm",0,0,NA
"E3","V3SPL140",22102,"4-6 cm",0,0,NA
"E3","V3SPL140",22102,"6-8 cm",0,0,NA
"E3","V3SPL140",22102,">8 cm",0,0,NA
"E3","V3SPL140",22103,"<2 cm",0,0,NA
"E3","V3SPL140",22103,"2-4 cm",0,0,NA
"E3","V3SPL140",22103,"4-6 cm",0,0,NA
"E3","V3SPL140",22103,"6-8 cm",0,0,NA
"E3","V3SPL140",22103,">8 cm",0,0,NA
"E3","V3SPL140",22104,"<2 cm",0,0,NA
"E3","V3SPL140",22104,"2-4 cm",0,0,NA
"E3","V3SPL140",22104,"4-6 cm",0,0,NA
"E3","V3SPL140",22104,"6-8 cm",0,0,NA
"E3","V3SPL140",22104,">8 cm",0,0,NA
"E3","V3SPL140",22105,"<2 cm",0,0,NA
"E3","V3SPL140",22105,"2-4 cm",0,0,NA
"E3","V3SPL140",22105,"4-6 cm",0,0,NA
"E3","V3SPL140",22105,"6-8 cm",0,0,NA
"E3","V3SPL140",22105,">8 cm",0,0,NA
"E3","V3SPL140",22106,"<2 cm",0,0,NA
"E3","V3SPL140",22106,"2-4 cm",0,0,NA
"E3","V3SPL140",22106,"4-6 cm",0,0,NA
"E3","V3SPL140",22106,"6-8 cm",0,0,NA
"E3","V3SPL140",22106,">8 cm",0,0,NA
"E3","V3SPL140",22107,"<2 cm",0,0,NA
"E3","V3SPL140",22107,"2-4 cm",0,0,NA
"E3","V3SPL140",22107,"4-6 cm",0,0,NA
"E3","V3SPL140",22107,"6-8 cm",0,0,NA
"E3","V3SPL140",22107,">8 cm",0,0,NA
"E3","V3SPL140",22108,"<2 cm",0,0,NA
"E3","V3SPL140",22108,"2-4 cm",0,0,NA
"E3","V3SPL140",22108,"4-6 cm",0,0,NA
"E3","V3SPL140",22108,"6-8 cm",0,0,NA
"E3","V3SPL140",22108,">8 cm",0,0,NA
"E3","V3SPL140",22109,"<2 cm",0,0,NA
"E3","V3SPL140",22109,"2-4 cm",0,0,NA
"E3","V3SPL140",22109,"4-6 cm",0,0,NA
"E3","V3SPL140",22109,"6-8 cm",0,0,NA
"E3","V3SPL140",22109,">8 cm",0,0,NA
"E3","V3SPL140",22110,"<2 cm",0,0,NA
"E3","V3SPL140",22110,"2-4 cm",0,0,NA
"E3","V3SPL140",22110,"4-6 cm",0,0,NA
"E3","V3SPL140",22110,"6-8 cm",0,0,NA
"E3","V3SPL140",22110,">8 cm",0,0,NA
"E3","V3SPL140",23101,"<2 cm",0,0,NA
"E3","V3SPL140",23101,"2-4 cm",0,0,NA
"E3","V3SPL140",23101,"4-6 cm",0,0,NA
"E3","V3SPL140",23101,"6-8 cm",0,0,NA
"E3","V3SPL140",23101,">8 cm",0,0,NA
"E3","V3SPL140",23102,"<2 cm",0,0,NA
"E3","V3SPL140",23102,"2-4 cm",0,0,NA
"E3","V3SPL140",23102,"4-6 cm",0,0,NA
"E3","V3SPL140",23102,"6-8 cm",0,0,NA
"E3","V3SPL140",23102,">8 cm",0,0,NA
"E3","V3SPL140",23103,"<2 cm",0,0,NA
"E3","V3SPL140",23103,"2-4 cm",0,0,NA
"E3","V3SPL140",23103,"4-6 cm",0,0,NA
"E3","V3SPL140",23103,"6-8 cm",0,0,NA
"E3","V3SPL140",23103,">8 cm",0,0,NA
"E3","V3SPL140",23104,"<2 cm",0,0,NA
"E3","V3SPL140",23104,"2-4 cm",0,0,NA
"E3","V3SPL140",23104,"4-6 cm",0,0,NA
"E3","V3SPL140",23104,"6-8 cm",0,0,NA
"E3","V3SPL140",23104,">8 cm",0,0,NA
"E3","V3SPL140",23105,"<2 cm",0,0,NA
"E3","V3SPL140",23105,"2-4 cm",0,0,NA
"E3","V3SPL140",23105,"4-6 cm",0,0,NA
"E3","V3SPL140",23105,"6-8 cm",0,0,NA
"E3","V3SPL140",23105,">8 cm",0,0,NA
"E3","V3SPL140",23106,"<2 cm",0,0,NA
"E3","V3SPL140",23106,"2-4 cm",0,0,NA
"E3","V3SPL140",23106,"4-6 cm",0,0,NA
"E3","V3SPL140",23106,"6-8 cm",0,0,NA
"E3","V3SPL140",23106,">8 cm",0,0,NA
"E3","V3SPL140",23107,"<2 cm",0,0,NA
"E3","V3SPL140",23107,"2-4 cm",0,0,NA
"E3","V3SPL140",23107,"4-6 cm",0,0,NA
"E3","V3SPL140",23107,"6-8 cm",0,0,NA
"E3","V3SPL140",23107,">8 cm",0,0,NA
"E3","V3SPL140",23108,"<2 cm",0,0,NA
"E3","V3SPL140",23108,"2-4 cm",0,0,NA
"E3","V3SPL140",23108,"4-6 cm",0,0,NA
"E3","V3SPL140",23108,"6-8 cm",0,0,NA
"E3","V3SPL140",23108,">8 cm",0,0,NA
"E3","V3SPL140",23109,"<2 cm",0,0,NA
"E3","V3SPL140",23109,"2-4 cm",0,0,NA
"E3","V3SPL140",23109,"4-6 cm",0,0,NA
"E3","V3SPL140",23109,"6-8 cm",0,0,NA
"E3","V3SPL140",23109,">8 cm",0,0,NA
"E3","V3SPL140",23110,"<2 cm",0,0,NA
"E3","V3SPL140",23110,"2-4 cm",0,0,NA
"E3","V3SPL140",23110,"4-6 cm",0,0,NA
"E3","V3SPL140",23110,"6-8 cm",0,0,NA
"E3","V3SPL140",23110,">8 cm",0,0,NA
"E3","V3SPL140",24101,"<2 cm",0,0,NA
"E3","V3SPL140",24101,"2-4 cm",0,0,NA
"E3","V3SPL140",24101,"4-6 cm",0,0,NA
"E3","V3SPL140",24101,"6-8 cm",0,0,NA
"E3","V3SPL140",24101,">8 cm",0,0,NA
"E3","V3SPL140",24102,"<2 cm",0,0,NA
"E3","V3SPL140",24102,"2-4 cm",0,0,NA
"E3","V3SPL140",24102,"4-6 cm",0,0,NA
"E3","V3SPL140",24102,"6-8 cm",0,0,NA
"E3","V3SPL140",24102,">8 cm",0,0,NA
"E3","V3SPL140",24103,"<2 cm",0,0,NA
"E3","V3SPL140",24103,"2-4 cm",0,0,NA
"E3","V3SPL140",24103,"4-6 cm",0,0,NA
"E3","V3SPL140",24103,"6-8 cm",0,0,NA
"E3","V3SPL140",24103,">8 cm",0,0,NA
"E3","V3SPL140",24104,"<2 cm",0,0,NA
"E3","V3SPL140",24104,"2-4 cm",0,0,NA
"E3","V3SPL140",24104,"4-6 cm",0,0,NA
"E3","V3SPL140",24104,"6-8 cm",0,0,NA
"E3","V3SPL140",24104,">8 cm",0,0,NA
"E3","V3SPL140",24105,"<2 cm",0,0,NA
"E3","V3SPL140",24105,"2-4 cm",0,0,NA
"E3","V3SPL140",24105,"4-6 cm",0,0,NA
"E3","V3SPL140",24105,"6-8 cm",0,0,NA
"E3","V3SPL140",24105,">8 cm",0,0,NA
"E3","V3SPL140",24106,"<2 cm",0,0,NA
"E3","V3SPL140",24106,"2-4 cm",0,0,NA
"E3","V3SPL140",24106,"4-6 cm",0,0,NA
"E3","V3SPL140",24106,"6-8 cm",0,0,NA
"E3","V3SPL140",24106,">8 cm",0,0,NA
"E3","V3SPL140",24107,"<2 cm",0,0,NA
"E3","V3SPL140",24107,"2-4 cm",0,0,NA
"E3","V3SPL140",24107,"4-6 cm",0,0,NA
"E3","V3SPL140",24107,"6-8 cm",0,0,NA
"E3","V3SPL140",24107,">8 cm",0,0,NA
"E3","V3SPL140",24108,"<2 cm",0,0,NA
"E3","V3SPL140",24108,"2-4 cm",0,0,NA
"E3","V3SPL140",24108,"4-6 cm",0,0,NA
"E3","V3SPL140",24108,"6-8 cm",0,0,NA
"E3","V3SPL140",24108,">8 cm",0,0,NA
"E3","V3SPL140",24109,"<2 cm",0,0,NA
"E3","V3SPL140",24109,"2-4 cm",0,0,NA
"E3","V3SPL140",24109,"4-6 cm",0,0,NA
"E3","V3SPL140",24109,"6-8 cm",0,0,NA
"E3","V3SPL140",24109,">8 cm",0,0,NA
"E3","V3SPL140",24110,"<2 cm",0,0,NA
"E3","V3SPL140",24110,"2-4 cm",0,0,NA
"E3","V3SPL140",24110,"4-6 cm",0,0,NA
"E3","V3SPL140",24110,"6-8 cm",0,0,NA
"E3","V3SPL140",24110,">8 cm",0,0,NA
"E3","V3SPL140",25101,"<2 cm",0,0,NA
"E3","V3SPL140",25101,"2-4 cm",0,0,NA
"E3","V3SPL140",25101,"4-6 cm",0,0,NA
"E3","V3SPL140",25101,"6-8 cm",0,0,NA
"E3","V3SPL140",25101,">8 cm",0,0,NA
"E3","V3SPL140",25102,"<2 cm",0,0,NA
"E3","V3SPL140",25102,"2-4 cm",0,0,NA
"E3","V3SPL140",25102,"4-6 cm",0,0,NA
"E3","V3SPL140",25102,"6-8 cm",0,0,NA
"E3","V3SPL140",25102,">8 cm",0,0,NA
"E3","V3SPL140",25103,"<2 cm",0,0,NA
"E3","V3SPL140",25103,"2-4 cm",0,0,NA
"E3","V3SPL140",25103,"4-6 cm",0,0,NA
"E3","V3SPL140",25103,"6-8 cm",0,0,NA
"E3","V3SPL140",25103,">8 cm",0,0,NA
"E3","V3SPL140",25104,"<2 cm",0,0,NA
"E3","V3SPL140",25104,"2-4 cm",0,0,NA
"E3","V3SPL140",25104,"4-6 cm",0,0,NA
"E3","V3SPL140",25104,"6-8 cm",0,0,NA
"E3","V3SPL140",25104,">8 cm",0,0,NA
"E3","V3SPL140",25105,"<2 cm",0,0,NA
"E3","V3SPL140",25105,"2-4 cm",0,0,NA
"E3","V3SPL140",25105,"4-6 cm",0,0,NA
"E3","V3SPL140",25105,"6-8 cm",0,0,NA
"E3","V3SPL140",25105,">8 cm",0,0,NA
"E3","V3SPL140",25106,"<2 cm",0,0,NA
"E3","V3SPL140",25106,"2-4 cm",0,0,NA
"E3","V3SPL140",25106,"4-6 cm",0,0,NA
"E3","V3SPL140",25106,"6-8 cm",0,0,NA
"E3","V3SPL140",25106,">8 cm",0,0,NA
"E3","V3SPL140",25107,"<2 cm",0,0,NA
"E3","V3SPL140",25107,"2-4 cm",0,0,NA
"E3","V3SPL140",25107,"4-6 cm",0,0,NA
"E3","V3SPL140",25107,"6-8 cm",0,0,NA
"E3","V3SPL140",25107,">8 cm",0,0,NA
"E3","V3SPL140",25108,"<2 cm",0,0,NA
"E3","V3SPL140",25108,"2-4 cm",0,0,NA
"E3","V3SPL140",25108,"4-6 cm",0,0,NA
"E3","V3SPL140",25108,"6-8 cm",0,0,NA
"E3","V3SPL140",25108,">8 cm",0,0,NA
"E3","V3SPL140",25109,"<2 cm",0,0,NA
"E3","V3SPL140",25109,"2-4 cm",0,0,NA
"E3","V3SPL140",25109,"4-6 cm",0,0,NA
"E3","V3SPL140",25109,"6-8 cm",0,0,NA
"E3","V3SPL140",25109,">8 cm",0,0,NA
"E3","V3SPL140",25110,"<2 cm",0,0,NA
"E3","V3SPL140",25110,"2-4 cm",0,0,NA
"E3","V3SPL140",25110,"4-6 cm",0,0,NA
"E3","V3SPL140",25110,"6-8 cm",0,0,NA
"E3","V3SPL140",25110,">8 cm",0,0,NA
"E3","V3SPL140",26101,"<2 cm",0,0,NA
"E3","V3SPL140",26101,"2-4 cm",0,0,NA
"E3","V3SPL140",26101,"4-6 cm",0,0,NA
"E3","V3SPL140",26101,"6-8 cm",0,0,NA
"E3","V3SPL140",26101,">8 cm",0,0,NA
"E3","V3SPL140",26102,"<2 cm",0,0,NA
"E3","V3SPL140",26102,"2-4 cm",0,0,NA
"E3","V3SPL140",26102,"4-6 cm",0,0,NA
"E3","V3SPL140",26102,"6-8 cm",0,0,NA
"E3","V3SPL140",26102,">8 cm",0,0,NA
"E3","V3SPL140",26103,"<2 cm",0,0,NA
"E3","V3SPL140",26103,"2-4 cm",0,0,NA
"E3","V3SPL140",26103,"4-6 cm",0,0,NA
"E3","V3SPL140",26103,"6-8 cm",0,0,NA
"E3","V3SPL140",26103,">8 cm",0,0,NA
"E3","V3SPL140",26104,"<2 cm",0,0,NA
"E3","V3SPL140",26104,"2-4 cm",0,0,NA
"E3","V3SPL140",26104,"4-6 cm",0,0,NA
"E3","V3SPL140",26104,"6-8 cm",0,0,NA
"E3","V3SPL140",26104,">8 cm",0,0,NA
"E3","V3SPL140",26105,"<2 cm",0,0,NA
"E3","V3SPL140",26105,"2-4 cm",0,0,NA
"E3","V3SPL140",26105,"4-6 cm",0,0,NA
"E3","V3SPL140",26105,"6-8 cm",0,0,NA
"E3","V3SPL140",26105,">8 cm",0,0,NA
"E3","V3SPL140",26106,"<2 cm",0,0,NA
"E3","V3SPL140",26106,"2-4 cm",0,0,NA
"E3","V3SPL140",26106,"4-6 cm",0,0,NA
"E3","V3SPL140",26106,"6-8 cm",0,0,NA
"E3","V3SPL140",26106,">8 cm",0,0,NA
"E3","V3SPL140",26107,"<2 cm",0,0,NA
"E3","V3SPL140",26107,"2-4 cm",0,0,NA
"E3","V3SPL140",26107,"4-6 cm",0,0,NA
"E3","V3SPL140",26107,"6-8 cm",0,0,NA
"E3","V3SPL140",26107,">8 cm",0,0,NA
"E3","V3SPL140",26108,"<2 cm",0,0,NA
"E3","V3SPL140",26108,"2-4 cm",0,0,NA
"E3","V3SPL140",26108,"4-6 cm",0,0,NA
"E3","V3SPL140",26108,"6-8 cm",0,0,NA
"E3","V3SPL140",26108,">8 cm",0,0,NA
"E3","V3SPL140",26109,"<2 cm",0,0,NA
"E3","V3SPL140",26109,"2-4 cm",0,0,NA
"E3","V3SPL140",26109,"4-6 cm",0,0,NA
"E3","V3SPL140",26109,"6-8 cm",0,0,NA
"E3","V3SPL140",26109,">8 cm",0,0,NA
"E3","V3SPL140",26110,"<2 cm",0,0,NA
"E3","V3SPL140",26110,"2-4 cm",0,0,NA
"E3","V3SPL140",26110,"4-6 cm",0,0,NA
"E3","V3SPL140",26110,"6-8 cm",0,0,NA
"E3","V3SPL140",26110,">8 cm",0,0,NA
"E3","V3SPL140",27101,"<2 cm",0,0,NA
"E3","V3SPL140",27101,"2-4 cm",0,0,NA
"E3","V3SPL140",27101,"4-6 cm",0,0,NA
"E3","V3SPL140",27101,"6-8 cm",0,0,NA
"E3","V3SPL140",27101,">8 cm",0,0,NA
"E3","V3SPL140",27102,"<2 cm",0,0,NA
"E3","V3SPL140",27102,"2-4 cm",0,0,NA
"E3","V3SPL140",27102,"4-6 cm",0,0,NA
"E3","V3SPL140",27102,"6-8 cm",0,0,NA
"E3","V3SPL140",27102,">8 cm",0,0,NA
"E3","V3SPL140",27103,"<2 cm",0,0,NA
"E3","V3SPL140",27103,"2-4 cm",0,0,NA
"E3","V3SPL140",27103,"4-6 cm",0,0,NA
"E3","V3SPL140",27103,"6-8 cm",0,0,NA
"E3","V3SPL140",27103,">8 cm",0,0,NA
"E3","V3SPL140",27104,"<2 cm",0,0,NA
"E3","V3SPL140",27104,"2-4 cm",0,0,NA
"E3","V3SPL140",27104,"4-6 cm",0,0,NA
"E3","V3SPL140",27104,"6-8 cm",0,0,NA
"E3","V3SPL140",27104,">8 cm",0,0,NA
"E3","V3SPL140",27105,"<2 cm",0,0,NA
"E3","V3SPL140",27105,"2-4 cm",0,0,NA
"E3","V3SPL140",27105,"4-6 cm",0,0,NA
"E3","V3SPL140",27105,"6-8 cm",0,0,NA
"E3","V3SPL140",27105,">8 cm",0,0,NA
"E3","V3SPL140",27106,"<2 cm",0,0,NA
"E3","V3SPL140",27106,"2-4 cm",0,0,NA
"E3","V3SPL140",27106,"4-6 cm",0,0,NA
"E3","V3SPL140",27106,"6-8 cm",0,0,NA
"E3","V3SPL140",27106,">8 cm",0,0,NA
"E3","V3SPL140",27107,"<2 cm",0,0,NA
"E3","V3SPL140",27107,"2-4 cm",0,0,NA
"E3","V3SPL140",27107,"4-6 cm",0,0,NA
"E3","V3SPL140",27107,"6-8 cm",0,0,NA
"E3","V3SPL140",27107,">8 cm",0,0,NA
"E3","V3SPL140",27108,"<2 cm",0,0,NA
"E3","V3SPL140",27108,"2-4 cm",0,0,NA
"E3","V3SPL140",27108,"4-6 cm",0,0,NA
"E3","V3SPL140",27108,"6-8 cm",0,0,NA
"E3","V3SPL140",27108,">8 cm",0,0,NA
"E3","V3SPL140",27109,"<2 cm",0,0,NA
"E3","V3SPL140",27109,"2-4 cm",0,0,NA
"E3","V3SPL140",27109,"4-6 cm",0,0,NA
"E3","V3SPL140",27109,"6-8 cm",0,0,NA
"E3","V3SPL140",27109,">8 cm",0,0,NA
"E3","V3SPL140",27110,"<2 cm",0,0,NA
"E3","V3SPL140",27110,"2-4 cm",0,0,NA
"E3","V3SPL140",27110,"4-6 cm",0,0,NA
"E3","V3SPL140",27110,"6-8 cm",0,0,NA
"E3","V3SPL140",27110,">8 cm",0,0,NA
"E3","V3SPL140",28101,"<2 cm",0,0,NA
"E3","V3SPL140",28101,"2-4 cm",0,0,NA
"E3","V3SPL140",28101,"4-6 cm",0,0,NA
"E3","V3SPL140",28101,"6-8 cm",0,0,NA
"E3","V3SPL140",28101,">8 cm",0,0,NA
"E3","V3SPL140",28102,"<2 cm",0,0,NA
"E3","V3SPL140",28102,"2-4 cm",0,0,NA
"E3","V3SPL140",28102,"4-6 cm",0,0,NA
"E3","V3SPL140",28102,"6-8 cm",0,0,NA
"E3","V3SPL140",28102,">8 cm",0,0,NA
"E3","V3SPL140",28103,"<2 cm",0,0,NA
"E3","V3SPL140",28103,"2-4 cm",0,0,NA
"E3","V3SPL140",28103,"4-6 cm",0,0,NA
"E3","V3SPL140",28103,"6-8 cm",0,0,NA
"E3","V3SPL140",28103,">8 cm",0,0,NA
"E3","V3SPL140",28104,"<2 cm",0,0,NA
"E3","V3SPL140",28104,"2-4 cm",0,0,NA
"E3","V3SPL140",28104,"4-6 cm",0,0,NA
"E3","V3SPL140",28104,"6-8 cm",0,0,NA
"E3","V3SPL140",28104,">8 cm",0,0,NA
"E3","V3SPL140",28105,"<2 cm",0,0,NA
"E3","V3SPL140",28105,"2-4 cm",0,0,NA
"E3","V3SPL140",28105,"4-6 cm",0,0,NA
"E3","V3SPL140",28105,"6-8 cm",0,0,NA
"E3","V3SPL140",28105,">8 cm",0,0,NA
"E3","V3SPL140",28106,"<2 cm",0,0,NA
"E3","V3SPL140",28106,"2-4 cm",0,0,NA
"E3","V3SPL140",28106,"4-6 cm",0,0,NA
"E3","V3SPL140",28106,"6-8 cm",0,0,NA
"E3","V3SPL140",28106,">8 cm",0,0,NA
"E3","V3SPL140",28107,"<2 cm",0,0,NA
"E3","V3SPL140",28107,"2-4 cm",0,0,NA
"E3","V3SPL140",28107,"4-6 cm",0,0,NA
"E3","V3SPL140",28107,"6-8 cm",0,0,NA
"E3","V3SPL140",28107,">8 cm",0,0,NA
"E3","V3SPL140",28108,"<2 cm",0,0,NA
"E3","V3SPL140",28108,"2-4 cm",0,0,NA
"E3","V3SPL140",28108,"4-6 cm",0,0,NA
"E3","V3SPL140",28108,"6-8 cm",0,0,NA
"E3","V3SPL140",28108,">8 cm",0,0,NA
"E3","V3SPL140",28109,"<2 cm",0,0,NA
"E3","V3SPL140",28109,"2-4 cm",0,0,NA
"E3","V3SPL140",28109,"4-6 cm",0,0,NA
"E3","V3SPL140",28109,"6-8 cm",0,0,NA
"E3","V3SPL140",28109,">8 cm",0,0,NA
"E3","V3SPL140",28110,"<2 cm",0,0,NA
"E3","V3SPL140",28110,"2-4 cm",0,0,NA
"E3","V3SPL140",28110,"4-6 cm",0,0,NA
"E3","V3SPL140",28110,"6-8 cm",0,0,NA
"E3","V3SPL140",28110,">8 cm",0,0,NA
"E3","V3SPL140",29101,"<2 cm",0,0,NA
"E3","V3SPL140",29101,"2-4 cm",0,0,NA
"E3","V3SPL140",29101,"4-6 cm",0,0,NA
"E3","V3SPL140",29101,"6-8 cm",0,0,NA
"E3","V3SPL140",29101,">8 cm",0,0,NA
"E3","V3SPL140",29102,"<2 cm",0,0,NA
"E3","V3SPL140",29102,"2-4 cm",0,0,NA
"E3","V3SPL140",29102,"4-6 cm",0,0,NA
"E3","V3SPL140",29102,"6-8 cm",0,0,NA
"E3","V3SPL140",29102,">8 cm",0,0,NA
"E3","V3SPL140",29103,"<2 cm",0,0,NA
"E3","V3SPL140",29103,"2-4 cm",0,0,NA
"E3","V3SPL140",29103,"4-6 cm",0,0,NA
"E3","V3SPL140",29103,"6-8 cm",0,0,NA
"E3","V3SPL140",29103,">8 cm",0,0,NA
"E3","V3SPL140",29104,"<2 cm",0,0,NA
"E3","V3SPL140",29104,"2-4 cm",0,0,NA
"E3","V3SPL140",29104,"4-6 cm",0,0,NA
"E3","V3SPL140",29104,"6-8 cm",0,0,NA
"E3","V3SPL140",29104,">8 cm",0,0,NA
"E3","V3SPL140",29105,"<2 cm",0,0,NA
"E3","V3SPL140",29105,"2-4 cm",0,0,NA
"E3","V3SPL140",29105,"4-6 cm",0,0,NA
"E3","V3SPL140",29105,"6-8 cm",0,0,NA
"E3","V3SPL140",29105,">8 cm",0,0,NA
"E3","V3SPL140",29106,"<2 cm",0,0,NA
"E3","V3SPL140",29106,"2-4 cm",0,0,NA
"E3","V3SPL140",29106,"4-6 cm",0,0,NA
"E3","V3SPL140",29106,"6-8 cm",0,0,NA
"E3","V3SPL140",29106,">8 cm",0,0,NA
"E3","V3SPL140",29107,"<2 cm",0,0,NA
"E3","V3SPL140",29107,"2-4 cm",0,0,NA
"E3","V3SPL140",29107,"4-6 cm",0,0,NA
"E3","V3SPL140",29107,"6-8 cm",0,0,NA
"E3","V3SPL140",29107,">8 cm",0,0,NA
"E3","V3SPL140",29108,"<2 cm",0,0,NA
"E3","V3SPL140",29108,"2-4 cm",0,0,NA
"E3","V3SPL140",29108,"4-6 cm",0,0,NA
"E3","V3SPL140",29108,"6-8 cm",0,0,NA
"E3","V3SPL140",29108,">8 cm",0,0,NA
"E3","V3SPL140",29109,"<2 cm",0,0,NA
"E3","V3SPL140",29109,"2-4 cm",0,0,NA
"E3","V3SPL140",29109,"4-6 cm",0,0,NA
"E3","V3SPL140",29109,"6-8 cm",0,0,NA
"E3","V3SPL140",29109,">8 cm",0,0,NA
"E3","V3SPL140",29110,"<2 cm",0,0,NA
"E3","V3SPL140",29110,"2-4 cm",0,0,NA
"E3","V3SPL140",29110,"4-6 cm",0,0,NA
"E3","V3SPL140",29110,"6-8 cm",0,0,NA
"E3","V3SPL140",29110,">8 cm",0,0,NA
"E3","V3SPL140",30101,"<2 cm",0,0,NA
"E3","V3SPL140",30101,"2-4 cm",0,0,NA
"E3","V3SPL140",30101,"4-6 cm",0,0,NA
"E3","V3SPL140",30101,"6-8 cm",0,0,NA
"E3","V3SPL140",30101,">8 cm",0,0,NA
"E3","V3SPL140",30102,"<2 cm",0,0,NA
"E3","V3SPL140",30102,"2-4 cm",0,0,NA
"E3","V3SPL140",30102,"4-6 cm",0,0,NA
"E3","V3SPL140",30102,"6-8 cm",0,0,NA
"E3","V3SPL140",30102,">8 cm",0,0,NA
"E3","V3SPL140",30103,"<2 cm",0,0,NA
"E3","V3SPL140",30103,"2-4 cm",0,0,NA
"E3","V3SPL140",30103,"4-6 cm",0,0,NA
"E3","V3SPL140",30103,"6-8 cm",0,0,NA
"E3","V3SPL140",30103,">8 cm",0,0,NA
"E3","V3SPL140",30104,"<2 cm",0,0,NA
"E3","V3SPL140",30104,"2-4 cm",0,0,NA
"E3","V3SPL140",30104,"4-6 cm",0,0,NA
"E3","V3SPL140",30104,"6-8 cm",0,0,NA
"E3","V3SPL140",30104,">8 cm",0,0,NA
"E3","V3SPL140",30105,"<2 cm",0,0,NA
"E3","V3SPL140",30105,"2-4 cm",0,0,NA
"E3","V3SPL140",30105,"4-6 cm",0,0,NA
"E3","V3SPL140",30105,"6-8 cm",0,0,NA
"E3","V3SPL140",30105,">8 cm",0,0,NA
"E3","V3SPL140",30106,"<2 cm",0,0,NA
"E3","V3SPL140",30106,"2-4 cm",0,0,NA
"E3","V3SPL140",30106,"4-6 cm",0,0,NA
"E3","V3SPL140",30106,"6-8 cm",0,0,NA
"E3","V3SPL140",30106,">8 cm",0,0,NA
"E3","V3SPL140",30107,"<2 cm",0,0,NA
"E3","V3SPL140",30107,"2-4 cm",0,0,NA
"E3","V3SPL140",30107,"4-6 cm",0,0,NA
"E3","V3SPL140",30107,"6-8 cm",0,0,NA
"E3","V3SPL140",30107,">8 cm",0,0,NA
"E3","V3SPL140",30108,"<2 cm",0,0,NA
"E3","V3SPL140",30108,"2-4 cm",0,0,NA
"E3","V3SPL140",30108,"4-6 cm",0,0,NA
"E3","V3SPL140",30108,"6-8 cm",0,0,NA
"E3","V3SPL140",30108,">8 cm",0,0,NA
"E3","V3SPL140",30109,"<2 cm",0,0,NA
"E3","V3SPL140",30109,"2-4 cm",0,0,NA
"E3","V3SPL140",30109,"4-6 cm",0,0,NA
"E3","V3SPL140",30109,"6-8 cm",0,0,NA
"E3","V3SPL140",30109,">8 cm",0,0,NA
"E3","V3SPL140",30110,"<2 cm",0,0,NA
"E3","V3SPL140",30110,"2-4 cm",0,0,NA
"E3","V3SPL140",30110,"4-6 cm",0,0,NA
"E3","V3SPL140",30110,"6-8 cm",0,0,NA
"E3","V3SPL140",30110,">8 cm",0,0,NA
"E3","V3SPL153",1101,"<2 cm",248,250,0.992
"E3","V3SPL153",1101,"2-4 cm",1,250,0.004
"E3","V3SPL153",1101,"4-6 cm",0,250,0
"E3","V3SPL153",1101,"6-8 cm",1,250,0.004
"E3","V3SPL153",1101,">8 cm",0,250,0
"E3","V3SPL153",1102,"<2 cm",248,250,0.992
"E3","V3SPL153",1102,"2-4 cm",0,250,0
"E3","V3SPL153",1102,"4-6 cm",1,250,0.004
"E3","V3SPL153",1102,"6-8 cm",0,250,0
"E3","V3SPL153",1102,">8 cm",1,250,0.004
"E3","V3SPL153",1103,"<2 cm",248,250,0.992
"E3","V3SPL153",1103,"2-4 cm",0,250,0
"E3","V3SPL153",1103,"4-6 cm",0,250,0
"E3","V3SPL153",1103,"6-8 cm",0,250,0
"E3","V3SPL153",1103,">8 cm",2,250,0.008
"E3","V3SPL153",1104,"<2 cm",0,0,NA
"E3","V3SPL153",1104,"2-4 cm",0,0,NA
"E3","V3SPL153",1104,"4-6 cm",0,0,NA
"E3","V3SPL153",1104,"6-8 cm",0,0,NA
"E3","V3SPL153",1104,">8 cm",0,0,NA
"E3","V3SPL153",1105,"<2 cm",0,0,NA
"E3","V3SPL153",1105,"2-4 cm",0,0,NA
"E3","V3SPL153",1105,"4-6 cm",0,0,NA
"E3","V3SPL153",1105,"6-8 cm",0,0,NA
"E3","V3SPL153",1105,">8 cm",0,0,NA
"E3","V3SPL153",1106,"<2 cm",0,0,NA
"E3","V3SPL153",1106,"2-4 cm",0,0,NA
"E3","V3SPL153",1106,"4-6 cm",0,0,NA
"E3","V3SPL153",1106,"6-8 cm",0,0,NA
"E3","V3SPL153",1106,">8 cm",0,0,NA
"E3","V3SPL153",1107,"<2 cm",0,0,NA
"E3","V3SPL153",1107,"2-4 cm",0,0,NA
"E3","V3SPL153",1107,"4-6 cm",0,0,NA
"E3","V3SPL153",1107,"6-8 cm",0,0,NA
"E3","V3SPL153",1107,">8 cm",0,0,NA
"E3","V3SPL153",1108,"<2 cm",0,0,NA
"E3","V3SPL153",1108,"2-4 cm",0,0,NA
"E3","V3SPL153",1108,"4-6 cm",0,0,NA
"E3","V3SPL153",1108,"6-8 cm",0,0,NA
"E3","V3SPL153",1108,">8 cm",0,0,NA
"E3","V3SPL153",1109,"<2 cm",0,0,NA
"E3","V3SPL153",1109,"2-4 cm",0,0,NA
"E3","V3SPL153",1109,"4-6 cm",0,0,NA
"E3","V3SPL153",1109,"6-8 cm",0,0,NA
"E3","V3SPL153",1109,">8 cm",0,0,NA
"E3","V3SPL153",1110,"<2 cm",0,0,NA
"E3","V3SPL153",1110,"2-4 cm",0,0,NA
"E3","V3SPL153",1110,"4-6 cm",0,0,NA
"E3","V3SPL153",1110,"6-8 cm",0,0,NA
"E3","V3SPL153",1110,">8 cm",0,0,NA
"E3","V3SPL153",2101,"<2 cm",4,250,0.016
"E3","V3SPL153",2101,"2-4 cm",1,250,0.004
"E3","V3SPL153",2101,"4-6 cm",0,250,0
"E3","V3SPL153",2101,"6-8 cm",1,250,0.004
"E3","V3SPL153",2101,">8 cm",244,250,0.976
"E3","V3SPL153",2102,"<2 cm",4,250,0.016
"E3","V3SPL153",2102,"2-4 cm",0,250,0
"E3","V3SPL153",2102,"4-6 cm",1,250,0.004
"E3","V3SPL153",2102,"6-8 cm",4,250,0.016
"E3","V3SPL153",2102,">8 cm",241,250,0.964
"E3","V3SPL153",2103,"<2 cm",2,250,0.008
"E3","V3SPL153",2103,"2-4 cm",1,250,0.004
"E3","V3SPL153",2103,"4-6 cm",2,250,0.008
"E3","V3SPL153",2103,"6-8 cm",4,250,0.016
"E3","V3SPL153",2103,">8 cm",241,250,0.964
"E3","V3SPL153",2104,"<2 cm",0,0,NA
"E3","V3SPL153",2104,"2-4 cm",0,0,NA
"E3","V3SPL153",2104,"4-6 cm",0,0,NA
"E3","V3SPL153",2104,"6-8 cm",0,0,NA
"E3","V3SPL153",2104,">8 cm",0,0,NA
"E3","V3SPL153",2105,"<2 cm",0,0,NA
"E3","V3SPL153",2105,"2-4 cm",0,0,NA
"E3","V3SPL153",2105,"4-6 cm",0,0,NA
"E3","V3SPL153",2105,"6-8 cm",0,0,NA
"E3","V3SPL153",2105,">8 cm",0,0,NA
"E3","V3SPL153",2106,"<2 cm",0,0,NA
"E3","V3SPL153",2106,"2-4 cm",0,0,NA
"E3","V3SPL153",2106,"4-6 cm",0,0,NA
"E3","V3SPL153",2106,"6-8 cm",0,0,NA
"E3","V3SPL153",2106,">8 cm",0,0,NA
"E3","V3SPL153",2107,"<2 cm",0,0,NA
"E3","V3SPL153",2107,"2-4 cm",0,0,NA
"E3","V3SPL153",2107,"4-6 cm",0,0,NA
"E3","V3SPL153",2107,"6-8 cm",0,0,NA
"E3","V3SPL153",2107,">8 cm",0,0,NA
"E3","V3SPL153",2108,"<2 cm",0,0,NA
"E3","V3SPL153",2108,"2-4 cm",0,0,NA
"E3","V3SPL153",2108,"4-6 cm",0,0,NA
"E3","V3SPL153",2108,"6-8 cm",0,0,NA
"E3","V3SPL153",2108,">8 cm",0,0,NA
"E3","V3SPL153",2109,"<2 cm",0,0,NA
"E3","V3SPL153",2109,"2-4 cm",0,0,NA
"E3","V3SPL153",2109,"4-6 cm",0,0,NA
"E3","V3SPL153",2109,"6-8 cm",0,0,NA
"E3","V3SPL153",2109,">8 cm",0,0,NA
"E3","V3SPL153",2110,"<2 cm",0,0,NA
"E3","V3SPL153",2110,"2-4 cm",0,0,NA
"E3","V3SPL153",2110,"4-6 cm",0,0,NA
"E3","V3SPL153",2110,"6-8 cm",0,0,NA
"E3","V3SPL153",2110,">8 cm",0,0,NA
"E3","V3SPL153",3101,"<2 cm",159,250,0.636
"E3","V3SPL153",3101,"2-4 cm",0,250,0
"E3","V3SPL153",3101,"4-6 cm",1,250,0.004
"E3","V3SPL153",3101,"6-8 cm",3,250,0.012
"E3","V3SPL153",3101,">8 cm",87,250,0.348
"E3","V3SPL153",3102,"<2 cm",163,250,0.652
"E3","V3SPL153",3102,"2-4 cm",1,250,0.004
"E3","V3SPL153",3102,"4-6 cm",2,250,0.008
"E3","V3SPL153",3102,"6-8 cm",0,250,0
"E3","V3SPL153",3102,">8 cm",84,250,0.336
"E3","V3SPL153",3103,"<2 cm",157,250,0.628
"E3","V3SPL153",3103,"2-4 cm",1,250,0.004
"E3","V3SPL153",3103,"4-6 cm",0,250,0
"E3","V3SPL153",3103,"6-8 cm",3,250,0.012
"E3","V3SPL153",3103,">8 cm",89,250,0.356
"E3","V3SPL153",3104,"<2 cm",0,0,NA
"E3","V3SPL153",3104,"2-4 cm",0,0,NA
"E3","V3SPL153",3104,"4-6 cm",0,0,NA
"E3","V3SPL153",3104,"6-8 cm",0,0,NA
"E3","V3SPL153",3104,">8 cm",0,0,NA
"E3","V3SPL153",3105,"<2 cm",0,0,NA
"E3","V3SPL153",3105,"2-4 cm",0,0,NA
"E3","V3SPL153",3105,"4-6 cm",0,0,NA
"E3","V3SPL153",3105,"6-8 cm",0,0,NA
"E3","V3SPL153",3105,">8 cm",0,0,NA
"E3","V3SPL153",3106,"<2 cm",0,0,NA
"E3","V3SPL153",3106,"2-4 cm",0,0,NA
"E3","V3SPL153",3106,"4-6 cm",0,0,NA
"E3","V3SPL153",3106,"6-8 cm",0,0,NA
"E3","V3SPL153",3106,">8 cm",0,0,NA
"E3","V3SPL153",3107,"<2 cm",0,0,NA
"E3","V3SPL153",3107,"2-4 cm",0,0,NA
"E3","V3SPL153",3107,"4-6 cm",0,0,NA
"E3","V3SPL153",3107,"6-8 cm",0,0,NA
"E3","V3SPL153",3107,">8 cm",0,0,NA
"E3","V3SPL153",3108,"<2 cm",0,0,NA
"E3","V3SPL153",3108,"2-4 cm",0,0,NA
"E3","V3SPL153",3108,"4-6 cm",0,0,NA
"E3","V3SPL153",3108,"6-8 cm",0,0,NA
"E3","V3SPL153",3108,">8 cm",0,0,NA
"E3","V3SPL153",3109,"<2 cm",0,0,NA
"E3","V3SPL153",3109,"2-4 cm",0,0,NA
"E3","V3SPL153",3109,"4-6 cm",0,0,NA
"E3","V3SPL153",3109,"6-8 cm",0,0,NA
"E3","V3SPL153",3109,">8 cm",0,0,NA
"E3","V3SPL153",3110,"<2 cm",0,0,NA
"E3","V3SPL153",3110,"2-4 cm",0,0,NA
"E3","V3SPL153",3110,"4-6 cm",0,0,NA
"E3","V3SPL153",3110,"6-8 cm",0,0,NA
"E3","V3SPL153",3110,">8 cm",0,0,NA
"E3","V3SPL153",4101,"<2 cm",246,250,0.984
"E3","V3SPL153",4101,"2-4 cm",0,250,0
"E3","V3SPL153",4101,"4-6 cm",0,250,0
"E3","V3SPL153",4101,"6-8 cm",0,250,0
"E3","V3SPL153",4101,">8 cm",4,250,0.016
"E3","V3SPL153",4102,"<2 cm",246,250,0.984
"E3","V3SPL153",4102,"2-4 cm",0,250,0
"E3","V3SPL153",4102,"4-6 cm",0,250,0
"E3","V3SPL153",4102,"6-8 cm",0,250,0
"E3","V3SPL153",4102,">8 cm",4,250,0.016
"E3","V3SPL153",4103,"<2 cm",247,250,0.988
"E3","V3SPL153",4103,"2-4 cm",0,250,0
"E3","V3SPL153",4103,"4-6 cm",0,250,0
"E3","V3SPL153",4103,"6-8 cm",0,250,0
"E3","V3SPL153",4103,">8 cm",3,250,0.012
"E3","V3SPL153",4104,"<2 cm",0,0,NA
"E3","V3SPL153",4104,"2-4 cm",0,0,NA
"E3","V3SPL153",4104,"4-6 cm",0,0,NA
"E3","V3SPL153",4104,"6-8 cm",0,0,NA
"E3","V3SPL153",4104,">8 cm",0,0,NA
"E3","V3SPL153",4105,"<2 cm",0,0,NA
"E3","V3SPL153",4105,"2-4 cm",0,0,NA
"E3","V3SPL153",4105,"4-6 cm",0,0,NA
"E3","V3SPL153",4105,"6-8 cm",0,0,NA
"E3","V3SPL153",4105,">8 cm",0,0,NA
"E3","V3SPL153",4106,"<2 cm",0,0,NA
"E3","V3SPL153",4106,"2-4 cm",0,0,NA
"E3","V3SPL153",4106,"4-6 cm",0,0,NA
"E3","V3SPL153",4106,"6-8 cm",0,0,NA
"E3","V3SPL153",4106,">8 cm",0,0,NA
"E3","V3SPL153",4107,"<2 cm",0,0,NA
"E3","V3SPL153",4107,"2-4 cm",0,0,NA
"E3","V3SPL153",4107,"4-6 cm",0,0,NA
"E3","V3SPL153",4107,"6-8 cm",0,0,NA
"E3","V3SPL153",4107,">8 cm",0,0,NA
"E3","V3SPL153",4108,"<2 cm",0,0,NA
"E3","V3SPL153",4108,"2-4 cm",0,0,NA
"E3","V3SPL153",4108,"4-6 cm",0,0,NA
"E3","V3SPL153",4108,"6-8 cm",0,0,NA
"E3","V3SPL153",4108,">8 cm",0,0,NA
"E3","V3SPL153",4109,"<2 cm",0,0,NA
"E3","V3SPL153",4109,"2-4 cm",0,0,NA
"E3","V3SPL153",4109,"4-6 cm",0,0,NA
"E3","V3SPL153",4109,"6-8 cm",0,0,NA
"E3","V3SPL153",4109,">8 cm",0,0,NA
"E3","V3SPL153",4110,"<2 cm",0,0,NA
"E3","V3SPL153",4110,"2-4 cm",0,0,NA
"E3","V3SPL153",4110,"4-6 cm",0,0,NA
"E3","V3SPL153",4110,"6-8 cm",0,0,NA
"E3","V3SPL153",4110,">8 cm",0,0,NA
"E3","V3SPL153",5101,"<2 cm",243,250,0.972
"E3","V3SPL153",5101,"2-4 cm",2,250,0.008
"E3","V3SPL153",5101,"4-6 cm",0,250,0
"E3","V3SPL153",5101,"6-8 cm",0,250,0
"E3","V3SPL153",5101,">8 cm",5,250,0.02
"E3","V3SPL153",5102,"<2 cm",247,250,0.988
"E3","V3SPL153",5102,"2-4 cm",0,250,0
"E3","V3SPL153",5102,"4-6 cm",0,250,0
"E3","V3SPL153",5102,"6-8 cm",0,250,0
"E3","V3SPL153",5102,">8 cm",3,250,0.012
"E3","V3SPL153",5103,"<2 cm",245,250,0.98
"E3","V3SPL153",5103,"2-4 cm",2,250,0.008
"E3","V3SPL153",5103,"4-6 cm",0,250,0
"E3","V3SPL153",5103,"6-8 cm",0,250,0
"E3","V3SPL153",5103,">8 cm",3,250,0.012
"E3","V3SPL153",5104,"<2 cm",0,0,NA
"E3","V3SPL153",5104,"2-4 cm",0,0,NA
"E3","V3SPL153",5104,"4-6 cm",0,0,NA
"E3","V3SPL153",5104,"6-8 cm",0,0,NA
"E3","V3SPL153",5104,">8 cm",0,0,NA
"E3","V3SPL153",5105,"<2 cm",0,0,NA
"E3","V3SPL153",5105,"2-4 cm",0,0,NA
"E3","V3SPL153",5105,"4-6 cm",0,0,NA
"E3","V3SPL153",5105,"6-8 cm",0,0,NA
"E3","V3SPL153",5105,">8 cm",0,0,NA
"E3","V3SPL153",5106,"<2 cm",0,0,NA
"E3","V3SPL153",5106,"2-4 cm",0,0,NA
"E3","V3SPL153",5106,"4-6 cm",0,0,NA
"E3","V3SPL153",5106,"6-8 cm",0,0,NA
"E3","V3SPL153",5106,">8 cm",0,0,NA
"E3","V3SPL153",5107,"<2 cm",0,0,NA
"E3","V3SPL153",5107,"2-4 cm",0,0,NA
"E3","V3SPL153",5107,"4-6 cm",0,0,NA
"E3","V3SPL153",5107,"6-8 cm",0,0,NA
"E3","V3SPL153",5107,">8 cm",0,0,NA
"E3","V3SPL153",5108,"<2 cm",0,0,NA
"E3","V3SPL153",5108,"2-4 cm",0,0,NA
"E3","V3SPL153",5108,"4-6 cm",0,0,NA
"E3","V3SPL153",5108,"6-8 cm",0,0,NA
"E3","V3SPL153",5108,">8 cm",0,0,NA
"E3","V3SPL153",5109,"<2 cm",0,0,NA
"E3","V3SPL153",5109,"2-4 cm",0,0,NA
"E3","V3SPL153",5109,"4-6 cm",0,0,NA
"E3","V3SPL153",5109,"6-8 cm",0,0,NA
"E3","V3SPL153",5109,">8 cm",0,0,NA
"E3","V3SPL153",5110,"<2 cm",0,0,NA
"E3","V3SPL153",5110,"2-4 cm",0,0,NA
"E3","V3SPL153",5110,"4-6 cm",0,0,NA
"E3","V3SPL153",5110,"6-8 cm",0,0,NA
"E3","V3SPL153",5110,">8 cm",0,0,NA
"E3","V3SPL153",6101,"<2 cm",227,250,0.908
"E3","V3SPL153",6101,"2-4 cm",2,250,0.008
"E3","V3SPL153",6101,"4-6 cm",1,250,0.004
"E3","V3SPL153",6101,"6-8 cm",1,250,0.004
"E3","V3SPL153",6101,">8 cm",19,250,0.076
"E3","V3SPL153",6102,"<2 cm",229,250,0.916
"E3","V3SPL153",6102,"2-4 cm",1,250,0.004
"E3","V3SPL153",6102,"4-6 cm",0,250,0
"E3","V3SPL153",6102,"6-8 cm",1,250,0.004
"E3","V3SPL153",6102,">8 cm",19,250,0.076
"E3","V3SPL153",6103,"<2 cm",229,250,0.916
"E3","V3SPL153",6103,"2-4 cm",1,250,0.004
"E3","V3SPL153",6103,"4-6 cm",0,250,0
"E3","V3SPL153",6103,"6-8 cm",1,250,0.004
"E3","V3SPL153",6103,">8 cm",19,250,0.076
"E3","V3SPL153",6104,"<2 cm",0,0,NA
"E3","V3SPL153",6104,"2-4 cm",0,0,NA
"E3","V3SPL153",6104,"4-6 cm",0,0,NA
"E3","V3SPL153",6104,"6-8 cm",0,0,NA
"E3","V3SPL153",6104,">8 cm",0,0,NA
"E3","V3SPL153",6105,"<2 cm",0,0,NA
"E3","V3SPL153",6105,"2-4 cm",0,0,NA
"E3","V3SPL153",6105,"4-6 cm",0,0,NA
"E3","V3SPL153",6105,"6-8 cm",0,0,NA
"E3","V3SPL153",6105,">8 cm",0,0,NA
"E3","V3SPL153",6106,"<2 cm",0,0,NA
"E3","V3SPL153",6106,"2-4 cm",0,0,NA
"E3","V3SPL153",6106,"4-6 cm",0,0,NA
"E3","V3SPL153",6106,"6-8 cm",0,0,NA
"E3","V3SPL153",6106,">8 cm",0,0,NA
"E3","V3SPL153",6107,"<2 cm",0,0,NA
"E3","V3SPL153",6107,"2-4 cm",0,0,NA
"E3","V3SPL153",6107,"4-6 cm",0,0,NA
"E3","V3SPL153",6107,"6-8 cm",0,0,NA
"E3","V3SPL153",6107,">8 cm",0,0,NA
"E3","V3SPL153",6108,"<2 cm",0,0,NA
"E3","V3SPL153",6108,"2-4 cm",0,0,NA
"E3","V3SPL153",6108,"4-6 cm",0,0,NA
"E3","V3SPL153",6108,"6-8 cm",0,0,NA
"E3","V3SPL153",6108,">8 cm",0,0,NA
"E3","V3SPL153",6109,"<2 cm",0,0,NA
"E3","V3SPL153",6109,"2-4 cm",0,0,NA
"E3","V3SPL153",6109,"4-6 cm",0,0,NA
"E3","V3SPL153",6109,"6-8 cm",0,0,NA
"E3","V3SPL153",6109,">8 cm",0,0,NA
"E3","V3SPL153",6110,"<2 cm",0,0,NA
"E3","V3SPL153",6110,"2-4 cm",0,0,NA
"E3","V3SPL153",6110,"4-6 cm",0,0,NA
"E3","V3SPL153",6110,"6-8 cm",0,0,NA
"E3","V3SPL153",6110,">8 cm",0,0,NA
"E3","V3SPL153",7101,"<2 cm",249,250,0.996
"E3","V3SPL153",7101,"2-4 cm",0,250,0
"E3","V3SPL153",7101,"4-6 cm",0,250,0
"E3","V3SPL153",7101,"6-8 cm",0,250,0
"E3","V3SPL153",7101,">8 cm",1,250,0.004
"E3","V3SPL153",7102,"<2 cm",249,250,0.996
"E3","V3SPL153",7102,"2-4 cm",1,250,0.004
"E3","V3SPL153",7102,"4-6 cm",0,250,0
"E3","V3SPL153",7102,"6-8 cm",0,250,0
"E3","V3SPL153",7102,">8 cm",0,250,0
"E3","V3SPL153",7103,"<2 cm",249,250,0.996
"E3","V3SPL153",7103,"2-4 cm",0,250,0
"E3","V3SPL153",7103,"4-6 cm",0,250,0
"E3","V3SPL153",7103,"6-8 cm",0,250,0
"E3","V3SPL153",7103,">8 cm",1,250,0.004
"E3","V3SPL153",7104,"<2 cm",0,0,NA
"E3","V3SPL153",7104,"2-4 cm",0,0,NA
"E3","V3SPL153",7104,"4-6 cm",0,0,NA
"E3","V3SPL153",7104,"6-8 cm",0,0,NA
"E3","V3SPL153",7104,">8 cm",0,0,NA
"E3","V3SPL153",7105,"<2 cm",0,0,NA
"E3","V3SPL153",7105,"2-4 cm",0,0,NA
"E3","V3SPL153",7105,"4-6 cm",0,0,NA
"E3","V3SPL153",7105,"6-8 cm",0,0,NA
"E3","V3SPL153",7105,">8 cm",0,0,NA
"E3","V3SPL153",7106,"<2 cm",0,0,NA
"E3","V3SPL153",7106,"2-4 cm",0,0,NA
"E3","V3SPL153",7106,"4-6 cm",0,0,NA
"E3","V3SPL153",7106,"6-8 cm",0,0,NA
"E3","V3SPL153",7106,">8 cm",0,0,NA
"E3","V3SPL153",7107,"<2 cm",0,0,NA
"E3","V3SPL153",7107,"2-4 cm",0,0,NA
"E3","V3SPL153",7107,"4-6 cm",0,0,NA
"E3","V3SPL153",7107,"6-8 cm",0,0,NA
"E3","V3SPL153",7107,">8 cm",0,0,NA
"E3","V3SPL153",7108,"<2 cm",0,0,NA
"E3","V3SPL153",7108,"2-4 cm",0,0,NA
"E3","V3SPL153",7108,"4-6 cm",0,0,NA
"E3","V3SPL153",7108,"6-8 cm",0,0,NA
"E3","V3SPL153",7108,">8 cm",0,0,NA
"E3","V3SPL153",7109,"<2 cm",0,0,NA
"E3","V3SPL153",7109,"2-4 cm",0,0,NA
"E3","V3SPL153",7109,"4-6 cm",0,0,NA
"E3","V3SPL153",7109,"6-8 cm",0,0,NA
"E3","V3SPL153",7109,">8 cm",0,0,NA
"E3","V3SPL153",7110,"<2 cm",0,0,NA
"E3","V3SPL153",7110,"2-4 cm",0,0,NA
"E3","V3SPL153",7110,"4-6 cm",0,0,NA
"E3","V3SPL153",7110,"6-8 cm",0,0,NA
"E3","V3SPL153",7110,">8 cm",0,0,NA
"E3","V3SPL153",8101,"<2 cm",243,250,0.972
"E3","V3SPL153",8101,"2-4 cm",4,250,0.016
"E3","V3SPL153",8101,"4-6 cm",0,250,0
"E3","V3SPL153",8101,"6-8 cm",0,250,0
"E3","V3SPL153",8101,">8 cm",3,250,0.012
"E3","V3SPL153",8102,"<2 cm",242,250,0.968
"E3","V3SPL153",8102,"2-4 cm",1,250,0.004
"E3","V3SPL153",8102,"4-6 cm",2,250,0.008
"E3","V3SPL153",8102,"6-8 cm",0,250,0
"E3","V3SPL153",8102,">8 cm",5,250,0.02
"E3","V3SPL153",8103,"<2 cm",242,250,0.968
"E3","V3SPL153",8103,"2-4 cm",1,250,0.004
"E3","V3SPL153",8103,"4-6 cm",2,250,0.008
"E3","V3SPL153",8103,"6-8 cm",2,250,0.008
"E3","V3SPL153",8103,">8 cm",3,250,0.012
"E3","V3SPL153",8104,"<2 cm",0,0,NA
"E3","V3SPL153",8104,"2-4 cm",0,0,NA
"E3","V3SPL153",8104,"4-6 cm",0,0,NA
"E3","V3SPL153",8104,"6-8 cm",0,0,NA
"E3","V3SPL153",8104,">8 cm",0,0,NA
"E3","V3SPL153",8105,"<2 cm",0,0,NA
"E3","V3SPL153",8105,"2-4 cm",0,0,NA
"E3","V3SPL153",8105,"4-6 cm",0,0,NA
"E3","V3SPL153",8105,"6-8 cm",0,0,NA
"E3","V3SPL153",8105,">8 cm",0,0,NA
"E3","V3SPL153",8106,"<2 cm",0,0,NA
"E3","V3SPL153",8106,"2-4 cm",0,0,NA
"E3","V3SPL153",8106,"4-6 cm",0,0,NA
"E3","V3SPL153",8106,"6-8 cm",0,0,NA
"E3","V3SPL153",8106,">8 cm",0,0,NA
"E3","V3SPL153",8107,"<2 cm",0,0,NA
"E3","V3SPL153",8107,"2-4 cm",0,0,NA
"E3","V3SPL153",8107,"4-6 cm",0,0,NA
"E3","V3SPL153",8107,"6-8 cm",0,0,NA
"E3","V3SPL153",8107,">8 cm",0,0,NA
"E3","V3SPL153",8108,"<2 cm",0,0,NA
"E3","V3SPL153",8108,"2-4 cm",0,0,NA
"E3","V3SPL153",8108,"4-6 cm",0,0,NA
"E3","V3SPL153",8108,"6-8 cm",0,0,NA
"E3","V3SPL153",8108,">8 cm",0,0,NA
"E3","V3SPL153",8109,"<2 cm",0,0,NA
"E3","V3SPL153",8109,"2-4 cm",0,0,NA
"E3","V3SPL153",8109,"4-6 cm",0,0,NA
"E3","V3SPL153",8109,"6-8 cm",0,0,NA
"E3","V3SPL153",8109,">8 cm",0,0,NA
"E3","V3SPL153",8110,"<2 cm",0,0,NA
"E3","V3SPL153",8110,"2-4 cm",0,0,NA
"E3","V3SPL153",8110,"4-6 cm",0,0,NA
"E3","V3SPL153",8110,"6-8 cm",0,0,NA
"E3","V3SPL153",8110,">8 cm",0,0,NA
"E3","V3SPL153",9101,"<2 cm",237,250,0.948
"E3","V3SPL153",9101,"2-4 cm",0,250,0
"E3","V3SPL153",9101,"4-6 cm",2,250,0.008
"E3","V3SPL153",9101,"6-8 cm",0,250,0
"E3","V3SPL153",9101,">8 cm",11,250,0.044
"E3","V3SPL153",9102,"<2 cm",235,250,0.94
"E3","V3SPL153",9102,"2-4 cm",1,250,0.004
"E3","V3SPL153",9102,"4-6 cm",3,250,0.012
"E3","V3SPL153",9102,"6-8 cm",0,250,0
"E3","V3SPL153",9102,">8 cm",11,250,0.044
"E3","V3SPL153",9103,"<2 cm",237,250,0.948
"E3","V3SPL153",9103,"2-4 cm",1,250,0.004
"E3","V3SPL153",9103,"4-6 cm",1,250,0.004
"E3","V3SPL153",9103,"6-8 cm",0,250,0
"E3","V3SPL153",9103,">8 cm",11,250,0.044
"E3","V3SPL153",9104,"<2 cm",0,0,NA
"E3","V3SPL153",9104,"2-4 cm",0,0,NA
"E3","V3SPL153",9104,"4-6 cm",0,0,NA
"E3","V3SPL153",9104,"6-8 cm",0,0,NA
"E3","V3SPL153",9104,">8 cm",0,0,NA
"E3","V3SPL153",9105,"<2 cm",0,0,NA
"E3","V3SPL153",9105,"2-4 cm",0,0,NA
"E3","V3SPL153",9105,"4-6 cm",0,0,NA
"E3","V3SPL153",9105,"6-8 cm",0,0,NA
"E3","V3SPL153",9105,">8 cm",0,0,NA
"E3","V3SPL153",9106,"<2 cm",0,0,NA
"E3","V3SPL153",9106,"2-4 cm",0,0,NA
"E3","V3SPL153",9106,"4-6 cm",0,0,NA
"E3","V3SPL153",9106,"6-8 cm",0,0,NA
"E3","V3SPL153",9106,">8 cm",0,0,NA
"E3","V3SPL153",9107,"<2 cm",0,0,NA
"E3","V3SPL153",9107,"2-4 cm",0,0,NA
"E3","V3SPL153",9107,"4-6 cm",0,0,NA
"E3","V3SPL153",9107,"6-8 cm",0,0,NA
"E3","V3SPL153",9107,">8 cm",0,0,NA
"E3","V3SPL153",9108,"<2 cm",0,0,NA
"E3","V3SPL153",9108,"2-4 cm",0,0,NA
"E3","V3SPL153",9108,"4-6 cm",0,0,NA
"E3","V3SPL153",9108,"6-8 cm",0,0,NA
"E3","V3SPL153",9108,">8 cm",0,0,NA
"E3","V3SPL153",9109,"<2 cm",0,0,NA
"E3","V3SPL153",9109,"2-4 cm",0,0,NA
"E3","V3SPL153",9109,"4-6 cm",0,0,NA
"E3","V3SPL153",9109,"6-8 cm",0,0,NA
"E3","V3SPL153",9109,">8 cm",0,0,NA
"E3","V3SPL153",9110,"<2 cm",0,0,NA
"E3","V3SPL153",9110,"2-4 cm",0,0,NA
"E3","V3SPL153",9110,"4-6 cm",0,0,NA
"E3","V3SPL153",9110,"6-8 cm",0,0,NA
"E3","V3SPL153",9110,">8 cm",0,0,NA
"E3","V3SPL153",10101,"<2 cm",6,250,0.024
"E3","V3SPL153",10101,"2-4 cm",0,250,0
"E3","V3SPL153",10101,"4-6 cm",0,250,0
"E3","V3SPL153",10101,"6-8 cm",0,250,0
"E3","V3SPL153",10101,">8 cm",244,250,0.976
"E3","V3SPL153",10102,"<2 cm",5,250,0.02
"E3","V3SPL153",10102,"2-4 cm",1,250,0.004
"E3","V3SPL153",10102,"4-6 cm",0,250,0
"E3","V3SPL153",10102,"6-8 cm",0,250,0
"E3","V3SPL153",10102,">8 cm",244,250,0.976
"E3","V3SPL153",10103,"<2 cm",6,250,0.024
"E3","V3SPL153",10103,"2-4 cm",0,250,0
"E3","V3SPL153",10103,"4-6 cm",0,250,0
"E3","V3SPL153",10103,"6-8 cm",0,250,0
"E3","V3SPL153",10103,">8 cm",244,250,0.976
"E3","V3SPL153",10104,"<2 cm",0,0,NA
"E3","V3SPL153",10104,"2-4 cm",0,0,NA
"E3","V3SPL153",10104,"4-6 cm",0,0,NA
"E3","V3SPL153",10104,"6-8 cm",0,0,NA
"E3","V3SPL153",10104,">8 cm",0,0,NA
"E3","V3SPL153",10105,"<2 cm",0,0,NA
"E3","V3SPL153",10105,"2-4 cm",0,0,NA
"E3","V3SPL153",10105,"4-6 cm",0,0,NA
"E3","V3SPL153",10105,"6-8 cm",0,0,NA
"E3","V3SPL153",10105,">8 cm",0,0,NA
"E3","V3SPL153",10106,"<2 cm",0,0,NA
"E3","V3SPL153",10106,"2-4 cm",0,0,NA
"E3","V3SPL153",10106,"4-6 cm",0,0,NA
"E3","V3SPL153",10106,"6-8 cm",0,0,NA
"E3","V3SPL153",10106,">8 cm",0,0,NA
"E3","V3SPL153",10107,"<2 cm",0,0,NA
"E3","V3SPL153",10107,"2-4 cm",0,0,NA
"E3","V3SPL153",10107,"4-6 cm",0,0,NA
"E3","V3SPL153",10107,"6-8 cm",0,0,NA
"E3","V3SPL153",10107,">8 cm",0,0,NA
"E3","V3SPL153",10108,"<2 cm",0,0,NA
"E3","V3SPL153",10108,"2-4 cm",0,0,NA
"E3","V3SPL153",10108,"4-6 cm",0,0,NA
"E3","V3SPL153",10108,"6-8 cm",0,0,NA
"E3","V3SPL153",10108,">8 cm",0,0,NA
"E3","V3SPL153",10109,"<2 cm",0,0,NA
"E3","V3SPL153",10109,"2-4 cm",0,0,NA
"E3","V3SPL153",10109,"4-6 cm",0,0,NA
"E3","V3SPL153",10109,"6-8 cm",0,0,NA
"E3","V3SPL153",10109,">8 cm",0,0,NA
"E3","V3SPL153",10110,"<2 cm",0,0,NA
"E3","V3SPL153",10110,"2-4 cm",0,0,NA
"E3","V3SPL153",10110,"4-6 cm",0,0,NA
"E3","V3SPL153",10110,"6-8 cm",0,0,NA
"E3","V3SPL153",10110,">8 cm",0,0,NA
"E3","V3SPL153",11101,"<2 cm",0,0,NA
"E3","V3SPL153",11101,"2-4 cm",0,0,NA
"E3","V3SPL153",11101,"4-6 cm",0,0,NA
"E3","V3SPL153",11101,"6-8 cm",0,0,NA
"E3","V3SPL153",11101,">8 cm",0,0,NA
"E3","V3SPL153",11102,"<2 cm",0,0,NA
"E3","V3SPL153",11102,"2-4 cm",0,0,NA
"E3","V3SPL153",11102,"4-6 cm",0,0,NA
"E3","V3SPL153",11102,"6-8 cm",0,0,NA
"E3","V3SPL153",11102,">8 cm",0,0,NA
"E3","V3SPL153",11103,"<2 cm",0,0,NA
"E3","V3SPL153",11103,"2-4 cm",0,0,NA
"E3","V3SPL153",11103,"4-6 cm",0,0,NA
"E3","V3SPL153",11103,"6-8 cm",0,0,NA
"E3","V3SPL153",11103,">8 cm",0,0,NA
"E3","V3SPL153",11104,"<2 cm",0,0,NA
"E3","V3SPL153",11104,"2-4 cm",0,0,NA
"E3","V3SPL153",11104,"4-6 cm",0,0,NA
"E3","V3SPL153",11104,"6-8 cm",0,0,NA
"E3","V3SPL153",11104,">8 cm",0,0,NA
"E3","V3SPL153",11105,"<2 cm",0,0,NA
"E3","V3SPL153",11105,"2-4 cm",0,0,NA
"E3","V3SPL153",11105,"4-6 cm",0,0,NA
"E3","V3SPL153",11105,"6-8 cm",0,0,NA
"E3","V3SPL153",11105,">8 cm",0,0,NA
"E3","V3SPL153",11106,"<2 cm",0,0,NA
"E3","V3SPL153",11106,"2-4 cm",0,0,NA
"E3","V3SPL153",11106,"4-6 cm",0,0,NA
"E3","V3SPL153",11106,"6-8 cm",0,0,NA
"E3","V3SPL153",11106,">8 cm",0,0,NA
"E3","V3SPL153",11107,"<2 cm",0,0,NA
"E3","V3SPL153",11107,"2-4 cm",0,0,NA
"E3","V3SPL153",11107,"4-6 cm",0,0,NA
"E3","V3SPL153",11107,"6-8 cm",0,0,NA
"E3","V3SPL153",11107,">8 cm",0,0,NA
"E3","V3SPL153",11108,"<2 cm",0,0,NA
"E3","V3SPL153",11108,"2-4 cm",0,0,NA
"E3","V3SPL153",11108,"4-6 cm",0,0,NA
"E3","V3SPL153",11108,"6-8 cm",0,0,NA
"E3","V3SPL153",11108,">8 cm",0,0,NA
"E3","V3SPL153",11109,"<2 cm",0,0,NA
"E3","V3SPL153",11109,"2-4 cm",0,0,NA
"E3","V3SPL153",11109,"4-6 cm",0,0,NA
"E3","V3SPL153",11109,"6-8 cm",0,0,NA
"E3","V3SPL153",11109,">8 cm",0,0,NA
"E3","V3SPL153",11110,"<2 cm",0,0,NA
"E3","V3SPL153",11110,"2-4 cm",0,0,NA
"E3","V3SPL153",11110,"4-6 cm",0,0,NA
"E3","V3SPL153",11110,"6-8 cm",0,0,NA
"E3","V3SPL153",11110,">8 cm",0,0,NA
"E3","V3SPL153",12101,"<2 cm",0,0,NA
"E3","V3SPL153",12101,"2-4 cm",0,0,NA
"E3","V3SPL153",12101,"4-6 cm",0,0,NA
"E3","V3SPL153",12101,"6-8 cm",0,0,NA
"E3","V3SPL153",12101,">8 cm",0,0,NA
"E3","V3SPL153",12102,"<2 cm",0,0,NA
"E3","V3SPL153",12102,"2-4 cm",0,0,NA
"E3","V3SPL153",12102,"4-6 cm",0,0,NA
"E3","V3SPL153",12102,"6-8 cm",0,0,NA
"E3","V3SPL153",12102,">8 cm",0,0,NA
"E3","V3SPL153",12103,"<2 cm",0,0,NA
"E3","V3SPL153",12103,"2-4 cm",0,0,NA
"E3","V3SPL153",12103,"4-6 cm",0,0,NA
"E3","V3SPL153",12103,"6-8 cm",0,0,NA
"E3","V3SPL153",12103,">8 cm",0,0,NA
"E3","V3SPL153",12104,"<2 cm",0,0,NA
"E3","V3SPL153",12104,"2-4 cm",0,0,NA
"E3","V3SPL153",12104,"4-6 cm",0,0,NA
"E3","V3SPL153",12104,"6-8 cm",0,0,NA
"E3","V3SPL153",12104,">8 cm",0,0,NA
"E3","V3SPL153",12105,"<2 cm",0,0,NA
"E3","V3SPL153",12105,"2-4 cm",0,0,NA
"E3","V3SPL153",12105,"4-6 cm",0,0,NA
"E3","V3SPL153",12105,"6-8 cm",0,0,NA
"E3","V3SPL153",12105,">8 cm",0,0,NA
"E3","V3SPL153",12106,"<2 cm",0,0,NA
"E3","V3SPL153",12106,"2-4 cm",0,0,NA
"E3","V3SPL153",12106,"4-6 cm",0,0,NA
"E3","V3SPL153",12106,"6-8 cm",0,0,NA
"E3","V3SPL153",12106,">8 cm",0,0,NA
"E3","V3SPL153",12107,"<2 cm",0,0,NA
"E3","V3SPL153",12107,"2-4 cm",0,0,NA
"E3","V3SPL153",12107,"4-6 cm",0,0,NA
"E3","V3SPL153",12107,"6-8 cm",0,0,NA
"E3","V3SPL153",12107,">8 cm",0,0,NA
"E3","V3SPL153",12108,"<2 cm",0,0,NA
"E3","V3SPL153",12108,"2-4 cm",0,0,NA
"E3","V3SPL153",12108,"4-6 cm",0,0,NA
"E3","V3SPL153",12108,"6-8 cm",0,0,NA
"E3","V3SPL153",12108,">8 cm",0,0,NA
"E3","V3SPL153",12109,"<2 cm",0,0,NA
"E3","V3SPL153",12109,"2-4 cm",0,0,NA
"E3","V3SPL153",12109,"4-6 cm",0,0,NA
"E3","V3SPL153",12109,"6-8 cm",0,0,NA
"E3","V3SPL153",12109,">8 cm",0,0,NA
"E3","V3SPL153",12110,"<2 cm",0,0,NA
"E3","V3SPL153",12110,"2-4 cm",0,0,NA
"E3","V3SPL153",12110,"4-6 cm",0,0,NA
"E3","V3SPL153",12110,"6-8 cm",0,0,NA
"E3","V3SPL153",12110,">8 cm",0,0,NA
"E3","V3SPL153",13101,"<2 cm",0,0,NA
"E3","V3SPL153",13101,"2-4 cm",0,0,NA
"E3","V3SPL153",13101,"4-6 cm",0,0,NA
"E3","V3SPL153",13101,"6-8 cm",0,0,NA
"E3","V3SPL153",13101,">8 cm",0,0,NA
"E3","V3SPL153",13102,"<2 cm",0,0,NA
"E3","V3SPL153",13102,"2-4 cm",0,0,NA
"E3","V3SPL153",13102,"4-6 cm",0,0,NA
"E3","V3SPL153",13102,"6-8 cm",0,0,NA
"E3","V3SPL153",13102,">8 cm",0,0,NA
"E3","V3SPL153",13103,"<2 cm",0,0,NA
"E3","V3SPL153",13103,"2-4 cm",0,0,NA
"E3","V3SPL153",13103,"4-6 cm",0,0,NA
"E3","V3SPL153",13103,"6-8 cm",0,0,NA
"E3","V3SPL153",13103,">8 cm",0,0,NA
"E3","V3SPL153",13104,"<2 cm",0,0,NA
"E3","V3SPL153",13104,"2-4 cm",0,0,NA
"E3","V3SPL153",13104,"4-6 cm",0,0,NA
"E3","V3SPL153",13104,"6-8 cm",0,0,NA
"E3","V3SPL153",13104,">8 cm",0,0,NA
"E3","V3SPL153",13105,"<2 cm",0,0,NA
"E3","V3SPL153",13105,"2-4 cm",0,0,NA
"E3","V3SPL153",13105,"4-6 cm",0,0,NA
"E3","V3SPL153",13105,"6-8 cm",0,0,NA
"E3","V3SPL153",13105,">8 cm",0,0,NA
"E3","V3SPL153",13106,"<2 cm",0,0,NA
"E3","V3SPL153",13106,"2-4 cm",0,0,NA
"E3","V3SPL153",13106,"4-6 cm",0,0,NA
"E3","V3SPL153",13106,"6-8 cm",0,0,NA
"E3","V3SPL153",13106,">8 cm",0,0,NA
"E3","V3SPL153",13107,"<2 cm",0,0,NA
"E3","V3SPL153",13107,"2-4 cm",0,0,NA
"E3","V3SPL153",13107,"4-6 cm",0,0,NA
"E3","V3SPL153",13107,"6-8 cm",0,0,NA
"E3","V3SPL153",13107,">8 cm",0,0,NA
"E3","V3SPL153",13108,"<2 cm",0,0,NA
"E3","V3SPL153",13108,"2-4 cm",0,0,NA
"E3","V3SPL153",13108,"4-6 cm",0,0,NA
"E3","V3SPL153",13108,"6-8 cm",0,0,NA
"E3","V3SPL153",13108,">8 cm",0,0,NA
"E3","V3SPL153",13109,"<2 cm",0,0,NA
"E3","V3SPL153",13109,"2-4 cm",0,0,NA
"E3","V3SPL153",13109,"4-6 cm",0,0,NA
"E3","V3SPL153",13109,"6-8 cm",0,0,NA
"E3","V3SPL153",13109,">8 cm",0,0,NA
"E3","V3SPL153",13110,"<2 cm",0,0,NA
"E3","V3SPL153",13110,"2-4 cm",0,0,NA
"E3","V3SPL153",13110,"4-6 cm",0,0,NA
"E3","V3SPL153",13110,"6-8 cm",0,0,NA
"E3","V3SPL153",13110,">8 cm",0,0,NA
"E3","V3SPL153",14101,"<2 cm",0,0,NA
"E3","V3SPL153",14101,"2-4 cm",0,0,NA
"E3","V3SPL153",14101,"4-6 cm",0,0,NA
"E3","V3SPL153",14101,"6-8 cm",0,0,NA
"E3","V3SPL153",14101,">8 cm",0,0,NA
"E3","V3SPL153",14102,"<2 cm",0,0,NA
"E3","V3SPL153",14102,"2-4 cm",0,0,NA
"E3","V3SPL153",14102,"4-6 cm",0,0,NA
"E3","V3SPL153",14102,"6-8 cm",0,0,NA
"E3","V3SPL153",14102,">8 cm",0,0,NA
"E3","V3SPL153",14103,"<2 cm",0,0,NA
"E3","V3SPL153",14103,"2-4 cm",0,0,NA
"E3","V3SPL153",14103,"4-6 cm",0,0,NA
"E3","V3SPL153",14103,"6-8 cm",0,0,NA
"E3","V3SPL153",14103,">8 cm",0,0,NA
"E3","V3SPL153",14104,"<2 cm",0,0,NA
"E3","V3SPL153",14104,"2-4 cm",0,0,NA
"E3","V3SPL153",14104,"4-6 cm",0,0,NA
"E3","V3SPL153",14104,"6-8 cm",0,0,NA
"E3","V3SPL153",14104,">8 cm",0,0,NA
"E3","V3SPL153",14105,"<2 cm",0,0,NA
"E3","V3SPL153",14105,"2-4 cm",0,0,NA
"E3","V3SPL153",14105,"4-6 cm",0,0,NA
"E3","V3SPL153",14105,"6-8 cm",0,0,NA
"E3","V3SPL153",14105,">8 cm",0,0,NA
"E3","V3SPL153",14106,"<2 cm",0,0,NA
"E3","V3SPL153",14106,"2-4 cm",0,0,NA
"E3","V3SPL153",14106,"4-6 cm",0,0,NA
"E3","V3SPL153",14106,"6-8 cm",0,0,NA
"E3","V3SPL153",14106,">8 cm",0,0,NA
"E3","V3SPL153",14107,"<2 cm",0,0,NA
"E3","V3SPL153",14107,"2-4 cm",0,0,NA
"E3","V3SPL153",14107,"4-6 cm",0,0,NA
"E3","V3SPL153",14107,"6-8 cm",0,0,NA
"E3","V3SPL153",14107,">8 cm",0,0,NA
"E3","V3SPL153",14108,"<2 cm",0,0,NA
"E3","V3SPL153",14108,"2-4 cm",0,0,NA
"E3","V3SPL153",14108,"4-6 cm",0,0,NA
"E3","V3SPL153",14108,"6-8 cm",0,0,NA
"E3","V3SPL153",14108,">8 cm",0,0,NA
"E3","V3SPL153",14109,"<2 cm",0,0,NA
"E3","V3SPL153",14109,"2-4 cm",0,0,NA
"E3","V3SPL153",14109,"4-6 cm",0,0,NA
"E3","V3SPL153",14109,"6-8 cm",0,0,NA
"E3","V3SPL153",14109,">8 cm",0,0,NA
"E3","V3SPL153",14110,"<2 cm",0,0,NA
"E3","V3SPL153",14110,"2-4 cm",0,0,NA
"E3","V3SPL153",14110,"4-6 cm",0,0,NA
"E3","V3SPL153",14110,"6-8 cm",0,0,NA
"E3","V3SPL153",14110,">8 cm",0,0,NA
"E3","V3SPL153",15101,"<2 cm",0,0,NA
"E3","V3SPL153",15101,"2-4 cm",0,0,NA
"E3","V3SPL153",15101,"4-6 cm",0,0,NA
"E3","V3SPL153",15101,"6-8 cm",0,0,NA
"E3","V3SPL153",15101,">8 cm",0,0,NA
"E3","V3SPL153",15102,"<2 cm",0,0,NA
"E3","V3SPL153",15102,"2-4 cm",0,0,NA
"E3","V3SPL153",15102,"4-6 cm",0,0,NA
"E3","V3SPL153",15102,"6-8 cm",0,0,NA
"E3","V3SPL153",15102,">8 cm",0,0,NA
"E3","V3SPL153",15103,"<2 cm",0,0,NA
"E3","V3SPL153",15103,"2-4 cm",0,0,NA
"E3","V3SPL153",15103,"4-6 cm",0,0,NA
"E3","V3SPL153",15103,"6-8 cm",0,0,NA
"E3","V3SPL153",15103,">8 cm",0,0,NA
"E3","V3SPL153",15104,"<2 cm",0,0,NA
"E3","V3SPL153",15104,"2-4 cm",0,0,NA
"E3","V3SPL153",15104,"4-6 cm",0,0,NA
"E3","V3SPL153",15104,"6-8 cm",0,0,NA
"E3","V3SPL153",15104,">8 cm",0,0,NA
"E3","V3SPL153",15105,"<2 cm",0,0,NA
"E3","V3SPL153",15105,"2-4 cm",0,0,NA
"E3","V3SPL153",15105,"4-6 cm",0,0,NA
"E3","V3SPL153",15105,"6-8 cm",0,0,NA
"E3","V3SPL153",15105,">8 cm",0,0,NA
"E3","V3SPL153",15106,"<2 cm",0,0,NA
"E3","V3SPL153",15106,"2-4 cm",0,0,NA
"E3","V3SPL153",15106,"4-6 cm",0,0,NA
"E3","V3SPL153",15106,"6-8 cm",0,0,NA
"E3","V3SPL153",15106,">8 cm",0,0,NA
"E3","V3SPL153",15107,"<2 cm",0,0,NA
"E3","V3SPL153",15107,"2-4 cm",0,0,NA
"E3","V3SPL153",15107,"4-6 cm",0,0,NA
"E3","V3SPL153",15107,"6-8 cm",0,0,NA
"E3","V3SPL153",15107,">8 cm",0,0,NA
"E3","V3SPL153",15108,"<2 cm",0,0,NA
"E3","V3SPL153",15108,"2-4 cm",0,0,NA
"E3","V3SPL153",15108,"4-6 cm",0,0,NA
"E3","V3SPL153",15108,"6-8 cm",0,0,NA
"E3","V3SPL153",15108,">8 cm",0,0,NA
"E3","V3SPL153",15109,"<2 cm",0,0,NA
"E3","V3SPL153",15109,"2-4 cm",0,0,NA
"E3","V3SPL153",15109,"4-6 cm",0,0,NA
"E3","V3SPL153",15109,"6-8 cm",0,0,NA
"E3","V3SPL153",15109,">8 cm",0,0,NA
"E3","V3SPL153",15110,"<2 cm",0,0,NA
"E3","V3SPL153",15110,"2-4 cm",0,0,NA
"E3","V3SPL153",15110,"4-6 cm",0,0,NA
"E3","V3SPL153",15110,"6-8 cm",0,0,NA
"E3","V3SPL153",15110,">8 cm",0,0,NA
"E3","V3SPL153",16101,"<2 cm",0,0,NA
"E3","V3SPL153",16101,"2-4 cm",0,0,NA
"E3","V3SPL153",16101,"4-6 cm",0,0,NA
"E3","V3SPL153",16101,"6-8 cm",0,0,NA
"E3","V3SPL153",16101,">8 cm",0,0,NA
"E3","V3SPL153",16102,"<2 cm",0,0,NA
"E3","V3SPL153",16102,"2-4 cm",0,0,NA
"E3","V3SPL153",16102,"4-6 cm",0,0,NA
"E3","V3SPL153",16102,"6-8 cm",0,0,NA
"E3","V3SPL153",16102,">8 cm",0,0,NA
"E3","V3SPL153",16103,"<2 cm",0,0,NA
"E3","V3SPL153",16103,"2-4 cm",0,0,NA
"E3","V3SPL153",16103,"4-6 cm",0,0,NA
"E3","V3SPL153",16103,"6-8 cm",0,0,NA
"E3","V3SPL153",16103,">8 cm",0,0,NA
"E3","V3SPL153",16104,"<2 cm",0,0,NA
"E3","V3SPL153",16104,"2-4 cm",0,0,NA
"E3","V3SPL153",16104,"4-6 cm",0,0,NA
"E3","V3SPL153",16104,"6-8 cm",0,0,NA
"E3","V3SPL153",16104,">8 cm",0,0,NA
"E3","V3SPL153",16105,"<2 cm",0,0,NA
"E3","V3SPL153",16105,"2-4 cm",0,0,NA
"E3","V3SPL153",16105,"4-6 cm",0,0,NA
"E3","V3SPL153",16105,"6-8 cm",0,0,NA
"E3","V3SPL153",16105,">8 cm",0,0,NA
"E3","V3SPL153",16106,"<2 cm",0,0,NA
"E3","V3SPL153",16106,"2-4 cm",0,0,NA
"E3","V3SPL153",16106,"4-6 cm",0,0,NA
"E3","V3SPL153",16106,"6-8 cm",0,0,NA
"E3","V3SPL153",16106,">8 cm",0,0,NA
"E3","V3SPL153",16107,"<2 cm",0,0,NA
"E3","V3SPL153",16107,"2-4 cm",0,0,NA
"E3","V3SPL153",16107,"4-6 cm",0,0,NA
"E3","V3SPL153",16107,"6-8 cm",0,0,NA
"E3","V3SPL153",16107,">8 cm",0,0,NA
"E3","V3SPL153",16108,"<2 cm",0,0,NA
"E3","V3SPL153",16108,"2-4 cm",0,0,NA
"E3","V3SPL153",16108,"4-6 cm",0,0,NA
"E3","V3SPL153",16108,"6-8 cm",0,0,NA
"E3","V3SPL153",16108,">8 cm",0,0,NA
"E3","V3SPL153",16109,"<2 cm",0,0,NA
"E3","V3SPL153",16109,"2-4 cm",0,0,NA
"E3","V3SPL153",16109,"4-6 cm",0,0,NA
"E3","V3SPL153",16109,"6-8 cm",0,0,NA
"E3","V3SPL153",16109,">8 cm",0,0,NA
"E3","V3SPL153",16110,"<2 cm",0,0,NA
"E3","V3SPL153",16110,"2-4 cm",0,0,NA
"E3","V3SPL153",16110,"4-6 cm",0,0,NA
"E3","V3SPL153",16110,"6-8 cm",0,0,NA
"E3","V3SPL153",16110,">8 cm",0,0,NA
"E3","V3SPL153",17101,"<2 cm",0,0,NA
"E3","V3SPL153",17101,"2-4 cm",0,0,NA
"E3","V3SPL153",17101,"4-6 cm",0,0,NA
"E3","V3SPL153",17101,"6-8 cm",0,0,NA
"E3","V3SPL153",17101,">8 cm",0,0,NA
"E3","V3SPL153",17102,"<2 cm",0,0,NA
"E3","V3SPL153",17102,"2-4 cm",0,0,NA
"E3","V3SPL153",17102,"4-6 cm",0,0,NA
"E3","V3SPL153",17102,"6-8 cm",0,0,NA
"E3","V3SPL153",17102,">8 cm",0,0,NA
"E3","V3SPL153",17103,"<2 cm",0,0,NA
"E3","V3SPL153",17103,"2-4 cm",0,0,NA
"E3","V3SPL153",17103,"4-6 cm",0,0,NA
"E3","V3SPL153",17103,"6-8 cm",0,0,NA
"E3","V3SPL153",17103,">8 cm",0,0,NA
"E3","V3SPL153",17104,"<2 cm",0,0,NA
"E3","V3SPL153",17104,"2-4 cm",0,0,NA
"E3","V3SPL153",17104,"4-6 cm",0,0,NA
"E3","V3SPL153",17104,"6-8 cm",0,0,NA
"E3","V3SPL153",17104,">8 cm",0,0,NA
"E3","V3SPL153",17105,"<2 cm",0,0,NA
"E3","V3SPL153",17105,"2-4 cm",0,0,NA
"E3","V3SPL153",17105,"4-6 cm",0,0,NA
"E3","V3SPL153",17105,"6-8 cm",0,0,NA
"E3","V3SPL153",17105,">8 cm",0,0,NA
"E3","V3SPL153",17106,"<2 cm",0,0,NA
"E3","V3SPL153",17106,"2-4 cm",0,0,NA
"E3","V3SPL153",17106,"4-6 cm",0,0,NA
"E3","V3SPL153",17106,"6-8 cm",0,0,NA
"E3","V3SPL153",17106,">8 cm",0,0,NA
"E3","V3SPL153",17107,"<2 cm",0,0,NA
"E3","V3SPL153",17107,"2-4 cm",0,0,NA
"E3","V3SPL153",17107,"4-6 cm",0,0,NA
"E3","V3SPL153",17107,"6-8 cm",0,0,NA
"E3","V3SPL153",17107,">8 cm",0,0,NA
"E3","V3SPL153",17108,"<2 cm",0,0,NA
"E3","V3SPL153",17108,"2-4 cm",0,0,NA
"E3","V3SPL153",17108,"4-6 cm",0,0,NA
"E3","V3SPL153",17108,"6-8 cm",0,0,NA
"E3","V3SPL153",17108,">8 cm",0,0,NA
"E3","V3SPL153",17109,"<2 cm",0,0,NA
"E3","V3SPL153",17109,"2-4 cm",0,0,NA
"E3","V3SPL153",17109,"4-6 cm",0,0,NA
"E3","V3SPL153",17109,"6-8 cm",0,0,NA
"E3","V3SPL153",17109,">8 cm",0,0,NA
"E3","V3SPL153",17110,"<2 cm",0,0,NA
"E3","V3SPL153",17110,"2-4 cm",0,0,NA
"E3","V3SPL153",17110,"4-6 cm",0,0,NA
"E3","V3SPL153",17110,"6-8 cm",0,0,NA
"E3","V3SPL153",17110,">8 cm",0,0,NA
"E3","V3SPL153",18101,"<2 cm",0,0,NA
"E3","V3SPL153",18101,"2-4 cm",0,0,NA
"E3","V3SPL153",18101,"4-6 cm",0,0,NA
"E3","V3SPL153",18101,"6-8 cm",0,0,NA
"E3","V3SPL153",18101,">8 cm",0,0,NA
"E3","V3SPL153",18102,"<2 cm",0,0,NA
"E3","V3SPL153",18102,"2-4 cm",0,0,NA
"E3","V3SPL153",18102,"4-6 cm",0,0,NA
"E3","V3SPL153",18102,"6-8 cm",0,0,NA
"E3","V3SPL153",18102,">8 cm",0,0,NA
"E3","V3SPL153",18103,"<2 cm",0,0,NA
"E3","V3SPL153",18103,"2-4 cm",0,0,NA
"E3","V3SPL153",18103,"4-6 cm",0,0,NA
"E3","V3SPL153",18103,"6-8 cm",0,0,NA
"E3","V3SPL153",18103,">8 cm",0,0,NA
"E3","V3SPL153",18104,"<2 cm",0,0,NA
"E3","V3SPL153",18104,"2-4 cm",0,0,NA
"E3","V3SPL153",18104,"4-6 cm",0,0,NA
"E3","V3SPL153",18104,"6-8 cm",0,0,NA
"E3","V3SPL153",18104,">8 cm",0,0,NA
"E3","V3SPL153",18105,"<2 cm",0,0,NA
"E3","V3SPL153",18105,"2-4 cm",0,0,NA
"E3","V3SPL153",18105,"4-6 cm",0,0,NA
"E3","V3SPL153",18105,"6-8 cm",0,0,NA
"E3","V3SPL153",18105,">8 cm",0,0,NA
"E3","V3SPL153",18106,"<2 cm",0,0,NA
"E3","V3SPL153",18106,"2-4 cm",0,0,NA
"E3","V3SPL153",18106,"4-6 cm",0,0,NA
"E3","V3SPL153",18106,"6-8 cm",0,0,NA
"E3","V3SPL153",18106,">8 cm",0,0,NA
"E3","V3SPL153",18107,"<2 cm",0,0,NA
"E3","V3SPL153",18107,"2-4 cm",0,0,NA
"E3","V3SPL153",18107,"4-6 cm",0,0,NA
"E3","V3SPL153",18107,"6-8 cm",0,0,NA
"E3","V3SPL153",18107,">8 cm",0,0,NA
"E3","V3SPL153",18108,"<2 cm",0,0,NA
"E3","V3SPL153",18108,"2-4 cm",0,0,NA
"E3","V3SPL153",18108,"4-6 cm",0,0,NA
"E3","V3SPL153",18108,"6-8 cm",0,0,NA
"E3","V3SPL153",18108,">8 cm",0,0,NA
"E3","V3SPL153",18109,"<2 cm",0,0,NA
"E3","V3SPL153",18109,"2-4 cm",0,0,NA
"E3","V3SPL153",18109,"4-6 cm",0,0,NA
"E3","V3SPL153",18109,"6-8 cm",0,0,NA
"E3","V3SPL153",18109,">8 cm",0,0,NA
"E3","V3SPL153",18110,"<2 cm",0,0,NA
"E3","V3SPL153",18110,"2-4 cm",0,0,NA
"E3","V3SPL153",18110,"4-6 cm",0,0,NA
"E3","V3SPL153",18110,"6-8 cm",0,0,NA
"E3","V3SPL153",18110,">8 cm",0,0,NA
"E3","V3SPL153",19101,"<2 cm",0,0,NA
"E3","V3SPL153",19101,"2-4 cm",0,0,NA
"E3","V3SPL153",19101,"4-6 cm",0,0,NA
"E3","V3SPL153",19101,"6-8 cm",0,0,NA
"E3","V3SPL153",19101,">8 cm",0,0,NA
"E3","V3SPL153",19102,"<2 cm",0,0,NA
"E3","V3SPL153",19102,"2-4 cm",0,0,NA
"E3","V3SPL153",19102,"4-6 cm",0,0,NA
"E3","V3SPL153",19102,"6-8 cm",0,0,NA
"E3","V3SPL153",19102,">8 cm",0,0,NA
"E3","V3SPL153",19103,"<2 cm",0,0,NA
"E3","V3SPL153",19103,"2-4 cm",0,0,NA
"E3","V3SPL153",19103,"4-6 cm",0,0,NA
"E3","V3SPL153",19103,"6-8 cm",0,0,NA
"E3","V3SPL153",19103,">8 cm",0,0,NA
"E3","V3SPL153",19104,"<2 cm",0,0,NA
"E3","V3SPL153",19104,"2-4 cm",0,0,NA
"E3","V3SPL153",19104,"4-6 cm",0,0,NA
"E3","V3SPL153",19104,"6-8 cm",0,0,NA
"E3","V3SPL153",19104,">8 cm",0,0,NA
"E3","V3SPL153",19105,"<2 cm",0,0,NA
"E3","V3SPL153",19105,"2-4 cm",0,0,NA
"E3","V3SPL153",19105,"4-6 cm",0,0,NA
"E3","V3SPL153",19105,"6-8 cm",0,0,NA
"E3","V3SPL153",19105,">8 cm",0,0,NA
"E3","V3SPL153",19106,"<2 cm",0,0,NA
"E3","V3SPL153",19106,"2-4 cm",0,0,NA
"E3","V3SPL153",19106,"4-6 cm",0,0,NA
"E3","V3SPL153",19106,"6-8 cm",0,0,NA
"E3","V3SPL153",19106,">8 cm",0,0,NA
"E3","V3SPL153",19107,"<2 cm",0,0,NA
"E3","V3SPL153",19107,"2-4 cm",0,0,NA
"E3","V3SPL153",19107,"4-6 cm",0,0,NA
"E3","V3SPL153",19107,"6-8 cm",0,0,NA
"E3","V3SPL153",19107,">8 cm",0,0,NA
"E3","V3SPL153",19108,"<2 cm",0,0,NA
"E3","V3SPL153",19108,"2-4 cm",0,0,NA
"E3","V3SPL153",19108,"4-6 cm",0,0,NA
"E3","V3SPL153",19108,"6-8 cm",0,0,NA
"E3","V3SPL153",19108,">8 cm",0,0,NA
"E3","V3SPL153",19109,"<2 cm",0,0,NA
"E3","V3SPL153",19109,"2-4 cm",0,0,NA
"E3","V3SPL153",19109,"4-6 cm",0,0,NA
"E3","V3SPL153",19109,"6-8 cm",0,0,NA
"E3","V3SPL153",19109,">8 cm",0,0,NA
"E3","V3SPL153",19110,"<2 cm",0,0,NA
"E3","V3SPL153",19110,"2-4 cm",0,0,NA
"E3","V3SPL153",19110,"4-6 cm",0,0,NA
"E3","V3SPL153",19110,"6-8 cm",0,0,NA
"E3","V3SPL153",19110,">8 cm",0,0,NA
"E3","V3SPL153",20101,"<2 cm",0,0,NA
"E3","V3SPL153",20101,"2-4 cm",0,0,NA
"E3","V3SPL153",20101,"4-6 cm",0,0,NA
"E3","V3SPL153",20101,"6-8 cm",0,0,NA
"E3","V3SPL153",20101,">8 cm",0,0,NA
"E3","V3SPL153",20102,"<2 cm",0,0,NA
"E3","V3SPL153",20102,"2-4 cm",0,0,NA
"E3","V3SPL153",20102,"4-6 cm",0,0,NA
"E3","V3SPL153",20102,"6-8 cm",0,0,NA
"E3","V3SPL153",20102,">8 cm",0,0,NA
"E3","V3SPL153",20103,"<2 cm",0,0,NA
"E3","V3SPL153",20103,"2-4 cm",0,0,NA
"E3","V3SPL153",20103,"4-6 cm",0,0,NA
"E3","V3SPL153",20103,"6-8 cm",0,0,NA
"E3","V3SPL153",20103,">8 cm",0,0,NA
"E3","V3SPL153",20104,"<2 cm",0,0,NA
"E3","V3SPL153",20104,"2-4 cm",0,0,NA
"E3","V3SPL153",20104,"4-6 cm",0,0,NA
"E3","V3SPL153",20104,"6-8 cm",0,0,NA
"E3","V3SPL153",20104,">8 cm",0,0,NA
"E3","V3SPL153",20105,"<2 cm",0,0,NA
"E3","V3SPL153",20105,"2-4 cm",0,0,NA
"E3","V3SPL153",20105,"4-6 cm",0,0,NA
"E3","V3SPL153",20105,"6-8 cm",0,0,NA
"E3","V3SPL153",20105,">8 cm",0,0,NA
"E3","V3SPL153",20106,"<2 cm",0,0,NA
"E3","V3SPL153",20106,"2-4 cm",0,0,NA
"E3","V3SPL153",20106,"4-6 cm",0,0,NA
"E3","V3SPL153",20106,"6-8 cm",0,0,NA
"E3","V3SPL153",20106,">8 cm",0,0,NA
"E3","V3SPL153",20107,"<2 cm",0,0,NA
"E3","V3SPL153",20107,"2-4 cm",0,0,NA
"E3","V3SPL153",20107,"4-6 cm",0,0,NA
"E3","V3SPL153",20107,"6-8 cm",0,0,NA
"E3","V3SPL153",20107,">8 cm",0,0,NA
"E3","V3SPL153",20108,"<2 cm",0,0,NA
"E3","V3SPL153",20108,"2-4 cm",0,0,NA
"E3","V3SPL153",20108,"4-6 cm",0,0,NA
"E3","V3SPL153",20108,"6-8 cm",0,0,NA
"E3","V3SPL153",20108,">8 cm",0,0,NA
"E3","V3SPL153",20109,"<2 cm",0,0,NA
"E3","V3SPL153",20109,"2-4 cm",0,0,NA
"E3","V3SPL153",20109,"4-6 cm",0,0,NA
"E3","V3SPL153",20109,"6-8 cm",0,0,NA
"E3","V3SPL153",20109,">8 cm",0,0,NA
"E3","V3SPL153",20110,"<2 cm",0,0,NA
"E3","V3SPL153",20110,"2-4 cm",0,0,NA
"E3","V3SPL153",20110,"4-6 cm",0,0,NA
"E3","V3SPL153",20110,"6-8 cm",0,0,NA
"E3","V3SPL153",20110,">8 cm",0,0,NA
"E3","V3SPL153",21101,"<2 cm",0,0,NA
"E3","V3SPL153",21101,"2-4 cm",0,0,NA
"E3","V3SPL153",21101,"4-6 cm",0,0,NA
"E3","V3SPL153",21101,"6-8 cm",0,0,NA
"E3","V3SPL153",21101,">8 cm",0,0,NA
"E3","V3SPL153",21102,"<2 cm",0,0,NA
"E3","V3SPL153",21102,"2-4 cm",0,0,NA
"E3","V3SPL153",21102,"4-6 cm",0,0,NA
"E3","V3SPL153",21102,"6-8 cm",0,0,NA
"E3","V3SPL153",21102,">8 cm",0,0,NA
"E3","V3SPL153",21103,"<2 cm",0,0,NA
"E3","V3SPL153",21103,"2-4 cm",0,0,NA
"E3","V3SPL153",21103,"4-6 cm",0,0,NA
"E3","V3SPL153",21103,"6-8 cm",0,0,NA
"E3","V3SPL153",21103,">8 cm",0,0,NA
"E3","V3SPL153",21104,"<2 cm",0,0,NA
"E3","V3SPL153",21104,"2-4 cm",0,0,NA
"E3","V3SPL153",21104,"4-6 cm",0,0,NA
"E3","V3SPL153",21104,"6-8 cm",0,0,NA
"E3","V3SPL153",21104,">8 cm",0,0,NA
"E3","V3SPL153",21105,"<2 cm",0,0,NA
"E3","V3SPL153",21105,"2-4 cm",0,0,NA
"E3","V3SPL153",21105,"4-6 cm",0,0,NA
"E3","V3SPL153",21105,"6-8 cm",0,0,NA
"E3","V3SPL153",21105,">8 cm",0,0,NA
"E3","V3SPL153",21106,"<2 cm",0,0,NA
"E3","V3SPL153",21106,"2-4 cm",0,0,NA
"E3","V3SPL153",21106,"4-6 cm",0,0,NA
"E3","V3SPL153",21106,"6-8 cm",0,0,NA
"E3","V3SPL153",21106,">8 cm",0,0,NA
"E3","V3SPL153",21107,"<2 cm",0,0,NA
"E3","V3SPL153",21107,"2-4 cm",0,0,NA
"E3","V3SPL153",21107,"4-6 cm",0,0,NA
"E3","V3SPL153",21107,"6-8 cm",0,0,NA
"E3","V3SPL153",21107,">8 cm",0,0,NA
"E3","V3SPL153",21108,"<2 cm",0,0,NA
"E3","V3SPL153",21108,"2-4 cm",0,0,NA
"E3","V3SPL153",21108,"4-6 cm",0,0,NA
"E3","V3SPL153",21108,"6-8 cm",0,0,NA
"E3","V3SPL153",21108,">8 cm",0,0,NA
"E3","V3SPL153",21109,"<2 cm",0,0,NA
"E3","V3SPL153",21109,"2-4 cm",0,0,NA
"E3","V3SPL153",21109,"4-6 cm",0,0,NA
"E3","V3SPL153",21109,"6-8 cm",0,0,NA
"E3","V3SPL153",21109,">8 cm",0,0,NA
"E3","V3SPL153",21110,"<2 cm",0,0,NA
"E3","V3SPL153",21110,"2-4 cm",0,0,NA
"E3","V3SPL153",21110,"4-6 cm",0,0,NA
"E3","V3SPL153",21110,"6-8 cm",0,0,NA
"E3","V3SPL153",21110,">8 cm",0,0,NA
"E3","V3SPL153",22101,"<2 cm",0,0,NA
"E3","V3SPL153",22101,"2-4 cm",0,0,NA
"E3","V3SPL153",22101,"4-6 cm",0,0,NA
"E3","V3SPL153",22101,"6-8 cm",0,0,NA
"E3","V3SPL153",22101,">8 cm",0,0,NA
"E3","V3SPL153",22102,"<2 cm",0,0,NA
"E3","V3SPL153",22102,"2-4 cm",0,0,NA
"E3","V3SPL153",22102,"4-6 cm",0,0,NA
"E3","V3SPL153",22102,"6-8 cm",0,0,NA
"E3","V3SPL153",22102,">8 cm",0,0,NA
"E3","V3SPL153",22103,"<2 cm",0,0,NA
"E3","V3SPL153",22103,"2-4 cm",0,0,NA
"E3","V3SPL153",22103,"4-6 cm",0,0,NA
"E3","V3SPL153",22103,"6-8 cm",0,0,NA
"E3","V3SPL153",22103,">8 cm",0,0,NA
"E3","V3SPL153",22104,"<2 cm",0,0,NA
"E3","V3SPL153",22104,"2-4 cm",0,0,NA
"E3","V3SPL153",22104,"4-6 cm",0,0,NA
"E3","V3SPL153",22104,"6-8 cm",0,0,NA
"E3","V3SPL153",22104,">8 cm",0,0,NA
"E3","V3SPL153",22105,"<2 cm",0,0,NA
"E3","V3SPL153",22105,"2-4 cm",0,0,NA
"E3","V3SPL153",22105,"4-6 cm",0,0,NA
"E3","V3SPL153",22105,"6-8 cm",0,0,NA
"E3","V3SPL153",22105,">8 cm",0,0,NA
"E3","V3SPL153",22106,"<2 cm",0,0,NA
"E3","V3SPL153",22106,"2-4 cm",0,0,NA
"E3","V3SPL153",22106,"4-6 cm",0,0,NA
"E3","V3SPL153",22106,"6-8 cm",0,0,NA
"E3","V3SPL153",22106,">8 cm",0,0,NA
"E3","V3SPL153",22107,"<2 cm",0,0,NA
"E3","V3SPL153",22107,"2-4 cm",0,0,NA
"E3","V3SPL153",22107,"4-6 cm",0,0,NA
"E3","V3SPL153",22107,"6-8 cm",0,0,NA
"E3","V3SPL153",22107,">8 cm",0,0,NA
"E3","V3SPL153",22108,"<2 cm",0,0,NA
"E3","V3SPL153",22108,"2-4 cm",0,0,NA
"E3","V3SPL153",22108,"4-6 cm",0,0,NA
"E3","V3SPL153",22108,"6-8 cm",0,0,NA
"E3","V3SPL153",22108,">8 cm",0,0,NA
"E3","V3SPL153",22109,"<2 cm",0,0,NA
"E3","V3SPL153",22109,"2-4 cm",0,0,NA
"E3","V3SPL153",22109,"4-6 cm",0,0,NA
"E3","V3SPL153",22109,"6-8 cm",0,0,NA
"E3","V3SPL153",22109,">8 cm",0,0,NA
"E3","V3SPL153",22110,"<2 cm",0,0,NA
"E3","V3SPL153",22110,"2-4 cm",0,0,NA
"E3","V3SPL153",22110,"4-6 cm",0,0,NA
"E3","V3SPL153",22110,"6-8 cm",0,0,NA
"E3","V3SPL153",22110,">8 cm",0,0,NA
"E3","V3SPL153",23101,"<2 cm",0,0,NA
"E3","V3SPL153",23101,"2-4 cm",0,0,NA
"E3","V3SPL153",23101,"4-6 cm",0,0,NA
"E3","V3SPL153",23101,"6-8 cm",0,0,NA
"E3","V3SPL153",23101,">8 cm",0,0,NA
"E3","V3SPL153",23102,"<2 cm",0,0,NA
"E3","V3SPL153",23102,"2-4 cm",0,0,NA
"E3","V3SPL153",23102,"4-6 cm",0,0,NA
"E3","V3SPL153",23102,"6-8 cm",0,0,NA
"E3","V3SPL153",23102,">8 cm",0,0,NA
"E3","V3SPL153",23103,"<2 cm",0,0,NA
"E3","V3SPL153",23103,"2-4 cm",0,0,NA
"E3","V3SPL153",23103,"4-6 cm",0,0,NA
"E3","V3SPL153",23103,"6-8 cm",0,0,NA
"E3","V3SPL153",23103,">8 cm",0,0,NA
"E3","V3SPL153",23104,"<2 cm",0,0,NA
"E3","V3SPL153",23104,"2-4 cm",0,0,NA
"E3","V3SPL153",23104,"4-6 cm",0,0,NA
"E3","V3SPL153",23104,"6-8 cm",0,0,NA
"E3","V3SPL153",23104,">8 cm",0,0,NA
"E3","V3SPL153",23105,"<2 cm",0,0,NA
"E3","V3SPL153",23105,"2-4 cm",0,0,NA
"E3","V3SPL153",23105,"4-6 cm",0,0,NA
"E3","V3SPL153",23105,"6-8 cm",0,0,NA
"E3","V3SPL153",23105,">8 cm",0,0,NA
"E3","V3SPL153",23106,"<2 cm",0,0,NA
"E3","V3SPL153",23106,"2-4 cm",0,0,NA
"E3","V3SPL153",23106,"4-6 cm",0,0,NA
"E3","V3SPL153",23106,"6-8 cm",0,0,NA
"E3","V3SPL153",23106,">8 cm",0,0,NA
"E3","V3SPL153",23107,"<2 cm",0,0,NA
"E3","V3SPL153",23107,"2-4 cm",0,0,NA
"E3","V3SPL153",23107,"4-6 cm",0,0,NA
"E3","V3SPL153",23107,"6-8 cm",0,0,NA
"E3","V3SPL153",23107,">8 cm",0,0,NA
"E3","V3SPL153",23108,"<2 cm",0,0,NA
"E3","V3SPL153",23108,"2-4 cm",0,0,NA
"E3","V3SPL153",23108,"4-6 cm",0,0,NA
"E3","V3SPL153",23108,"6-8 cm",0,0,NA
"E3","V3SPL153",23108,">8 cm",0,0,NA
"E3","V3SPL153",23109,"<2 cm",0,0,NA
"E3","V3SPL153",23109,"2-4 cm",0,0,NA
"E3","V3SPL153",23109,"4-6 cm",0,0,NA
"E3","V3SPL153",23109,"6-8 cm",0,0,NA
"E3","V3SPL153",23109,">8 cm",0,0,NA
"E3","V3SPL153",23110,"<2 cm",0,0,NA
"E3","V3SPL153",23110,"2-4 cm",0,0,NA
"E3","V3SPL153",23110,"4-6 cm",0,0,NA
"E3","V3SPL153",23110,"6-8 cm",0,0,NA
"E3","V3SPL153",23110,">8 cm",0,0,NA
"E3","V3SPL153",24101,"<2 cm",0,0,NA
"E3","V3SPL153",24101,"2-4 cm",0,0,NA
"E3","V3SPL153",24101,"4-6 cm",0,0,NA
"E3","V3SPL153",24101,"6-8 cm",0,0,NA
"E3","V3SPL153",24101,">8 cm",0,0,NA
"E3","V3SPL153",24102,"<2 cm",0,0,NA
"E3","V3SPL153",24102,"2-4 cm",0,0,NA
"E3","V3SPL153",24102,"4-6 cm",0,0,NA
"E3","V3SPL153",24102,"6-8 cm",0,0,NA
"E3","V3SPL153",24102,">8 cm",0,0,NA
"E3","V3SPL153",24103,"<2 cm",0,0,NA
"E3","V3SPL153",24103,"2-4 cm",0,0,NA
"E3","V3SPL153",24103,"4-6 cm",0,0,NA
"E3","V3SPL153",24103,"6-8 cm",0,0,NA
"E3","V3SPL153",24103,">8 cm",0,0,NA
"E3","V3SPL153",24104,"<2 cm",0,0,NA
"E3","V3SPL153",24104,"2-4 cm",0,0,NA
"E3","V3SPL153",24104,"4-6 cm",0,0,NA
"E3","V3SPL153",24104,"6-8 cm",0,0,NA
"E3","V3SPL153",24104,">8 cm",0,0,NA
"E3","V3SPL153",24105,"<2 cm",0,0,NA
"E3","V3SPL153",24105,"2-4 cm",0,0,NA
"E3","V3SPL153",24105,"4-6 cm",0,0,NA
"E3","V3SPL153",24105,"6-8 cm",0,0,NA
"E3","V3SPL153",24105,">8 cm",0,0,NA
"E3","V3SPL153",24106,"<2 cm",0,0,NA
"E3","V3SPL153",24106,"2-4 cm",0,0,NA
"E3","V3SPL153",24106,"4-6 cm",0,0,NA
"E3","V3SPL153",24106,"6-8 cm",0,0,NA
"E3","V3SPL153",24106,">8 cm",0,0,NA
"E3","V3SPL153",24107,"<2 cm",0,0,NA
"E3","V3SPL153",24107,"2-4 cm",0,0,NA
"E3","V3SPL153",24107,"4-6 cm",0,0,NA
"E3","V3SPL153",24107,"6-8 cm",0,0,NA
"E3","V3SPL153",24107,">8 cm",0,0,NA
"E3","V3SPL153",24108,"<2 cm",0,0,NA
"E3","V3SPL153",24108,"2-4 cm",0,0,NA
"E3","V3SPL153",24108,"4-6 cm",0,0,NA
"E3","V3SPL153",24108,"6-8 cm",0,0,NA
"E3","V3SPL153",24108,">8 cm",0,0,NA
"E3","V3SPL153",24109,"<2 cm",0,0,NA
"E3","V3SPL153",24109,"2-4 cm",0,0,NA
"E3","V3SPL153",24109,"4-6 cm",0,0,NA
"E3","V3SPL153",24109,"6-8 cm",0,0,NA
"E3","V3SPL153",24109,">8 cm",0,0,NA
"E3","V3SPL153",24110,"<2 cm",0,0,NA
"E3","V3SPL153",24110,"2-4 cm",0,0,NA
"E3","V3SPL153",24110,"4-6 cm",0,0,NA
"E3","V3SPL153",24110,"6-8 cm",0,0,NA
"E3","V3SPL153",24110,">8 cm",0,0,NA
"E3","V3SPL153",25101,"<2 cm",0,0,NA
"E3","V3SPL153",25101,"2-4 cm",0,0,NA
"E3","V3SPL153",25101,"4-6 cm",0,0,NA
"E3","V3SPL153",25101,"6-8 cm",0,0,NA
"E3","V3SPL153",25101,">8 cm",0,0,NA
"E3","V3SPL153",25102,"<2 cm",0,0,NA
"E3","V3SPL153",25102,"2-4 cm",0,0,NA
"E3","V3SPL153",25102,"4-6 cm",0,0,NA
"E3","V3SPL153",25102,"6-8 cm",0,0,NA
"E3","V3SPL153",25102,">8 cm",0,0,NA
"E3","V3SPL153",25103,"<2 cm",0,0,NA
"E3","V3SPL153",25103,"2-4 cm",0,0,NA
"E3","V3SPL153",25103,"4-6 cm",0,0,NA
"E3","V3SPL153",25103,"6-8 cm",0,0,NA
"E3","V3SPL153",25103,">8 cm",0,0,NA
"E3","V3SPL153",25104,"<2 cm",0,0,NA
"E3","V3SPL153",25104,"2-4 cm",0,0,NA
"E3","V3SPL153",25104,"4-6 cm",0,0,NA
"E3","V3SPL153",25104,"6-8 cm",0,0,NA
"E3","V3SPL153",25104,">8 cm",0,0,NA
"E3","V3SPL153",25105,"<2 cm",0,0,NA
"E3","V3SPL153",25105,"2-4 cm",0,0,NA
"E3","V3SPL153",25105,"4-6 cm",0,0,NA
"E3","V3SPL153",25105,"6-8 cm",0,0,NA
"E3","V3SPL153",25105,">8 cm",0,0,NA
"E3","V3SPL153",25106,"<2 cm",0,0,NA
"E3","V3SPL153",25106,"2-4 cm",0,0,NA
"E3","V3SPL153",25106,"4-6 cm",0,0,NA
"E3","V3SPL153",25106,"6-8 cm",0,0,NA
"E3","V3SPL153",25106,">8 cm",0,0,NA
"E3","V3SPL153",25107,"<2 cm",0,0,NA
"E3","V3SPL153",25107,"2-4 cm",0,0,NA
"E3","V3SPL153",25107,"4-6 cm",0,0,NA
"E3","V3SPL153",25107,"6-8 cm",0,0,NA
"E3","V3SPL153",25107,">8 cm",0,0,NA
"E3","V3SPL153",25108,"<2 cm",0,0,NA
"E3","V3SPL153",25108,"2-4 cm",0,0,NA
"E3","V3SPL153",25108,"4-6 cm",0,0,NA
"E3","V3SPL153",25108,"6-8 cm",0,0,NA
"E3","V3SPL153",25108,">8 cm",0,0,NA
"E3","V3SPL153",25109,"<2 cm",0,0,NA
"E3","V3SPL153",25109,"2-4 cm",0,0,NA
"E3","V3SPL153",25109,"4-6 cm",0,0,NA
"E3","V3SPL153",25109,"6-8 cm",0,0,NA
"E3","V3SPL153",25109,">8 cm",0,0,NA
"E3","V3SPL153",25110,"<2 cm",0,0,NA
"E3","V3SPL153",25110,"2-4 cm",0,0,NA
"E3","V3SPL153",25110,"4-6 cm",0,0,NA
"E3","V3SPL153",25110,"6-8 cm",0,0,NA
"E3","V3SPL153",25110,">8 cm",0,0,NA
"E3","V3SPL153",26101,"<2 cm",0,0,NA
"E3","V3SPL153",26101,"2-4 cm",0,0,NA
"E3","V3SPL153",26101,"4-6 cm",0,0,NA
"E3","V3SPL153",26101,"6-8 cm",0,0,NA
"E3","V3SPL153",26101,">8 cm",0,0,NA
"E3","V3SPL153",26102,"<2 cm",0,0,NA
"E3","V3SPL153",26102,"2-4 cm",0,0,NA
"E3","V3SPL153",26102,"4-6 cm",0,0,NA
"E3","V3SPL153",26102,"6-8 cm",0,0,NA
"E3","V3SPL153",26102,">8 cm",0,0,NA
"E3","V3SPL153",26103,"<2 cm",0,0,NA
"E3","V3SPL153",26103,"2-4 cm",0,0,NA
"E3","V3SPL153",26103,"4-6 cm",0,0,NA
"E3","V3SPL153",26103,"6-8 cm",0,0,NA
"E3","V3SPL153",26103,">8 cm",0,0,NA
"E3","V3SPL153",26104,"<2 cm",0,0,NA
"E3","V3SPL153",26104,"2-4 cm",0,0,NA
"E3","V3SPL153",26104,"4-6 cm",0,0,NA
"E3","V3SPL153",26104,"6-8 cm",0,0,NA
"E3","V3SPL153",26104,">8 cm",0,0,NA
"E3","V3SPL153",26105,"<2 cm",0,0,NA
"E3","V3SPL153",26105,"2-4 cm",0,0,NA
"E3","V3SPL153",26105,"4-6 cm",0,0,NA
"E3","V3SPL153",26105,"6-8 cm",0,0,NA
"E3","V3SPL153",26105,">8 cm",0,0,NA
"E3","V3SPL153",26106,"<2 cm",0,0,NA
"E3","V3SPL153",26106,"2-4 cm",0,0,NA
"E3","V3SPL153",26106,"4-6 cm",0,0,NA
"E3","V3SPL153",26106,"6-8 cm",0,0,NA
"E3","V3SPL153",26106,">8 cm",0,0,NA
"E3","V3SPL153",26107,"<2 cm",0,0,NA
"E3","V3SPL153",26107,"2-4 cm",0,0,NA
"E3","V3SPL153",26107,"4-6 cm",0,0,NA
"E3","V3SPL153",26107,"6-8 cm",0,0,NA
"E3","V3SPL153",26107,">8 cm",0,0,NA
"E3","V3SPL153",26108,"<2 cm",0,0,NA
"E3","V3SPL153",26108,"2-4 cm",0,0,NA
"E3","V3SPL153",26108,"4-6 cm",0,0,NA
"E3","V3SPL153",26108,"6-8 cm",0,0,NA
"E3","V3SPL153",26108,">8 cm",0,0,NA
"E3","V3SPL153",26109,"<2 cm",0,0,NA
"E3","V3SPL153",26109,"2-4 cm",0,0,NA
"E3","V3SPL153",26109,"4-6 cm",0,0,NA
"E3","V3SPL153",26109,"6-8 cm",0,0,NA
"E3","V3SPL153",26109,">8 cm",0,0,NA
"E3","V3SPL153",26110,"<2 cm",0,0,NA
"E3","V3SPL153",26110,"2-4 cm",0,0,NA
"E3","V3SPL153",26110,"4-6 cm",0,0,NA
"E3","V3SPL153",26110,"6-8 cm",0,0,NA
"E3","V3SPL153",26110,">8 cm",0,0,NA
"E3","V3SPL153",27101,"<2 cm",0,0,NA
"E3","V3SPL153",27101,"2-4 cm",0,0,NA
"E3","V3SPL153",27101,"4-6 cm",0,0,NA
"E3","V3SPL153",27101,"6-8 cm",0,0,NA
"E3","V3SPL153",27101,">8 cm",0,0,NA
"E3","V3SPL153",27102,"<2 cm",0,0,NA
"E3","V3SPL153",27102,"2-4 cm",0,0,NA
"E3","V3SPL153",27102,"4-6 cm",0,0,NA
"E3","V3SPL153",27102,"6-8 cm",0,0,NA
"E3","V3SPL153",27102,">8 cm",0,0,NA
"E3","V3SPL153",27103,"<2 cm",0,0,NA
"E3","V3SPL153",27103,"2-4 cm",0,0,NA
"E3","V3SPL153",27103,"4-6 cm",0,0,NA
"E3","V3SPL153",27103,"6-8 cm",0,0,NA
"E3","V3SPL153",27103,">8 cm",0,0,NA
"E3","V3SPL153",27104,"<2 cm",0,0,NA
"E3","V3SPL153",27104,"2-4 cm",0,0,NA
"E3","V3SPL153",27104,"4-6 cm",0,0,NA
"E3","V3SPL153",27104,"6-8 cm",0,0,NA
"E3","V3SPL153",27104,">8 cm",0,0,NA
"E3","V3SPL153",27105,"<2 cm",0,0,NA
"E3","V3SPL153",27105,"2-4 cm",0,0,NA
"E3","V3SPL153",27105,"4-6 cm",0,0,NA
"E3","V3SPL153",27105,"6-8 cm",0,0,NA
"E3","V3SPL153",27105,">8 cm",0,0,NA
"E3","V3SPL153",27106,"<2 cm",0,0,NA
"E3","V3SPL153",27106,"2-4 cm",0,0,NA
"E3","V3SPL153",27106,"4-6 cm",0,0,NA
"E3","V3SPL153",27106,"6-8 cm",0,0,NA
"E3","V3SPL153",27106,">8 cm",0,0,NA
"E3","V3SPL153",27107,"<2 cm",0,0,NA
"E3","V3SPL153",27107,"2-4 cm",0,0,NA
"E3","V3SPL153",27107,"4-6 cm",0,0,NA
"E3","V3SPL153",27107,"6-8 cm",0,0,NA
"E3","V3SPL153",27107,">8 cm",0,0,NA
"E3","V3SPL153",27108,"<2 cm",0,0,NA
"E3","V3SPL153",27108,"2-4 cm",0,0,NA
"E3","V3SPL153",27108,"4-6 cm",0,0,NA
"E3","V3SPL153",27108,"6-8 cm",0,0,NA
"E3","V3SPL153",27108,">8 cm",0,0,NA
"E3","V3SPL153",27109,"<2 cm",0,0,NA
"E3","V3SPL153",27109,"2-4 cm",0,0,NA
"E3","V3SPL153",27109,"4-6 cm",0,0,NA
"E3","V3SPL153",27109,"6-8 cm",0,0,NA
"E3","V3SPL153",27109,">8 cm",0,0,NA
"E3","V3SPL153",27110,"<2 cm",0,0,NA
"E3","V3SPL153",27110,"2-4 cm",0,0,NA
"E3","V3SPL153",27110,"4-6 cm",0,0,NA
"E3","V3SPL153",27110,"6-8 cm",0,0,NA
"E3","V3SPL153",27110,">8 cm",0,0,NA
"E3","V3SPL153",28101,"<2 cm",0,0,NA
"E3","V3SPL153",28101,"2-4 cm",0,0,NA
"E3","V3SPL153",28101,"4-6 cm",0,0,NA
"E3","V3SPL153",28101,"6-8 cm",0,0,NA
"E3","V3SPL153",28101,">8 cm",0,0,NA
"E3","V3SPL153",28102,"<2 cm",0,0,NA
"E3","V3SPL153",28102,"2-4 cm",0,0,NA
"E3","V3SPL153",28102,"4-6 cm",0,0,NA
"E3","V3SPL153",28102,"6-8 cm",0,0,NA
"E3","V3SPL153",28102,">8 cm",0,0,NA
"E3","V3SPL153",28103,"<2 cm",0,0,NA
"E3","V3SPL153",28103,"2-4 cm",0,0,NA
"E3","V3SPL153",28103,"4-6 cm",0,0,NA
"E3","V3SPL153",28103,"6-8 cm",0,0,NA
"E3","V3SPL153",28103,">8 cm",0,0,NA
"E3","V3SPL153",28104,"<2 cm",0,0,NA
"E3","V3SPL153",28104,"2-4 cm",0,0,NA
"E3","V3SPL153",28104,"4-6 cm",0,0,NA
"E3","V3SPL153",28104,"6-8 cm",0,0,NA
"E3","V3SPL153",28104,">8 cm",0,0,NA
"E3","V3SPL153",28105,"<2 cm",0,0,NA
"E3","V3SPL153",28105,"2-4 cm",0,0,NA
"E3","V3SPL153",28105,"4-6 cm",0,0,NA
"E3","V3SPL153",28105,"6-8 cm",0,0,NA
"E3","V3SPL153",28105,">8 cm",0,0,NA
"E3","V3SPL153",28106,"<2 cm",0,0,NA
"E3","V3SPL153",28106,"2-4 cm",0,0,NA
"E3","V3SPL153",28106,"4-6 cm",0,0,NA
"E3","V3SPL153",28106,"6-8 cm",0,0,NA
"E3","V3SPL153",28106,">8 cm",0,0,NA
"E3","V3SPL153",28107,"<2 cm",0,0,NA
"E3","V3SPL153",28107,"2-4 cm",0,0,NA
"E3","V3SPL153",28107,"4-6 cm",0,0,NA
"E3","V3SPL153",28107,"6-8 cm",0,0,NA
"E3","V3SPL153",28107,">8 cm",0,0,NA
"E3","V3SPL153",28108,"<2 cm",0,0,NA
"E3","V3SPL153",28108,"2-4 cm",0,0,NA
"E3","V3SPL153",28108,"4-6 cm",0,0,NA
"E3","V3SPL153",28108,"6-8 cm",0,0,NA
"E3","V3SPL153",28108,">8 cm",0,0,NA
"E3","V3SPL153",28109,"<2 cm",0,0,NA
"E3","V3SPL153",28109,"2-4 cm",0,0,NA
"E3","V3SPL153",28109,"4-6 cm",0,0,NA
"E3","V3SPL153",28109,"6-8 cm",0,0,NA
"E3","V3SPL153",28109,">8 cm",0,0,NA
"E3","V3SPL153",28110,"<2 cm",0,0,NA
"E3","V3SPL153",28110,"2-4 cm",0,0,NA
"E3","V3SPL153",28110,"4-6 cm",0,0,NA
"E3","V3SPL153",28110,"6-8 cm",0,0,NA
"E3","V3SPL153",28110,">8 cm",0,0,NA
"E3","V3SPL153",29101,"<2 cm",0,0,NA
"E3","V3SPL153",29101,"2-4 cm",0,0,NA
"E3","V3SPL153",29101,"4-6 cm",0,0,NA
"E3","V3SPL153",29101,"6-8 cm",0,0,NA
"E3","V3SPL153",29101,">8 cm",0,0,NA
"E3","V3SPL153",29102,"<2 cm",0,0,NA
"E3","V3SPL153",29102,"2-4 cm",0,0,NA
"E3","V3SPL153",29102,"4-6 cm",0,0,NA
"E3","V3SPL153",29102,"6-8 cm",0,0,NA
"E3","V3SPL153",29102,">8 cm",0,0,NA
"E3","V3SPL153",29103,"<2 cm",0,0,NA
"E3","V3SPL153",29103,"2-4 cm",0,0,NA
"E3","V3SPL153",29103,"4-6 cm",0,0,NA
"E3","V3SPL153",29103,"6-8 cm",0,0,NA
"E3","V3SPL153",29103,">8 cm",0,0,NA
"E3","V3SPL153",29104,"<2 cm",0,0,NA
"E3","V3SPL153",29104,"2-4 cm",0,0,NA
"E3","V3SPL153",29104,"4-6 cm",0,0,NA
"E3","V3SPL153",29104,"6-8 cm",0,0,NA
"E3","V3SPL153",29104,">8 cm",0,0,NA
"E3","V3SPL153",29105,"<2 cm",0,0,NA
"E3","V3SPL153",29105,"2-4 cm",0,0,NA
"E3","V3SPL153",29105,"4-6 cm",0,0,NA
"E3","V3SPL153",29105,"6-8 cm",0,0,NA
"E3","V3SPL153",29105,">8 cm",0,0,NA
"E3","V3SPL153",29106,"<2 cm",0,0,NA
"E3","V3SPL153",29106,"2-4 cm",0,0,NA
"E3","V3SPL153",29106,"4-6 cm",0,0,NA
"E3","V3SPL153",29106,"6-8 cm",0,0,NA
"E3","V3SPL153",29106,">8 cm",0,0,NA
"E3","V3SPL153",29107,"<2 cm",0,0,NA
"E3","V3SPL153",29107,"2-4 cm",0,0,NA
"E3","V3SPL153",29107,"4-6 cm",0,0,NA
"E3","V3SPL153",29107,"6-8 cm",0,0,NA
"E3","V3SPL153",29107,">8 cm",0,0,NA
"E3","V3SPL153",29108,"<2 cm",0,0,NA
"E3","V3SPL153",29108,"2-4 cm",0,0,NA
"E3","V3SPL153",29108,"4-6 cm",0,0,NA
"E3","V3SPL153",29108,"6-8 cm",0,0,NA
"E3","V3SPL153",29108,">8 cm",0,0,NA
"E3","V3SPL153",29109,"<2 cm",0,0,NA
"E3","V3SPL153",29109,"2-4 cm",0,0,NA
"E3","V3SPL153",29109,"4-6 cm",0,0,NA
"E3","V3SPL153",29109,"6-8 cm",0,0,NA
"E3","V3SPL153",29109,">8 cm",0,0,NA
"E3","V3SPL153",29110,"<2 cm",0,0,NA
"E3","V3SPL153",29110,"2-4 cm",0,0,NA
"E3","V3SPL153",29110,"4-6 cm",0,0,NA
"E3","V3SPL153",29110,"6-8 cm",0,0,NA
"E3","V3SPL153",29110,">8 cm",0,0,NA
"E3","V3SPL153",30101,"<2 cm",0,0,NA
"E3","V3SPL153",30101,"2-4 cm",0,0,NA
"E3","V3SPL153",30101,"4-6 cm",0,0,NA
"E3","V3SPL153",30101,"6-8 cm",0,0,NA
"E3","V3SPL153",30101,">8 cm",0,0,NA
"E3","V3SPL153",30102,"<2 cm",0,0,NA
"E3","V3SPL153",30102,"2-4 cm",0,0,NA
"E3","V3SPL153",30102,"4-6 cm",0,0,NA
"E3","V3SPL153",30102,"6-8 cm",0,0,NA
"E3","V3SPL153",30102,">8 cm",0,0,NA
"E3","V3SPL153",30103,"<2 cm",0,0,NA
"E3","V3SPL153",30103,"2-4 cm",0,0,NA
"E3","V3SPL153",30103,"4-6 cm",0,0,NA
"E3","V3SPL153",30103,"6-8 cm",0,0,NA
"E3","V3SPL153",30103,">8 cm",0,0,NA
"E3","V3SPL153",30104,"<2 cm",0,0,NA
"E3","V3SPL153",30104,"2-4 cm",0,0,NA
"E3","V3SPL153",30104,"4-6 cm",0,0,NA
"E3","V3SPL153",30104,"6-8 cm",0,0,NA
"E3","V3SPL153",30104,">8 cm",0,0,NA
"E3","V3SPL153",30105,"<2 cm",0,0,NA
"E3","V3SPL153",30105,"2-4 cm",0,0,NA
"E3","V3SPL153",30105,"4-6 cm",0,0,NA
"E3","V3SPL153",30105,"6-8 cm",0,0,NA
"E3","V3SPL153",30105,">8 cm",0,0,NA
"E3","V3SPL153",30106,"<2 cm",0,0,NA
"E3","V3SPL153",30106,"2-4 cm",0,0,NA
"E3","V3SPL153",30106,"4-6 cm",0,0,NA
"E3","V3SPL153",30106,"6-8 cm",0,0,NA
"E3","V3SPL153",30106,">8 cm",0,0,NA
"E3","V3SPL153",30107,"<2 cm",0,0,NA
"E3","V3SPL153",30107,"2-4 cm",0,0,NA
"E3","V3SPL153",30107,"4-6 cm",0,0,NA
"E3","V3SPL153",30107,"6-8 cm",0,0,NA
"E3","V3SPL153",30107,">8 cm",0,0,NA
"E3","V3SPL153",30108,"<2 cm",0,0,NA
"E3","V3SPL153",30108,"2-4 cm",0,0,NA
"E3","V3SPL153",30108,"4-6 cm",0,0,NA
"E3","V3SPL153",30108,"6-8 cm",0,0,NA
"E3","V3SPL153",30108,">8 cm",0,0,NA
"E3","V3SPL153",30109,"<2 cm",0,0,NA
"E3","V3SPL153",30109,"2-4 cm",0,0,NA
"E3","V3SPL153",30109,"4-6 cm",0,0,NA
"E3","V3SPL153",30109,"6-8 cm",0,0,NA
"E3","V3SPL153",30109,">8 cm",0,0,NA
"E3","V3SPL153",30110,"<2 cm",0,0,NA
"E3","V3SPL153",30110,"2-4 cm",0,0,NA
"E3","V3SPL153",30110,"4-6 cm",0,0,NA
"E3","V3SPL153",30110,"6-8 cm",0,0,NA
"E3","V3SPL153",30110,">8 cm",0,0,NA
"E3","V3SPL160",1101,"<2 cm",248,250,0.992
"E3","V3SPL160",1101,"2-4 cm",1,250,0.004
"E3","V3SPL160",1101,"4-6 cm",0,250,0
"E3","V3SPL160",1101,"6-8 cm",1,250,0.004
"E3","V3SPL160",1101,">8 cm",0,250,0
"E3","V3SPL160",1102,"<2 cm",248,250,0.992
"E3","V3SPL160",1102,"2-4 cm",0,250,0
"E3","V3SPL160",1102,"4-6 cm",1,250,0.004
"E3","V3SPL160",1102,"6-8 cm",0,250,0
"E3","V3SPL160",1102,">8 cm",1,250,0.004
"E3","V3SPL160",1103,"<2 cm",248,250,0.992
"E3","V3SPL160",1103,"2-4 cm",0,250,0
"E3","V3SPL160",1103,"4-6 cm",0,250,0
"E3","V3SPL160",1103,"6-8 cm",0,250,0
"E3","V3SPL160",1103,">8 cm",2,250,0.008
"E3","V3SPL160",1104,"<2 cm",0,0,NA
"E3","V3SPL160",1104,"2-4 cm",0,0,NA
"E3","V3SPL160",1104,"4-6 cm",0,0,NA
"E3","V3SPL160",1104,"6-8 cm",0,0,NA
"E3","V3SPL160",1104,">8 cm",0,0,NA
"E3","V3SPL160",1105,"<2 cm",0,0,NA
"E3","V3SPL160",1105,"2-4 cm",0,0,NA
"E3","V3SPL160",1105,"4-6 cm",0,0,NA
"E3","V3SPL160",1105,"6-8 cm",0,0,NA
"E3","V3SPL160",1105,">8 cm",0,0,NA
"E3","V3SPL160",1106,"<2 cm",0,0,NA
"E3","V3SPL160",1106,"2-4 cm",0,0,NA
"E3","V3SPL160",1106,"4-6 cm",0,0,NA
"E3","V3SPL160",1106,"6-8 cm",0,0,NA
"E3","V3SPL160",1106,">8 cm",0,0,NA
"E3","V3SPL160",1107,"<2 cm",0,0,NA
"E3","V3SPL160",1107,"2-4 cm",0,0,NA
"E3","V3SPL160",1107,"4-6 cm",0,0,NA
"E3","V3SPL160",1107,"6-8 cm",0,0,NA
"E3","V3SPL160",1107,">8 cm",0,0,NA
"E3","V3SPL160",1108,"<2 cm",0,0,NA
"E3","V3SPL160",1108,"2-4 cm",0,0,NA
"E3","V3SPL160",1108,"4-6 cm",0,0,NA
"E3","V3SPL160",1108,"6-8 cm",0,0,NA
"E3","V3SPL160",1108,">8 cm",0,0,NA
"E3","V3SPL160",1109,"<2 cm",0,0,NA
"E3","V3SPL160",1109,"2-4 cm",0,0,NA
"E3","V3SPL160",1109,"4-6 cm",0,0,NA
"E3","V3SPL160",1109,"6-8 cm",0,0,NA
"E3","V3SPL160",1109,">8 cm",0,0,NA
"E3","V3SPL160",1110,"<2 cm",0,0,NA
"E3","V3SPL160",1110,"2-4 cm",0,0,NA
"E3","V3SPL160",1110,"4-6 cm",0,0,NA
"E3","V3SPL160",1110,"6-8 cm",0,0,NA
"E3","V3SPL160",1110,">8 cm",0,0,NA
"E3","V3SPL160",2101,"<2 cm",5,250,0.02
"E3","V3SPL160",2101,"2-4 cm",1,250,0.004
"E3","V3SPL160",2101,"4-6 cm",1,250,0.004
"E3","V3SPL160",2101,"6-8 cm",0,250,0
"E3","V3SPL160",2101,">8 cm",243,250,0.972
"E3","V3SPL160",2102,"<2 cm",7,250,0.028
"E3","V3SPL160",2102,"2-4 cm",0,250,0
"E3","V3SPL160",2102,"4-6 cm",1,250,0.004
"E3","V3SPL160",2102,"6-8 cm",3,250,0.012
"E3","V3SPL160",2102,">8 cm",239,250,0.956
"E3","V3SPL160",2103,"<2 cm",5,250,0.02
"E3","V3SPL160",2103,"2-4 cm",0,250,0
"E3","V3SPL160",2103,"4-6 cm",2,250,0.008
"E3","V3SPL160",2103,"6-8 cm",5,250,0.02
"E3","V3SPL160",2103,">8 cm",238,250,0.952
"E3","V3SPL160",2104,"<2 cm",0,0,NA
"E3","V3SPL160",2104,"2-4 cm",0,0,NA
"E3","V3SPL160",2104,"4-6 cm",0,0,NA
"E3","V3SPL160",2104,"6-8 cm",0,0,NA
"E3","V3SPL160",2104,">8 cm",0,0,NA
"E3","V3SPL160",2105,"<2 cm",0,0,NA
"E3","V3SPL160",2105,"2-4 cm",0,0,NA
"E3","V3SPL160",2105,"4-6 cm",0,0,NA
"E3","V3SPL160",2105,"6-8 cm",0,0,NA
"E3","V3SPL160",2105,">8 cm",0,0,NA
"E3","V3SPL160",2106,"<2 cm",0,0,NA
"E3","V3SPL160",2106,"2-4 cm",0,0,NA
"E3","V3SPL160",2106,"4-6 cm",0,0,NA
"E3","V3SPL160",2106,"6-8 cm",0,0,NA
"E3","V3SPL160",2106,">8 cm",0,0,NA
"E3","V3SPL160",2107,"<2 cm",0,0,NA
"E3","V3SPL160",2107,"2-4 cm",0,0,NA
"E3","V3SPL160",2107,"4-6 cm",0,0,NA
"E3","V3SPL160",2107,"6-8 cm",0,0,NA
"E3","V3SPL160",2107,">8 cm",0,0,NA
"E3","V3SPL160",2108,"<2 cm",0,0,NA
"E3","V3SPL160",2108,"2-4 cm",0,0,NA
"E3","V3SPL160",2108,"4-6 cm",0,0,NA
"E3","V3SPL160",2108,"6-8 cm",0,0,NA
"E3","V3SPL160",2108,">8 cm",0,0,NA
"E3","V3SPL160",2109,"<2 cm",0,0,NA
"E3","V3SPL160",2109,"2-4 cm",0,0,NA
"E3","V3SPL160",2109,"4-6 cm",0,0,NA
"E3","V3SPL160",2109,"6-8 cm",0,0,NA
"E3","V3SPL160",2109,">8 cm",0,0,NA
"E3","V3SPL160",2110,"<2 cm",0,0,NA
"E3","V3SPL160",2110,"2-4 cm",0,0,NA
"E3","V3SPL160",2110,"4-6 cm",0,0,NA
"E3","V3SPL160",2110,"6-8 cm",0,0,NA
"E3","V3SPL160",2110,">8 cm",0,0,NA
"E3","V3SPL160",3101,"<2 cm",158,250,0.632
"E3","V3SPL160",3101,"2-4 cm",0,250,0
"E3","V3SPL160",3101,"4-6 cm",1,250,0.004
"E3","V3SPL160",3101,"6-8 cm",3,250,0.012
"E3","V3SPL160",3101,">8 cm",88,250,0.352
"E3","V3SPL160",3102,"<2 cm",162,250,0.648
"E3","V3SPL160",3102,"2-4 cm",2,250,0.008
"E3","V3SPL160",3102,"4-6 cm",0,250,0
"E3","V3SPL160",3102,"6-8 cm",1,250,0.004
"E3","V3SPL160",3102,">8 cm",85,250,0.34
"E3","V3SPL160",3103,"<2 cm",158,250,0.632
"E3","V3SPL160",3103,"2-4 cm",1,250,0.004
"E3","V3SPL160",3103,"4-6 cm",0,250,0
"E3","V3SPL160",3103,"6-8 cm",1,250,0.004
"E3","V3SPL160",3103,">8 cm",90,250,0.36
"E3","V3SPL160",3104,"<2 cm",0,0,NA
"E3","V3SPL160",3104,"2-4 cm",0,0,NA
"E3","V3SPL160",3104,"4-6 cm",0,0,NA
"E3","V3SPL160",3104,"6-8 cm",0,0,NA
"E3","V3SPL160",3104,">8 cm",0,0,NA
"E3","V3SPL160",3105,"<2 cm",0,0,NA
"E3","V3SPL160",3105,"2-4 cm",0,0,NA
"E3","V3SPL160",3105,"4-6 cm",0,0,NA
"E3","V3SPL160",3105,"6-8 cm",0,0,NA
"E3","V3SPL160",3105,">8 cm",0,0,NA
"E3","V3SPL160",3106,"<2 cm",0,0,NA
"E3","V3SPL160",3106,"2-4 cm",0,0,NA
"E3","V3SPL160",3106,"4-6 cm",0,0,NA
"E3","V3SPL160",3106,"6-8 cm",0,0,NA
"E3","V3SPL160",3106,">8 cm",0,0,NA
"E3","V3SPL160",3107,"<2 cm",0,0,NA
"E3","V3SPL160",3107,"2-4 cm",0,0,NA
"E3","V3SPL160",3107,"4-6 cm",0,0,NA
"E3","V3SPL160",3107,"6-8 cm",0,0,NA
"E3","V3SPL160",3107,">8 cm",0,0,NA
"E3","V3SPL160",3108,"<2 cm",0,0,NA
"E3","V3SPL160",3108,"2-4 cm",0,0,NA
"E3","V3SPL160",3108,"4-6 cm",0,0,NA
"E3","V3SPL160",3108,"6-8 cm",0,0,NA
"E3","V3SPL160",3108,">8 cm",0,0,NA
"E3","V3SPL160",3109,"<2 cm",0,0,NA
"E3","V3SPL160",3109,"2-4 cm",0,0,NA
"E3","V3SPL160",3109,"4-6 cm",0,0,NA
"E3","V3SPL160",3109,"6-8 cm",0,0,NA
"E3","V3SPL160",3109,">8 cm",0,0,NA
"E3","V3SPL160",3110,"<2 cm",0,0,NA
"E3","V3SPL160",3110,"2-4 cm",0,0,NA
"E3","V3SPL160",3110,"4-6 cm",0,0,NA
"E3","V3SPL160",3110,"6-8 cm",0,0,NA
"E3","V3SPL160",3110,">8 cm",0,0,NA
"E3","V3SPL160",4101,"<2 cm",246,250,0.984
"E3","V3SPL160",4101,"2-4 cm",0,250,0
"E3","V3SPL160",4101,"4-6 cm",0,250,0
"E3","V3SPL160",4101,"6-8 cm",0,250,0
"E3","V3SPL160",4101,">8 cm",4,250,0.016
"E3","V3SPL160",4102,"<2 cm",246,250,0.984
"E3","V3SPL160",4102,"2-4 cm",0,250,0
"E3","V3SPL160",4102,"4-6 cm",0,250,0
"E3","V3SPL160",4102,"6-8 cm",0,250,0
"E3","V3SPL160",4102,">8 cm",4,250,0.016
"E3","V3SPL160",4103,"<2 cm",247,250,0.988
"E3","V3SPL160",4103,"2-4 cm",0,250,0
"E3","V3SPL160",4103,"4-6 cm",0,250,0
"E3","V3SPL160",4103,"6-8 cm",0,250,0
"E3","V3SPL160",4103,">8 cm",3,250,0.012
"E3","V3SPL160",4104,"<2 cm",0,0,NA
"E3","V3SPL160",4104,"2-4 cm",0,0,NA
"E3","V3SPL160",4104,"4-6 cm",0,0,NA
"E3","V3SPL160",4104,"6-8 cm",0,0,NA
"E3","V3SPL160",4104,">8 cm",0,0,NA
"E3","V3SPL160",4105,"<2 cm",0,0,NA
"E3","V3SPL160",4105,"2-4 cm",0,0,NA
"E3","V3SPL160",4105,"4-6 cm",0,0,NA
"E3","V3SPL160",4105,"6-8 cm",0,0,NA
"E3","V3SPL160",4105,">8 cm",0,0,NA
"E3","V3SPL160",4106,"<2 cm",0,0,NA
"E3","V3SPL160",4106,"2-4 cm",0,0,NA
"E3","V3SPL160",4106,"4-6 cm",0,0,NA
"E3","V3SPL160",4106,"6-8 cm",0,0,NA
"E3","V3SPL160",4106,">8 cm",0,0,NA
"E3","V3SPL160",4107,"<2 cm",0,0,NA
"E3","V3SPL160",4107,"2-4 cm",0,0,NA
"E3","V3SPL160",4107,"4-6 cm",0,0,NA
"E3","V3SPL160",4107,"6-8 cm",0,0,NA
"E3","V3SPL160",4107,">8 cm",0,0,NA
"E3","V3SPL160",4108,"<2 cm",0,0,NA
"E3","V3SPL160",4108,"2-4 cm",0,0,NA
"E3","V3SPL160",4108,"4-6 cm",0,0,NA
"E3","V3SPL160",4108,"6-8 cm",0,0,NA
"E3","V3SPL160",4108,">8 cm",0,0,NA
"E3","V3SPL160",4109,"<2 cm",0,0,NA
"E3","V3SPL160",4109,"2-4 cm",0,0,NA
"E3","V3SPL160",4109,"4-6 cm",0,0,NA
"E3","V3SPL160",4109,"6-8 cm",0,0,NA
"E3","V3SPL160",4109,">8 cm",0,0,NA
"E3","V3SPL160",4110,"<2 cm",0,0,NA
"E3","V3SPL160",4110,"2-4 cm",0,0,NA
"E3","V3SPL160",4110,"4-6 cm",0,0,NA
"E3","V3SPL160",4110,"6-8 cm",0,0,NA
"E3","V3SPL160",4110,">8 cm",0,0,NA
"E3","V3SPL160",5101,"<2 cm",243,250,0.972
"E3","V3SPL160",5101,"2-4 cm",2,250,0.008
"E3","V3SPL160",5101,"4-6 cm",0,250,0
"E3","V3SPL160",5101,"6-8 cm",0,250,0
"E3","V3SPL160",5101,">8 cm",5,250,0.02
"E3","V3SPL160",5102,"<2 cm",247,250,0.988
"E3","V3SPL160",5102,"2-4 cm",0,250,0
"E3","V3SPL160",5102,"4-6 cm",0,250,0
"E3","V3SPL160",5102,"6-8 cm",0,250,0
"E3","V3SPL160",5102,">8 cm",3,250,0.012
"E3","V3SPL160",5103,"<2 cm",245,250,0.98
"E3","V3SPL160",5103,"2-4 cm",2,250,0.008
"E3","V3SPL160",5103,"4-6 cm",0,250,0
"E3","V3SPL160",5103,"6-8 cm",0,250,0
"E3","V3SPL160",5103,">8 cm",3,250,0.012
"E3","V3SPL160",5104,"<2 cm",0,0,NA
"E3","V3SPL160",5104,"2-4 cm",0,0,NA
"E3","V3SPL160",5104,"4-6 cm",0,0,NA
"E3","V3SPL160",5104,"6-8 cm",0,0,NA
"E3","V3SPL160",5104,">8 cm",0,0,NA
"E3","V3SPL160",5105,"<2 cm",0,0,NA
"E3","V3SPL160",5105,"2-4 cm",0,0,NA
"E3","V3SPL160",5105,"4-6 cm",0,0,NA
"E3","V3SPL160",5105,"6-8 cm",0,0,NA
"E3","V3SPL160",5105,">8 cm",0,0,NA
"E3","V3SPL160",5106,"<2 cm",0,0,NA
"E3","V3SPL160",5106,"2-4 cm",0,0,NA
"E3","V3SPL160",5106,"4-6 cm",0,0,NA
"E3","V3SPL160",5106,"6-8 cm",0,0,NA
"E3","V3SPL160",5106,">8 cm",0,0,NA
"E3","V3SPL160",5107,"<2 cm",0,0,NA
"E3","V3SPL160",5107,"2-4 cm",0,0,NA
"E3","V3SPL160",5107,"4-6 cm",0,0,NA
"E3","V3SPL160",5107,"6-8 cm",0,0,NA
"E3","V3SPL160",5107,">8 cm",0,0,NA
"E3","V3SPL160",5108,"<2 cm",0,0,NA
"E3","V3SPL160",5108,"2-4 cm",0,0,NA
"E3","V3SPL160",5108,"4-6 cm",0,0,NA
"E3","V3SPL160",5108,"6-8 cm",0,0,NA
"E3","V3SPL160",5108,">8 cm",0,0,NA
"E3","V3SPL160",5109,"<2 cm",0,0,NA
"E3","V3SPL160",5109,"2-4 cm",0,0,NA
"E3","V3SPL160",5109,"4-6 cm",0,0,NA
"E3","V3SPL160",5109,"6-8 cm",0,0,NA
"E3","V3SPL160",5109,">8 cm",0,0,NA
"E3","V3SPL160",5110,"<2 cm",0,0,NA
"E3","V3SPL160",5110,"2-4 cm",0,0,NA
"E3","V3SPL160",5110,"4-6 cm",0,0,NA
"E3","V3SPL160",5110,"6-8 cm",0,0,NA
"E3","V3SPL160",5110,">8 cm",0,0,NA
"E3","V3SPL160",6101,"<2 cm",227,250,0.908
"E3","V3SPL160",6101,"2-4 cm",2,250,0.008
"E3","V3SPL160",6101,"4-6 cm",1,250,0.004
"E3","V3SPL160",6101,"6-8 cm",1,250,0.004
"E3","V3SPL160",6101,">8 cm",19,250,0.076
"E3","V3SPL160",6102,"<2 cm",229,250,0.916
"E3","V3SPL160",6102,"2-4 cm",1,250,0.004
"E3","V3SPL160",6102,"4-6 cm",0,250,0
"E3","V3SPL160",6102,"6-8 cm",1,250,0.004
"E3","V3SPL160",6102,">8 cm",19,250,0.076
"E3","V3SPL160",6103,"<2 cm",229,250,0.916
"E3","V3SPL160",6103,"2-4 cm",1,250,0.004
"E3","V3SPL160",6103,"4-6 cm",0,250,0
"E3","V3SPL160",6103,"6-8 cm",1,250,0.004
"E3","V3SPL160",6103,">8 cm",19,250,0.076
"E3","V3SPL160",6104,"<2 cm",0,0,NA
"E3","V3SPL160",6104,"2-4 cm",0,0,NA
"E3","V3SPL160",6104,"4-6 cm",0,0,NA
"E3","V3SPL160",6104,"6-8 cm",0,0,NA
"E3","V3SPL160",6104,">8 cm",0,0,NA
"E3","V3SPL160",6105,"<2 cm",0,0,NA
"E3","V3SPL160",6105,"2-4 cm",0,0,NA
"E3","V3SPL160",6105,"4-6 cm",0,0,NA
"E3","V3SPL160",6105,"6-8 cm",0,0,NA
"E3","V3SPL160",6105,">8 cm",0,0,NA
"E3","V3SPL160",6106,"<2 cm",0,0,NA
"E3","V3SPL160",6106,"2-4 cm",0,0,NA
"E3","V3SPL160",6106,"4-6 cm",0,0,NA
"E3","V3SPL160",6106,"6-8 cm",0,0,NA
"E3","V3SPL160",6106,">8 cm",0,0,NA
"E3","V3SPL160",6107,"<2 cm",0,0,NA
"E3","V3SPL160",6107,"2-4 cm",0,0,NA
"E3","V3SPL160",6107,"4-6 cm",0,0,NA
"E3","V3SPL160",6107,"6-8 cm",0,0,NA
"E3","V3SPL160",6107,">8 cm",0,0,NA
"E3","V3SPL160",6108,"<2 cm",0,0,NA
"E3","V3SPL160",6108,"2-4 cm",0,0,NA
"E3","V3SPL160",6108,"4-6 cm",0,0,NA
"E3","V3SPL160",6108,"6-8 cm",0,0,NA
"E3","V3SPL160",6108,">8 cm",0,0,NA
"E3","V3SPL160",6109,"<2 cm",0,0,NA
"E3","V3SPL160",6109,"2-4 cm",0,0,NA
"E3","V3SPL160",6109,"4-6 cm",0,0,NA
"E3","V3SPL160",6109,"6-8 cm",0,0,NA
"E3","V3SPL160",6109,">8 cm",0,0,NA
"E3","V3SPL160",6110,"<2 cm",0,0,NA
"E3","V3SPL160",6110,"2-4 cm",0,0,NA
"E3","V3SPL160",6110,"4-6 cm",0,0,NA
"E3","V3SPL160",6110,"6-8 cm",0,0,NA
"E3","V3SPL160",6110,">8 cm",0,0,NA
"E3","V3SPL160",7101,"<2 cm",249,250,0.996
"E3","V3SPL160",7101,"2-4 cm",0,250,0
"E3","V3SPL160",7101,"4-6 cm",0,250,0
"E3","V3SPL160",7101,"6-8 cm",0,250,0
"E3","V3SPL160",7101,">8 cm",1,250,0.004
"E3","V3SPL160",7102,"<2 cm",249,250,0.996
"E3","V3SPL160",7102,"2-4 cm",1,250,0.004
"E3","V3SPL160",7102,"4-6 cm",0,250,0
"E3","V3SPL160",7102,"6-8 cm",0,250,0
"E3","V3SPL160",7102,">8 cm",0,250,0
"E3","V3SPL160",7103,"<2 cm",249,250,0.996
"E3","V3SPL160",7103,"2-4 cm",0,250,0
"E3","V3SPL160",7103,"4-6 cm",0,250,0
"E3","V3SPL160",7103,"6-8 cm",0,250,0
"E3","V3SPL160",7103,">8 cm",1,250,0.004
"E3","V3SPL160",7104,"<2 cm",0,0,NA
"E3","V3SPL160",7104,"2-4 cm",0,0,NA
"E3","V3SPL160",7104,"4-6 cm",0,0,NA
"E3","V3SPL160",7104,"6-8 cm",0,0,NA
"E3","V3SPL160",7104,">8 cm",0,0,NA
"E3","V3SPL160",7105,"<2 cm",0,0,NA
"E3","V3SPL160",7105,"2-4 cm",0,0,NA
"E3","V3SPL160",7105,"4-6 cm",0,0,NA
"E3","V3SPL160",7105,"6-8 cm",0,0,NA
"E3","V3SPL160",7105,">8 cm",0,0,NA
"E3","V3SPL160",7106,"<2 cm",0,0,NA
"E3","V3SPL160",7106,"2-4 cm",0,0,NA
"E3","V3SPL160",7106,"4-6 cm",0,0,NA
"E3","V3SPL160",7106,"6-8 cm",0,0,NA
"E3","V3SPL160",7106,">8 cm",0,0,NA
"E3","V3SPL160",7107,"<2 cm",0,0,NA
"E3","V3SPL160",7107,"2-4 cm",0,0,NA
"E3","V3SPL160",7107,"4-6 cm",0,0,NA
"E3","V3SPL160",7107,"6-8 cm",0,0,NA
"E3","V3SPL160",7107,">8 cm",0,0,NA
"E3","V3SPL160",7108,"<2 cm",0,0,NA
"E3","V3SPL160",7108,"2-4 cm",0,0,NA
"E3","V3SPL160",7108,"4-6 cm",0,0,NA
"E3","V3SPL160",7108,"6-8 cm",0,0,NA
"E3","V3SPL160",7108,">8 cm",0,0,NA
"E3","V3SPL160",7109,"<2 cm",0,0,NA
"E3","V3SPL160",7109,"2-4 cm",0,0,NA
"E3","V3SPL160",7109,"4-6 cm",0,0,NA
"E3","V3SPL160",7109,"6-8 cm",0,0,NA
"E3","V3SPL160",7109,">8 cm",0,0,NA
"E3","V3SPL160",7110,"<2 cm",0,0,NA
"E3","V3SPL160",7110,"2-4 cm",0,0,NA
"E3","V3SPL160",7110,"4-6 cm",0,0,NA
"E3","V3SPL160",7110,"6-8 cm",0,0,NA
"E3","V3SPL160",7110,">8 cm",0,0,NA
"E3","V3SPL160",8101,"<2 cm",245,250,0.98
"E3","V3SPL160",8101,"2-4 cm",2,250,0.008
"E3","V3SPL160",8101,"4-6 cm",0,250,0
"E3","V3SPL160",8101,"6-8 cm",0,250,0
"E3","V3SPL160",8101,">8 cm",3,250,0.012
"E3","V3SPL160",8102,"<2 cm",241,250,0.964
"E3","V3SPL160",8102,"2-4 cm",3,250,0.012
"E3","V3SPL160",8102,"4-6 cm",1,250,0.004
"E3","V3SPL160",8102,"6-8 cm",0,250,0
"E3","V3SPL160",8102,">8 cm",5,250,0.02
"E3","V3SPL160",8103,"<2 cm",243,250,0.972
"E3","V3SPL160",8103,"2-4 cm",1,250,0.004
"E3","V3SPL160",8103,"4-6 cm",1,250,0.004
"E3","V3SPL160",8103,"6-8 cm",2,250,0.008
"E3","V3SPL160",8103,">8 cm",3,250,0.012
"E3","V3SPL160",8104,"<2 cm",0,0,NA
"E3","V3SPL160",8104,"2-4 cm",0,0,NA
"E3","V3SPL160",8104,"4-6 cm",0,0,NA
"E3","V3SPL160",8104,"6-8 cm",0,0,NA
"E3","V3SPL160",8104,">8 cm",0,0,NA
"E3","V3SPL160",8105,"<2 cm",0,0,NA
"E3","V3SPL160",8105,"2-4 cm",0,0,NA
"E3","V3SPL160",8105,"4-6 cm",0,0,NA
"E3","V3SPL160",8105,"6-8 cm",0,0,NA
"E3","V3SPL160",8105,">8 cm",0,0,NA
"E3","V3SPL160",8106,"<2 cm",0,0,NA
"E3","V3SPL160",8106,"2-4 cm",0,0,NA
"E3","V3SPL160",8106,"4-6 cm",0,0,NA
"E3","V3SPL160",8106,"6-8 cm",0,0,NA
"E3","V3SPL160",8106,">8 cm",0,0,NA
"E3","V3SPL160",8107,"<2 cm",0,0,NA
"E3","V3SPL160",8107,"2-4 cm",0,0,NA
"E3","V3SPL160",8107,"4-6 cm",0,0,NA
"E3","V3SPL160",8107,"6-8 cm",0,0,NA
"E3","V3SPL160",8107,">8 cm",0,0,NA
"E3","V3SPL160",8108,"<2 cm",0,0,NA
"E3","V3SPL160",8108,"2-4 cm",0,0,NA
"E3","V3SPL160",8108,"4-6 cm",0,0,NA
"E3","V3SPL160",8108,"6-8 cm",0,0,NA
"E3","V3SPL160",8108,">8 cm",0,0,NA
"E3","V3SPL160",8109,"<2 cm",0,0,NA
"E3","V3SPL160",8109,"2-4 cm",0,0,NA
"E3","V3SPL160",8109,"4-6 cm",0,0,NA
"E3","V3SPL160",8109,"6-8 cm",0,0,NA
"E3","V3SPL160",8109,">8 cm",0,0,NA
"E3","V3SPL160",8110,"<2 cm",0,0,NA
"E3","V3SPL160",8110,"2-4 cm",0,0,NA
"E3","V3SPL160",8110,"4-6 cm",0,0,NA
"E3","V3SPL160",8110,"6-8 cm",0,0,NA
"E3","V3SPL160",8110,">8 cm",0,0,NA
"E3","V3SPL160",9101,"<2 cm",237,250,0.948
"E3","V3SPL160",9101,"2-4 cm",0,250,0
"E3","V3SPL160",9101,"4-6 cm",2,250,0.008
"E3","V3SPL160",9101,"6-8 cm",0,250,0
"E3","V3SPL160",9101,">8 cm",11,250,0.044
"E3","V3SPL160",9102,"<2 cm",235,250,0.94
"E3","V3SPL160",9102,"2-4 cm",1,250,0.004
"E3","V3SPL160",9102,"4-6 cm",3,250,0.012
"E3","V3SPL160",9102,"6-8 cm",0,250,0
"E3","V3SPL160",9102,">8 cm",11,250,0.044
"E3","V3SPL160",9103,"<2 cm",237,250,0.948
"E3","V3SPL160",9103,"2-4 cm",1,250,0.004
"E3","V3SPL160",9103,"4-6 cm",1,250,0.004
"E3","V3SPL160",9103,"6-8 cm",0,250,0
"E3","V3SPL160",9103,">8 cm",11,250,0.044
"E3","V3SPL160",9104,"<2 cm",0,0,NA
"E3","V3SPL160",9104,"2-4 cm",0,0,NA
"E3","V3SPL160",9104,"4-6 cm",0,0,NA
"E3","V3SPL160",9104,"6-8 cm",0,0,NA
"E3","V3SPL160",9104,">8 cm",0,0,NA
"E3","V3SPL160",9105,"<2 cm",0,0,NA
"E3","V3SPL160",9105,"2-4 cm",0,0,NA
"E3","V3SPL160",9105,"4-6 cm",0,0,NA
"E3","V3SPL160",9105,"6-8 cm",0,0,NA
"E3","V3SPL160",9105,">8 cm",0,0,NA
"E3","V3SPL160",9106,"<2 cm",0,0,NA
"E3","V3SPL160",9106,"2-4 cm",0,0,NA
"E3","V3SPL160",9106,"4-6 cm",0,0,NA
"E3","V3SPL160",9106,"6-8 cm",0,0,NA
"E3","V3SPL160",9106,">8 cm",0,0,NA
"E3","V3SPL160",9107,"<2 cm",0,0,NA
"E3","V3SPL160",9107,"2-4 cm",0,0,NA
"E3","V3SPL160",9107,"4-6 cm",0,0,NA
"E3","V3SPL160",9107,"6-8 cm",0,0,NA
"E3","V3SPL160",9107,">8 cm",0,0,NA
"E3","V3SPL160",9108,"<2 cm",0,0,NA
"E3","V3SPL160",9108,"2-4 cm",0,0,NA
"E3","V3SPL160",9108,"4-6 cm",0,0,NA
"E3","V3SPL160",9108,"6-8 cm",0,0,NA
"E3","V3SPL160",9108,">8 cm",0,0,NA
"E3","V3SPL160",9109,"<2 cm",0,0,NA
"E3","V3SPL160",9109,"2-4 cm",0,0,NA
"E3","V3SPL160",9109,"4-6 cm",0,0,NA
"E3","V3SPL160",9109,"6-8 cm",0,0,NA
"E3","V3SPL160",9109,">8 cm",0,0,NA
"E3","V3SPL160",9110,"<2 cm",0,0,NA
"E3","V3SPL160",9110,"2-4 cm",0,0,NA
"E3","V3SPL160",9110,"4-6 cm",0,0,NA
"E3","V3SPL160",9110,"6-8 cm",0,0,NA
"E3","V3SPL160",9110,">8 cm",0,0,NA
"E3","V3SPL160",10101,"<2 cm",6,250,0.024
"E3","V3SPL160",10101,"2-4 cm",0,250,0
"E3","V3SPL160",10101,"4-6 cm",0,250,0
"E3","V3SPL160",10101,"6-8 cm",0,250,0
"E3","V3SPL160",10101,">8 cm",244,250,0.976
"E3","V3SPL160",10102,"<2 cm",5,250,0.02
"E3","V3SPL160",10102,"2-4 cm",1,250,0.004
"E3","V3SPL160",10102,"4-6 cm",0,250,0
"E3","V3SPL160",10102,"6-8 cm",0,250,0
"E3","V3SPL160",10102,">8 cm",244,250,0.976
"E3","V3SPL160",10103,"<2 cm",6,250,0.024
"E3","V3SPL160",10103,"2-4 cm",0,250,0
"E3","V3SPL160",10103,"4-6 cm",0,250,0
"E3","V3SPL160",10103,"6-8 cm",0,250,0
"E3","V3SPL160",10103,">8 cm",244,250,0.976
"E3","V3SPL160",10104,"<2 cm",0,0,NA
"E3","V3SPL160",10104,"2-4 cm",0,0,NA
"E3","V3SPL160",10104,"4-6 cm",0,0,NA
"E3","V3SPL160",10104,"6-8 cm",0,0,NA
"E3","V3SPL160",10104,">8 cm",0,0,NA
"E3","V3SPL160",10105,"<2 cm",0,0,NA
"E3","V3SPL160",10105,"2-4 cm",0,0,NA
"E3","V3SPL160",10105,"4-6 cm",0,0,NA
"E3","V3SPL160",10105,"6-8 cm",0,0,NA
"E3","V3SPL160",10105,">8 cm",0,0,NA
"E3","V3SPL160",10106,"<2 cm",0,0,NA
"E3","V3SPL160",10106,"2-4 cm",0,0,NA
"E3","V3SPL160",10106,"4-6 cm",0,0,NA
"E3","V3SPL160",10106,"6-8 cm",0,0,NA
"E3","V3SPL160",10106,">8 cm",0,0,NA
"E3","V3SPL160",10107,"<2 cm",0,0,NA
"E3","V3SPL160",10107,"2-4 cm",0,0,NA
"E3","V3SPL160",10107,"4-6 cm",0,0,NA
"E3","V3SPL160",10107,"6-8 cm",0,0,NA
"E3","V3SPL160",10107,">8 cm",0,0,NA
"E3","V3SPL160",10108,"<2 cm",0,0,NA
"E3","V3SPL160",10108,"2-4 cm",0,0,NA
"E3","V3SPL160",10108,"4-6 cm",0,0,NA
"E3","V3SPL160",10108,"6-8 cm",0,0,NA
"E3","V3SPL160",10108,">8 cm",0,0,NA
"E3","V3SPL160",10109,"<2 cm",0,0,NA
"E3","V3SPL160",10109,"2-4 cm",0,0,NA
"E3","V3SPL160",10109,"4-6 cm",0,0,NA
"E3","V3SPL160",10109,"6-8 cm",0,0,NA
"E3","V3SPL160",10109,">8 cm",0,0,NA
"E3","V3SPL160",10110,"<2 cm",0,0,NA
"E3","V3SPL160",10110,"2-4 cm",0,0,NA
"E3","V3SPL160",10110,"4-6 cm",0,0,NA
"E3","V3SPL160",10110,"6-8 cm",0,0,NA
"E3","V3SPL160",10110,">8 cm",0,0,NA
"E3","V3SPL160",11101,"<2 cm",0,0,NA
"E3","V3SPL160",11101,"2-4 cm",0,0,NA
"E3","V3SPL160",11101,"4-6 cm",0,0,NA
"E3","V3SPL160",11101,"6-8 cm",0,0,NA
"E3","V3SPL160",11101,">8 cm",0,0,NA
"E3","V3SPL160",11102,"<2 cm",0,0,NA
"E3","V3SPL160",11102,"2-4 cm",0,0,NA
"E3","V3SPL160",11102,"4-6 cm",0,0,NA
"E3","V3SPL160",11102,"6-8 cm",0,0,NA
"E3","V3SPL160",11102,">8 cm",0,0,NA
"E3","V3SPL160",11103,"<2 cm",0,0,NA
"E3","V3SPL160",11103,"2-4 cm",0,0,NA
"E3","V3SPL160",11103,"4-6 cm",0,0,NA
"E3","V3SPL160",11103,"6-8 cm",0,0,NA
"E3","V3SPL160",11103,">8 cm",0,0,NA
"E3","V3SPL160",11104,"<2 cm",0,0,NA
"E3","V3SPL160",11104,"2-4 cm",0,0,NA
"E3","V3SPL160",11104,"4-6 cm",0,0,NA
"E3","V3SPL160",11104,"6-8 cm",0,0,NA
"E3","V3SPL160",11104,">8 cm",0,0,NA
"E3","V3SPL160",11105,"<2 cm",0,0,NA
"E3","V3SPL160",11105,"2-4 cm",0,0,NA
"E3","V3SPL160",11105,"4-6 cm",0,0,NA
"E3","V3SPL160",11105,"6-8 cm",0,0,NA
"E3","V3SPL160",11105,">8 cm",0,0,NA
"E3","V3SPL160",11106,"<2 cm",0,0,NA
"E3","V3SPL160",11106,"2-4 cm",0,0,NA
"E3","V3SPL160",11106,"4-6 cm",0,0,NA
"E3","V3SPL160",11106,"6-8 cm",0,0,NA
"E3","V3SPL160",11106,">8 cm",0,0,NA
"E3","V3SPL160",11107,"<2 cm",0,0,NA
"E3","V3SPL160",11107,"2-4 cm",0,0,NA
"E3","V3SPL160",11107,"4-6 cm",0,0,NA
"E3","V3SPL160",11107,"6-8 cm",0,0,NA
"E3","V3SPL160",11107,">8 cm",0,0,NA
"E3","V3SPL160",11108,"<2 cm",0,0,NA
"E3","V3SPL160",11108,"2-4 cm",0,0,NA
"E3","V3SPL160",11108,"4-6 cm",0,0,NA
"E3","V3SPL160",11108,"6-8 cm",0,0,NA
"E3","V3SPL160",11108,">8 cm",0,0,NA
"E3","V3SPL160",11109,"<2 cm",0,0,NA
"E3","V3SPL160",11109,"2-4 cm",0,0,NA
"E3","V3SPL160",11109,"4-6 cm",0,0,NA
"E3","V3SPL160",11109,"6-8 cm",0,0,NA
"E3","V3SPL160",11109,">8 cm",0,0,NA
"E3","V3SPL160",11110,"<2 cm",0,0,NA
"E3","V3SPL160",11110,"2-4 cm",0,0,NA
"E3","V3SPL160",11110,"4-6 cm",0,0,NA
"E3","V3SPL160",11110,"6-8 cm",0,0,NA
"E3","V3SPL160",11110,">8 cm",0,0,NA
"E3","V3SPL160",12101,"<2 cm",0,0,NA
"E3","V3SPL160",12101,"2-4 cm",0,0,NA
"E3","V3SPL160",12101,"4-6 cm",0,0,NA
"E3","V3SPL160",12101,"6-8 cm",0,0,NA
"E3","V3SPL160",12101,">8 cm",0,0,NA
"E3","V3SPL160",12102,"<2 cm",0,0,NA
"E3","V3SPL160",12102,"2-4 cm",0,0,NA
"E3","V3SPL160",12102,"4-6 cm",0,0,NA
"E3","V3SPL160",12102,"6-8 cm",0,0,NA
"E3","V3SPL160",12102,">8 cm",0,0,NA
"E3","V3SPL160",12103,"<2 cm",0,0,NA
"E3","V3SPL160",12103,"2-4 cm",0,0,NA
"E3","V3SPL160",12103,"4-6 cm",0,0,NA
"E3","V3SPL160",12103,"6-8 cm",0,0,NA
"E3","V3SPL160",12103,">8 cm",0,0,NA
"E3","V3SPL160",12104,"<2 cm",0,0,NA
"E3","V3SPL160",12104,"2-4 cm",0,0,NA
"E3","V3SPL160",12104,"4-6 cm",0,0,NA
"E3","V3SPL160",12104,"6-8 cm",0,0,NA
"E3","V3SPL160",12104,">8 cm",0,0,NA
"E3","V3SPL160",12105,"<2 cm",0,0,NA
"E3","V3SPL160",12105,"2-4 cm",0,0,NA
"E3","V3SPL160",12105,"4-6 cm",0,0,NA
"E3","V3SPL160",12105,"6-8 cm",0,0,NA
"E3","V3SPL160",12105,">8 cm",0,0,NA
"E3","V3SPL160",12106,"<2 cm",0,0,NA
"E3","V3SPL160",12106,"2-4 cm",0,0,NA
"E3","V3SPL160",12106,"4-6 cm",0,0,NA
"E3","V3SPL160",12106,"6-8 cm",0,0,NA
"E3","V3SPL160",12106,">8 cm",0,0,NA
"E3","V3SPL160",12107,"<2 cm",0,0,NA
"E3","V3SPL160",12107,"2-4 cm",0,0,NA
"E3","V3SPL160",12107,"4-6 cm",0,0,NA
"E3","V3SPL160",12107,"6-8 cm",0,0,NA
"E3","V3SPL160",12107,">8 cm",0,0,NA
"E3","V3SPL160",12108,"<2 cm",0,0,NA
"E3","V3SPL160",12108,"2-4 cm",0,0,NA
"E3","V3SPL160",12108,"4-6 cm",0,0,NA
"E3","V3SPL160",12108,"6-8 cm",0,0,NA
"E3","V3SPL160",12108,">8 cm",0,0,NA
"E3","V3SPL160",12109,"<2 cm",0,0,NA
"E3","V3SPL160",12109,"2-4 cm",0,0,NA
"E3","V3SPL160",12109,"4-6 cm",0,0,NA
"E3","V3SPL160",12109,"6-8 cm",0,0,NA
"E3","V3SPL160",12109,">8 cm",0,0,NA
"E3","V3SPL160",12110,"<2 cm",0,0,NA
"E3","V3SPL160",12110,"2-4 cm",0,0,NA
"E3","V3SPL160",12110,"4-6 cm",0,0,NA
"E3","V3SPL160",12110,"6-8 cm",0,0,NA
"E3","V3SPL160",12110,">8 cm",0,0,NA
"E3","V3SPL160",13101,"<2 cm",0,0,NA
"E3","V3SPL160",13101,"2-4 cm",0,0,NA
"E3","V3SPL160",13101,"4-6 cm",0,0,NA
"E3","V3SPL160",13101,"6-8 cm",0,0,NA
"E3","V3SPL160",13101,">8 cm",0,0,NA
"E3","V3SPL160",13102,"<2 cm",0,0,NA
"E3","V3SPL160",13102,"2-4 cm",0,0,NA
"E3","V3SPL160",13102,"4-6 cm",0,0,NA
"E3","V3SPL160",13102,"6-8 cm",0,0,NA
"E3","V3SPL160",13102,">8 cm",0,0,NA
"E3","V3SPL160",13103,"<2 cm",0,0,NA
"E3","V3SPL160",13103,"2-4 cm",0,0,NA
"E3","V3SPL160",13103,"4-6 cm",0,0,NA
"E3","V3SPL160",13103,"6-8 cm",0,0,NA
"E3","V3SPL160",13103,">8 cm",0,0,NA
"E3","V3SPL160",13104,"<2 cm",0,0,NA
"E3","V3SPL160",13104,"2-4 cm",0,0,NA
"E3","V3SPL160",13104,"4-6 cm",0,0,NA
"E3","V3SPL160",13104,"6-8 cm",0,0,NA
"E3","V3SPL160",13104,">8 cm",0,0,NA
"E3","V3SPL160",13105,"<2 cm",0,0,NA
"E3","V3SPL160",13105,"2-4 cm",0,0,NA
"E3","V3SPL160",13105,"4-6 cm",0,0,NA
"E3","V3SPL160",13105,"6-8 cm",0,0,NA
"E3","V3SPL160",13105,">8 cm",0,0,NA
"E3","V3SPL160",13106,"<2 cm",0,0,NA
"E3","V3SPL160",13106,"2-4 cm",0,0,NA
"E3","V3SPL160",13106,"4-6 cm",0,0,NA
"E3","V3SPL160",13106,"6-8 cm",0,0,NA
"E3","V3SPL160",13106,">8 cm",0,0,NA
"E3","V3SPL160",13107,"<2 cm",0,0,NA
"E3","V3SPL160",13107,"2-4 cm",0,0,NA
"E3","V3SPL160",13107,"4-6 cm",0,0,NA
"E3","V3SPL160",13107,"6-8 cm",0,0,NA
"E3","V3SPL160",13107,">8 cm",0,0,NA
"E3","V3SPL160",13108,"<2 cm",0,0,NA
"E3","V3SPL160",13108,"2-4 cm",0,0,NA
"E3","V3SPL160",13108,"4-6 cm",0,0,NA
"E3","V3SPL160",13108,"6-8 cm",0,0,NA
"E3","V3SPL160",13108,">8 cm",0,0,NA
"E3","V3SPL160",13109,"<2 cm",0,0,NA
"E3","V3SPL160",13109,"2-4 cm",0,0,NA
"E3","V3SPL160",13109,"4-6 cm",0,0,NA
"E3","V3SPL160",13109,"6-8 cm",0,0,NA
"E3","V3SPL160",13109,">8 cm",0,0,NA
"E3","V3SPL160",13110,"<2 cm",0,0,NA
"E3","V3SPL160",13110,"2-4 cm",0,0,NA
"E3","V3SPL160",13110,"4-6 cm",0,0,NA
"E3","V3SPL160",13110,"6-8 cm",0,0,NA
"E3","V3SPL160",13110,">8 cm",0,0,NA
"E3","V3SPL160",14101,"<2 cm",0,0,NA
"E3","V3SPL160",14101,"2-4 cm",0,0,NA
"E3","V3SPL160",14101,"4-6 cm",0,0,NA
"E3","V3SPL160",14101,"6-8 cm",0,0,NA
"E3","V3SPL160",14101,">8 cm",0,0,NA
"E3","V3SPL160",14102,"<2 cm",0,0,NA
"E3","V3SPL160",14102,"2-4 cm",0,0,NA
"E3","V3SPL160",14102,"4-6 cm",0,0,NA
"E3","V3SPL160",14102,"6-8 cm",0,0,NA
"E3","V3SPL160",14102,">8 cm",0,0,NA
"E3","V3SPL160",14103,"<2 cm",0,0,NA
"E3","V3SPL160",14103,"2-4 cm",0,0,NA
"E3","V3SPL160",14103,"4-6 cm",0,0,NA
"E3","V3SPL160",14103,"6-8 cm",0,0,NA
"E3","V3SPL160",14103,">8 cm",0,0,NA
"E3","V3SPL160",14104,"<2 cm",0,0,NA
"E3","V3SPL160",14104,"2-4 cm",0,0,NA
"E3","V3SPL160",14104,"4-6 cm",0,0,NA
"E3","V3SPL160",14104,"6-8 cm",0,0,NA
"E3","V3SPL160",14104,">8 cm",0,0,NA
"E3","V3SPL160",14105,"<2 cm",0,0,NA
"E3","V3SPL160",14105,"2-4 cm",0,0,NA
"E3","V3SPL160",14105,"4-6 cm",0,0,NA
"E3","V3SPL160",14105,"6-8 cm",0,0,NA
"E3","V3SPL160",14105,">8 cm",0,0,NA
"E3","V3SPL160",14106,"<2 cm",0,0,NA
"E3","V3SPL160",14106,"2-4 cm",0,0,NA
"E3","V3SPL160",14106,"4-6 cm",0,0,NA
"E3","V3SPL160",14106,"6-8 cm",0,0,NA
"E3","V3SPL160",14106,">8 cm",0,0,NA
"E3","V3SPL160",14107,"<2 cm",0,0,NA
"E3","V3SPL160",14107,"2-4 cm",0,0,NA
"E3","V3SPL160",14107,"4-6 cm",0,0,NA
"E3","V3SPL160",14107,"6-8 cm",0,0,NA
"E3","V3SPL160",14107,">8 cm",0,0,NA
"E3","V3SPL160",14108,"<2 cm",0,0,NA
"E3","V3SPL160",14108,"2-4 cm",0,0,NA
"E3","V3SPL160",14108,"4-6 cm",0,0,NA
"E3","V3SPL160",14108,"6-8 cm",0,0,NA
"E3","V3SPL160",14108,">8 cm",0,0,NA
"E3","V3SPL160",14109,"<2 cm",0,0,NA
"E3","V3SPL160",14109,"2-4 cm",0,0,NA
"E3","V3SPL160",14109,"4-6 cm",0,0,NA
"E3","V3SPL160",14109,"6-8 cm",0,0,NA
"E3","V3SPL160",14109,">8 cm",0,0,NA
"E3","V3SPL160",14110,"<2 cm",0,0,NA
"E3","V3SPL160",14110,"2-4 cm",0,0,NA
"E3","V3SPL160",14110,"4-6 cm",0,0,NA
"E3","V3SPL160",14110,"6-8 cm",0,0,NA
"E3","V3SPL160",14110,">8 cm",0,0,NA
"E3","V3SPL160",15101,"<2 cm",0,0,NA
"E3","V3SPL160",15101,"2-4 cm",0,0,NA
"E3","V3SPL160",15101,"4-6 cm",0,0,NA
"E3","V3SPL160",15101,"6-8 cm",0,0,NA
"E3","V3SPL160",15101,">8 cm",0,0,NA
"E3","V3SPL160",15102,"<2 cm",0,0,NA
"E3","V3SPL160",15102,"2-4 cm",0,0,NA
"E3","V3SPL160",15102,"4-6 cm",0,0,NA
"E3","V3SPL160",15102,"6-8 cm",0,0,NA
"E3","V3SPL160",15102,">8 cm",0,0,NA
"E3","V3SPL160",15103,"<2 cm",0,0,NA
"E3","V3SPL160",15103,"2-4 cm",0,0,NA
"E3","V3SPL160",15103,"4-6 cm",0,0,NA
"E3","V3SPL160",15103,"6-8 cm",0,0,NA
"E3","V3SPL160",15103,">8 cm",0,0,NA
"E3","V3SPL160",15104,"<2 cm",0,0,NA
"E3","V3SPL160",15104,"2-4 cm",0,0,NA
"E3","V3SPL160",15104,"4-6 cm",0,0,NA
"E3","V3SPL160",15104,"6-8 cm",0,0,NA
"E3","V3SPL160",15104,">8 cm",0,0,NA
"E3","V3SPL160",15105,"<2 cm",0,0,NA
"E3","V3SPL160",15105,"2-4 cm",0,0,NA
"E3","V3SPL160",15105,"4-6 cm",0,0,NA
"E3","V3SPL160",15105,"6-8 cm",0,0,NA
"E3","V3SPL160",15105,">8 cm",0,0,NA
"E3","V3SPL160",15106,"<2 cm",0,0,NA
"E3","V3SPL160",15106,"2-4 cm",0,0,NA
"E3","V3SPL160",15106,"4-6 cm",0,0,NA
"E3","V3SPL160",15106,"6-8 cm",0,0,NA
"E3","V3SPL160",15106,">8 cm",0,0,NA
"E3","V3SPL160",15107,"<2 cm",0,0,NA
"E3","V3SPL160",15107,"2-4 cm",0,0,NA
"E3","V3SPL160",15107,"4-6 cm",0,0,NA
"E3","V3SPL160",15107,"6-8 cm",0,0,NA
"E3","V3SPL160",15107,">8 cm",0,0,NA
"E3","V3SPL160",15108,"<2 cm",0,0,NA
"E3","V3SPL160",15108,"2-4 cm",0,0,NA
"E3","V3SPL160",15108,"4-6 cm",0,0,NA
"E3","V3SPL160",15108,"6-8 cm",0,0,NA
"E3","V3SPL160",15108,">8 cm",0,0,NA
"E3","V3SPL160",15109,"<2 cm",0,0,NA
"E3","V3SPL160",15109,"2-4 cm",0,0,NA
"E3","V3SPL160",15109,"4-6 cm",0,0,NA
"E3","V3SPL160",15109,"6-8 cm",0,0,NA
"E3","V3SPL160",15109,">8 cm",0,0,NA
"E3","V3SPL160",15110,"<2 cm",0,0,NA
"E3","V3SPL160",15110,"2-4 cm",0,0,NA
"E3","V3SPL160",15110,"4-6 cm",0,0,NA
"E3","V3SPL160",15110,"6-8 cm",0,0,NA
"E3","V3SPL160",15110,">8 cm",0,0,NA
"E3","V3SPL160",16101,"<2 cm",0,0,NA
"E3","V3SPL160",16101,"2-4 cm",0,0,NA
"E3","V3SPL160",16101,"4-6 cm",0,0,NA
"E3","V3SPL160",16101,"6-8 cm",0,0,NA
"E3","V3SPL160",16101,">8 cm",0,0,NA
"E3","V3SPL160",16102,"<2 cm",0,0,NA
"E3","V3SPL160",16102,"2-4 cm",0,0,NA
"E3","V3SPL160",16102,"4-6 cm",0,0,NA
"E3","V3SPL160",16102,"6-8 cm",0,0,NA
"E3","V3SPL160",16102,">8 cm",0,0,NA
"E3","V3SPL160",16103,"<2 cm",0,0,NA
"E3","V3SPL160",16103,"2-4 cm",0,0,NA
"E3","V3SPL160",16103,"4-6 cm",0,0,NA
"E3","V3SPL160",16103,"6-8 cm",0,0,NA
"E3","V3SPL160",16103,">8 cm",0,0,NA
"E3","V3SPL160",16104,"<2 cm",0,0,NA
"E3","V3SPL160",16104,"2-4 cm",0,0,NA
"E3","V3SPL160",16104,"4-6 cm",0,0,NA
"E3","V3SPL160",16104,"6-8 cm",0,0,NA
"E3","V3SPL160",16104,">8 cm",0,0,NA
"E3","V3SPL160",16105,"<2 cm",0,0,NA
"E3","V3SPL160",16105,"2-4 cm",0,0,NA
"E3","V3SPL160",16105,"4-6 cm",0,0,NA
"E3","V3SPL160",16105,"6-8 cm",0,0,NA
"E3","V3SPL160",16105,">8 cm",0,0,NA
"E3","V3SPL160",16106,"<2 cm",0,0,NA
"E3","V3SPL160",16106,"2-4 cm",0,0,NA
"E3","V3SPL160",16106,"4-6 cm",0,0,NA
"E3","V3SPL160",16106,"6-8 cm",0,0,NA
"E3","V3SPL160",16106,">8 cm",0,0,NA
"E3","V3SPL160",16107,"<2 cm",0,0,NA
"E3","V3SPL160",16107,"2-4 cm",0,0,NA
"E3","V3SPL160",16107,"4-6 cm",0,0,NA
"E3","V3SPL160",16107,"6-8 cm",0,0,NA
"E3","V3SPL160",16107,">8 cm",0,0,NA
"E3","V3SPL160",16108,"<2 cm",0,0,NA
"E3","V3SPL160",16108,"2-4 cm",0,0,NA
"E3","V3SPL160",16108,"4-6 cm",0,0,NA
"E3","V3SPL160",16108,"6-8 cm",0,0,NA
"E3","V3SPL160",16108,">8 cm",0,0,NA
"E3","V3SPL160",16109,"<2 cm",0,0,NA
"E3","V3SPL160",16109,"2-4 cm",0,0,NA
"E3","V3SPL160",16109,"4-6 cm",0,0,NA
"E3","V3SPL160",16109,"6-8 cm",0,0,NA
"E3","V3SPL160",16109,">8 cm",0,0,NA
"E3","V3SPL160",16110,"<2 cm",0,0,NA
"E3","V3SPL160",16110,"2-4 cm",0,0,NA
"E3","V3SPL160",16110,"4-6 cm",0,0,NA
"E3","V3SPL160",16110,"6-8 cm",0,0,NA
"E3","V3SPL160",16110,">8 cm",0,0,NA
"E3","V3SPL160",17101,"<2 cm",0,0,NA
"E3","V3SPL160",17101,"2-4 cm",0,0,NA
"E3","V3SPL160",17101,"4-6 cm",0,0,NA
"E3","V3SPL160",17101,"6-8 cm",0,0,NA
"E3","V3SPL160",17101,">8 cm",0,0,NA
"E3","V3SPL160",17102,"<2 cm",0,0,NA
"E3","V3SPL160",17102,"2-4 cm",0,0,NA
"E3","V3SPL160",17102,"4-6 cm",0,0,NA
"E3","V3SPL160",17102,"6-8 cm",0,0,NA
"E3","V3SPL160",17102,">8 cm",0,0,NA
"E3","V3SPL160",17103,"<2 cm",0,0,NA
"E3","V3SPL160",17103,"2-4 cm",0,0,NA
"E3","V3SPL160",17103,"4-6 cm",0,0,NA
"E3","V3SPL160",17103,"6-8 cm",0,0,NA
"E3","V3SPL160",17103,">8 cm",0,0,NA
"E3","V3SPL160",17104,"<2 cm",0,0,NA
"E3","V3SPL160",17104,"2-4 cm",0,0,NA
"E3","V3SPL160",17104,"4-6 cm",0,0,NA
"E3","V3SPL160",17104,"6-8 cm",0,0,NA
"E3","V3SPL160",17104,">8 cm",0,0,NA
"E3","V3SPL160",17105,"<2 cm",0,0,NA
"E3","V3SPL160",17105,"2-4 cm",0,0,NA
"E3","V3SPL160",17105,"4-6 cm",0,0,NA
"E3","V3SPL160",17105,"6-8 cm",0,0,NA
"E3","V3SPL160",17105,">8 cm",0,0,NA
"E3","V3SPL160",17106,"<2 cm",0,0,NA
"E3","V3SPL160",17106,"2-4 cm",0,0,NA
"E3","V3SPL160",17106,"4-6 cm",0,0,NA
"E3","V3SPL160",17106,"6-8 cm",0,0,NA
"E3","V3SPL160",17106,">8 cm",0,0,NA
"E3","V3SPL160",17107,"<2 cm",0,0,NA
"E3","V3SPL160",17107,"2-4 cm",0,0,NA
"E3","V3SPL160",17107,"4-6 cm",0,0,NA
"E3","V3SPL160",17107,"6-8 cm",0,0,NA
"E3","V3SPL160",17107,">8 cm",0,0,NA
"E3","V3SPL160",17108,"<2 cm",0,0,NA
"E3","V3SPL160",17108,"2-4 cm",0,0,NA
"E3","V3SPL160",17108,"4-6 cm",0,0,NA
"E3","V3SPL160",17108,"6-8 cm",0,0,NA
"E3","V3SPL160",17108,">8 cm",0,0,NA
"E3","V3SPL160",17109,"<2 cm",0,0,NA
"E3","V3SPL160",17109,"2-4 cm",0,0,NA
"E3","V3SPL160",17109,"4-6 cm",0,0,NA
"E3","V3SPL160",17109,"6-8 cm",0,0,NA
"E3","V3SPL160",17109,">8 cm",0,0,NA
"E3","V3SPL160",17110,"<2 cm",0,0,NA
"E3","V3SPL160",17110,"2-4 cm",0,0,NA
"E3","V3SPL160",17110,"4-6 cm",0,0,NA
"E3","V3SPL160",17110,"6-8 cm",0,0,NA
"E3","V3SPL160",17110,">8 cm",0,0,NA
"E3","V3SPL160",18101,"<2 cm",0,0,NA
"E3","V3SPL160",18101,"2-4 cm",0,0,NA
"E3","V3SPL160",18101,"4-6 cm",0,0,NA
"E3","V3SPL160",18101,"6-8 cm",0,0,NA
"E3","V3SPL160",18101,">8 cm",0,0,NA
"E3","V3SPL160",18102,"<2 cm",0,0,NA
"E3","V3SPL160",18102,"2-4 cm",0,0,NA
"E3","V3SPL160",18102,"4-6 cm",0,0,NA
"E3","V3SPL160",18102,"6-8 cm",0,0,NA
"E3","V3SPL160",18102,">8 cm",0,0,NA
"E3","V3SPL160",18103,"<2 cm",0,0,NA
"E3","V3SPL160",18103,"2-4 cm",0,0,NA
"E3","V3SPL160",18103,"4-6 cm",0,0,NA
"E3","V3SPL160",18103,"6-8 cm",0,0,NA
"E3","V3SPL160",18103,">8 cm",0,0,NA
"E3","V3SPL160",18104,"<2 cm",0,0,NA
"E3","V3SPL160",18104,"2-4 cm",0,0,NA
"E3","V3SPL160",18104,"4-6 cm",0,0,NA
"E3","V3SPL160",18104,"6-8 cm",0,0,NA
"E3","V3SPL160",18104,">8 cm",0,0,NA
"E3","V3SPL160",18105,"<2 cm",0,0,NA
"E3","V3SPL160",18105,"2-4 cm",0,0,NA
"E3","V3SPL160",18105,"4-6 cm",0,0,NA
"E3","V3SPL160",18105,"6-8 cm",0,0,NA
"E3","V3SPL160",18105,">8 cm",0,0,NA
"E3","V3SPL160",18106,"<2 cm",0,0,NA
"E3","V3SPL160",18106,"2-4 cm",0,0,NA
"E3","V3SPL160",18106,"4-6 cm",0,0,NA
"E3","V3SPL160",18106,"6-8 cm",0,0,NA
"E3","V3SPL160",18106,">8 cm",0,0,NA
"E3","V3SPL160",18107,"<2 cm",0,0,NA
"E3","V3SPL160",18107,"2-4 cm",0,0,NA
"E3","V3SPL160",18107,"4-6 cm",0,0,NA
"E3","V3SPL160",18107,"6-8 cm",0,0,NA
"E3","V3SPL160",18107,">8 cm",0,0,NA
"E3","V3SPL160",18108,"<2 cm",0,0,NA
"E3","V3SPL160",18108,"2-4 cm",0,0,NA
"E3","V3SPL160",18108,"4-6 cm",0,0,NA
"E3","V3SPL160",18108,"6-8 cm",0,0,NA
"E3","V3SPL160",18108,">8 cm",0,0,NA
"E3","V3SPL160",18109,"<2 cm",0,0,NA
"E3","V3SPL160",18109,"2-4 cm",0,0,NA
"E3","V3SPL160",18109,"4-6 cm",0,0,NA
"E3","V3SPL160",18109,"6-8 cm",0,0,NA
"E3","V3SPL160",18109,">8 cm",0,0,NA
"E3","V3SPL160",18110,"<2 cm",0,0,NA
"E3","V3SPL160",18110,"2-4 cm",0,0,NA
"E3","V3SPL160",18110,"4-6 cm",0,0,NA
"E3","V3SPL160",18110,"6-8 cm",0,0,NA
"E3","V3SPL160",18110,">8 cm",0,0,NA
"E3","V3SPL160",19101,"<2 cm",0,0,NA
"E3","V3SPL160",19101,"2-4 cm",0,0,NA
"E3","V3SPL160",19101,"4-6 cm",0,0,NA
"E3","V3SPL160",19101,"6-8 cm",0,0,NA
"E3","V3SPL160",19101,">8 cm",0,0,NA
"E3","V3SPL160",19102,"<2 cm",0,0,NA
"E3","V3SPL160",19102,"2-4 cm",0,0,NA
"E3","V3SPL160",19102,"4-6 cm",0,0,NA
"E3","V3SPL160",19102,"6-8 cm",0,0,NA
"E3","V3SPL160",19102,">8 cm",0,0,NA
"E3","V3SPL160",19103,"<2 cm",0,0,NA
"E3","V3SPL160",19103,"2-4 cm",0,0,NA
"E3","V3SPL160",19103,"4-6 cm",0,0,NA
"E3","V3SPL160",19103,"6-8 cm",0,0,NA
"E3","V3SPL160",19103,">8 cm",0,0,NA
"E3","V3SPL160",19104,"<2 cm",0,0,NA
"E3","V3SPL160",19104,"2-4 cm",0,0,NA
"E3","V3SPL160",19104,"4-6 cm",0,0,NA
"E3","V3SPL160",19104,"6-8 cm",0,0,NA
"E3","V3SPL160",19104,">8 cm",0,0,NA
"E3","V3SPL160",19105,"<2 cm",0,0,NA
"E3","V3SPL160",19105,"2-4 cm",0,0,NA
"E3","V3SPL160",19105,"4-6 cm",0,0,NA
"E3","V3SPL160",19105,"6-8 cm",0,0,NA
"E3","V3SPL160",19105,">8 cm",0,0,NA
"E3","V3SPL160",19106,"<2 cm",0,0,NA
"E3","V3SPL160",19106,"2-4 cm",0,0,NA
"E3","V3SPL160",19106,"4-6 cm",0,0,NA
"E3","V3SPL160",19106,"6-8 cm",0,0,NA
"E3","V3SPL160",19106,">8 cm",0,0,NA
"E3","V3SPL160",19107,"<2 cm",0,0,NA
"E3","V3SPL160",19107,"2-4 cm",0,0,NA
"E3","V3SPL160",19107,"4-6 cm",0,0,NA
"E3","V3SPL160",19107,"6-8 cm",0,0,NA
"E3","V3SPL160",19107,">8 cm",0,0,NA
"E3","V3SPL160",19108,"<2 cm",0,0,NA
"E3","V3SPL160",19108,"2-4 cm",0,0,NA
"E3","V3SPL160",19108,"4-6 cm",0,0,NA
"E3","V3SPL160",19108,"6-8 cm",0,0,NA
"E3","V3SPL160",19108,">8 cm",0,0,NA
"E3","V3SPL160",19109,"<2 cm",0,0,NA
"E3","V3SPL160",19109,"2-4 cm",0,0,NA
"E3","V3SPL160",19109,"4-6 cm",0,0,NA
"E3","V3SPL160",19109,"6-8 cm",0,0,NA
"E3","V3SPL160",19109,">8 cm",0,0,NA
"E3","V3SPL160",19110,"<2 cm",0,0,NA
"E3","V3SPL160",19110,"2-4 cm",0,0,NA
"E3","V3SPL160",19110,"4-6 cm",0,0,NA
"E3","V3SPL160",19110,"6-8 cm",0,0,NA
"E3","V3SPL160",19110,">8 cm",0,0,NA
"E3","V3SPL160",20101,"<2 cm",0,0,NA
"E3","V3SPL160",20101,"2-4 cm",0,0,NA
"E3","V3SPL160",20101,"4-6 cm",0,0,NA
"E3","V3SPL160",20101,"6-8 cm",0,0,NA
"E3","V3SPL160",20101,">8 cm",0,0,NA
"E3","V3SPL160",20102,"<2 cm",0,0,NA
"E3","V3SPL160",20102,"2-4 cm",0,0,NA
"E3","V3SPL160",20102,"4-6 cm",0,0,NA
"E3","V3SPL160",20102,"6-8 cm",0,0,NA
"E3","V3SPL160",20102,">8 cm",0,0,NA
"E3","V3SPL160",20103,"<2 cm",0,0,NA
"E3","V3SPL160",20103,"2-4 cm",0,0,NA
"E3","V3SPL160",20103,"4-6 cm",0,0,NA
"E3","V3SPL160",20103,"6-8 cm",0,0,NA
"E3","V3SPL160",20103,">8 cm",0,0,NA
"E3","V3SPL160",20104,"<2 cm",0,0,NA
"E3","V3SPL160",20104,"2-4 cm",0,0,NA
"E3","V3SPL160",20104,"4-6 cm",0,0,NA
"E3","V3SPL160",20104,"6-8 cm",0,0,NA
"E3","V3SPL160",20104,">8 cm",0,0,NA
"E3","V3SPL160",20105,"<2 cm",0,0,NA
"E3","V3SPL160",20105,"2-4 cm",0,0,NA
"E3","V3SPL160",20105,"4-6 cm",0,0,NA
"E3","V3SPL160",20105,"6-8 cm",0,0,NA
"E3","V3SPL160",20105,">8 cm",0,0,NA
"E3","V3SPL160",20106,"<2 cm",0,0,NA
"E3","V3SPL160",20106,"2-4 cm",0,0,NA
"E3","V3SPL160",20106,"4-6 cm",0,0,NA
"E3","V3SPL160",20106,"6-8 cm",0,0,NA
"E3","V3SPL160",20106,">8 cm",0,0,NA
"E3","V3SPL160",20107,"<2 cm",0,0,NA
"E3","V3SPL160",20107,"2-4 cm",0,0,NA
"E3","V3SPL160",20107,"4-6 cm",0,0,NA
"E3","V3SPL160",20107,"6-8 cm",0,0,NA
"E3","V3SPL160",20107,">8 cm",0,0,NA
"E3","V3SPL160",20108,"<2 cm",0,0,NA
"E3","V3SPL160",20108,"2-4 cm",0,0,NA
"E3","V3SPL160",20108,"4-6 cm",0,0,NA
"E3","V3SPL160",20108,"6-8 cm",0,0,NA
"E3","V3SPL160",20108,">8 cm",0,0,NA
"E3","V3SPL160",20109,"<2 cm",0,0,NA
"E3","V3SPL160",20109,"2-4 cm",0,0,NA
"E3","V3SPL160",20109,"4-6 cm",0,0,NA
"E3","V3SPL160",20109,"6-8 cm",0,0,NA
"E3","V3SPL160",20109,">8 cm",0,0,NA
"E3","V3SPL160",20110,"<2 cm",0,0,NA
"E3","V3SPL160",20110,"2-4 cm",0,0,NA
"E3","V3SPL160",20110,"4-6 cm",0,0,NA
"E3","V3SPL160",20110,"6-8 cm",0,0,NA
"E3","V3SPL160",20110,">8 cm",0,0,NA
"E3","V3SPL160",21101,"<2 cm",0,0,NA
"E3","V3SPL160",21101,"2-4 cm",0,0,NA
"E3","V3SPL160",21101,"4-6 cm",0,0,NA
"E3","V3SPL160",21101,"6-8 cm",0,0,NA
"E3","V3SPL160",21101,">8 cm",0,0,NA
"E3","V3SPL160",21102,"<2 cm",0,0,NA
"E3","V3SPL160",21102,"2-4 cm",0,0,NA
"E3","V3SPL160",21102,"4-6 cm",0,0,NA
"E3","V3SPL160",21102,"6-8 cm",0,0,NA
"E3","V3SPL160",21102,">8 cm",0,0,NA
"E3","V3SPL160",21103,"<2 cm",0,0,NA
"E3","V3SPL160",21103,"2-4 cm",0,0,NA
"E3","V3SPL160",21103,"4-6 cm",0,0,NA
"E3","V3SPL160",21103,"6-8 cm",0,0,NA
"E3","V3SPL160",21103,">8 cm",0,0,NA
"E3","V3SPL160",21104,"<2 cm",0,0,NA
"E3","V3SPL160",21104,"2-4 cm",0,0,NA
"E3","V3SPL160",21104,"4-6 cm",0,0,NA
"E3","V3SPL160",21104,"6-8 cm",0,0,NA
"E3","V3SPL160",21104,">8 cm",0,0,NA
"E3","V3SPL160",21105,"<2 cm",0,0,NA
"E3","V3SPL160",21105,"2-4 cm",0,0,NA
"E3","V3SPL160",21105,"4-6 cm",0,0,NA
"E3","V3SPL160",21105,"6-8 cm",0,0,NA
"E3","V3SPL160",21105,">8 cm",0,0,NA
"E3","V3SPL160",21106,"<2 cm",0,0,NA
"E3","V3SPL160",21106,"2-4 cm",0,0,NA
"E3","V3SPL160",21106,"4-6 cm",0,0,NA
"E3","V3SPL160",21106,"6-8 cm",0,0,NA
"E3","V3SPL160",21106,">8 cm",0,0,NA
"E3","V3SPL160",21107,"<2 cm",0,0,NA
"E3","V3SPL160",21107,"2-4 cm",0,0,NA
"E3","V3SPL160",21107,"4-6 cm",0,0,NA
"E3","V3SPL160",21107,"6-8 cm",0,0,NA
"E3","V3SPL160",21107,">8 cm",0,0,NA
"E3","V3SPL160",21108,"<2 cm",0,0,NA
"E3","V3SPL160",21108,"2-4 cm",0,0,NA
"E3","V3SPL160",21108,"4-6 cm",0,0,NA
"E3","V3SPL160",21108,"6-8 cm",0,0,NA
"E3","V3SPL160",21108,">8 cm",0,0,NA
"E3","V3SPL160",21109,"<2 cm",0,0,NA
"E3","V3SPL160",21109,"2-4 cm",0,0,NA
"E3","V3SPL160",21109,"4-6 cm",0,0,NA
"E3","V3SPL160",21109,"6-8 cm",0,0,NA
"E3","V3SPL160",21109,">8 cm",0,0,NA
"E3","V3SPL160",21110,"<2 cm",0,0,NA
"E3","V3SPL160",21110,"2-4 cm",0,0,NA
"E3","V3SPL160",21110,"4-6 cm",0,0,NA
"E3","V3SPL160",21110,"6-8 cm",0,0,NA
"E3","V3SPL160",21110,">8 cm",0,0,NA
"E3","V3SPL160",22101,"<2 cm",0,0,NA
"E3","V3SPL160",22101,"2-4 cm",0,0,NA
"E3","V3SPL160",22101,"4-6 cm",0,0,NA
"E3","V3SPL160",22101,"6-8 cm",0,0,NA
"E3","V3SPL160",22101,">8 cm",0,0,NA
"E3","V3SPL160",22102,"<2 cm",0,0,NA
"E3","V3SPL160",22102,"2-4 cm",0,0,NA
"E3","V3SPL160",22102,"4-6 cm",0,0,NA
"E3","V3SPL160",22102,"6-8 cm",0,0,NA
"E3","V3SPL160",22102,">8 cm",0,0,NA
"E3","V3SPL160",22103,"<2 cm",0,0,NA
"E3","V3SPL160",22103,"2-4 cm",0,0,NA
"E3","V3SPL160",22103,"4-6 cm",0,0,NA
"E3","V3SPL160",22103,"6-8 cm",0,0,NA
"E3","V3SPL160",22103,">8 cm",0,0,NA
"E3","V3SPL160",22104,"<2 cm",0,0,NA
"E3","V3SPL160",22104,"2-4 cm",0,0,NA
"E3","V3SPL160",22104,"4-6 cm",0,0,NA
"E3","V3SPL160",22104,"6-8 cm",0,0,NA
"E3","V3SPL160",22104,">8 cm",0,0,NA
"E3","V3SPL160",22105,"<2 cm",0,0,NA
"E3","V3SPL160",22105,"2-4 cm",0,0,NA
"E3","V3SPL160",22105,"4-6 cm",0,0,NA
"E3","V3SPL160",22105,"6-8 cm",0,0,NA
"E3","V3SPL160",22105,">8 cm",0,0,NA
"E3","V3SPL160",22106,"<2 cm",0,0,NA
"E3","V3SPL160",22106,"2-4 cm",0,0,NA
"E3","V3SPL160",22106,"4-6 cm",0,0,NA
"E3","V3SPL160",22106,"6-8 cm",0,0,NA
"E3","V3SPL160",22106,">8 cm",0,0,NA
"E3","V3SPL160",22107,"<2 cm",0,0,NA
"E3","V3SPL160",22107,"2-4 cm",0,0,NA
"E3","V3SPL160",22107,"4-6 cm",0,0,NA
"E3","V3SPL160",22107,"6-8 cm",0,0,NA
"E3","V3SPL160",22107,">8 cm",0,0,NA
"E3","V3SPL160",22108,"<2 cm",0,0,NA
"E3","V3SPL160",22108,"2-4 cm",0,0,NA
"E3","V3SPL160",22108,"4-6 cm",0,0,NA
"E3","V3SPL160",22108,"6-8 cm",0,0,NA
"E3","V3SPL160",22108,">8 cm",0,0,NA
"E3","V3SPL160",22109,"<2 cm",0,0,NA
"E3","V3SPL160",22109,"2-4 cm",0,0,NA
"E3","V3SPL160",22109,"4-6 cm",0,0,NA
"E3","V3SPL160",22109,"6-8 cm",0,0,NA
"E3","V3SPL160",22109,">8 cm",0,0,NA
"E3","V3SPL160",22110,"<2 cm",0,0,NA
"E3","V3SPL160",22110,"2-4 cm",0,0,NA
"E3","V3SPL160",22110,"4-6 cm",0,0,NA
"E3","V3SPL160",22110,"6-8 cm",0,0,NA
"E3","V3SPL160",22110,">8 cm",0,0,NA
"E3","V3SPL160",23101,"<2 cm",0,0,NA
"E3","V3SPL160",23101,"2-4 cm",0,0,NA
"E3","V3SPL160",23101,"4-6 cm",0,0,NA
"E3","V3SPL160",23101,"6-8 cm",0,0,NA
"E3","V3SPL160",23101,">8 cm",0,0,NA
"E3","V3SPL160",23102,"<2 cm",0,0,NA
"E3","V3SPL160",23102,"2-4 cm",0,0,NA
"E3","V3SPL160",23102,"4-6 cm",0,0,NA
"E3","V3SPL160",23102,"6-8 cm",0,0,NA
"E3","V3SPL160",23102,">8 cm",0,0,NA
"E3","V3SPL160",23103,"<2 cm",0,0,NA
"E3","V3SPL160",23103,"2-4 cm",0,0,NA
"E3","V3SPL160",23103,"4-6 cm",0,0,NA
"E3","V3SPL160",23103,"6-8 cm",0,0,NA
"E3","V3SPL160",23103,">8 cm",0,0,NA
"E3","V3SPL160",23104,"<2 cm",0,0,NA
"E3","V3SPL160",23104,"2-4 cm",0,0,NA
"E3","V3SPL160",23104,"4-6 cm",0,0,NA
"E3","V3SPL160",23104,"6-8 cm",0,0,NA
"E3","V3SPL160",23104,">8 cm",0,0,NA
"E3","V3SPL160",23105,"<2 cm",0,0,NA
"E3","V3SPL160",23105,"2-4 cm",0,0,NA
"E3","V3SPL160",23105,"4-6 cm",0,0,NA
"E3","V3SPL160",23105,"6-8 cm",0,0,NA
"E3","V3SPL160",23105,">8 cm",0,0,NA
"E3","V3SPL160",23106,"<2 cm",0,0,NA
"E3","V3SPL160",23106,"2-4 cm",0,0,NA
"E3","V3SPL160",23106,"4-6 cm",0,0,NA
"E3","V3SPL160",23106,"6-8 cm",0,0,NA
"E3","V3SPL160",23106,">8 cm",0,0,NA
"E3","V3SPL160",23107,"<2 cm",0,0,NA
"E3","V3SPL160",23107,"2-4 cm",0,0,NA
"E3","V3SPL160",23107,"4-6 cm",0,0,NA
"E3","V3SPL160",23107,"6-8 cm",0,0,NA
"E3","V3SPL160",23107,">8 cm",0,0,NA
"E3","V3SPL160",23108,"<2 cm",0,0,NA
"E3","V3SPL160",23108,"2-4 cm",0,0,NA
"E3","V3SPL160",23108,"4-6 cm",0,0,NA
"E3","V3SPL160",23108,"6-8 cm",0,0,NA
"E3","V3SPL160",23108,">8 cm",0,0,NA
"E3","V3SPL160",23109,"<2 cm",0,0,NA
"E3","V3SPL160",23109,"2-4 cm",0,0,NA
"E3","V3SPL160",23109,"4-6 cm",0,0,NA
"E3","V3SPL160",23109,"6-8 cm",0,0,NA
"E3","V3SPL160",23109,">8 cm",0,0,NA
"E3","V3SPL160",23110,"<2 cm",0,0,NA
"E3","V3SPL160",23110,"2-4 cm",0,0,NA
"E3","V3SPL160",23110,"4-6 cm",0,0,NA
"E3","V3SPL160",23110,"6-8 cm",0,0,NA
"E3","V3SPL160",23110,">8 cm",0,0,NA
"E3","V3SPL160",24101,"<2 cm",0,0,NA
"E3","V3SPL160",24101,"2-4 cm",0,0,NA
"E3","V3SPL160",24101,"4-6 cm",0,0,NA
"E3","V3SPL160",24101,"6-8 cm",0,0,NA
"E3","V3SPL160",24101,">8 cm",0,0,NA
"E3","V3SPL160",24102,"<2 cm",0,0,NA
"E3","V3SPL160",24102,"2-4 cm",0,0,NA
"E3","V3SPL160",24102,"4-6 cm",0,0,NA
"E3","V3SPL160",24102,"6-8 cm",0,0,NA
"E3","V3SPL160",24102,">8 cm",0,0,NA
"E3","V3SPL160",24103,"<2 cm",0,0,NA
"E3","V3SPL160",24103,"2-4 cm",0,0,NA
"E3","V3SPL160",24103,"4-6 cm",0,0,NA
"E3","V3SPL160",24103,"6-8 cm",0,0,NA
"E3","V3SPL160",24103,">8 cm",0,0,NA
"E3","V3SPL160",24104,"<2 cm",0,0,NA
"E3","V3SPL160",24104,"2-4 cm",0,0,NA
"E3","V3SPL160",24104,"4-6 cm",0,0,NA
"E3","V3SPL160",24104,"6-8 cm",0,0,NA
"E3","V3SPL160",24104,">8 cm",0,0,NA
"E3","V3SPL160",24105,"<2 cm",0,0,NA
"E3","V3SPL160",24105,"2-4 cm",0,0,NA
"E3","V3SPL160",24105,"4-6 cm",0,0,NA
"E3","V3SPL160",24105,"6-8 cm",0,0,NA
"E3","V3SPL160",24105,">8 cm",0,0,NA
"E3","V3SPL160",24106,"<2 cm",0,0,NA
"E3","V3SPL160",24106,"2-4 cm",0,0,NA
"E3","V3SPL160",24106,"4-6 cm",0,0,NA
"E3","V3SPL160",24106,"6-8 cm",0,0,NA
"E3","V3SPL160",24106,">8 cm",0,0,NA
"E3","V3SPL160",24107,"<2 cm",0,0,NA
"E3","V3SPL160",24107,"2-4 cm",0,0,NA
"E3","V3SPL160",24107,"4-6 cm",0,0,NA
"E3","V3SPL160",24107,"6-8 cm",0,0,NA
"E3","V3SPL160",24107,">8 cm",0,0,NA
"E3","V3SPL160",24108,"<2 cm",0,0,NA
"E3","V3SPL160",24108,"2-4 cm",0,0,NA
"E3","V3SPL160",24108,"4-6 cm",0,0,NA
"E3","V3SPL160",24108,"6-8 cm",0,0,NA
"E3","V3SPL160",24108,">8 cm",0,0,NA
"E3","V3SPL160",24109,"<2 cm",0,0,NA
"E3","V3SPL160",24109,"2-4 cm",0,0,NA
"E3","V3SPL160",24109,"4-6 cm",0,0,NA
"E3","V3SPL160",24109,"6-8 cm",0,0,NA
"E3","V3SPL160",24109,">8 cm",0,0,NA
"E3","V3SPL160",24110,"<2 cm",0,0,NA
"E3","V3SPL160",24110,"2-4 cm",0,0,NA
"E3","V3SPL160",24110,"4-6 cm",0,0,NA
"E3","V3SPL160",24110,"6-8 cm",0,0,NA
"E3","V3SPL160",24110,">8 cm",0,0,NA
"E3","V3SPL160",25101,"<2 cm",0,0,NA
"E3","V3SPL160",25101,"2-4 cm",0,0,NA
"E3","V3SPL160",25101,"4-6 cm",0,0,NA
"E3","V3SPL160",25101,"6-8 cm",0,0,NA
"E3","V3SPL160",25101,">8 cm",0,0,NA
"E3","V3SPL160",25102,"<2 cm",0,0,NA
"E3","V3SPL160",25102,"2-4 cm",0,0,NA
"E3","V3SPL160",25102,"4-6 cm",0,0,NA
"E3","V3SPL160",25102,"6-8 cm",0,0,NA
"E3","V3SPL160",25102,">8 cm",0,0,NA
"E3","V3SPL160",25103,"<2 cm",0,0,NA
"E3","V3SPL160",25103,"2-4 cm",0,0,NA
"E3","V3SPL160",25103,"4-6 cm",0,0,NA
"E3","V3SPL160",25103,"6-8 cm",0,0,NA
"E3","V3SPL160",25103,">8 cm",0,0,NA
"E3","V3SPL160",25104,"<2 cm",0,0,NA
"E3","V3SPL160",25104,"2-4 cm",0,0,NA
"E3","V3SPL160",25104,"4-6 cm",0,0,NA
"E3","V3SPL160",25104,"6-8 cm",0,0,NA
"E3","V3SPL160",25104,">8 cm",0,0,NA
"E3","V3SPL160",25105,"<2 cm",0,0,NA
"E3","V3SPL160",25105,"2-4 cm",0,0,NA
"E3","V3SPL160",25105,"4-6 cm",0,0,NA
"E3","V3SPL160",25105,"6-8 cm",0,0,NA
"E3","V3SPL160",25105,">8 cm",0,0,NA
"E3","V3SPL160",25106,"<2 cm",0,0,NA
"E3","V3SPL160",25106,"2-4 cm",0,0,NA
"E3","V3SPL160",25106,"4-6 cm",0,0,NA
"E3","V3SPL160",25106,"6-8 cm",0,0,NA
"E3","V3SPL160",25106,">8 cm",0,0,NA
"E3","V3SPL160",25107,"<2 cm",0,0,NA
"E3","V3SPL160",25107,"2-4 cm",0,0,NA
"E3","V3SPL160",25107,"4-6 cm",0,0,NA
"E3","V3SPL160",25107,"6-8 cm",0,0,NA
"E3","V3SPL160",25107,">8 cm",0,0,NA
"E3","V3SPL160",25108,"<2 cm",0,0,NA
"E3","V3SPL160",25108,"2-4 cm",0,0,NA
"E3","V3SPL160",25108,"4-6 cm",0,0,NA
"E3","V3SPL160",25108,"6-8 cm",0,0,NA
"E3","V3SPL160",25108,">8 cm",0,0,NA
"E3","V3SPL160",25109,"<2 cm",0,0,NA
"E3","V3SPL160",25109,"2-4 cm",0,0,NA
"E3","V3SPL160",25109,"4-6 cm",0,0,NA
"E3","V3SPL160",25109,"6-8 cm",0,0,NA
"E3","V3SPL160",25109,">8 cm",0,0,NA
"E3","V3SPL160",25110,"<2 cm",0,0,NA
"E3","V3SPL160",25110,"2-4 cm",0,0,NA
"E3","V3SPL160",25110,"4-6 cm",0,0,NA
"E3","V3SPL160",25110,"6-8 cm",0,0,NA
"E3","V3SPL160",25110,">8 cm",0,0,NA
"E3","V3SPL160",26101,"<2 cm",0,0,NA
"E3","V3SPL160",26101,"2-4 cm",0,0,NA
"E3","V3SPL160",26101,"4-6 cm",0,0,NA
"E3","V3SPL160",26101,"6-8 cm",0,0,NA
"E3","V3SPL160",26101,">8 cm",0,0,NA
"E3","V3SPL160",26102,"<2 cm",0,0,NA
"E3","V3SPL160",26102,"2-4 cm",0,0,NA
"E3","V3SPL160",26102,"4-6 cm",0,0,NA
"E3","V3SPL160",26102,"6-8 cm",0,0,NA
"E3","V3SPL160",26102,">8 cm",0,0,NA
"E3","V3SPL160",26103,"<2 cm",0,0,NA
"E3","V3SPL160",26103,"2-4 cm",0,0,NA
"E3","V3SPL160",26103,"4-6 cm",0,0,NA
"E3","V3SPL160",26103,"6-8 cm",0,0,NA
"E3","V3SPL160",26103,">8 cm",0,0,NA
"E3","V3SPL160",26104,"<2 cm",0,0,NA
"E3","V3SPL160",26104,"2-4 cm",0,0,NA
"E3","V3SPL160",26104,"4-6 cm",0,0,NA
"E3","V3SPL160",26104,"6-8 cm",0,0,NA
"E3","V3SPL160",26104,">8 cm",0,0,NA
"E3","V3SPL160",26105,"<2 cm",0,0,NA
"E3","V3SPL160",26105,"2-4 cm",0,0,NA
"E3","V3SPL160",26105,"4-6 cm",0,0,NA
"E3","V3SPL160",26105,"6-8 cm",0,0,NA
"E3","V3SPL160",26105,">8 cm",0,0,NA
"E3","V3SPL160",26106,"<2 cm",0,0,NA
"E3","V3SPL160",26106,"2-4 cm",0,0,NA
"E3","V3SPL160",26106,"4-6 cm",0,0,NA
"E3","V3SPL160",26106,"6-8 cm",0,0,NA
"E3","V3SPL160",26106,">8 cm",0,0,NA
"E3","V3SPL160",26107,"<2 cm",0,0,NA
"E3","V3SPL160",26107,"2-4 cm",0,0,NA
"E3","V3SPL160",26107,"4-6 cm",0,0,NA
"E3","V3SPL160",26107,"6-8 cm",0,0,NA
"E3","V3SPL160",26107,">8 cm",0,0,NA
"E3","V3SPL160",26108,"<2 cm",0,0,NA
"E3","V3SPL160",26108,"2-4 cm",0,0,NA
"E3","V3SPL160",26108,"4-6 cm",0,0,NA
"E3","V3SPL160",26108,"6-8 cm",0,0,NA
"E3","V3SPL160",26108,">8 cm",0,0,NA
"E3","V3SPL160",26109,"<2 cm",0,0,NA
"E3","V3SPL160",26109,"2-4 cm",0,0,NA
"E3","V3SPL160",26109,"4-6 cm",0,0,NA
"E3","V3SPL160",26109,"6-8 cm",0,0,NA
"E3","V3SPL160",26109,">8 cm",0,0,NA
"E3","V3SPL160",26110,"<2 cm",0,0,NA
"E3","V3SPL160",26110,"2-4 cm",0,0,NA
"E3","V3SPL160",26110,"4-6 cm",0,0,NA
"E3","V3SPL160",26110,"6-8 cm",0,0,NA
"E3","V3SPL160",26110,">8 cm",0,0,NA
"E3","V3SPL160",27101,"<2 cm",0,0,NA
"E3","V3SPL160",27101,"2-4 cm",0,0,NA
"E3","V3SPL160",27101,"4-6 cm",0,0,NA
"E3","V3SPL160",27101,"6-8 cm",0,0,NA
"E3","V3SPL160",27101,">8 cm",0,0,NA
"E3","V3SPL160",27102,"<2 cm",0,0,NA
"E3","V3SPL160",27102,"2-4 cm",0,0,NA
"E3","V3SPL160",27102,"4-6 cm",0,0,NA
"E3","V3SPL160",27102,"6-8 cm",0,0,NA
"E3","V3SPL160",27102,">8 cm",0,0,NA
"E3","V3SPL160",27103,"<2 cm",0,0,NA
"E3","V3SPL160",27103,"2-4 cm",0,0,NA
"E3","V3SPL160",27103,"4-6 cm",0,0,NA
"E3","V3SPL160",27103,"6-8 cm",0,0,NA
"E3","V3SPL160",27103,">8 cm",0,0,NA
"E3","V3SPL160",27104,"<2 cm",0,0,NA
"E3","V3SPL160",27104,"2-4 cm",0,0,NA
"E3","V3SPL160",27104,"4-6 cm",0,0,NA
"E3","V3SPL160",27104,"6-8 cm",0,0,NA
"E3","V3SPL160",27104,">8 cm",0,0,NA
"E3","V3SPL160",27105,"<2 cm",0,0,NA
"E3","V3SPL160",27105,"2-4 cm",0,0,NA
"E3","V3SPL160",27105,"4-6 cm",0,0,NA
"E3","V3SPL160",27105,"6-8 cm",0,0,NA
"E3","V3SPL160",27105,">8 cm",0,0,NA
"E3","V3SPL160",27106,"<2 cm",0,0,NA
"E3","V3SPL160",27106,"2-4 cm",0,0,NA
"E3","V3SPL160",27106,"4-6 cm",0,0,NA
"E3","V3SPL160",27106,"6-8 cm",0,0,NA
"E3","V3SPL160",27106,">8 cm",0,0,NA
"E3","V3SPL160",27107,"<2 cm",0,0,NA
"E3","V3SPL160",27107,"2-4 cm",0,0,NA
"E3","V3SPL160",27107,"4-6 cm",0,0,NA
"E3","V3SPL160",27107,"6-8 cm",0,0,NA
"E3","V3SPL160",27107,">8 cm",0,0,NA
"E3","V3SPL160",27108,"<2 cm",0,0,NA
"E3","V3SPL160",27108,"2-4 cm",0,0,NA
"E3","V3SPL160",27108,"4-6 cm",0,0,NA
"E3","V3SPL160",27108,"6-8 cm",0,0,NA
"E3","V3SPL160",27108,">8 cm",0,0,NA
"E3","V3SPL160",27109,"<2 cm",0,0,NA
"E3","V3SPL160",27109,"2-4 cm",0,0,NA
"E3","V3SPL160",27109,"4-6 cm",0,0,NA
"E3","V3SPL160",27109,"6-8 cm",0,0,NA
"E3","V3SPL160",27109,">8 cm",0,0,NA
"E3","V3SPL160",27110,"<2 cm",0,0,NA
"E3","V3SPL160",27110,"2-4 cm",0,0,NA
"E3","V3SPL160",27110,"4-6 cm",0,0,NA
"E3","V3SPL160",27110,"6-8 cm",0,0,NA
"E3","V3SPL160",27110,">8 cm",0,0,NA
"E3","V3SPL160",28101,"<2 cm",0,0,NA
"E3","V3SPL160",28101,"2-4 cm",0,0,NA
"E3","V3SPL160",28101,"4-6 cm",0,0,NA
"E3","V3SPL160",28101,"6-8 cm",0,0,NA
"E3","V3SPL160",28101,">8 cm",0,0,NA
"E3","V3SPL160",28102,"<2 cm",0,0,NA
"E3","V3SPL160",28102,"2-4 cm",0,0,NA
"E3","V3SPL160",28102,"4-6 cm",0,0,NA
"E3","V3SPL160",28102,"6-8 cm",0,0,NA
"E3","V3SPL160",28102,">8 cm",0,0,NA
"E3","V3SPL160",28103,"<2 cm",0,0,NA
"E3","V3SPL160",28103,"2-4 cm",0,0,NA
"E3","V3SPL160",28103,"4-6 cm",0,0,NA
"E3","V3SPL160",28103,"6-8 cm",0,0,NA
"E3","V3SPL160",28103,">8 cm",0,0,NA
"E3","V3SPL160",28104,"<2 cm",0,0,NA
"E3","V3SPL160",28104,"2-4 cm",0,0,NA
"E3","V3SPL160",28104,"4-6 cm",0,0,NA
"E3","V3SPL160",28104,"6-8 cm",0,0,NA
"E3","V3SPL160",28104,">8 cm",0,0,NA
"E3","V3SPL160",28105,"<2 cm",0,0,NA
"E3","V3SPL160",28105,"2-4 cm",0,0,NA
"E3","V3SPL160",28105,"4-6 cm",0,0,NA
"E3","V3SPL160",28105,"6-8 cm",0,0,NA
"E3","V3SPL160",28105,">8 cm",0,0,NA
"E3","V3SPL160",28106,"<2 cm",0,0,NA
"E3","V3SPL160",28106,"2-4 cm",0,0,NA
"E3","V3SPL160",28106,"4-6 cm",0,0,NA
"E3","V3SPL160",28106,"6-8 cm",0,0,NA
"E3","V3SPL160",28106,">8 cm",0,0,NA
"E3","V3SPL160",28107,"<2 cm",0,0,NA
"E3","V3SPL160",28107,"2-4 cm",0,0,NA
"E3","V3SPL160",28107,"4-6 cm",0,0,NA
"E3","V3SPL160",28107,"6-8 cm",0,0,NA
"E3","V3SPL160",28107,">8 cm",0,0,NA
"E3","V3SPL160",28108,"<2 cm",0,0,NA
"E3","V3SPL160",28108,"2-4 cm",0,0,NA
"E3","V3SPL160",28108,"4-6 cm",0,0,NA
"E3","V3SPL160",28108,"6-8 cm",0,0,NA
"E3","V3SPL160",28108,">8 cm",0,0,NA
"E3","V3SPL160",28109,"<2 cm",0,0,NA
"E3","V3SPL160",28109,"2-4 cm",0,0,NA
"E3","V3SPL160",28109,"4-6 cm",0,0,NA
"E3","V3SPL160",28109,"6-8 cm",0,0,NA
"E3","V3SPL160",28109,">8 cm",0,0,NA
"E3","V3SPL160",28110,"<2 cm",0,0,NA
"E3","V3SPL160",28110,"2-4 cm",0,0,NA
"E3","V3SPL160",28110,"4-6 cm",0,0,NA
"E3","V3SPL160",28110,"6-8 cm",0,0,NA
"E3","V3SPL160",28110,">8 cm",0,0,NA
"E3","V3SPL160",29101,"<2 cm",0,0,NA
"E3","V3SPL160",29101,"2-4 cm",0,0,NA
"E3","V3SPL160",29101,"4-6 cm",0,0,NA
"E3","V3SPL160",29101,"6-8 cm",0,0,NA
"E3","V3SPL160",29101,">8 cm",0,0,NA
"E3","V3SPL160",29102,"<2 cm",0,0,NA
"E3","V3SPL160",29102,"2-4 cm",0,0,NA
"E3","V3SPL160",29102,"4-6 cm",0,0,NA
"E3","V3SPL160",29102,"6-8 cm",0,0,NA
"E3","V3SPL160",29102,">8 cm",0,0,NA
"E3","V3SPL160",29103,"<2 cm",0,0,NA
"E3","V3SPL160",29103,"2-4 cm",0,0,NA
"E3","V3SPL160",29103,"4-6 cm",0,0,NA
"E3","V3SPL160",29103,"6-8 cm",0,0,NA
"E3","V3SPL160",29103,">8 cm",0,0,NA
"E3","V3SPL160",29104,"<2 cm",0,0,NA
"E3","V3SPL160",29104,"2-4 cm",0,0,NA
"E3","V3SPL160",29104,"4-6 cm",0,0,NA
"E3","V3SPL160",29104,"6-8 cm",0,0,NA
"E3","V3SPL160",29104,">8 cm",0,0,NA
"E3","V3SPL160",29105,"<2 cm",0,0,NA
"E3","V3SPL160",29105,"2-4 cm",0,0,NA
"E3","V3SPL160",29105,"4-6 cm",0,0,NA
"E3","V3SPL160",29105,"6-8 cm",0,0,NA
"E3","V3SPL160",29105,">8 cm",0,0,NA
"E3","V3SPL160",29106,"<2 cm",0,0,NA
"E3","V3SPL160",29106,"2-4 cm",0,0,NA
"E3","V3SPL160",29106,"4-6 cm",0,0,NA
"E3","V3SPL160",29106,"6-8 cm",0,0,NA
"E3","V3SPL160",29106,">8 cm",0,0,NA
"E3","V3SPL160",29107,"<2 cm",0,0,NA
"E3","V3SPL160",29107,"2-4 cm",0,0,NA
"E3","V3SPL160",29107,"4-6 cm",0,0,NA
"E3","V3SPL160",29107,"6-8 cm",0,0,NA
"E3","V3SPL160",29107,">8 cm",0,0,NA
"E3","V3SPL160",29108,"<2 cm",0,0,NA
"E3","V3SPL160",29108,"2-4 cm",0,0,NA
"E3","V3SPL160",29108,"4-6 cm",0,0,NA
"E3","V3SPL160",29108,"6-8 cm",0,0,NA
"E3","V3SPL160",29108,">8 cm",0,0,NA
"E3","V3SPL160",29109,"<2 cm",0,0,NA
"E3","V3SPL160",29109,"2-4 cm",0,0,NA
"E3","V3SPL160",29109,"4-6 cm",0,0,NA
"E3","V3SPL160",29109,"6-8 cm",0,0,NA
"E3","V3SPL160",29109,">8 cm",0,0,NA
"E3","V3SPL160",29110,"<2 cm",0,0,NA
"E3","V3SPL160",29110,"2-4 cm",0,0,NA
"E3","V3SPL160",29110,"4-6 cm",0,0,NA
"E3","V3SPL160",29110,"6-8 cm",0,0,NA
"E3","V3SPL160",29110,">8 cm",0,0,NA
"E3","V3SPL160",30101,"<2 cm",0,0,NA
"E3","V3SPL160",30101,"2-4 cm",0,0,NA
"E3","V3SPL160",30101,"4-6 cm",0,0,NA
"E3","V3SPL160",30101,"6-8 cm",0,0,NA
"E3","V3SPL160",30101,">8 cm",0,0,NA
"E3","V3SPL160",30102,"<2 cm",0,0,NA
"E3","V3SPL160",30102,"2-4 cm",0,0,NA
"E3","V3SPL160",30102,"4-6 cm",0,0,NA
"E3","V3SPL160",30102,"6-8 cm",0,0,NA
"E3","V3SPL160",30102,">8 cm",0,0,NA
"E3","V3SPL160",30103,"<2 cm",0,0,NA
"E3","V3SPL160",30103,"2-4 cm",0,0,NA
"E3","V3SPL160",30103,"4-6 cm",0,0,NA
"E3","V3SPL160",30103,"6-8 cm",0,0,NA
"E3","V3SPL160",30103,">8 cm",0,0,NA
"E3","V3SPL160",30104,"<2 cm",0,0,NA
"E3","V3SPL160",30104,"2-4 cm",0,0,NA
"E3","V3SPL160",30104,"4-6 cm",0,0,NA
"E3","V3SPL160",30104,"6-8 cm",0,0,NA
"E3","V3SPL160",30104,">8 cm",0,0,NA
"E3","V3SPL160",30105,"<2 cm",0,0,NA
"E3","V3SPL160",30105,"2-4 cm",0,0,NA
"E3","V3SPL160",30105,"4-6 cm",0,0,NA
"E3","V3SPL160",30105,"6-8 cm",0,0,NA
"E3","V3SPL160",30105,">8 cm",0,0,NA
"E3","V3SPL160",30106,"<2 cm",0,0,NA
"E3","V3SPL160",30106,"2-4 cm",0,0,NA
"E3","V3SPL160",30106,"4-6 cm",0,0,NA
"E3","V3SPL160",30106,"6-8 cm",0,0,NA
"E3","V3SPL160",30106,">8 cm",0,0,NA
"E3","V3SPL160",30107,"<2 cm",0,0,NA
"E3","V3SPL160",30107,"2-4 cm",0,0,NA
"E3","V3SPL160",30107,"4-6 cm",0,0,NA
"E3","V3SPL160",30107,"6-8 cm",0,0,NA
"E3","V3SPL160",30107,">8 cm",0,0,NA
"E3","V3SPL160",30108,"<2 cm",0,0,NA
"E3","V3SPL160",30108,"2-4 cm",0,0,NA
"E3","V3SPL160",30108,"4-6 cm",0,0,NA
"E3","V3SPL160",30108,"6-8 cm",0,0,NA
"E3","V3SPL160",30108,">8 cm",0,0,NA
"E3","V3SPL160",30109,"<2 cm",0,0,NA
"E3","V3SPL160",30109,"2-4 cm",0,0,NA
"E3","V3SPL160",30109,"4-6 cm",0,0,NA
"E3","V3SPL160",30109,"6-8 cm",0,0,NA
"E3","V3SPL160",30109,">8 cm",0,0,NA
"E3","V3SPL160",30110,"<2 cm",0,0,NA
"E3","V3SPL160",30110,"2-4 cm",0,0,NA
"E3","V3SPL160",30110,"4-6 cm",0,0,NA
"E3","V3SPL160",30110,"6-8 cm",0,0,NA
"E3","V3SPL160",30110,">8 cm",0,0,NA
"E3",NA,1101,"<2 cm",20088,20250,0.992
"E3",NA,1101,"2-4 cm",0,20250,0
"E3",NA,1101,"4-6 cm",81,20250,0.004
"E3",NA,1101,"6-8 cm",81,20250,0.004
"E3",NA,1101,">8 cm",0,20250,0
"E3",NA,1102,"<2 cm",0,0,NA
"E3",NA,1102,"2-4 cm",0,0,NA
"E3",NA,1102,"4-6 cm",0,0,NA
"E3",NA,1102,"6-8 cm",0,0,NA
"E3",NA,1102,">8 cm",0,0,NA
"E3",NA,1103,"<2 cm",0,0,NA
"E3",NA,1103,"2-4 cm",0,0,NA
"E3",NA,1103,"4-6 cm",0,0,NA
"E3",NA,1103,"6-8 cm",0,0,NA
"E3",NA,1103,">8 cm",0,0,NA
"E3",NA,1104,"<2 cm",0,0,NA
"E3",NA,1104,"2-4 cm",0,0,NA
"E3",NA,1104,"4-6 cm",0,0,NA
"E3",NA,1104,"6-8 cm",0,0,NA
"E3",NA,1104,">8 cm",0,0,NA
"E3",NA,1105,"<2 cm",0,0,NA
"E3",NA,1105,"2-4 cm",0,0,NA
"E3",NA,1105,"4-6 cm",0,0,NA
"E3",NA,1105,"6-8 cm",0,0,NA
"E3",NA,1105,">8 cm",0,0,NA
"E3",NA,1106,"<2 cm",0,0,NA
"E3",NA,1106,"2-4 cm",0,0,NA
"E3",NA,1106,"4-6 cm",0,0,NA
"E3",NA,1106,"6-8 cm",0,0,NA
"E3",NA,1106,">8 cm",0,0,NA
"E3",NA,1107,"<2 cm",0,0,NA
"E3",NA,1107,"2-4 cm",0,0,NA
"E3",NA,1107,"4-6 cm",0,0,NA
"E3",NA,1107,"6-8 cm",0,0,NA
"E3",NA,1107,">8 cm",0,0,NA
"E3",NA,1108,"<2 cm",0,0,NA
"E3",NA,1108,"2-4 cm",0,0,NA
"E3",NA,1108,"4-6 cm",0,0,NA
"E3",NA,1108,"6-8 cm",0,0,NA
"E3",NA,1108,">8 cm",0,0,NA
"E3",NA,1109,"<2 cm",0,0,NA
"E3",NA,1109,"2-4 cm",0,0,NA
"E3",NA,1109,"4-6 cm",0,0,NA
"E3",NA,1109,"6-8 cm",0,0,NA
"E3",NA,1109,">8 cm",0,0,NA
"E3",NA,1110,"<2 cm",0,0,NA
"E3",NA,1110,"2-4 cm",0,0,NA
"E3",NA,1110,"4-6 cm",0,0,NA
"E3",NA,1110,"6-8 cm",0,0,NA
"E3",NA,1110,">8 cm",0,0,NA
"E3",NA,2101,"<2 cm",0,0,NA
"E3",NA,2101,"2-4 cm",0,0,NA
"E3",NA,2101,"4-6 cm",0,0,NA
"E3",NA,2101,"6-8 cm",0,0,NA
"E3",NA,2101,">8 cm",0,0,NA
"E3",NA,2102,"<2 cm",0,0,NA
"E3",NA,2102,"2-4 cm",0,0,NA
"E3",NA,2102,"4-6 cm",0,0,NA
"E3",NA,2102,"6-8 cm",0,0,NA
"E3",NA,2102,">8 cm",0,0,NA
"E3",NA,2103,"<2 cm",0,0,NA
"E3",NA,2103,"2-4 cm",0,0,NA
"E3",NA,2103,"4-6 cm",0,0,NA
"E3",NA,2103,"6-8 cm",0,0,NA
"E3",NA,2103,">8 cm",0,0,NA
"E3",NA,2104,"<2 cm",0,0,NA
"E3",NA,2104,"2-4 cm",0,0,NA
"E3",NA,2104,"4-6 cm",0,0,NA
"E3",NA,2104,"6-8 cm",0,0,NA
"E3",NA,2104,">8 cm",0,0,NA
"E3",NA,2105,"<2 cm",0,0,NA
"E3",NA,2105,"2-4 cm",0,0,NA
"E3",NA,2105,"4-6 cm",0,0,NA
"E3",NA,2105,"6-8 cm",0,0,NA
"E3",NA,2105,">8 cm",0,0,NA
"E3",NA,2106,"<2 cm",0,0,NA
"E3",NA,2106,"2-4 cm",0,0,NA
"E3",NA,2106,"4-6 cm",0,0,NA
"E3",NA,2106,"6-8 cm",0,0,NA
"E3",NA,2106,">8 cm",0,0,NA
"E3",NA,2107,"<2 cm",0,0,NA
"E3",NA,2107,"2-4 cm",0,0,NA
"E3",NA,2107,"4-6 cm",0,0,NA
"E3",NA,2107,"6-8 cm",0,0,NA
"E3",NA,2107,">8 cm",0,0,NA
"E3",NA,2108,"<2 cm",0,0,NA
"E3",NA,2108,"2-4 cm",0,0,NA
"E3",NA,2108,"4-6 cm",0,0,NA
"E3",NA,2108,"6-8 cm",0,0,NA
"E3",NA,2108,">8 cm",0,0,NA
"E3",NA,2109,"<2 cm",0,0,NA
"E3",NA,2109,"2-4 cm",0,0,NA
"E3",NA,2109,"4-6 cm",0,0,NA
"E3",NA,2109,"6-8 cm",0,0,NA
"E3",NA,2109,">8 cm",0,0,NA
"E3",NA,2110,"<2 cm",0,0,NA
"E3",NA,2110,"2-4 cm",0,0,NA
"E3",NA,2110,"4-6 cm",0,0,NA
"E3",NA,2110,"6-8 cm",0,0,NA
"E3",NA,2110,">8 cm",0,0,NA
"E3",NA,3101,"<2 cm",0,0,NA
"E3",NA,3101,"2-4 cm",0,0,NA
"E3",NA,3101,"4-6 cm",0,0,NA
"E3",NA,3101,"6-8 cm",0,0,NA
"E3",NA,3101,">8 cm",0,0,NA
"E3",NA,3102,"<2 cm",0,0,NA
"E3",NA,3102,"2-4 cm",0,0,NA
"E3",NA,3102,"4-6 cm",0,0,NA
"E3",NA,3102,"6-8 cm",0,0,NA
"E3",NA,3102,">8 cm",0,0,NA
"E3",NA,3103,"<2 cm",0,0,NA
"E3",NA,3103,"2-4 cm",0,0,NA
"E3",NA,3103,"4-6 cm",0,0,NA
"E3",NA,3103,"6-8 cm",0,0,NA
"E3",NA,3103,">8 cm",0,0,NA
"E3",NA,3104,"<2 cm",0,0,NA
"E3",NA,3104,"2-4 cm",0,0,NA
"E3",NA,3104,"4-6 cm",0,0,NA
"E3",NA,3104,"6-8 cm",0,0,NA
"E3",NA,3104,">8 cm",0,0,NA
"E3",NA,3105,"<2 cm",0,0,NA
"E3",NA,3105,"2-4 cm",0,0,NA
"E3",NA,3105,"4-6 cm",0,0,NA
"E3",NA,3105,"6-8 cm",0,0,NA
"E3",NA,3105,">8 cm",0,0,NA
"E3",NA,3106,"<2 cm",0,0,NA
"E3",NA,3106,"2-4 cm",0,0,NA
"E3",NA,3106,"4-6 cm",0,0,NA
"E3",NA,3106,"6-8 cm",0,0,NA
"E3",NA,3106,">8 cm",0,0,NA
"E3",NA,3107,"<2 cm",0,0,NA
"E3",NA,3107,"2-4 cm",0,0,NA
"E3",NA,3107,"4-6 cm",0,0,NA
"E3",NA,3107,"6-8 cm",0,0,NA
"E3",NA,3107,">8 cm",0,0,NA
"E3",NA,3108,"<2 cm",0,0,NA
"E3",NA,3108,"2-4 cm",0,0,NA
"E3",NA,3108,"4-6 cm",0,0,NA
"E3",NA,3108,"6-8 cm",0,0,NA
"E3",NA,3108,">8 cm",0,0,NA
"E3",NA,3109,"<2 cm",0,0,NA
"E3",NA,3109,"2-4 cm",0,0,NA
"E3",NA,3109,"4-6 cm",0,0,NA
"E3",NA,3109,"6-8 cm",0,0,NA
"E3",NA,3109,">8 cm",0,0,NA
"E3",NA,3110,"<2 cm",0,0,NA
"E3",NA,3110,"2-4 cm",0,0,NA
"E3",NA,3110,"4-6 cm",0,0,NA
"E3",NA,3110,"6-8 cm",0,0,NA
"E3",NA,3110,">8 cm",0,0,NA
"E3",NA,4101,"<2 cm",0,0,NA
"E3",NA,4101,"2-4 cm",0,0,NA
"E3",NA,4101,"4-6 cm",0,0,NA
"E3",NA,4101,"6-8 cm",0,0,NA
"E3",NA,4101,">8 cm",0,0,NA
"E3",NA,4102,"<2 cm",0,0,NA
"E3",NA,4102,"2-4 cm",0,0,NA
"E3",NA,4102,"4-6 cm",0,0,NA
"E3",NA,4102,"6-8 cm",0,0,NA
"E3",NA,4102,">8 cm",0,0,NA
"E3",NA,4103,"<2 cm",0,0,NA
"E3",NA,4103,"2-4 cm",0,0,NA
"E3",NA,4103,"4-6 cm",0,0,NA
"E3",NA,4103,"6-8 cm",0,0,NA
"E3",NA,4103,">8 cm",0,0,NA
"E3",NA,4104,"<2 cm",0,0,NA
"E3",NA,4104,"2-4 cm",0,0,NA
"E3",NA,4104,"4-6 cm",0,0,NA
"E3",NA,4104,"6-8 cm",0,0,NA
"E3",NA,4104,">8 cm",0,0,NA
"E3",NA,4105,"<2 cm",0,0,NA
"E3",NA,4105,"2-4 cm",0,0,NA
"E3",NA,4105,"4-6 cm",0,0,NA
"E3",NA,4105,"6-8 cm",0,0,NA
"E3",NA,4105,">8 cm",0,0,NA
"E3",NA,4106,"<2 cm",0,0,NA
"E3",NA,4106,"2-4 cm",0,0,NA
"E3",NA,4106,"4-6 cm",0,0,NA
"E3",NA,4106,"6-8 cm",0,0,NA
"E3",NA,4106,">8 cm",0,0,NA
"E3",NA,4107,"<2 cm",0,0,NA
"E3",NA,4107,"2-4 cm",0,0,NA
"E3",NA,4107,"4-6 cm",0,0,NA
"E3",NA,4107,"6-8 cm",0,0,NA
"E3",NA,4107,">8 cm",0,0,NA
"E3",NA,4108,"<2 cm",0,0,NA
"E3",NA,4108,"2-4 cm",0,0,NA
"E3",NA,4108,"4-6 cm",0,0,NA
"E3",NA,4108,"6-8 cm",0,0,NA
"E3",NA,4108,">8 cm",0,0,NA
"E3",NA,4109,"<2 cm",0,0,NA
"E3",NA,4109,"2-4 cm",0,0,NA
"E3",NA,4109,"4-6 cm",0,0,NA
"E3",NA,4109,"6-8 cm",0,0,NA
"E3",NA,4109,">8 cm",0,0,NA
"E3",NA,4110,"<2 cm",0,0,NA
"E3",NA,4110,"2-4 cm",0,0,NA
"E3",NA,4110,"4-6 cm",0,0,NA
"E3",NA,4110,"6-8 cm",0,0,NA
"E3",NA,4110,">8 cm",0,0,NA
"E3",NA,5101,"<2 cm",0,0,NA
"E3",NA,5101,"2-4 cm",0,0,NA
"E3",NA,5101,"4-6 cm",0,0,NA
"E3",NA,5101,"6-8 cm",0,0,NA
"E3",NA,5101,">8 cm",0,0,NA
"E3",NA,5102,"<2 cm",0,0,NA
"E3",NA,5102,"2-4 cm",0,0,NA
"E3",NA,5102,"4-6 cm",0,0,NA
"E3",NA,5102,"6-8 cm",0,0,NA
"E3",NA,5102,">8 cm",0,0,NA
"E3",NA,5103,"<2 cm",0,0,NA
"E3",NA,5103,"2-4 cm",0,0,NA
"E3",NA,5103,"4-6 cm",0,0,NA
"E3",NA,5103,"6-8 cm",0,0,NA
"E3",NA,5103,">8 cm",0,0,NA
"E3",NA,5104,"<2 cm",0,0,NA
"E3",NA,5104,"2-4 cm",0,0,NA
"E3",NA,5104,"4-6 cm",0,0,NA
"E3",NA,5104,"6-8 cm",0,0,NA
"E3",NA,5104,">8 cm",0,0,NA
"E3",NA,5105,"<2 cm",0,0,NA
"E3",NA,5105,"2-4 cm",0,0,NA
"E3",NA,5105,"4-6 cm",0,0,NA
"E3",NA,5105,"6-8 cm",0,0,NA
"E3",NA,5105,">8 cm",0,0,NA
"E3",NA,5106,"<2 cm",0,0,NA
"E3",NA,5106,"2-4 cm",0,0,NA
"E3",NA,5106,"4-6 cm",0,0,NA
"E3",NA,5106,"6-8 cm",0,0,NA
"E3",NA,5106,">8 cm",0,0,NA
"E3",NA,5107,"<2 cm",0,0,NA
"E3",NA,5107,"2-4 cm",0,0,NA
"E3",NA,5107,"4-6 cm",0,0,NA
"E3",NA,5107,"6-8 cm",0,0,NA
"E3",NA,5107,">8 cm",0,0,NA
"E3",NA,5108,"<2 cm",0,0,NA
"E3",NA,5108,"2-4 cm",0,0,NA
"E3",NA,5108,"4-6 cm",0,0,NA
"E3",NA,5108,"6-8 cm",0,0,NA
"E3",NA,5108,">8 cm",0,0,NA
"E3",NA,5109,"<2 cm",0,0,NA
"E3",NA,5109,"2-4 cm",0,0,NA
"E3",NA,5109,"4-6 cm",0,0,NA
"E3",NA,5109,"6-8 cm",0,0,NA
"E3",NA,5109,">8 cm",0,0,NA
"E3",NA,5110,"<2 cm",0,0,NA
"E3",NA,5110,"2-4 cm",0,0,NA
"E3",NA,5110,"4-6 cm",0,0,NA
"E3",NA,5110,"6-8 cm",0,0,NA
"E3",NA,5110,">8 cm",0,0,NA
"E3",NA,6101,"<2 cm",0,0,NA
"E3",NA,6101,"2-4 cm",0,0,NA
"E3",NA,6101,"4-6 cm",0,0,NA
"E3",NA,6101,"6-8 cm",0,0,NA
"E3",NA,6101,">8 cm",0,0,NA
"E3",NA,6102,"<2 cm",0,0,NA
"E3",NA,6102,"2-4 cm",0,0,NA
"E3",NA,6102,"4-6 cm",0,0,NA
"E3",NA,6102,"6-8 cm",0,0,NA
"E3",NA,6102,">8 cm",0,0,NA
"E3",NA,6103,"<2 cm",0,0,NA
"E3",NA,6103,"2-4 cm",0,0,NA
"E3",NA,6103,"4-6 cm",0,0,NA
"E3",NA,6103,"6-8 cm",0,0,NA
"E3",NA,6103,">8 cm",0,0,NA
"E3",NA,6104,"<2 cm",0,0,NA
"E3",NA,6104,"2-4 cm",0,0,NA
"E3",NA,6104,"4-6 cm",0,0,NA
"E3",NA,6104,"6-8 cm",0,0,NA
"E3",NA,6104,">8 cm",0,0,NA
"E3",NA,6105,"<2 cm",0,0,NA
"E3",NA,6105,"2-4 cm",0,0,NA
"E3",NA,6105,"4-6 cm",0,0,NA
"E3",NA,6105,"6-8 cm",0,0,NA
"E3",NA,6105,">8 cm",0,0,NA
"E3",NA,6106,"<2 cm",0,0,NA
"E3",NA,6106,"2-4 cm",0,0,NA
"E3",NA,6106,"4-6 cm",0,0,NA
"E3",NA,6106,"6-8 cm",0,0,NA
"E3",NA,6106,">8 cm",0,0,NA
"E3",NA,6107,"<2 cm",0,0,NA
"E3",NA,6107,"2-4 cm",0,0,NA
"E3",NA,6107,"4-6 cm",0,0,NA
"E3",NA,6107,"6-8 cm",0,0,NA
"E3",NA,6107,">8 cm",0,0,NA
"E3",NA,6108,"<2 cm",0,0,NA
"E3",NA,6108,"2-4 cm",0,0,NA
"E3",NA,6108,"4-6 cm",0,0,NA
"E3",NA,6108,"6-8 cm",0,0,NA
"E3",NA,6108,">8 cm",0,0,NA
"E3",NA,6109,"<2 cm",0,0,NA
"E3",NA,6109,"2-4 cm",0,0,NA
"E3",NA,6109,"4-6 cm",0,0,NA
"E3",NA,6109,"6-8 cm",0,0,NA
"E3",NA,6109,">8 cm",0,0,NA
"E3",NA,6110,"<2 cm",0,0,NA
"E3",NA,6110,"2-4 cm",0,0,NA
"E3",NA,6110,"4-6 cm",0,0,NA
"E3",NA,6110,"6-8 cm",0,0,NA
"E3",NA,6110,">8 cm",0,0,NA
"E3",NA,7101,"<2 cm",0,0,NA
"E3",NA,7101,"2-4 cm",0,0,NA
"E3",NA,7101,"4-6 cm",0,0,NA
"E3",NA,7101,"6-8 cm",0,0,NA
"E3",NA,7101,">8 cm",0,0,NA
"E3",NA,7102,"<2 cm",0,0,NA
"E3",NA,7102,"2-4 cm",0,0,NA
"E3",NA,7102,"4-6 cm",0,0,NA
"E3",NA,7102,"6-8 cm",0,0,NA
"E3",NA,7102,">8 cm",0,0,NA
"E3",NA,7103,"<2 cm",0,0,NA
"E3",NA,7103,"2-4 cm",0,0,NA
"E3",NA,7103,"4-6 cm",0,0,NA
"E3",NA,7103,"6-8 cm",0,0,NA
"E3",NA,7103,">8 cm",0,0,NA
"E3",NA,7104,"<2 cm",0,0,NA
"E3",NA,7104,"2-4 cm",0,0,NA
"E3",NA,7104,"4-6 cm",0,0,NA
"E3",NA,7104,"6-8 cm",0,0,NA
"E3",NA,7104,">8 cm",0,0,NA
"E3",NA,7105,"<2 cm",0,0,NA
"E3",NA,7105,"2-4 cm",0,0,NA
"E3",NA,7105,"4-6 cm",0,0,NA
"E3",NA,7105,"6-8 cm",0,0,NA
"E3",NA,7105,">8 cm",0,0,NA
"E3",NA,7106,"<2 cm",0,0,NA
"E3",NA,7106,"2-4 cm",0,0,NA
"E3",NA,7106,"4-6 cm",0,0,NA
"E3",NA,7106,"6-8 cm",0,0,NA
"E3",NA,7106,">8 cm",0,0,NA
"E3",NA,7107,"<2 cm",0,0,NA
"E3",NA,7107,"2-4 cm",0,0,NA
"E3",NA,7107,"4-6 cm",0,0,NA
"E3",NA,7107,"6-8 cm",0,0,NA
"E3",NA,7107,">8 cm",0,0,NA
"E3",NA,7108,"<2 cm",0,0,NA
"E3",NA,7108,"2-4 cm",0,0,NA
"E3",NA,7108,"4-6 cm",0,0,NA
"E3",NA,7108,"6-8 cm",0,0,NA
"E3",NA,7108,">8 cm",0,0,NA
"E3",NA,7109,"<2 cm",0,0,NA
"E3",NA,7109,"2-4 cm",0,0,NA
"E3",NA,7109,"4-6 cm",0,0,NA
"E3",NA,7109,"6-8 cm",0,0,NA
"E3",NA,7109,">8 cm",0,0,NA
"E3",NA,7110,"<2 cm",0,0,NA
"E3",NA,7110,"2-4 cm",0,0,NA
"E3",NA,7110,"4-6 cm",0,0,NA
"E3",NA,7110,"6-8 cm",0,0,NA
"E3",NA,7110,">8 cm",0,0,NA
"E3",NA,8101,"<2 cm",0,0,NA
"E3",NA,8101,"2-4 cm",0,0,NA
"E3",NA,8101,"4-6 cm",0,0,NA
"E3",NA,8101,"6-8 cm",0,0,NA
"E3",NA,8101,">8 cm",0,0,NA
"E3",NA,8102,"<2 cm",0,0,NA
"E3",NA,8102,"2-4 cm",0,0,NA
"E3",NA,8102,"4-6 cm",0,0,NA
"E3",NA,8102,"6-8 cm",0,0,NA
"E3",NA,8102,">8 cm",0,0,NA
"E3",NA,8103,"<2 cm",0,0,NA
"E3",NA,8103,"2-4 cm",0,0,NA
"E3",NA,8103,"4-6 cm",0,0,NA
"E3",NA,8103,"6-8 cm",0,0,NA
"E3",NA,8103,">8 cm",0,0,NA
"E3",NA,8104,"<2 cm",0,0,NA
"E3",NA,8104,"2-4 cm",0,0,NA
"E3",NA,8104,"4-6 cm",0,0,NA
"E3",NA,8104,"6-8 cm",0,0,NA
"E3",NA,8104,">8 cm",0,0,NA
"E3",NA,8105,"<2 cm",0,0,NA
"E3",NA,8105,"2-4 cm",0,0,NA
"E3",NA,8105,"4-6 cm",0,0,NA
"E3",NA,8105,"6-8 cm",0,0,NA
"E3",NA,8105,">8 cm",0,0,NA
"E3",NA,8106,"<2 cm",0,0,NA
"E3",NA,8106,"2-4 cm",0,0,NA
"E3",NA,8106,"4-6 cm",0,0,NA
"E3",NA,8106,"6-8 cm",0,0,NA
"E3",NA,8106,">8 cm",0,0,NA
"E3",NA,8107,"<2 cm",0,0,NA
"E3",NA,8107,"2-4 cm",0,0,NA
"E3",NA,8107,"4-6 cm",0,0,NA
"E3",NA,8107,"6-8 cm",0,0,NA
"E3",NA,8107,">8 cm",0,0,NA
"E3",NA,8108,"<2 cm",0,0,NA
"E3",NA,8108,"2-4 cm",0,0,NA
"E3",NA,8108,"4-6 cm",0,0,NA
"E3",NA,8108,"6-8 cm",0,0,NA
"E3",NA,8108,">8 cm",0,0,NA
"E3",NA,8109,"<2 cm",0,0,NA
"E3",NA,8109,"2-4 cm",0,0,NA
"E3",NA,8109,"4-6 cm",0,0,NA
"E3",NA,8109,"6-8 cm",0,0,NA
"E3",NA,8109,">8 cm",0,0,NA
"E3",NA,8110,"<2 cm",0,0,NA
"E3",NA,8110,"2-4 cm",0,0,NA
"E3",NA,8110,"4-6 cm",0,0,NA
"E3",NA,8110,"6-8 cm",0,0,NA
"E3",NA,8110,">8 cm",0,0,NA
"E3",NA,9101,"<2 cm",0,0,NA
"E3",NA,9101,"2-4 cm",0,0,NA
"E3",NA,9101,"4-6 cm",0,0,NA
"E3",NA,9101,"6-8 cm",0,0,NA
"E3",NA,9101,">8 cm",0,0,NA
"E3",NA,9102,"<2 cm",0,0,NA
"E3",NA,9102,"2-4 cm",0,0,NA
"E3",NA,9102,"4-6 cm",0,0,NA
"E3",NA,9102,"6-8 cm",0,0,NA
"E3",NA,9102,">8 cm",0,0,NA
"E3",NA,9103,"<2 cm",0,0,NA
"E3",NA,9103,"2-4 cm",0,0,NA
"E3",NA,9103,"4-6 cm",0,0,NA
"E3",NA,9103,"6-8 cm",0,0,NA
"E3",NA,9103,">8 cm",0,0,NA
"E3",NA,9104,"<2 cm",0,0,NA
"E3",NA,9104,"2-4 cm",0,0,NA
"E3",NA,9104,"4-6 cm",0,0,NA
"E3",NA,9104,"6-8 cm",0,0,NA
"E3",NA,9104,">8 cm",0,0,NA
"E3",NA,9105,"<2 cm",0,0,NA
"E3",NA,9105,"2-4 cm",0,0,NA
"E3",NA,9105,"4-6 cm",0,0,NA
"E3",NA,9105,"6-8 cm",0,0,NA
"E3",NA,9105,">8 cm",0,0,NA
"E3",NA,9106,"<2 cm",0,0,NA
"E3",NA,9106,"2-4 cm",0,0,NA
"E3",NA,9106,"4-6 cm",0,0,NA
"E3",NA,9106,"6-8 cm",0,0,NA
"E3",NA,9106,">8 cm",0,0,NA
"E3",NA,9107,"<2 cm",0,0,NA
"E3",NA,9107,"2-4 cm",0,0,NA
"E3",NA,9107,"4-6 cm",0,0,NA
"E3",NA,9107,"6-8 cm",0,0,NA
"E3",NA,9107,">8 cm",0,0,NA
"E3",NA,9108,"<2 cm",0,0,NA
"E3",NA,9108,"2-4 cm",0,0,NA
"E3",NA,9108,"4-6 cm",0,0,NA
"E3",NA,9108,"6-8 cm",0,0,NA
"E3",NA,9108,">8 cm",0,0,NA
"E3",NA,9109,"<2 cm",0,0,NA
"E3",NA,9109,"2-4 cm",0,0,NA
"E3",NA,9109,"4-6 cm",0,0,NA
"E3",NA,9109,"6-8 cm",0,0,NA
"E3",NA,9109,">8 cm",0,0,NA
"E3",NA,9110,"<2 cm",0,0,NA
"E3",NA,9110,"2-4 cm",0,0,NA
"E3",NA,9110,"4-6 cm",0,0,NA
"E3",NA,9110,"6-8 cm",0,0,NA
"E3",NA,9110,">8 cm",0,0,NA
"E3",NA,10101,"<2 cm",0,0,NA
"E3",NA,10101,"2-4 cm",0,0,NA
"E3",NA,10101,"4-6 cm",0,0,NA
"E3",NA,10101,"6-8 cm",0,0,NA
"E3",NA,10101,">8 cm",0,0,NA
"E3",NA,10102,"<2 cm",0,0,NA
"E3",NA,10102,"2-4 cm",0,0,NA
"E3",NA,10102,"4-6 cm",0,0,NA
"E3",NA,10102,"6-8 cm",0,0,NA
"E3",NA,10102,">8 cm",0,0,NA
"E3",NA,10103,"<2 cm",0,0,NA
"E3",NA,10103,"2-4 cm",0,0,NA
"E3",NA,10103,"4-6 cm",0,0,NA
"E3",NA,10103,"6-8 cm",0,0,NA
"E3",NA,10103,">8 cm",0,0,NA
"E3",NA,10104,"<2 cm",0,0,NA
"E3",NA,10104,"2-4 cm",0,0,NA
"E3",NA,10104,"4-6 cm",0,0,NA
"E3",NA,10104,"6-8 cm",0,0,NA
"E3",NA,10104,">8 cm",0,0,NA
"E3",NA,10105,"<2 cm",0,0,NA
"E3",NA,10105,"2-4 cm",0,0,NA
"E3",NA,10105,"4-6 cm",0,0,NA
"E3",NA,10105,"6-8 cm",0,0,NA
"E3",NA,10105,">8 cm",0,0,NA
"E3",NA,10106,"<2 cm",0,0,NA
"E3",NA,10106,"2-4 cm",0,0,NA
"E3",NA,10106,"4-6 cm",0,0,NA
"E3",NA,10106,"6-8 cm",0,0,NA
"E3",NA,10106,">8 cm",0,0,NA
"E3",NA,10107,"<2 cm",0,0,NA
"E3",NA,10107,"2-4 cm",0,0,NA
"E3",NA,10107,"4-6 cm",0,0,NA
"E3",NA,10107,"6-8 cm",0,0,NA
"E3",NA,10107,">8 cm",0,0,NA
"E3",NA,10108,"<2 cm",0,0,NA
"E3",NA,10108,"2-4 cm",0,0,NA
"E3",NA,10108,"4-6 cm",0,0,NA
"E3",NA,10108,"6-8 cm",0,0,NA
"E3",NA,10108,">8 cm",0,0,NA
"E3",NA,10109,"<2 cm",0,0,NA
"E3",NA,10109,"2-4 cm",0,0,NA
"E3",NA,10109,"4-6 cm",0,0,NA
"E3",NA,10109,"6-8 cm",0,0,NA
"E3",NA,10109,">8 cm",0,0,NA
"E3",NA,10110,"<2 cm",0,0,NA
"E3",NA,10110,"2-4 cm",0,0,NA
"E3",NA,10110,"4-6 cm",0,0,NA
"E3",NA,10110,"6-8 cm",0,0,NA
"E3",NA,10110,">8 cm",0,0,NA
"E3",NA,11101,"<2 cm",0,0,NA
"E3",NA,11101,"2-4 cm",0,0,NA
"E3",NA,11101,"4-6 cm",0,0,NA
"E3",NA,11101,"6-8 cm",0,0,NA
"E3",NA,11101,">8 cm",0,0,NA
"E3",NA,11102,"<2 cm",0,0,NA
"E3",NA,11102,"2-4 cm",0,0,NA
"E3",NA,11102,"4-6 cm",0,0,NA
"E3",NA,11102,"6-8 cm",0,0,NA
"E3",NA,11102,">8 cm",0,0,NA
"E3",NA,11103,"<2 cm",0,0,NA
"E3",NA,11103,"2-4 cm",0,0,NA
"E3",NA,11103,"4-6 cm",0,0,NA
"E3",NA,11103,"6-8 cm",0,0,NA
"E3",NA,11103,">8 cm",0,0,NA
"E3",NA,11104,"<2 cm",0,0,NA
"E3",NA,11104,"2-4 cm",0,0,NA
"E3",NA,11104,"4-6 cm",0,0,NA
"E3",NA,11104,"6-8 cm",0,0,NA
"E3",NA,11104,">8 cm",0,0,NA
"E3",NA,11105,"<2 cm",0,0,NA
"E3",NA,11105,"2-4 cm",0,0,NA
"E3",NA,11105,"4-6 cm",0,0,NA
"E3",NA,11105,"6-8 cm",0,0,NA
"E3",NA,11105,">8 cm",0,0,NA
"E3",NA,11106,"<2 cm",0,0,NA
"E3",NA,11106,"2-4 cm",0,0,NA
"E3",NA,11106,"4-6 cm",0,0,NA
"E3",NA,11106,"6-8 cm",0,0,NA
"E3",NA,11106,">8 cm",0,0,NA
"E3",NA,11107,"<2 cm",0,0,NA
"E3",NA,11107,"2-4 cm",0,0,NA
"E3",NA,11107,"4-6 cm",0,0,NA
"E3",NA,11107,"6-8 cm",0,0,NA
"E3",NA,11107,">8 cm",0,0,NA
"E3",NA,11108,"<2 cm",0,0,NA
"E3",NA,11108,"2-4 cm",0,0,NA
"E3",NA,11108,"4-6 cm",0,0,NA
"E3",NA,11108,"6-8 cm",0,0,NA
"E3",NA,11108,">8 cm",0,0,NA
"E3",NA,11109,"<2 cm",0,0,NA
"E3",NA,11109,"2-4 cm",0,0,NA
"E3",NA,11109,"4-6 cm",0,0,NA
"E3",NA,11109,"6-8 cm",0,0,NA
"E3",NA,11109,">8 cm",0,0,NA
"E3",NA,11110,"<2 cm",0,0,NA
"E3",NA,11110,"2-4 cm",0,0,NA
"E3",NA,11110,"4-6 cm",0,0,NA
"E3",NA,11110,"6-8 cm",0,0,NA
"E3",NA,11110,">8 cm",0,0,NA
"E3",NA,12101,"<2 cm",0,0,NA
"E3",NA,12101,"2-4 cm",0,0,NA
"E3",NA,12101,"4-6 cm",0,0,NA
"E3",NA,12101,"6-8 cm",0,0,NA
"E3",NA,12101,">8 cm",0,0,NA
"E3",NA,12102,"<2 cm",0,0,NA
"E3",NA,12102,"2-4 cm",0,0,NA
"E3",NA,12102,"4-6 cm",0,0,NA
"E3",NA,12102,"6-8 cm",0,0,NA
"E3",NA,12102,">8 cm",0,0,NA
"E3",NA,12103,"<2 cm",0,0,NA
"E3",NA,12103,"2-4 cm",0,0,NA
"E3",NA,12103,"4-6 cm",0,0,NA
"E3",NA,12103,"6-8 cm",0,0,NA
"E3",NA,12103,">8 cm",0,0,NA
"E3",NA,12104,"<2 cm",0,0,NA
"E3",NA,12104,"2-4 cm",0,0,NA
"E3",NA,12104,"4-6 cm",0,0,NA
"E3",NA,12104,"6-8 cm",0,0,NA
"E3",NA,12104,">8 cm",0,0,NA
"E3",NA,12105,"<2 cm",0,0,NA
"E3",NA,12105,"2-4 cm",0,0,NA
"E3",NA,12105,"4-6 cm",0,0,NA
"E3",NA,12105,"6-8 cm",0,0,NA
"E3",NA,12105,">8 cm",0,0,NA
"E3",NA,12106,"<2 cm",0,0,NA
"E3",NA,12106,"2-4 cm",0,0,NA
"E3",NA,12106,"4-6 cm",0,0,NA
"E3",NA,12106,"6-8 cm",0,0,NA
"E3",NA,12106,">8 cm",0,0,NA
"E3",NA,12107,"<2 cm",0,0,NA
"E3",NA,12107,"2-4 cm",0,0,NA
"E3",NA,12107,"4-6 cm",0,0,NA
"E3",NA,12107,"6-8 cm",0,0,NA
"E3",NA,12107,">8 cm",0,0,NA
"E3",NA,12108,"<2 cm",0,0,NA
"E3",NA,12108,"2-4 cm",0,0,NA
"E3",NA,12108,"4-6 cm",0,0,NA
"E3",NA,12108,"6-8 cm",0,0,NA
"E3",NA,12108,">8 cm",0,0,NA
"E3",NA,12109,"<2 cm",0,0,NA
"E3",NA,12109,"2-4 cm",0,0,NA
"E3",NA,12109,"4-6 cm",0,0,NA
"E3",NA,12109,"6-8 cm",0,0,NA
"E3",NA,12109,">8 cm",0,0,NA
"E3",NA,12110,"<2 cm",0,0,NA
"E3",NA,12110,"2-4 cm",0,0,NA
"E3",NA,12110,"4-6 cm",0,0,NA
"E3",NA,12110,"6-8 cm",0,0,NA
"E3",NA,12110,">8 cm",0,0,NA
"E3",NA,13101,"<2 cm",0,0,NA
"E3",NA,13101,"2-4 cm",0,0,NA
"E3",NA,13101,"4-6 cm",0,0,NA
"E3",NA,13101,"6-8 cm",0,0,NA
"E3",NA,13101,">8 cm",0,0,NA
"E3",NA,13102,"<2 cm",0,0,NA
"E3",NA,13102,"2-4 cm",0,0,NA
"E3",NA,13102,"4-6 cm",0,0,NA
"E3",NA,13102,"6-8 cm",0,0,NA
"E3",NA,13102,">8 cm",0,0,NA
"E3",NA,13103,"<2 cm",0,0,NA
"E3",NA,13103,"2-4 cm",0,0,NA
"E3",NA,13103,"4-6 cm",0,0,NA
"E3",NA,13103,"6-8 cm",0,0,NA
"E3",NA,13103,">8 cm",0,0,NA
"E3",NA,13104,"<2 cm",0,0,NA
"E3",NA,13104,"2-4 cm",0,0,NA
"E3",NA,13104,"4-6 cm",0,0,NA
"E3",NA,13104,"6-8 cm",0,0,NA
"E3",NA,13104,">8 cm",0,0,NA
"E3",NA,13105,"<2 cm",0,0,NA
"E3",NA,13105,"2-4 cm",0,0,NA
"E3",NA,13105,"4-6 cm",0,0,NA
"E3",NA,13105,"6-8 cm",0,0,NA
"E3",NA,13105,">8 cm",0,0,NA
"E3",NA,13106,"<2 cm",0,0,NA
"E3",NA,13106,"2-4 cm",0,0,NA
"E3",NA,13106,"4-6 cm",0,0,NA
"E3",NA,13106,"6-8 cm",0,0,NA
"E3",NA,13106,">8 cm",0,0,NA
"E3",NA,13107,"<2 cm",0,0,NA
"E3",NA,13107,"2-4 cm",0,0,NA
"E3",NA,13107,"4-6 cm",0,0,NA
"E3",NA,13107,"6-8 cm",0,0,NA
"E3",NA,13107,">8 cm",0,0,NA
"E3",NA,13108,"<2 cm",0,0,NA
"E3",NA,13108,"2-4 cm",0,0,NA
"E3",NA,13108,"4-6 cm",0,0,NA
"E3",NA,13108,"6-8 cm",0,0,NA
"E3",NA,13108,">8 cm",0,0,NA
"E3",NA,13109,"<2 cm",0,0,NA
"E3",NA,13109,"2-4 cm",0,0,NA
"E3",NA,13109,"4-6 cm",0,0,NA
"E3",NA,13109,"6-8 cm",0,0,NA
"E3",NA,13109,">8 cm",0,0,NA
"E3",NA,13110,"<2 cm",0,0,NA
"E3",NA,13110,"2-4 cm",0,0,NA
"E3",NA,13110,"4-6 cm",0,0,NA
"E3",NA,13110,"6-8 cm",0,0,NA
"E3",NA,13110,">8 cm",0,0,NA
"E3",NA,14101,"<2 cm",0,0,NA
"E3",NA,14101,"2-4 cm",0,0,NA
"E3",NA,14101,"4-6 cm",0,0,NA
"E3",NA,14101,"6-8 cm",0,0,NA
"E3",NA,14101,">8 cm",0,0,NA
"E3",NA,14102,"<2 cm",0,0,NA
"E3",NA,14102,"2-4 cm",0,0,NA
"E3",NA,14102,"4-6 cm",0,0,NA
"E3",NA,14102,"6-8 cm",0,0,NA
"E3",NA,14102,">8 cm",0,0,NA
"E3",NA,14103,"<2 cm",0,0,NA
"E3",NA,14103,"2-4 cm",0,0,NA
"E3",NA,14103,"4-6 cm",0,0,NA
"E3",NA,14103,"6-8 cm",0,0,NA
"E3",NA,14103,">8 cm",0,0,NA
"E3",NA,14104,"<2 cm",0,0,NA
"E3",NA,14104,"2-4 cm",0,0,NA
"E3",NA,14104,"4-6 cm",0,0,NA
"E3",NA,14104,"6-8 cm",0,0,NA
"E3",NA,14104,">8 cm",0,0,NA
"E3",NA,14105,"<2 cm",0,0,NA
"E3",NA,14105,"2-4 cm",0,0,NA
"E3",NA,14105,"4-6 cm",0,0,NA
"E3",NA,14105,"6-8 cm",0,0,NA
"E3",NA,14105,">8 cm",0,0,NA
"E3",NA,14106,"<2 cm",0,0,NA
"E3",NA,14106,"2-4 cm",0,0,NA
"E3",NA,14106,"4-6 cm",0,0,NA
"E3",NA,14106,"6-8 cm",0,0,NA
"E3",NA,14106,">8 cm",0,0,NA
"E3",NA,14107,"<2 cm",0,0,NA
"E3",NA,14107,"2-4 cm",0,0,NA
"E3",NA,14107,"4-6 cm",0,0,NA
"E3",NA,14107,"6-8 cm",0,0,NA
"E3",NA,14107,">8 cm",0,0,NA
"E3",NA,14108,"<2 cm",0,0,NA
"E3",NA,14108,"2-4 cm",0,0,NA
"E3",NA,14108,"4-6 cm",0,0,NA
"E3",NA,14108,"6-8 cm",0,0,NA
"E3",NA,14108,">8 cm",0,0,NA
"E3",NA,14109,"<2 cm",0,0,NA
"E3",NA,14109,"2-4 cm",0,0,NA
"E3",NA,14109,"4-6 cm",0,0,NA
"E3",NA,14109,"6-8 cm",0,0,NA
"E3",NA,14109,">8 cm",0,0,NA
"E3",NA,14110,"<2 cm",0,0,NA
"E3",NA,14110,"2-4 cm",0,0,NA
"E3",NA,14110,"4-6 cm",0,0,NA
"E3",NA,14110,"6-8 cm",0,0,NA
"E3",NA,14110,">8 cm",0,0,NA
"E3",NA,15101,"<2 cm",0,0,NA
"E3",NA,15101,"2-4 cm",0,0,NA
"E3",NA,15101,"4-6 cm",0,0,NA
"E3",NA,15101,"6-8 cm",0,0,NA
"E3",NA,15101,">8 cm",0,0,NA
"E3",NA,15102,"<2 cm",0,0,NA
"E3",NA,15102,"2-4 cm",0,0,NA
"E3",NA,15102,"4-6 cm",0,0,NA
"E3",NA,15102,"6-8 cm",0,0,NA
"E3",NA,15102,">8 cm",0,0,NA
"E3",NA,15103,"<2 cm",0,0,NA
"E3",NA,15103,"2-4 cm",0,0,NA
"E3",NA,15103,"4-6 cm",0,0,NA
"E3",NA,15103,"6-8 cm",0,0,NA
"E3",NA,15103,">8 cm",0,0,NA
"E3",NA,15104,"<2 cm",0,0,NA
"E3",NA,15104,"2-4 cm",0,0,NA
"E3",NA,15104,"4-6 cm",0,0,NA
"E3",NA,15104,"6-8 cm",0,0,NA
"E3",NA,15104,">8 cm",0,0,NA
"E3",NA,15105,"<2 cm",0,0,NA
"E3",NA,15105,"2-4 cm",0,0,NA
"E3",NA,15105,"4-6 cm",0,0,NA
"E3",NA,15105,"6-8 cm",0,0,NA
"E3",NA,15105,">8 cm",0,0,NA
"E3",NA,15106,"<2 cm",0,0,NA
"E3",NA,15106,"2-4 cm",0,0,NA
"E3",NA,15106,"4-6 cm",0,0,NA
"E3",NA,15106,"6-8 cm",0,0,NA
"E3",NA,15106,">8 cm",0,0,NA
"E3",NA,15107,"<2 cm",0,0,NA
"E3",NA,15107,"2-4 cm",0,0,NA
"E3",NA,15107,"4-6 cm",0,0,NA
"E3",NA,15107,"6-8 cm",0,0,NA
"E3",NA,15107,">8 cm",0,0,NA
"E3",NA,15108,"<2 cm",0,0,NA
"E3",NA,15108,"2-4 cm",0,0,NA
"E3",NA,15108,"4-6 cm",0,0,NA
"E3",NA,15108,"6-8 cm",0,0,NA
"E3",NA,15108,">8 cm",0,0,NA
"E3",NA,15109,"<2 cm",0,0,NA
"E3",NA,15109,"2-4 cm",0,0,NA
"E3",NA,15109,"4-6 cm",0,0,NA
"E3",NA,15109,"6-8 cm",0,0,NA
"E3",NA,15109,">8 cm",0,0,NA
"E3",NA,15110,"<2 cm",0,0,NA
"E3",NA,15110,"2-4 cm",0,0,NA
"E3",NA,15110,"4-6 cm",0,0,NA
"E3",NA,15110,"6-8 cm",0,0,NA
"E3",NA,15110,">8 cm",0,0,NA
"E3",NA,16101,"<2 cm",0,0,NA
"E3",NA,16101,"2-4 cm",0,0,NA
"E3",NA,16101,"4-6 cm",0,0,NA
"E3",NA,16101,"6-8 cm",0,0,NA
"E3",NA,16101,">8 cm",0,0,NA
"E3",NA,16102,"<2 cm",0,0,NA
"E3",NA,16102,"2-4 cm",0,0,NA
"E3",NA,16102,"4-6 cm",0,0,NA
"E3",NA,16102,"6-8 cm",0,0,NA
"E3",NA,16102,">8 cm",0,0,NA
"E3",NA,16103,"<2 cm",0,0,NA
"E3",NA,16103,"2-4 cm",0,0,NA
"E3",NA,16103,"4-6 cm",0,0,NA
"E3",NA,16103,"6-8 cm",0,0,NA
"E3",NA,16103,">8 cm",0,0,NA
"E3",NA,16104,"<2 cm",0,0,NA
"E3",NA,16104,"2-4 cm",0,0,NA
"E3",NA,16104,"4-6 cm",0,0,NA
"E3",NA,16104,"6-8 cm",0,0,NA
"E3",NA,16104,">8 cm",0,0,NA
"E3",NA,16105,"<2 cm",0,0,NA
"E3",NA,16105,"2-4 cm",0,0,NA
"E3",NA,16105,"4-6 cm",0,0,NA
"E3",NA,16105,"6-8 cm",0,0,NA
"E3",NA,16105,">8 cm",0,0,NA
"E3",NA,16106,"<2 cm",0,0,NA
"E3",NA,16106,"2-4 cm",0,0,NA
"E3",NA,16106,"4-6 cm",0,0,NA
"E3",NA,16106,"6-8 cm",0,0,NA
"E3",NA,16106,">8 cm",0,0,NA
"E3",NA,16107,"<2 cm",0,0,NA
"E3",NA,16107,"2-4 cm",0,0,NA
"E3",NA,16107,"4-6 cm",0,0,NA
"E3",NA,16107,"6-8 cm",0,0,NA
"E3",NA,16107,">8 cm",0,0,NA
"E3",NA,16108,"<2 cm",0,0,NA
"E3",NA,16108,"2-4 cm",0,0,NA
"E3",NA,16108,"4-6 cm",0,0,NA
"E3",NA,16108,"6-8 cm",0,0,NA
"E3",NA,16108,">8 cm",0,0,NA
"E3",NA,16109,"<2 cm",0,0,NA
"E3",NA,16109,"2-4 cm",0,0,NA
"E3",NA,16109,"4-6 cm",0,0,NA
"E3",NA,16109,"6-8 cm",0,0,NA
"E3",NA,16109,">8 cm",0,0,NA
"E3",NA,16110,"<2 cm",0,0,NA
"E3",NA,16110,"2-4 cm",0,0,NA
"E3",NA,16110,"4-6 cm",0,0,NA
"E3",NA,16110,"6-8 cm",0,0,NA
"E3",NA,16110,">8 cm",0,0,NA
"E3",NA,17101,"<2 cm",0,0,NA
"E3",NA,17101,"2-4 cm",0,0,NA
"E3",NA,17101,"4-6 cm",0,0,NA
"E3",NA,17101,"6-8 cm",0,0,NA
"E3",NA,17101,">8 cm",0,0,NA
"E3",NA,17102,"<2 cm",0,0,NA
"E3",NA,17102,"2-4 cm",0,0,NA
"E3",NA,17102,"4-6 cm",0,0,NA
"E3",NA,17102,"6-8 cm",0,0,NA
"E3",NA,17102,">8 cm",0,0,NA
"E3",NA,17103,"<2 cm",0,0,NA
"E3",NA,17103,"2-4 cm",0,0,NA
"E3",NA,17103,"4-6 cm",0,0,NA
"E3",NA,17103,"6-8 cm",0,0,NA
"E3",NA,17103,">8 cm",0,0,NA
"E3",NA,17104,"<2 cm",0,0,NA
"E3",NA,17104,"2-4 cm",0,0,NA
"E3",NA,17104,"4-6 cm",0,0,NA
"E3",NA,17104,"6-8 cm",0,0,NA
"E3",NA,17104,">8 cm",0,0,NA
"E3",NA,17105,"<2 cm",0,0,NA
"E3",NA,17105,"2-4 cm",0,0,NA
"E3",NA,17105,"4-6 cm",0,0,NA
"E3",NA,17105,"6-8 cm",0,0,NA
"E3",NA,17105,">8 cm",0,0,NA
"E3",NA,17106,"<2 cm",0,0,NA
"E3",NA,17106,"2-4 cm",0,0,NA
"E3",NA,17106,"4-6 cm",0,0,NA
"E3",NA,17106,"6-8 cm",0,0,NA
"E3",NA,17106,">8 cm",0,0,NA
"E3",NA,17107,"<2 cm",0,0,NA
"E3",NA,17107,"2-4 cm",0,0,NA
"E3",NA,17107,"4-6 cm",0,0,NA
"E3",NA,17107,"6-8 cm",0,0,NA
"E3",NA,17107,">8 cm",0,0,NA
"E3",NA,17108,"<2 cm",0,0,NA
"E3",NA,17108,"2-4 cm",0,0,NA
"E3",NA,17108,"4-6 cm",0,0,NA
"E3",NA,17108,"6-8 cm",0,0,NA
"E3",NA,17108,">8 cm",0,0,NA
"E3",NA,17109,"<2 cm",0,0,NA
"E3",NA,17109,"2-4 cm",0,0,NA
"E3",NA,17109,"4-6 cm",0,0,NA
"E3",NA,17109,"6-8 cm",0,0,NA
"E3",NA,17109,">8 cm",0,0,NA
"E3",NA,17110,"<2 cm",0,0,NA
"E3",NA,17110,"2-4 cm",0,0,NA
"E3",NA,17110,"4-6 cm",0,0,NA
"E3",NA,17110,"6-8 cm",0,0,NA
"E3",NA,17110,">8 cm",0,0,NA
"E3",NA,18101,"<2 cm",0,0,NA
"E3",NA,18101,"2-4 cm",0,0,NA
"E3",NA,18101,"4-6 cm",0,0,NA
"E3",NA,18101,"6-8 cm",0,0,NA
"E3",NA,18101,">8 cm",0,0,NA
"E3",NA,18102,"<2 cm",0,0,NA
"E3",NA,18102,"2-4 cm",0,0,NA
"E3",NA,18102,"4-6 cm",0,0,NA
"E3",NA,18102,"6-8 cm",0,0,NA
"E3",NA,18102,">8 cm",0,0,NA
"E3",NA,18103,"<2 cm",0,0,NA
"E3",NA,18103,"2-4 cm",0,0,NA
"E3",NA,18103,"4-6 cm",0,0,NA
"E3",NA,18103,"6-8 cm",0,0,NA
"E3",NA,18103,">8 cm",0,0,NA
"E3",NA,18104,"<2 cm",0,0,NA
"E3",NA,18104,"2-4 cm",0,0,NA
"E3",NA,18104,"4-6 cm",0,0,NA
"E3",NA,18104,"6-8 cm",0,0,NA
"E3",NA,18104,">8 cm",0,0,NA
"E3",NA,18105,"<2 cm",0,0,NA
"E3",NA,18105,"2-4 cm",0,0,NA
"E3",NA,18105,"4-6 cm",0,0,NA
"E3",NA,18105,"6-8 cm",0,0,NA
"E3",NA,18105,">8 cm",0,0,NA
"E3",NA,18106,"<2 cm",0,0,NA
"E3",NA,18106,"2-4 cm",0,0,NA
"E3",NA,18106,"4-6 cm",0,0,NA
"E3",NA,18106,"6-8 cm",0,0,NA
"E3",NA,18106,">8 cm",0,0,NA
"E3",NA,18107,"<2 cm",0,0,NA
"E3",NA,18107,"2-4 cm",0,0,NA
"E3",NA,18107,"4-6 cm",0,0,NA
"E3",NA,18107,"6-8 cm",0,0,NA
"E3",NA,18107,">8 cm",0,0,NA
"E3",NA,18108,"<2 cm",0,0,NA
"E3",NA,18108,"2-4 cm",0,0,NA
"E3",NA,18108,"4-6 cm",0,0,NA
"E3",NA,18108,"6-8 cm",0,0,NA
"E3",NA,18108,">8 cm",0,0,NA
"E3",NA,18109,"<2 cm",0,0,NA
"E3",NA,18109,"2-4 cm",0,0,NA
"E3",NA,18109,"4-6 cm",0,0,NA
"E3",NA,18109,"6-8 cm",0,0,NA
"E3",NA,18109,">8 cm",0,0,NA
"E3",NA,18110,"<2 cm",0,0,NA
"E3",NA,18110,"2-4 cm",0,0,NA
"E3",NA,18110,"4-6 cm",0,0,NA
"E3",NA,18110,"6-8 cm",0,0,NA
"E3",NA,18110,">8 cm",0,0,NA
"E3",NA,19101,"<2 cm",0,0,NA
"E3",NA,19101,"2-4 cm",0,0,NA
"E3",NA,19101,"4-6 cm",0,0,NA
"E3",NA,19101,"6-8 cm",0,0,NA
"E3",NA,19101,">8 cm",0,0,NA
"E3",NA,19102,"<2 cm",0,0,NA
"E3",NA,19102,"2-4 cm",0,0,NA
"E3",NA,19102,"4-6 cm",0,0,NA
"E3",NA,19102,"6-8 cm",0,0,NA
"E3",NA,19102,">8 cm",0,0,NA
"E3",NA,19103,"<2 cm",0,0,NA
"E3",NA,19103,"2-4 cm",0,0,NA
"E3",NA,19103,"4-6 cm",0,0,NA
"E3",NA,19103,"6-8 cm",0,0,NA
"E3",NA,19103,">8 cm",0,0,NA
"E3",NA,19104,"<2 cm",0,0,NA
"E3",NA,19104,"2-4 cm",0,0,NA
"E3",NA,19104,"4-6 cm",0,0,NA
"E3",NA,19104,"6-8 cm",0,0,NA
"E3",NA,19104,">8 cm",0,0,NA
"E3",NA,19105,"<2 cm",0,0,NA
"E3",NA,19105,"2-4 cm",0,0,NA
"E3",NA,19105,"4-6 cm",0,0,NA
"E3",NA,19105,"6-8 cm",0,0,NA
"E3",NA,19105,">8 cm",0,0,NA
"E3",NA,19106,"<2 cm",0,0,NA
"E3",NA,19106,"2-4 cm",0,0,NA
"E3",NA,19106,"4-6 cm",0,0,NA
"E3",NA,19106,"6-8 cm",0,0,NA
"E3",NA,19106,">8 cm",0,0,NA
"E3",NA,19107,"<2 cm",0,0,NA
"E3",NA,19107,"2-4 cm",0,0,NA
"E3",NA,19107,"4-6 cm",0,0,NA
"E3",NA,19107,"6-8 cm",0,0,NA
"E3",NA,19107,">8 cm",0,0,NA
"E3",NA,19108,"<2 cm",0,0,NA
"E3",NA,19108,"2-4 cm",0,0,NA
"E3",NA,19108,"4-6 cm",0,0,NA
"E3",NA,19108,"6-8 cm",0,0,NA
"E3",NA,19108,">8 cm",0,0,NA
"E3",NA,19109,"<2 cm",0,0,NA
"E3",NA,19109,"2-4 cm",0,0,NA
"E3",NA,19109,"4-6 cm",0,0,NA
"E3",NA,19109,"6-8 cm",0,0,NA
"E3",NA,19109,">8 cm",0,0,NA
"E3",NA,19110,"<2 cm",0,0,NA
"E3",NA,19110,"2-4 cm",0,0,NA
"E3",NA,19110,"4-6 cm",0,0,NA
"E3",NA,19110,"6-8 cm",0,0,NA
"E3",NA,19110,">8 cm",0,0,NA
"E3",NA,20101,"<2 cm",0,0,NA
"E3",NA,20101,"2-4 cm",0,0,NA
"E3",NA,20101,"4-6 cm",0,0,NA
"E3",NA,20101,"6-8 cm",0,0,NA
"E3",NA,20101,">8 cm",0,0,NA
"E3",NA,20102,"<2 cm",0,0,NA
"E3",NA,20102,"2-4 cm",0,0,NA
"E3",NA,20102,"4-6 cm",0,0,NA
"E3",NA,20102,"6-8 cm",0,0,NA
"E3",NA,20102,">8 cm",0,0,NA
"E3",NA,20103,"<2 cm",0,0,NA
"E3",NA,20103,"2-4 cm",0,0,NA
"E3",NA,20103,"4-6 cm",0,0,NA
"E3",NA,20103,"6-8 cm",0,0,NA
"E3",NA,20103,">8 cm",0,0,NA
"E3",NA,20104,"<2 cm",0,0,NA
"E3",NA,20104,"2-4 cm",0,0,NA
"E3",NA,20104,"4-6 cm",0,0,NA
"E3",NA,20104,"6-8 cm",0,0,NA
"E3",NA,20104,">8 cm",0,0,NA
"E3",NA,20105,"<2 cm",0,0,NA
"E3",NA,20105,"2-4 cm",0,0,NA
"E3",NA,20105,"4-6 cm",0,0,NA
"E3",NA,20105,"6-8 cm",0,0,NA
"E3",NA,20105,">8 cm",0,0,NA
"E3",NA,20106,"<2 cm",0,0,NA
"E3",NA,20106,"2-4 cm",0,0,NA
"E3",NA,20106,"4-6 cm",0,0,NA
"E3",NA,20106,"6-8 cm",0,0,NA
"E3",NA,20106,">8 cm",0,0,NA
"E3",NA,20107,"<2 cm",0,0,NA
"E3",NA,20107,"2-4 cm",0,0,NA
"E3",NA,20107,"4-6 cm",0,0,NA
"E3",NA,20107,"6-8 cm",0,0,NA
"E3",NA,20107,">8 cm",0,0,NA
"E3",NA,20108,"<2 cm",0,0,NA
"E3",NA,20108,"2-4 cm",0,0,NA
"E3",NA,20108,"4-6 cm",0,0,NA
"E3",NA,20108,"6-8 cm",0,0,NA
"E3",NA,20108,">8 cm",0,0,NA
"E3",NA,20109,"<2 cm",0,0,NA
"E3",NA,20109,"2-4 cm",0,0,NA
"E3",NA,20109,"4-6 cm",0,0,NA
"E3",NA,20109,"6-8 cm",0,0,NA
"E3",NA,20109,">8 cm",0,0,NA
"E3",NA,20110,"<2 cm",0,0,NA
"E3",NA,20110,"2-4 cm",0,0,NA
"E3",NA,20110,"4-6 cm",0,0,NA
"E3",NA,20110,"6-8 cm",0,0,NA
"E3",NA,20110,">8 cm",0,0,NA
"E3",NA,21101,"<2 cm",0,0,NA
"E3",NA,21101,"2-4 cm",0,0,NA
"E3",NA,21101,"4-6 cm",0,0,NA
"E3",NA,21101,"6-8 cm",0,0,NA
"E3",NA,21101,">8 cm",0,0,NA
"E3",NA,21102,"<2 cm",0,0,NA
"E3",NA,21102,"2-4 cm",0,0,NA
"E3",NA,21102,"4-6 cm",0,0,NA
"E3",NA,21102,"6-8 cm",0,0,NA
"E3",NA,21102,">8 cm",0,0,NA
"E3",NA,21103,"<2 cm",0,0,NA
"E3",NA,21103,"2-4 cm",0,0,NA
"E3",NA,21103,"4-6 cm",0,0,NA
"E3",NA,21103,"6-8 cm",0,0,NA
"E3",NA,21103,">8 cm",0,0,NA
"E3",NA,21104,"<2 cm",0,0,NA
"E3",NA,21104,"2-4 cm",0,0,NA
"E3",NA,21104,"4-6 cm",0,0,NA
"E3",NA,21104,"6-8 cm",0,0,NA
"E3",NA,21104,">8 cm",0,0,NA
"E3",NA,21105,"<2 cm",0,0,NA
"E3",NA,21105,"2-4 cm",0,0,NA
"E3",NA,21105,"4-6 cm",0,0,NA
"E3",NA,21105,"6-8 cm",0,0,NA
"E3",NA,21105,">8 cm",0,0,NA
"E3",NA,21106,"<2 cm",0,0,NA
"E3",NA,21106,"2-4 cm",0,0,NA
"E3",NA,21106,"4-6 cm",0,0,NA
"E3",NA,21106,"6-8 cm",0,0,NA
"E3",NA,21106,">8 cm",0,0,NA
"E3",NA,21107,"<2 cm",0,0,NA
"E3",NA,21107,"2-4 cm",0,0,NA
"E3",NA,21107,"4-6 cm",0,0,NA
"E3",NA,21107,"6-8 cm",0,0,NA
"E3",NA,21107,">8 cm",0,0,NA
"E3",NA,21108,"<2 cm",0,0,NA
"E3",NA,21108,"2-4 cm",0,0,NA
"E3",NA,21108,"4-6 cm",0,0,NA
"E3",NA,21108,"6-8 cm",0,0,NA
"E3",NA,21108,">8 cm",0,0,NA
"E3",NA,21109,"<2 cm",0,0,NA
"E3",NA,21109,"2-4 cm",0,0,NA
"E3",NA,21109,"4-6 cm",0,0,NA
"E3",NA,21109,"6-8 cm",0,0,NA
"E3",NA,21109,">8 cm",0,0,NA
"E3",NA,21110,"<2 cm",0,0,NA
"E3",NA,21110,"2-4 cm",0,0,NA
"E3",NA,21110,"4-6 cm",0,0,NA
"E3",NA,21110,"6-8 cm",0,0,NA
"E3",NA,21110,">8 cm",0,0,NA
"E3",NA,22101,"<2 cm",0,0,NA
"E3",NA,22101,"2-4 cm",0,0,NA
"E3",NA,22101,"4-6 cm",0,0,NA
"E3",NA,22101,"6-8 cm",0,0,NA
"E3",NA,22101,">8 cm",0,0,NA
"E3",NA,22102,"<2 cm",0,0,NA
"E3",NA,22102,"2-4 cm",0,0,NA
"E3",NA,22102,"4-6 cm",0,0,NA
"E3",NA,22102,"6-8 cm",0,0,NA
"E3",NA,22102,">8 cm",0,0,NA
"E3",NA,22103,"<2 cm",0,0,NA
"E3",NA,22103,"2-4 cm",0,0,NA
"E3",NA,22103,"4-6 cm",0,0,NA
"E3",NA,22103,"6-8 cm",0,0,NA
"E3",NA,22103,">8 cm",0,0,NA
"E3",NA,22104,"<2 cm",0,0,NA
"E3",NA,22104,"2-4 cm",0,0,NA
"E3",NA,22104,"4-6 cm",0,0,NA
"E3",NA,22104,"6-8 cm",0,0,NA
"E3",NA,22104,">8 cm",0,0,NA
"E3",NA,22105,"<2 cm",0,0,NA
"E3",NA,22105,"2-4 cm",0,0,NA
"E3",NA,22105,"4-6 cm",0,0,NA
"E3",NA,22105,"6-8 cm",0,0,NA
"E3",NA,22105,">8 cm",0,0,NA
"E3",NA,22106,"<2 cm",0,0,NA
"E3",NA,22106,"2-4 cm",0,0,NA
"E3",NA,22106,"4-6 cm",0,0,NA
"E3",NA,22106,"6-8 cm",0,0,NA
"E3",NA,22106,">8 cm",0,0,NA
"E3",NA,22107,"<2 cm",0,0,NA
"E3",NA,22107,"2-4 cm",0,0,NA
"E3",NA,22107,"4-6 cm",0,0,NA
"E3",NA,22107,"6-8 cm",0,0,NA
"E3",NA,22107,">8 cm",0,0,NA
"E3",NA,22108,"<2 cm",0,0,NA
"E3",NA,22108,"2-4 cm",0,0,NA
"E3",NA,22108,"4-6 cm",0,0,NA
"E3",NA,22108,"6-8 cm",0,0,NA
"E3",NA,22108,">8 cm",0,0,NA
"E3",NA,22109,"<2 cm",0,0,NA
"E3",NA,22109,"2-4 cm",0,0,NA
"E3",NA,22109,"4-6 cm",0,0,NA
"E3",NA,22109,"6-8 cm",0,0,NA
"E3",NA,22109,">8 cm",0,0,NA
"E3",NA,22110,"<2 cm",0,0,NA
"E3",NA,22110,"2-4 cm",0,0,NA
"E3",NA,22110,"4-6 cm",0,0,NA
"E3",NA,22110,"6-8 cm",0,0,NA
"E3",NA,22110,">8 cm",0,0,NA
"E3",NA,23101,"<2 cm",0,0,NA
"E3",NA,23101,"2-4 cm",0,0,NA
"E3",NA,23101,"4-6 cm",0,0,NA
"E3",NA,23101,"6-8 cm",0,0,NA
"E3",NA,23101,">8 cm",0,0,NA
"E3",NA,23102,"<2 cm",0,0,NA
"E3",NA,23102,"2-4 cm",0,0,NA
"E3",NA,23102,"4-6 cm",0,0,NA
"E3",NA,23102,"6-8 cm",0,0,NA
"E3",NA,23102,">8 cm",0,0,NA
"E3",NA,23103,"<2 cm",0,0,NA
"E3",NA,23103,"2-4 cm",0,0,NA
"E3",NA,23103,"4-6 cm",0,0,NA
"E3",NA,23103,"6-8 cm",0,0,NA
"E3",NA,23103,">8 cm",0,0,NA
"E3",NA,23104,"<2 cm",0,0,NA
"E3",NA,23104,"2-4 cm",0,0,NA
"E3",NA,23104,"4-6 cm",0,0,NA
"E3",NA,23104,"6-8 cm",0,0,NA
"E3",NA,23104,">8 cm",0,0,NA
"E3",NA,23105,"<2 cm",0,0,NA
"E3",NA,23105,"2-4 cm",0,0,NA
"E3",NA,23105,"4-6 cm",0,0,NA
"E3",NA,23105,"6-8 cm",0,0,NA
"E3",NA,23105,">8 cm",0,0,NA
"E3",NA,23106,"<2 cm",0,0,NA
"E3",NA,23106,"2-4 cm",0,0,NA
"E3",NA,23106,"4-6 cm",0,0,NA
"E3",NA,23106,"6-8 cm",0,0,NA
"E3",NA,23106,">8 cm",0,0,NA
"E3",NA,23107,"<2 cm",0,0,NA
"E3",NA,23107,"2-4 cm",0,0,NA
"E3",NA,23107,"4-6 cm",0,0,NA
"E3",NA,23107,"6-8 cm",0,0,NA
"E3",NA,23107,">8 cm",0,0,NA
"E3",NA,23108,"<2 cm",0,0,NA
"E3",NA,23108,"2-4 cm",0,0,NA
"E3",NA,23108,"4-6 cm",0,0,NA
"E3",NA,23108,"6-8 cm",0,0,NA
"E3",NA,23108,">8 cm",0,0,NA
"E3",NA,23109,"<2 cm",0,0,NA
"E3",NA,23109,"2-4 cm",0,0,NA
"E3",NA,23109,"4-6 cm",0,0,NA
"E3",NA,23109,"6-8 cm",0,0,NA
"E3",NA,23109,">8 cm",0,0,NA
"E3",NA,23110,"<2 cm",0,0,NA
"E3",NA,23110,"2-4 cm",0,0,NA
"E3",NA,23110,"4-6 cm",0,0,NA
"E3",NA,23110,"6-8 cm",0,0,NA
"E3",NA,23110,">8 cm",0,0,NA
"E3",NA,24101,"<2 cm",0,0,NA
"E3",NA,24101,"2-4 cm",0,0,NA
"E3",NA,24101,"4-6 cm",0,0,NA
"E3",NA,24101,"6-8 cm",0,0,NA
"E3",NA,24101,">8 cm",0,0,NA
"E3",NA,24102,"<2 cm",0,0,NA
"E3",NA,24102,"2-4 cm",0,0,NA
"E3",NA,24102,"4-6 cm",0,0,NA
"E3",NA,24102,"6-8 cm",0,0,NA
"E3",NA,24102,">8 cm",0,0,NA
"E3",NA,24103,"<2 cm",0,0,NA
"E3",NA,24103,"2-4 cm",0,0,NA
"E3",NA,24103,"4-6 cm",0,0,NA
"E3",NA,24103,"6-8 cm",0,0,NA
"E3",NA,24103,">8 cm",0,0,NA
"E3",NA,24104,"<2 cm",0,0,NA
"E3",NA,24104,"2-4 cm",0,0,NA
"E3",NA,24104,"4-6 cm",0,0,NA
"E3",NA,24104,"6-8 cm",0,0,NA
"E3",NA,24104,">8 cm",0,0,NA
"E3",NA,24105,"<2 cm",0,0,NA
"E3",NA,24105,"2-4 cm",0,0,NA
"E3",NA,24105,"4-6 cm",0,0,NA
"E3",NA,24105,"6-8 cm",0,0,NA
"E3",NA,24105,">8 cm",0,0,NA
"E3",NA,24106,"<2 cm",0,0,NA
"E3",NA,24106,"2-4 cm",0,0,NA
"E3",NA,24106,"4-6 cm",0,0,NA
"E3",NA,24106,"6-8 cm",0,0,NA
"E3",NA,24106,">8 cm",0,0,NA
"E3",NA,24107,"<2 cm",0,0,NA
"E3",NA,24107,"2-4 cm",0,0,NA
"E3",NA,24107,"4-6 cm",0,0,NA
"E3",NA,24107,"6-8 cm",0,0,NA
"E3",NA,24107,">8 cm",0,0,NA
"E3",NA,24108,"<2 cm",0,0,NA
"E3",NA,24108,"2-4 cm",0,0,NA
"E3",NA,24108,"4-6 cm",0,0,NA
"E3",NA,24108,"6-8 cm",0,0,NA
"E3",NA,24108,">8 cm",0,0,NA
"E3",NA,24109,"<2 cm",0,0,NA
"E3",NA,24109,"2-4 cm",0,0,NA
"E3",NA,24109,"4-6 cm",0,0,NA
"E3",NA,24109,"6-8 cm",0,0,NA
"E3",NA,24109,">8 cm",0,0,NA
"E3",NA,24110,"<2 cm",0,0,NA
"E3",NA,24110,"2-4 cm",0,0,NA
"E3",NA,24110,"4-6 cm",0,0,NA
"E3",NA,24110,"6-8 cm",0,0,NA
"E3",NA,24110,">8 cm",0,0,NA
"E3",NA,25101,"<2 cm",0,0,NA
"E3",NA,25101,"2-4 cm",0,0,NA
"E3",NA,25101,"4-6 cm",0,0,NA
"E3",NA,25101,"6-8 cm",0,0,NA
"E3",NA,25101,">8 cm",0,0,NA
"E3",NA,25102,"<2 cm",0,0,NA
"E3",NA,25102,"2-4 cm",0,0,NA
"E3",NA,25102,"4-6 cm",0,0,NA
"E3",NA,25102,"6-8 cm",0,0,NA
"E3",NA,25102,">8 cm",0,0,NA
"E3",NA,25103,"<2 cm",0,0,NA
"E3",NA,25103,"2-4 cm",0,0,NA
"E3",NA,25103,"4-6 cm",0,0,NA
"E3",NA,25103,"6-8 cm",0,0,NA
"E3",NA,25103,">8 cm",0,0,NA
"E3",NA,25104,"<2 cm",0,0,NA
"E3",NA,25104,"2-4 cm",0,0,NA
"E3",NA,25104,"4-6 cm",0,0,NA
"E3",NA,25104,"6-8 cm",0,0,NA
"E3",NA,25104,">8 cm",0,0,NA
"E3",NA,25105,"<2 cm",0,0,NA
"E3",NA,25105,"2-4 cm",0,0,NA
"E3",NA,25105,"4-6 cm",0,0,NA
"E3",NA,25105,"6-8 cm",0,0,NA
"E3",NA,25105,">8 cm",0,0,NA
"E3",NA,25106,"<2 cm",0,0,NA
"E3",NA,25106,"2-4 cm",0,0,NA
"E3",NA,25106,"4-6 cm",0,0,NA
"E3",NA,25106,"6-8 cm",0,0,NA
"E3",NA,25106,">8 cm",0,0,NA
"E3",NA,25107,"<2 cm",0,0,NA
"E3",NA,25107,"2-4 cm",0,0,NA
"E3",NA,25107,"4-6 cm",0,0,NA
"E3",NA,25107,"6-8 cm",0,0,NA
"E3",NA,25107,">8 cm",0,0,NA
"E3",NA,25108,"<2 cm",0,0,NA
"E3",NA,25108,"2-4 cm",0,0,NA
"E3",NA,25108,"4-6 cm",0,0,NA
"E3",NA,25108,"6-8 cm",0,0,NA
"E3",NA,25108,">8 cm",0,0,NA
"E3",NA,25109,"<2 cm",0,0,NA
"E3",NA,25109,"2-4 cm",0,0,NA
"E3",NA,25109,"4-6 cm",0,0,NA
"E3",NA,25109,"6-8 cm",0,0,NA
"E3",NA,25109,">8 cm",0,0,NA
"E3",NA,25110,"<2 cm",0,0,NA
"E3",NA,25110,"2-4 cm",0,0,NA
"E3",NA,25110,"4-6 cm",0,0,NA
"E3",NA,25110,"6-8 cm",0,0,NA
"E3",NA,25110,">8 cm",0,0,NA
"E3",NA,26101,"<2 cm",0,0,NA
"E3",NA,26101,"2-4 cm",0,0,NA
"E3",NA,26101,"4-6 cm",0,0,NA
"E3",NA,26101,"6-8 cm",0,0,NA
"E3",NA,26101,">8 cm",0,0,NA
"E3",NA,26102,"<2 cm",0,0,NA
"E3",NA,26102,"2-4 cm",0,0,NA
"E3",NA,26102,"4-6 cm",0,0,NA
"E3",NA,26102,"6-8 cm",0,0,NA
"E3",NA,26102,">8 cm",0,0,NA
"E3",NA,26103,"<2 cm",0,0,NA
"E3",NA,26103,"2-4 cm",0,0,NA
"E3",NA,26103,"4-6 cm",0,0,NA
"E3",NA,26103,"6-8 cm",0,0,NA
"E3",NA,26103,">8 cm",0,0,NA
"E3",NA,26104,"<2 cm",0,0,NA
"E3",NA,26104,"2-4 cm",0,0,NA
"E3",NA,26104,"4-6 cm",0,0,NA
"E3",NA,26104,"6-8 cm",0,0,NA
"E3",NA,26104,">8 cm",0,0,NA
"E3",NA,26105,"<2 cm",0,0,NA
"E3",NA,26105,"2-4 cm",0,0,NA
"E3",NA,26105,"4-6 cm",0,0,NA
"E3",NA,26105,"6-8 cm",0,0,NA
"E3",NA,26105,">8 cm",0,0,NA
"E3",NA,26106,"<2 cm",0,0,NA
"E3",NA,26106,"2-4 cm",0,0,NA
"E3",NA,26106,"4-6 cm",0,0,NA
"E3",NA,26106,"6-8 cm",0,0,NA
"E3",NA,26106,">8 cm",0,0,NA
"E3",NA,26107,"<2 cm",0,0,NA
"E3",NA,26107,"2-4 cm",0,0,NA
"E3",NA,26107,"4-6 cm",0,0,NA
"E3",NA,26107,"6-8 cm",0,0,NA
"E3",NA,26107,">8 cm",0,0,NA
"E3",NA,26108,"<2 cm",0,0,NA
"E3",NA,26108,"2-4 cm",0,0,NA
"E3",NA,26108,"4-6 cm",0,0,NA
"E3",NA,26108,"6-8 cm",0,0,NA
"E3",NA,26108,">8 cm",0,0,NA
"E3",NA,26109,"<2 cm",0,0,NA
"E3",NA,26109,"2-4 cm",0,0,NA
"E3",NA,26109,"4-6 cm",0,0,NA
"E3",NA,26109,"6-8 cm",0,0,NA
"E3",NA,26109,">8 cm",0,0,NA
"E3",NA,26110,"<2 cm",0,0,NA
"E3",NA,26110,"2-4 cm",0,0,NA
"E3",NA,26110,"4-6 cm",0,0,NA
"E3",NA,26110,"6-8 cm",0,0,NA
"E3",NA,26110,">8 cm",0,0,NA
"E3",NA,27101,"<2 cm",0,0,NA
"E3",NA,27101,"2-4 cm",0,0,NA
"E3",NA,27101,"4-6 cm",0,0,NA
"E3",NA,27101,"6-8 cm",0,0,NA
"E3",NA,27101,">8 cm",0,0,NA
"E3",NA,27102,"<2 cm",0,0,NA
"E3",NA,27102,"2-4 cm",0,0,NA
"E3",NA,27102,"4-6 cm",0,0,NA
"E3",NA,27102,"6-8 cm",0,0,NA
"E3",NA,27102,">8 cm",0,0,NA
"E3",NA,27103,"<2 cm",0,0,NA
"E3",NA,27103,"2-4 cm",0,0,NA
"E3",NA,27103,"4-6 cm",0,0,NA
"E3",NA,27103,"6-8 cm",0,0,NA
"E3",NA,27103,">8 cm",0,0,NA
"E3",NA,27104,"<2 cm",0,0,NA
"E3",NA,27104,"2-4 cm",0,0,NA
"E3",NA,27104,"4-6 cm",0,0,NA
"E3",NA,27104,"6-8 cm",0,0,NA
"E3",NA,27104,">8 cm",0,0,NA
"E3",NA,27105,"<2 cm",0,0,NA
"E3",NA,27105,"2-4 cm",0,0,NA
"E3",NA,27105,"4-6 cm",0,0,NA
"E3",NA,27105,"6-8 cm",0,0,NA
"E3",NA,27105,">8 cm",0,0,NA
"E3",NA,27106,"<2 cm",0,0,NA
"E3",NA,27106,"2-4 cm",0,0,NA
"E3",NA,27106,"4-6 cm",0,0,NA
"E3",NA,27106,"6-8 cm",0,0,NA
"E3",NA,27106,">8 cm",0,0,NA
"E3",NA,27107,"<2 cm",0,0,NA
"E3",NA,27107,"2-4 cm",0,0,NA
"E3",NA,27107,"4-6 cm",0,0,NA
"E3",NA,27107,"6-8 cm",0,0,NA
"E3",NA,27107,">8 cm",0,0,NA
"E3",NA,27108,"<2 cm",0,0,NA
"E3",NA,27108,"2-4 cm",0,0,NA
"E3",NA,27108,"4-6 cm",0,0,NA
"E3",NA,27108,"6-8 cm",0,0,NA
"E3",NA,27108,">8 cm",0,0,NA
"E3",NA,27109,"<2 cm",0,0,NA
"E3",NA,27109,"2-4 cm",0,0,NA
"E3",NA,27109,"4-6 cm",0,0,NA
"E3",NA,27109,"6-8 cm",0,0,NA
"E3",NA,27109,">8 cm",0,0,NA
"E3",NA,27110,"<2 cm",0,0,NA
"E3",NA,27110,"2-4 cm",0,0,NA
"E3",NA,27110,"4-6 cm",0,0,NA
"E3",NA,27110,"6-8 cm",0,0,NA
"E3",NA,27110,">8 cm",0,0,NA
"E3",NA,28101,"<2 cm",0,0,NA
"E3",NA,28101,"2-4 cm",0,0,NA
"E3",NA,28101,"4-6 cm",0,0,NA
"E3",NA,28101,"6-8 cm",0,0,NA
"E3",NA,28101,">8 cm",0,0,NA
"E3",NA,28102,"<2 cm",0,0,NA
"E3",NA,28102,"2-4 cm",0,0,NA
"E3",NA,28102,"4-6 cm",0,0,NA
"E3",NA,28102,"6-8 cm",0,0,NA
"E3",NA,28102,">8 cm",0,0,NA
"E3",NA,28103,"<2 cm",0,0,NA
"E3",NA,28103,"2-4 cm",0,0,NA
"E3",NA,28103,"4-6 cm",0,0,NA
"E3",NA,28103,"6-8 cm",0,0,NA
"E3",NA,28103,">8 cm",0,0,NA
"E3",NA,28104,"<2 cm",0,0,NA
"E3",NA,28104,"2-4 cm",0,0,NA
"E3",NA,28104,"4-6 cm",0,0,NA
"E3",NA,28104,"6-8 cm",0,0,NA
"E3",NA,28104,">8 cm",0,0,NA
"E3",NA,28105,"<2 cm",0,0,NA
"E3",NA,28105,"2-4 cm",0,0,NA
"E3",NA,28105,"4-6 cm",0,0,NA
"E3",NA,28105,"6-8 cm",0,0,NA
"E3",NA,28105,">8 cm",0,0,NA
"E3",NA,28106,"<2 cm",0,0,NA
"E3",NA,28106,"2-4 cm",0,0,NA
"E3",NA,28106,"4-6 cm",0,0,NA
"E3",NA,28106,"6-8 cm",0,0,NA
"E3",NA,28106,">8 cm",0,0,NA
"E3",NA,28107,"<2 cm",0,0,NA
"E3",NA,28107,"2-4 cm",0,0,NA
"E3",NA,28107,"4-6 cm",0,0,NA
"E3",NA,28107,"6-8 cm",0,0,NA
"E3",NA,28107,">8 cm",0,0,NA
"E3",NA,28108,"<2 cm",0,0,NA
"E3",NA,28108,"2-4 cm",0,0,NA
"E3",NA,28108,"4-6 cm",0,0,NA
"E3",NA,28108,"6-8 cm",0,0,NA
"E3",NA,28108,">8 cm",0,0,NA
"E3",NA,28109,"<2 cm",0,0,NA
"E3",NA,28109,"2-4 cm",0,0,NA
"E3",NA,28109,"4-6 cm",0,0,NA
"E3",NA,28109,"6-8 cm",0,0,NA
"E3",NA,28109,">8 cm",0,0,NA
"E3",NA,28110,"<2 cm",0,0,NA
"E3",NA,28110,"2-4 cm",0,0,NA
"E3",NA,28110,"4-6 cm",0,0,NA
"E3",NA,28110,"6-8 cm",0,0,NA
"E3",NA,28110,">8 cm",0,0,NA
"E3",NA,29101,"<2 cm",0,0,NA
"E3",NA,29101,"2-4 cm",0,0,NA
"E3",NA,29101,"4-6 cm",0,0,NA
"E3",NA,29101,"6-8 cm",0,0,NA
"E3",NA,29101,">8 cm",0,0,NA
"E3",NA,29102,"<2 cm",0,0,NA
"E3",NA,29102,"2-4 cm",0,0,NA
"E3",NA,29102,"4-6 cm",0,0,NA
"E3",NA,29102,"6-8 cm",0,0,NA
"E3",NA,29102,">8 cm",0,0,NA
"E3",NA,29103,"<2 cm",0,0,NA
"E3",NA,29103,"2-4 cm",0,0,NA
"E3",NA,29103,"4-6 cm",0,0,NA
"E3",NA,29103,"6-8 cm",0,0,NA
"E3",NA,29103,">8 cm",0,0,NA
"E3",NA,29104,"<2 cm",0,0,NA
"E3",NA,29104,"2-4 cm",0,0,NA
"E3",NA,29104,"4-6 cm",0,0,NA
"E3",NA,29104,"6-8 cm",0,0,NA
"E3",NA,29104,">8 cm",0,0,NA
"E3",NA,29105,"<2 cm",0,0,NA
"E3",NA,29105,"2-4 cm",0,0,NA
"E3",NA,29105,"4-6 cm",0,0,NA
"E3",NA,29105,"6-8 cm",0,0,NA
"E3",NA,29105,">8 cm",0,0,NA
"E3",NA,29106,"<2 cm",0,0,NA
"E3",NA,29106,"2-4 cm",0,0,NA
"E3",NA,29106,"4-6 cm",0,0,NA
"E3",NA,29106,"6-8 cm",0,0,NA
"E3",NA,29106,">8 cm",0,0,NA
"E3",NA,29107,"<2 cm",0,0,NA
"E3",NA,29107,"2-4 cm",0,0,NA
"E3",NA,29107,"4-6 cm",0,0,NA
"E3",NA,29107,"6-8 cm",0,0,NA
"E3",NA,29107,">8 cm",0,0,NA
"E3",NA,29108,"<2 cm",0,0,NA
"E3",NA,29108,"2-4 cm",0,0,NA
"E3",NA,29108,"4-6 cm",0,0,NA
"E3",NA,29108,"6-8 cm",0,0,NA
"E3",NA,29108,">8 cm",0,0,NA
"E3",NA,29109,"<2 cm",0,0,NA
"E3",NA,29109,"2-4 cm",0,0,NA
"E3",NA,29109,"4-6 cm",0,0,NA
"E3",NA,29109,"6-8 cm",0,0,NA
"E3",NA,29109,">8 cm",0,0,NA
"E3",NA,29110,"<2 cm",0,0,NA
"E3",NA,29110,"2-4 cm",0,0,NA
"E3",NA,29110,"4-6 cm",0,0,NA
"E3",NA,29110,"6-8 cm",0,0,NA
"E3",NA,29110,">8 cm",0,0,NA
"E3",NA,30101,"<2 cm",0,0,NA
"E3",NA,30101,"2-4 cm",0,0,NA
"E3",NA,30101,"4-6 cm",0,0,NA
"E3",NA,30101,"6-8 cm",0,0,NA
"E3",NA,30101,">8 cm",0,0,NA
"E3",NA,30102,"<2 cm",0,0,NA
"E3",NA,30102,"2-4 cm",0,0,NA
"E3",NA,30102,"4-6 cm",0,0,NA
"E3",NA,30102,"6-8 cm",0,0,NA
"E3",NA,30102,">8 cm",0,0,NA
"E3",NA,30103,"<2 cm",0,0,NA
"E3",NA,30103,"2-4 cm",0,0,NA
"E3",NA,30103,"4-6 cm",0,0,NA
"E3",NA,30103,"6-8 cm",0,0,NA
"E3",NA,30103,">8 cm",0,0,NA
"E3",NA,30104,"<2 cm",0,0,NA
"E3",NA,30104,"2-4 cm",0,0,NA
"E3",NA,30104,"4-6 cm",0,0,NA
"E3",NA,30104,"6-8 cm",0,0,NA
"E3",NA,30104,">8 cm",0,0,NA
"E3",NA,30105,"<2 cm",0,0,NA
"E3",NA,30105,"2-4 cm",0,0,NA
"E3",NA,30105,"4-6 cm",0,0,NA
"E3",NA,30105,"6-8 cm",0,0,NA
"E3",NA,30105,">8 cm",0,0,NA
"E3",NA,30106,"<2 cm",0,0,NA
"E3",NA,30106,"2-4 cm",0,0,NA
"E3",NA,30106,"4-6 cm",0,0,NA
"E3",NA,30106,"6-8 cm",0,0,NA
"E3",NA,30106,">8 cm",0,0,NA
"E3",NA,30107,"<2 cm",0,0,NA
"E3",NA,30107,"2-4 cm",0,0,NA
"E3",NA,30107,"4-6 cm",0,0,NA
"E3",NA,30107,"6-8 cm",0,0,NA
"E3",NA,30107,">8 cm",0,0,NA
"E3",NA,30108,"<2 cm",0,0,NA
"E3",NA,30108,"2-4 cm",0,0,NA
"E3",NA,30108,"4-6 cm",0,0,NA
"E3",NA,30108,"6-8 cm",0,0,NA
"E3",NA,30108,">8 cm",0,0,NA
"E3",NA,30109,"<2 cm",0,0,NA
"E3",NA,30109,"2-4 cm",0,0,NA
"E3",NA,30109,"4-6 cm",0,0,NA
"E3",NA,30109,"6-8 cm",0,0,NA
"E3",NA,30109,">8 cm",0,0,NA
"E3",NA,30110,"<2 cm",0,0,NA
"E3",NA,30110,"2-4 cm",0,0,NA
"E3",NA,30110,"4-6 cm",0,0,NA
"E3",NA,30110,"6-8 cm",0,0,NA
"E3",NA,30110,">8 cm",0,0,NA
